id,image_id,town,primary_category,display_context,specific_flag,confidence,timestamp,expert_id,needs_review,review_reason,user_content
00230f4e-6a6f-460a-915c-9d0241b760b4,zp6N1MPC52Lw0xe9SUYhkQ_120_box0.jpg,BELFAST_CITY,National,Lamppost-mounted,Union Jack,5,2025-08-12 16:17:17.63341+00,Pat,false,,
002a4162-ecc4-426f-83c9-dd7c24e48ebb,U1Lu65yR1J_Cqj4QFPjGhg_060_box0.jpg,BALLYCLARE,National,Building-mounted,Union Jack,5,2025-08-17 18:25:19.786774+00,May,false,,
00489a6c-644d-41e4-aafe-8f01fc88605b,kEa7DJjlc97tPHu5q_5EqA_240_box0.jpg,BELFAST_CITY,National,Lamppost-mounted,Union Jack,5,2025-08-14 12:24:50.657207+00,Pat,false,,
004bb5bb-65e1-4dcf-a158-b7224cfc8f56,66IuZuAJAeHtLc5p4XjMHA_060_box0.jpg,BANGOR,Review,,,,2025-08-07 19:59:29.288387+00,May,true,Not a flag,
004c75f4-7f55-4867-ac92-ad7d5733a277,otK5pf19yBraJ4nqojFz5Q_180_box0.jpg,BALLYCLARE,National,Lamppost-mounted,Union Jack,5,2025-08-24 10:08:05.129338+00,May,false,,
00539442-ab4f-4c8f-87d1-0f9178eb1993,ZkAh-u8PJRw20URp2U1m7A_000_box0.jpg,LISBURN_CITY,National,Building-mounted,Union Jack,5,2025-08-12 16:15:49.181302+00,Pat,false,,
005df7d5-da83-49ea-8da0-8cf4f44a4552,RZqWAXOTVCpXcxgTWxeizg_060_box0.jpg,METROPOLITAN_CASTLEREAGH,National,Lamppost-mounted,Union Jack,5,2025-08-13 08:49:33.683833+00,Pat,false,,
006370c0-ba61-4aef-ba61-6388f1f18acc,0aUxFWhuXHwUTeMagUjciw_060_box0.jpg,CARRICKFERGUS,National,Pole-mounted (in ground),Union Jack,5,2025-08-14 09:48:50.36225+00,Pat,false,,
0089176b-1d6b-43cd-aa60-db933c58b2e3,kwwTAPjFR98x9fmvsjrXvQ_180_box0.jpg,BELFAST_CITY,National,Building-mounted,Union Jack,5,2025-08-12 15:55:52.429091+00,Pat,false,,
008f0302-17a6-499e-967a-1c40db41d40f,i-Iao3LF21FrnYk2GUCE7A_120_box0.jpg,HOLYWOOD,National,Lamppost-mounted,Union Jack,5,2025-08-14 12:11:40.282471+00,Pat,false,,
009825e5-771b-483a-a523-2a2beebe470c,TYWLyv8d8qMSasHozuIQlQ_000_box0.jpg,LIMAVADY,National,Building-mounted,Union Jack,2,2025-08-07 20:09:02.592669+00,Byron,false,,
00aaf1cc-38d6-4a45-90bb-a405f0c56205,95ZRxoD2A4rMhkHSmi19iA_000_box0.jpg,BELFAST_CITY,National,Lamppost-mounted,Union Jack,5,2025-08-28 20:49:01.978168+00,May,false,,
00c01f15-6cee-4a58-b085-55c4df20bd21,_5s1lA6hzexUJKDQArnKjw_300_box0.jpg,CRAIGAVON,International,Lamppost-mounted,Other International,3,2025-08-17 14:26:18.080671+00,May,false,,
00e36a83-9619-4b96-aff8-58b8cec98506,By2dUTBTO_clGNBfIHQ-BA_300_box0.jpg,BELFAST_CITY,National,Lamppost-mounted,Union Jack,5,2025-08-29 08:25:21.57852+00,May,false,,
00e48e90-53ad-4882-af82-5959281ed4eb,4x8Zafuq48-JkGtrHvyeqw_000_box0.jpg,CARRICKFERGUS,National,Building-mounted,Union Jack,5,2025-08-28 20:30:02.477456+00,May,false,,
00ec8bcd-8c5a-495d-b5e6-6dbe2b0b9a4b,4hefVZhgtPGiaTFfOCnCJQ_240_box0.jpg,LISBURN_CITY,National,Lamppost-mounted,Union Jack,5,2025-08-13 22:28:28.160454+00,May,false,,
00ff76c3-5705-4bef-b8f0-b67a5e3733ff,LWnIeWGP5y1H_3gHpf-ufg_300_box0.jpg,NEWTOWNARDS,National,Permanent installation,Union Jack,5,2025-08-13 22:29:09.544826+00,May,false,,
01055c34-13a4-48f2-9659-1fd46c106f4b,lAztVeXhsDwHlO1snI-TTw_060_box0.jpg,METROPOLITAN_NEWTOWNABBEY,National,Pole-mounted (in ground),Irish Tricolor,5,2025-08-29 08:49:34.236389+00,May,false,,
010645cf-afd9-428e-be6f-af303d97bb26,5ywgEqpuPu92vbAjhL9SXw_120_box0.jpg,BALLYMENA,Review,,,,2025-08-14 13:11:52.968543+00,Pat,true,Unclear image,
010bead7-40f0-43b7-b038-6a8697288a22,bzwWcsZ3TPMRVfqK_h42KA_240_box0.jpg,LISBURN_CITY,National,Building-mounted,Union Jack,5,2025-08-29 08:45:08.703774+00,May,false,,
01128ffe-a104-4c89-a8f7-569889be3282,eQsxz4YLhqORxZWYWUxu5Q_240_box0.jpg,METROPOLITAN_NEWTOWNABBEY,National,Lamppost-mounted,Union Jack,5,2025-08-09 11:54:01.628331+00,Byron,false,,
0139937f-d08e-4f8b-97a7-e0d2148ef370,JypR-suL0899BrgrSbiTbA_300_box0.jpg,NEWRY,Review,,,,2025-08-07 09:08:48.831881+00,May,true,Unclear image,
013bb09e-eef4-41c0-9db4-2eb58ff43de3,kyLEIF57ltab8Avm1VpyLQ_240_box0.jpg,LARNE,National,Lamppost-mounted,Union Jack,5,2025-08-17 15:48:59.649038+00,May,false,,
016af009-4d38-40d3-bf23-c036f4a83add,LKb2bAKsDLogceVDJuZ6IA_000_box0.jpg,BANGOR,National,Lamppost-mounted,Union Jack,5,2025-08-07 20:21:16.778494+00,Byron,false,,
0178104a-d02d-4134-9168-b0b56956f6c8,K76l0LjTMoh55rf10HxhUg_240_box0.jpg,LISBURN_CITY,National,Lamppost-mounted,Union Jack,5,2025-08-28 20:29:15.990368+00,May,false,,
01824378-7a21-4536-aab4-e0763f1bdd07,QxYiB-RLXFUt9Q-6Haaamw_000_box0.jpg,METROPOLITAN_LISBURN,National,Building-mounted,Union Jack,5,2025-08-13 08:52:38.717573+00,Pat,false,,
01aa465e-828e-4f55-a405-d219fe99339b,QPG2F1mSzjy39bfENomu5g_060_box0.jpg,METROPOLITAN_NEWTOWNABBEY,National,Building-mounted,Union Jack,5,2025-08-14 10:33:40.560617+00,Pat,false,,
01b21865-dfb5-48a2-9cdf-41d6cc7a0428,Coi1PWYfS7r9DrPinzmITg_240_box0.jpg,LISBURN_CITY,National,Building-mounted,Union Jack,5,2025-08-28 20:31:29.650059+00,May,false,,
01b9a27c-4233-46b5-bf8c-edfaa524f12d,06m2935tRUr0qzhRp7wC8w_120_box0.jpg,BELFAST_CITY,National,Lamppost-mounted,Scottish Saltire,5,2025-08-29 08:38:21.166538+00,May,false,,
01bf5933-d76d-4109-93d0-c8973e0807b8,7amqad_0Kqt1bQtIolLriQ_300_box0.jpg,ARMAGH,National,Lamppost-mounted,Union Jack,5,2025-08-17 17:02:20.379774+00,May,false,,
020cbef2-6585-4dd2-9384-7c9215b404e0,-da2O8-wFUV7h-tV4csQog_180_box0.jpg,BALLYMENA,National,Lamppost-mounted,Union Jack,5,2025-08-28 19:53:44.640688+00,May,false,,
021ba621-9f42-4b41-ab48-79b8d873693e,mGwDRITw9acQ7ACsChj94Q_000_box0.jpg,LISBURN_CITY,National,Building-mounted,Union Jack,5,2025-08-12 15:15:19.403454+00,Pat,false,,
02272bd6-0079-4bd9-b1a5-bac3a9958b71,d_8lNY8LEadQYCVzBvHljw_120_box0.jpg,LISBURN_CITY,National,Lamppost-mounted,Union Jack,5,2025-08-14 13:29:54.109808+00,Pat,false,,
02313816-ae0e-415c-b00c-4b0e8844ec10,IuKXHMUqlVu-SXUmSgu2jw_240_box0.jpg,BELFAST_CITY,National,Building-mounted,Ulster Banner,5,2025-08-13 16:29:30.388448+00,Pat,false,,
025532b7-2ef3-4d1d-986b-c81f402571e7,vHg2K8MwaNdLPBbHf_QRsQ_180_box0.jpg,BALLYMENA,National,Building-mounted,Ulster Banner,5,2025-08-28 20:54:24.884774+00,May,false,,
0259fa6b-71b9-44c7-aa27-8c825e5d5060,cAJxETgNiKyV5sMKZdvEig_120_box0.jpg,BELFAST_CITY,National,Building-mounted,Union Jack,5,2025-08-13 22:11:59.754797+00,May,false,,
0276329e-6e8b-48c0-a7c0-95333eba19d7,3EzZsfcVixP1AN2Zr4wcGA_000_box0.jpg,BELFAST_CITY,National,Building-mounted,Union Jack,5,2025-08-12 16:16:49.882644+00,Pat,false,,
029433b0-b06d-4540-a0b3-e13d7fb3705e,M_Z70rI3UXd5GF-0EOAkGA_180_box0.jpg,BELFAST_CITY,National,Lamppost-mounted,Union Jack,5,2025-08-14 10:31:57.830923+00,Pat,false,,
02ad541b-8541-4e85-8f47-cf66d2864a05,C5mqBnud_5J0pouJcfin6g_300_box0.jpg,METROPOLITAN_NEWTOWNABBEY,National,Lamppost-mounted,Union Jack,5,2025-08-29 08:41:24.220059+00,May,false,,
02b9518d-efdd-4e33-80a1-a2f8b4f7510a,rwuvklRab6CUVQ1yRLRGJQ_300_box0.jpg,BELFAST_CITY,National,Building-mounted,Union Jack,5,2025-08-15 00:49:18.610681+00,May,false,,
02bfe04d-2991-46ea-a868-048179947867,y6mLTjtMLgOYntvlWEcL1g_300_box0.jpg,METROPOLITAN_NEWTOWNABBEY,National,Lamppost-mounted,Union Jack,5,2025-08-17 14:23:06.349602+00,May,false,,
02dc721e-9e82-46ad-8a5e-55f26989d132,DkfitZ8-YzIXaCKGGjgJBg_120_box0.jpg,CRAIGAVON,National,Building-mounted,Union Jack,5,2025-08-14 11:10:18.063809+00,Pat,false,,
02dda369-25bc-4367-8d34-92242485438a,HLuJXmw5AwH6ZPBogOYzmw_300_box0.jpg,ANTRIM,National,Lamppost-mounted,Union Jack,5,2025-08-14 13:38:07.541354+00,Pat,false,,
02f5c0b5-4cb0-43ed-8b72-ff4140e2e1a9,7pT3OvcWbtk3vPca0QoPGQ_120_box0.jpg,BELFAST_CITY,National,Building-mounted,Ulster Banner,5,2025-08-17 16:52:27.776643+00,May,false,,
02fba344-7ccf-42a6-ad6d-d4eb4a042334,jCXvPmfjmvlGL_nL_HJypg_120_box0.jpg,CRAIGAVON,National,Building-mounted,Union Jack,5,2025-08-13 22:07:13.979729+00,May,false,,
031965cb-e0d7-4260-b53b-033f4488dbc8,fiotsC3G0U1M4iSGMJ5Pbw_300_box0.jpg,LISBURN_CITY,National,Lamppost-mounted,Ulster Banner,5,2025-08-14 13:34:32.890876+00,Pat,false,,
0320fd39-b0d3-4a77-9c15-843bb5c41049,a_Yp-6--Z72LG1rAVkZeIw_300_box0.jpg,LIMAVADY,National,Lamppost-mounted,Ulster Banner,5,2025-08-07 20:01:51.788294+00,Byron,false,,
0325bb51-a707-4c51-8302-ac9f671436be,hS4NooGqRSFEgMiRMHmwLw_180_box0.jpg,OMAGH_TOWN,Review,,,,2025-08-13 22:05:49.819573+00,May,true,Unclear image,
0327c4a5-c962-4ac4-b361-c40cfd05bfe8,yg2P-zeMgesQy_LJKxHomA_180_box0.jpg,NEWRY,National,Lamppost-mounted,Irish Tricolor,5,2025-08-07 20:15:19.911867+00,Byron,false,,
03285134-7b39-4477-91f2-5a175342ec85,cqnvtbzUHrcXDO0I6vWbIw_240_box0.jpg,METROPOLITAN_LISBURN,National,Lamppost-mounted,Union Jack,5,2025-08-14 12:45:41.100832+00,Pat,false,,
032fb4a2-36e7-4ec1-aabb-f6ab16ad9d7a,gDmjomLZySyLU7HkX6pCNg_300_box0.jpg,LARNE,National,Building-mounted,Union Jack,5,2025-08-14 12:48:50.688449+00,Pat,false,,
03369a14-d3d0-44c9-a3b0-a99bebf44967,fezP1stg1guuIUm0SGlixg_060_box0.jpg,BELFAST_CITY,National,Building-mounted,Union Jack,5,2025-08-13 22:26:46.125711+00,May,false,,
03382167-27dc-4426-9dc1-0736e7af4f4a,hnIBUB0pLkKSUFi02S0HhA_240_box0.jpg,CARRICKFERGUS,National,Building-mounted,Union Jack,5,2025-08-15 00:50:03.766805+00,May,false,,
033fa812-4c1f-4e7b-8f59-3a077a84c005,fJz24gMTfhQmFOzbO-vG3w_000_box0.jpg,METROPOLITAN_NEWTOWNABBEY,Review,,,,2025-08-12 15:23:40.034278+00,Pat,true,Complex case,
034d0739-5a26-48ec-92ff-260b88060d53,3kbhczDBpB1egIaLj8gHPA_240_box0.jpg,LARNE,National,Pole-mounted (in ground),Union Jack,5,2025-08-14 12:55:03.901867+00,Pat,false,,
03629dfc-39bc-4b8f-afda-aa5124d7c0a6,ayHAzFfVL6gaXu2Q3x2Njg_180_box0.jpg,BELFAST_CITY,National,Building-mounted,Union Jack,5,2025-08-28 20:32:45.014318+00,May,false,,
03633eb4-6bd4-4584-84b4-df32af1c3b63,0NV5Nys-g_6j4FguGvBkNw_120_box0.jpg,METROPOLITAN_CASTLEREAGH,National,Lamppost-mounted,Ulster Banner,5,2025-08-14 11:12:07.53253+00,Pat,false,,
0374d36a-bbc5-477e-a85b-8d5193ca4027,4eqhh_qB0m_8ify9Ik4J2A_300_box0.jpg,DUNGANNON,National,Building-mounted,Union Jack,5,2025-08-14 13:21:18.225247+00,Pat,false,,
03790395-fdde-415b-ade6-34b1a8e841f9,pdamrMlc16GSy7K1TvwwvA_240_box0.jpg,ANTRIM,Review,,,,2025-08-12 16:19:53.672718+00,Pat,true,Complex case,
03a3e1af-cd31-449b-9127-070e43afdac7,XOzlYa7hjJteTDTbtDLbZA_240_box0.jpg,BANGOR,Review,,,,2025-08-08 09:05:55.209385+00,May,true,Unclear image,
03b24fb3-50b6-4689-8206-c133602e7f2b,ayHAzFfVL6gaXu2Q3x2Njg_180_box0.jpg,BELFAST_CITY,National,Building-mounted,Union Jack,5,2025-08-14 12:54:16.630816+00,Pat,false,,
03beb606-c857-496c-9e8e-8e0e5ef2dd2f,2EaNtK23mnDuAxCZ0zVlcQ_000_box0.jpg,METROPOLITAN_NEWTOWNABBEY,National,Lamppost-mounted,Union Jack,5,2025-08-22 22:05:18.401732+00,May,false,,
03d15348-2a67-48af-8b74-e0e913836d75,ogvERCgUL9LiLjY_YtEOuA_180_box0.jpg,BELFAST_CITY,National,Lamppost-mounted,Ulster Banner,5,2025-08-29 08:38:07.797933+00,May,false,,
03e9549c-f6fd-4ca9-9c0e-2c6cb4b8bded,7fMFzm6zHTORr26hZs5U8Q_060_box0.jpg,METROPOLITAN_CASTLEREAGH,National,Lamppost-mounted,Union Jack,5,2025-08-28 20:22:12.096489+00,May,false,,
03fd5fb8-6eea-46c8-8667-5e93223b95db,kRYtnLCjupvN7nNs0BRzvw_180_box0.jpg,CARRICKFERGUS,National,Lamppost-mounted,Union Jack,5,2025-08-28 19:50:52.971286+00,May,false,,
0418b7d9-09aa-4438-a4b0-032d84bc556c,PmbXKKLEY5-jnyQ8-Gv5_A_000_box0.jpg,METROPOLITAN_NEWTOWNABBEY,National,Building-mounted,Scottish Saltire,3,2025-08-09 11:55:35.686589+00,Byron,false,,
043a87ca-18d2-4aed-a166-d315fdb61884,SVrJ9GHs2MNRS4AbrknDpg_300_box0.jpg,DONAGHADEE,National,Pole-mounted (in ground),Union Jack,5,2025-08-13 22:38:31.617736+00,May,false,,
043afb61-0237-40ee-accb-7c3f5297167c,3IkQZm598y4tl6CtqzTcWA_300_box0.jpg,BELFAST_CITY,National,Lamppost-mounted,Ulster Banner,5,2025-08-14 14:00:24.138837+00,Pat,false,,
0448db60-69f6-4a7b-9517-45aeab6c4853,gGMdv-hw6qYkdBE4Va1B3A_000_box0.jpg,GREENISLAND,National,Pole-mounted (in ground),Union Jack,5,2025-08-12 15:32:20.392921+00,Pat,false,,
044bb48a-4a33-479c-a640-5e25d306ab98,kuC0wGxvA5zni4lKxUKOGQ_000_box0.jpg,ENNISKILLEN,National,Lamppost-mounted,Ulster Banner,5,2025-08-14 12:42:20.501771+00,Pat,false,,
04595372-6748-4543-871f-cfff336e72b4,yU_BnhIRcrfADP8jIfZRnQ_000_box0.jpg,BELFAST_CITY,National,Lamppost-mounted,Ulster Banner,5,2025-08-28 20:39:31.754862+00,May,false,,
04832c6d-c7df-4e0d-afee-a4eb0291da51,76czHHtaB-yCoFMHUtwJfQ_180_box0.jpg,ARMAGH,National,Lamppost-mounted,Union Jack,5,2025-08-12 16:10:54.883775+00,Pat,false,,
048d4207-e341-4013-8817-ba5dd8660e6a,eZkT2A6VLMKrGjptylwUHw_300_box0.jpg,DUNGANNON,National,Lamppost-mounted,Ulster Banner,5,2025-08-17 18:24:18.216917+00,May,false,,
04a6e0f5-3191-4200-b64c-071683256e44,cHghmYc4XtPZD843ivJFTw_180_box0.jpg,METROPOLITAN_NEWTOWNABBEY,National,Building-mounted,Union Jack,5,2025-08-14 10:26:43.840603+00,Pat,false,,
04a933b7-601b-4f0c-8cf5-3a577654293a,LH5yNWt1u4HOZ35-NmUztA_240_box0.jpg,ANTRIM,National,Building-mounted,Union Jack,5,2025-08-17 15:47:12.726686+00,May,false,,
04bc3fd5-8d65-4ebc-b7ec-9b21c35745a0,D_1IZCuBExfUzvZmX5AtxQ_060_box0.jpg,BELFAST_CITY,National,Building-mounted,Union Jack,5,2025-08-17 16:45:40.758495+00,May,false,,
04dd9baf-f7f6-4ba3-8ce4-05fa91b68be6,WWSSjIjxm0iGbPdI3fDqjA_180_box0.jpg,LIMAVADY,National,Lamppost-mounted,Union Jack,5,2025-08-07 20:08:48.56771+00,Byron,false,,
04ea0123-c70f-4231-8623-98e503d5ab47,PauwjIzoHrPH_xBhGFbZEw_000_box0.jpg,CARRICKFERGUS,National,Building-mounted,Union Jack,5,2025-08-24 10:10:19.679442+00,May,false,,
04ea21ab-b5d6-4f19-b0a4-56e84e66eae7,V1YSvxeb3rRWh1bgkd3z1A_000_box0.jpg,ANTRIM,Fraternal,Lamppost-mounted,Red Hand Defenders,5,2025-08-17 14:25:54.753626+00,May,false,,
04eff67d-1184-419c-9ba1-d61c50f4d0f6,UaBkydKKh4S7B5GALJIFCg_120_box0.jpg,GREENISLAND,National,Building-mounted,Union Jack,5,2025-08-17 16:18:58.384608+00,May,false,,
04f4175b-5237-4c5b-a7da-602e0c8922a2,BiGl0sGsKLtuEBz2_JyybA_240_box0.jpg,BELFAST_CITY,National,Building-mounted,Scottish Saltire,5,2025-08-13 08:28:17.622385+00,Pat,false,,
0516edc5-7c09-4a38-ae6e-758ad8641b89,323q4QO5brUEWtwTmteKIw_300_box0.jpg,PORTRUSH,National,Lamppost-mounted,Union Jack,5,2025-08-29 08:28:16.737542+00,May,false,,
055d64b7-8a61-4cc1-9774-dd01b4f3df10,MlY7OA8InP58BWpbYTh20w_120_box0.jpg,BELFAST_CITY,National,Lamppost-mounted,Union Jack,5,2025-08-14 10:11:11.117199+00,Pat,false,,
055f3b09-8353-41ec-8c85-4c48a446fff5,JAOZw8Zp0eRqJe6g7mIUpQ_300_box0.jpg,BANGOR,Fraternal,Lamppost-mounted,Apprentice Boys,2,2025-08-09 11:37:27.484926+00,Byron,false,,
0563e517-a4bd-4f02-9c9f-2b335b8699ff,HQbuCIFRw-PoCgUs1C58kA_000_box0.jpg,BELFAST_CITY,National,Building-mounted,Union Jack,5,2025-08-14 13:28:49.714661+00,Pat,false,,
0564606b-3af3-4c37-9a14-d43b462df577,1wdplEk5_5aDFr9PNKS8Xw_240_box0.jpg,METROPOLITAN_NEWTOWNABBEY,National,Lamppost-mounted,Union Jack,5,2025-08-14 14:14:48.538622+00,Pat,false,,
0565a608-ef7f-4138-94d1-93f765be8fc4,4VTy_rO31jp18X1BDw6oXQ_300_box0.jpg,LARNE,National,Building-mounted,Union Jack,5,2025-08-13 08:56:19.737817+00,Pat,false,,
05953895-178e-4747-a144-b342120a0c52,YtkMb2hDlik0ni2w3yJVRA_300_box0.jpg,METROPOLITAN_LISBURN,National,Lamppost-mounted,Ulster Banner,5,2025-08-28 20:31:22.624446+00,May,false,,
05ad81f0-0845-4104-aa4b-d30c62a86ebd,j2h7iPQKJQig9Fkrh3Lpog_060_box0.jpg,ANTRIM,National,Lamppost-mounted,Union Jack,5,2025-08-28 20:11:48.694385+00,May,false,,
05db5b4f-0329-4cc8-b542-bb24ae6f33c0,8u9XNH2r4BqBSgpmoTvrPA_300_box0.jpg,NEWRY,National,Lamppost-mounted,Irish Tricolor,5,2025-08-07 20:15:30.742241+00,Byron,false,,
05de7a17-4745-4557-9498-dc152d0d57cb,s0B9aL0aiXv-dpusK2m_QA_060_box0.jpg,BELFAST_CITY,National,Lamppost-mounted,Union Jack,5,2025-08-12 15:50:51.110758+00,Pat,false,,
05dea8e6-b8f4-44cb-bea4-c638f73eceb9,XhDWlAn44lF1eaMc2wYd8w_180_box0.jpg,BELFAST_CITY,Review,,,,2025-08-13 08:49:40.201599+00,Pat,true,Unclear image,
05f2c518-e54f-411c-b845-e8a414def72f,N2Rf7aaQVLcb3zmWOhUrSw_240_box0.jpg,METROPOLITAN_NEWTOWNABBEY,National,Lamppost-mounted,Ulster Banner,5,2025-08-08 10:21:56.493571+00,May,false,,
05f8f64a-1cc2-4aee-aaba-f1fc935d5823,FIv04HGleI8biOTFWjjknQ_120_box0.jpg,BELFAST_CITY,National,Building-mounted,Union Jack,5,2025-08-12 15:50:00.157868+00,Pat,false,,
060dfda9-6f69-41c5-8dfe-ecca1d93efc3,Rdk7Z2cmkhwRer1b8IIfDw_000_box0.jpg,BANGOR,National,Lamppost-mounted,Union Jack,3,2025-08-09 11:47:42.37083+00,Byron,false,,
06130503-26cb-4130-ae3a-b70e3a2fa0fa,jx8PKWsUu9bN6m1QSm0bog_060_box0.jpg,CRAIGAVON,Review,,,,2025-08-28 20:05:43.409886+00,May,true,Unclear image,
0614adc2-2e6d-4e1d-a536-e2924b1b83d5,LX-T9Bfqer2CBp0evJ4MjA_060_box0.jpg,BELFAST_CITY,National,Lamppost-mounted,Union Jack,5,2025-08-29 08:34:17.93699+00,May,false,,
06258230-c8cb-4144-8e05-35ceaaad1ce4,jatWD3EpaJYYKQaGFBW_yQ_180_box0.jpg,BELFAST_CITY,National,Building-mounted,Union Jack,5,2025-08-13 22:08:44.472245+00,May,false,,
063182f1-5ed1-4d1a-8ab4-84563a558008,PY4SjN9mEvYihoQrudWmeQ_180_box0.jpg,METROPOLITAN_NEWTOWNABBEY,Proscribed,Pole-mounted (in ground),Other Proscribed,3,2025-08-08 10:21:20.26272+00,May,false,,
0631a671-61c6-4663-9854-792d9b9f6e14,0QnMYqU6MBkuZt0dSeQZfg_120_box0.jpg,BELFAST_CITY,National,Lamppost-mounted,Union Jack,5,2025-08-14 12:23:09.239668+00,Pat,false,,
063c6b5b-1160-45d4-9e43-d1e5db3b340b,Pla3QGX9XpgxNggJxtNgEQ_240_box0.jpg,BALLYCLARE,National,Building-mounted,Union Jack,5,2025-08-14 10:19:36.439043+00,Pat,false,,
063ec3f5-4252-4104-83d1-0cbb9457c8ad,IW4o9J9RZKFc5HJsn9MlXQ_180_box0.jpg,BELFAST_CITY,National,Lamppost-mounted,Union Jack,5,2025-08-14 14:12:47.825467+00,Pat,false,,
064045a6-7ab8-490a-9ad7-4807fdc0b549,2EH5tiMYQhq3hUzVZOa7UA_300_box0.jpg,BANGOR,National,Building-mounted,Union Jack,3,2025-08-09 11:44:44.291248+00,Byron,false,,
064752e1-8a74-4a51-a05d-c6aed47154c7,6-zC7Kx50fEkR8RSKYging_180_box0.jpg,CRAIGAVON,National,Lamppost-mounted,Union Jack,5,2025-08-15 00:50:48.389425+00,May,false,,
0661e5bd-7956-47fe-a1c9-655c86ec5244,YM2pXzPLBuER-1QJh9-Esw_180_box0.jpg,CRAIGAVON,National,Building-mounted,Union Jack,5,2025-08-12 15:04:27.318021+00,Pat,false,,
0680da2a-642d-4dee-a12b-be19c4055f0d,HIZCU6CB2_orWTuOzii7cA_000_box0.jpg,CRAIGAVON,Sport,Lamppost-mounted,GAA,5,2025-08-14 10:42:07.02375+00,Pat,false,,
068ab3f4-0cfa-4672-b511-ab0b60a01db1,E75fZu-DiFHt7JnpuSHT8g_060_box0.jpg,BELFAST_CITY,National,Lamppost-mounted,Union Jack,5,2025-08-28 20:29:56.15269+00,May,false,,
06a92546-f8a0-4c56-acce-a73c285a5fb3,UCFoThN9M1IqrZ_G0B-CiQ_300_box0.jpg,BANGOR,National,Lamppost-mounted,Union Jack,5,2025-08-07 09:26:09.22147+00,May,false,,
06ad0ac2-53dc-466a-99c9-12bc202acebf,gfOQMWHp0Dy2UsTBCQG_og_120_box0.jpg,NEWRY,National,Lamppost-mounted,Union Jack,4,2025-08-07 20:14:51.240453+00,Byron,false,,
06df1018-2c43-4866-8d89-653a7010e997,APT_Z4AdsP_y3BrC2AfzPQ_180_box0.jpg,METROPOLITAN_NEWTOWNABBEY,National,Building-mounted,Union Jack,5,2025-08-28 19:55:58.453724+00,May,false,,
06df8881-1b62-466c-aa87-819e7e7152ef,zYWnmwET8CwP5EY6yCc-QQ_120_box0.jpg,LARNE,National,Building-mounted,Union Jack,5,2025-08-28 20:19:38.80863+00,May,false,,
06e7cd3d-50dd-4f56-a94d-d42749a7159a,NC-3yDsbF2mbRuxhVG2RRA_240_box0.jpg,METROPOLITAN_NEWTOWNABBEY,Fraternal,Building-mounted,Red Hand Defenders,5,2025-08-08 12:35:35.283989+00,May,false,,
06f19c69-1763-4492-98d7-c3f3b468fa57,M58kQjmParPbzcYY4dO9Sw_180_box0.jpg,BELFAST_CITY,National,Lamppost-mounted,Union Jack,5,2025-08-11 17:45:28.04084+00,Pat,false,,
070537dd-700e-4389-8a2a-b5b2537f6047,4Qi7nMHTCvh5tzF4CxJSjQ_060_box0.jpg,BELFAST_CITY,National,Lamppost-mounted,Union Jack,5,2025-08-14 13:07:25.692058+00,Pat,false,,
0719c296-5ea9-4567-bd2f-1cb6607b2342,nC3C0z3h2vZHWAM7poUzeA_180_box0.jpg,BELFAST_CITY,National,Lamppost-mounted,Union Jack,5,2025-08-17 16:23:40.836423+00,May,false,,
07254085-5216-4015-9b1a-104fe297efc7,_2lf3_t9B4DAbr95_B--lw_240_box0.jpg,METROPOLITAN_CASTLEREAGH,National,Building-mounted,Union Jack,5,2025-08-14 11:10:31.738114+00,Pat,false,,
0728bf51-d6fe-40ba-be7c-13ac0c8868e2,j3NYiBHWAGzSJNd2jqRYcg_120_box0.jpg,BANGOR,National,Lamppost-mounted,Union Jack,5,2025-08-07 19:59:49.137604+00,May,false,,
0748eaab-8637-4f8f-9e39-3db4dc213937,AO-38VQz0VzY9NAansJ2nQ_300_box0.jpg,BELFAST_CITY,National,Building-mounted,Union Jack,5,2025-08-28 20:28:43.707303+00,May,false,,
07576c1b-a7e6-4858-9396-e93e43ee019c,4Jy2GI5-Tq-88gytPoa1ag_000_box0.jpg,CARRICKFERGUS,National,Pole-mounted (in ground),Union Jack,5,2025-08-28 20:21:15.437189+00,May,false,,
075dfe50-d060-4084-b490-075407a34d82,xINl2AqhVGBHWDlM-TPhVA_000_box0.jpg,LARNE,National,Pole-mounted (in ground),Union Jack,5,2025-08-12 15:03:46.014305+00,Pat,false,,
0769b90a-4a18-4f1f-865a-5f890e0c2a93,NajRij5zSfFbJ0VMyVD0kA_000_box0.jpg,BELFAST_CITY,National,Building-mounted,Union Jack,5,2025-08-11 18:24:05.866475+00,Pat,false,,
077d872f-7c58-4a11-aefb-8ca579816a3f,EVGnW1cPIucIkLO0kLQSqg_120_box0.jpg,CRAIGAVON,National,Lamppost-mounted,Ulster Banner,5,2025-08-29 08:21:42.792803+00,May,false,,
077da788-85c3-4cc4-86f1-2b8c5a49e492,B8pk_HGFOAfo2lWp4Ee5HA_120_box0.jpg,BELFAST_CITY,National,Pole-mounted (in ground),Ulster Banner,5,2025-08-12 15:49:24.021129+00,Pat,false,,
07834a36-c0e3-40c1-975a-b28024fc9327,O8vrgSd_GzN7EIp_FLUlfw_060_box0.jpg,NEWRY,National,Lamppost-mounted,Irish Tricolor,5,2025-08-07 09:09:01.661271+00,May,false,,
0783cb78-34cf-4be0-ab3b-d40080f146ff,YKu5Kh1uqnHv33s3-8AX1A_000_box0.jpg,METROPOLITAN_NEWTOWNABBEY,National,Building-mounted,Ulster Banner,5,2025-08-12 15:54:10.31209+00,Pat,false,,
079dd0f0-69d4-492a-987d-e56388026e14,YorJre0_QSWAj8pnQjEuVg_240_box0.jpg,BELFAST_CITY,National,Lamppost-mounted,Union Jack,5,2025-08-14 09:34:47.113649+00,Pat,false,,
07a99a94-1227-4843-bd5b-3d4feb0e6d33,IysqmNb_x36sQPiyaQlauA_240_box0.jpg,COLERAINE,Review,,,,2025-08-14 11:08:51.769061+00,Pat,true,Unclear image,
07a9a807-e458-4e3f-a6ba-b473048c6659,CeSIdxCocKYaj-RNKpq7fg_180_box0.jpg,BELFAST_CITY,National,Lamppost-mounted,Union Jack,5,2025-08-28 20:05:52.530748+00,May,false,,
07af7359-09d3-48fd-804f-e972345f5a57,5ds3s8GXWrw1F2IR0cnq8g_120_box0.jpg,METROPOLITAN_NEWTOWNABBEY,Review,,,,2025-08-14 13:09:00.037328+00,Pat,true,Complex case,
07afa989-a309-47b3-a971-d533dce56645,tmM3PV6h3tibtti0Q3uqlQ_240_box0.jpg,BELFAST_CITY,National,Lamppost-mounted,Union Jack,5,2025-08-15 20:50:10.132406+00,May,false,,
07b66506-a94c-4816-af14-2e3d49ce1001,ueINPMUk4ykgGUsNluEEhA_120_box0.jpg,HOLYWOOD,National,Building-mounted,Union Jack,5,2025-08-11 18:20:14.747294+00,Pat,false,,
07b75699-34db-43df-83bb-91a576963dba,Pcr0Hkl-7mnp7wDIsvPx1Q_300_box0.jpg,HOLYWOOD,National,Lamppost-mounted,Ulster Banner,5,2025-08-14 10:36:53.960317+00,Pat,false,,
07bf4c8b-2cd2-4de2-b45d-d79e90aa684b,4w4jEFghuBFEnwfjd4QXQQ_240_box0.jpg,BANGOR,National,Lamppost-mounted,Union Jack,5,2025-08-17 18:22:31.759762+00,May,false,,
07f01346-5795-40a5-913d-e59bb459b099,ohewtsopjpliEGDga62wTw_120_box0.jpg,LISBURN_CITY,National,Lamppost-mounted,Union Jack,5,2025-08-13 08:53:53.53391+00,Pat,false,,
07f958fd-77eb-43a6-9f9d-d0b7c5534fa6,F3fRKfc1CpKrMZwoUYoU6w_000_box0.jpg,RANDALSTOWN,Review,,,,2025-08-28 19:43:28.217238+00,May,true,Unclear image,
080196d9-6436-41fb-b373-d18e336cf745,8Alr31UF0vTlytFBaMsItg_300_box0.jpg,CARRICKFERGUS,National,Lamppost-mounted,Union Jack,4,2025-08-06 22:47:05.154117+00,May,false,,
08056378-1c69-4dbd-9823-d4a2a73bb3b1,zbRLYaNIMnGG_vt6LHGJFw_120_box0.jpg,BALLYMENA,National,Building-mounted,Union Jack,5,2025-08-13 08:25:07.443771+00,Pat,false,,
081e964b-a08a-4c49-bc15-5f8d2923b15d,3rdD53D5SIHHmSNnuS1cEQ_000_box0.jpg,CARRICKFERGUS,National,Building-mounted,Ulster Banner,5,2025-08-22 22:14:32.880936+00,May,false,,
08262b08-d142-4d5d-b504-6fa82ec88f88,9PJsSD3mHr1b3SNEkFy0-w_180_box0.jpg,BANGOR,Review,,,,2025-08-08 09:06:08.203106+00,May,true,Unclear image,
0836936e-9cc8-4638-8530-20b79eac09f3,3WZNWOhYOag2UzQgPB5HuQ_240_box0.jpg,METROPOLITAN_CASTLEREAGH,Proscribed,Pole-mounted (in ground),Other Proscribed,5,2025-08-28 20:49:39.930914+00,May,false,,
084073d9-74b2-48ad-ab49-78ca8a0eee1d,Bq2CmPSL5qKOoNdqAfNyqg_180_box0.jpg,BELFAST_CITY,National,Building-mounted,Union Jack,5,2025-08-13 22:05:30.315053+00,May,false,,
08581ce9-58d9-493f-9a89-80b2e535f07e,FUKmfZP517UR15TpnxkjtA_300_box0.jpg,MOIRA,National,Lamppost-mounted,Union Jack,5,2025-08-28 20:41:18.740984+00,May,false,,
08700aa8-0ccb-44e7-a365-d15dda23ea8a,fzu34q7mxjWIlMEYHertiw_120_box0.jpg,CARRICKFERGUS,Review,,,,2025-08-07 20:00:27.44598+00,Byron,true,Unclear image,
08c7fe56-8393-4d5f-bac8-53da74e167d5,1Tlpsi_5gn3eSfaAAozT8Q_240_box0.jpg,DUNGANNON,Fraternal,Pole-mounted (in ground),Red Hand Defenders,5,2025-08-28 20:11:15.028406+00,May,false,,
08e998b9-4e1b-464c-a889-965e92a69d85,u9rWvaqFSIxE-Qy7dDtflA_240_box0.jpg,METROPOLITAN_CASTLEREAGH,National,Building-mounted,Union Jack,5,2025-08-13 22:09:37.555516+00,May,false,,
09164797-dcdd-4785-a3f2-e0302d879ac9,L9sMj6MKCV6QeLiABKaLaQ_060_box0.jpg,BELFAST_CITY,National,Building-mounted,Union Jack,5,2025-08-29 08:30:59.741001+00,May,false,,
094fa823-cb7c-42ef-a49d-a34d589ce6da,47FwALx6kHaNNtt_g3bzuQ_060_box0.jpg,METROPOLITAN_NEWTOWNABBEY,Review,,,,2025-08-14 13:54:46.537963+00,Pat,true,Complex case,
097799fc-4fe1-42ed-82b4-ae503e73c4fc,11Vryawcc4uK3sIawyOD6A_240_box0.jpg,BANGOR,National,Lamppost-mounted,Union Jack,5,2025-08-09 11:39:03.358021+00,Byron,false,,
098da62d-d125-4cf3-92a5-97ba40d59c50,vqxyDg5Smwk0JUDivX3W9w_180_box0.jpg,BALLYCLARE,National,Lamppost-mounted,Ulster Banner,5,2025-08-28 19:59:31.252623+00,May,false,,
0990f874-b216-4bb5-8a57-b737ab658012,dtbbRGRBFipVC89wEO2MlQ_180_box0.jpg,METROPOLITAN_CASTLEREAGH,National,Building-mounted,Union Jack,5,2025-08-14 12:47:55.429532+00,Pat,false,,
09adc4b1-baa1-4524-91ad-1403fd97c01f,v2-_GjgxXmcY4Xw6dVtWVw_060_box0.jpg,BELFAST_CITY,National,Lamppost-mounted,Ulster Banner,5,2025-08-15 00:39:14.2384+00,May,false,,
09b956fc-0bc9-491e-a3fb-899d840c0cf2,6qKUzPHbVhysy-RJooOX6Q_240_box0.jpg,BELFAST_CITY,National,Building-mounted,Ulster Banner,5,2025-08-22 22:05:52.667301+00,May,false,,
09ced461-6533-450e-8864-d110fa716add,MmRQ3DT1qHzIUlkqJr-tlA_000_box0.jpg,PORTRUSH,National,Lamppost-mounted,Union Jack,5,2025-08-28 20:44:58.94623+00,May,false,,
09f4df27-1e49-4af5-924f-34f07af18a99,wWGSyFy5YQc48fKuGKKRdQ_000_box0.jpg,BELFAST_CITY,National,Building-mounted,Union Jack,5,2025-08-11 18:09:58.128025+00,Pat,false,,
09fd7d47-696a-486a-9de3-499d801e58d0,jUAgIeO4985RnU8WBo0LIw_240_box0.jpg,CARRICKFERGUS,National,Building-mounted,Union Jack,5,2025-08-13 09:07:05.323335+00,Pat,false,,
0a0524bc-791c-437a-84c5-0ae2d589d30d,Coi1PWYfS7r9DrPinzmITg_240_box0.jpg,LISBURN_CITY,Review,,,,2025-08-14 12:52:41.502949+00,Pat,true,Unclear image,
0a080e4e-7763-4a9d-ac9d-ee33c13973ea,ReYXr3s-p6NjL65RTKRV1Q_180_box0.jpg,CRAIGAVON,Fraternal,Pole-mounted (in ground),Orange Order,5,2025-08-17 18:21:40.431467+00,May,false,,
0a307552-8748-4b24-b304-8428cf8ad261,cREIFHFLS_C1w1wTVwI5JA_120_box0.jpg,CARRICKFERGUS,National,Building-mounted,Union Jack,5,2025-08-29 08:37:31.901262+00,May,false,,
0a417904-759c-44d3-bce0-726a3740c670,3UhJEtDd7lgFd5mTHNBGTA_240_box0.jpg,CRAIGAVON,National,Lamppost-mounted,Union Jack,5,2025-08-29 08:22:24.745347+00,May,false,,
0a4be446-da3c-40e7-88e0-d093940c3640,_hlUIRDFKI3mcfaqfJ04pA_120_box0.jpg,ARMAGH,National,Lamppost-mounted,Union Jack,5,2025-08-29 08:29:52.989013+00,May,false,,
0a4c33b3-3ed8-4999-8586-ccfa794f7b01,OI3fqnFd5HDjnsw2_DGIhA_120_box0.jpg,BELFAST_CITY,National,Building-mounted,Union Jack,5,2025-08-12 16:14:54.744327+00,Pat,false,,
0a50c44e-3b93-4232-b33e-e16f60c4d4bd,UZMSIN6jMdZg1tTF9IDjEA_240_box0.jpg,NEWRY,International,Lamppost-mounted,Other International,5,2025-08-13 22:26:29.929094+00,May,false,,
0a5b686e-ee1e-4a92-8339-23dde62821ee,YofzfXZ71gCDOop8Sxc9_w_180_box0.jpg,BELFAST_CITY,Review,,,,2025-08-13 21:56:31.959806+00,May,true,Not a flag,
0a6c4e5c-43bb-45aa-b89b-88fd67c70060,doy1mL6Srtrvskh8tSM27A_300_box0.jpg,LISBURN_CITY,National,Building-mounted,Union Jack,5,2025-08-17 16:15:48.951942+00,May,false,,
0a87df60-8208-4158-8cba-01820e13d35b,C0s5UhhDw09o7aiaqr7mTw_180_box0.jpg,BELFAST_CITY,National,Building-mounted,Union Jack,5,2025-08-13 09:11:21.907016+00,Pat,false,,
0a9936f1-d540-425b-ad8b-2a9e0a266770,SwD1irf0QWx_IqWAfaTfqw_300_box0.jpg,BELFAST_CITY,Sport,Lamppost-mounted,GAA,5,2025-08-22 22:02:30.991848+00,May,false,,
0aa387d7-7717-4101-a122-99a221bd62be,tS1Wx8JK4G5LGkZOtP2a0Q_300_box0.jpg,BELFAST_CITY,Review,,,,2025-08-14 10:40:58.065692+00,Pat,true,Complex case,
0ad0297c-9992-494a-b205-5e322b46dcf7,axRSAHByzmqRf1c8qvUirQ_060_box0.jpg,DUNGANNON,National,Building-mounted,Union Jack,5,2025-08-11 18:07:20.952576+00,Pat,false,,
0ad15543-6f2a-433d-b801-40d302d1be6e,zpQprc03odWifc06jJFr-A_120_box0.jpg,BELFAST_CITY,National,Building-mounted,Union Jack,5,2025-08-13 09:05:33.095111+00,Pat,false,,
0ad1881e-829e-456a-a79f-2f6b97da4e12,3Ta6UG4rzX3c23aaDU06zw_180_box0.jpg,BELFAST_CITY,National,Lamppost-mounted,Union Jack,5,2025-08-14 13:57:03.042484+00,Pat,false,,
0ad61c15-61bc-47c5-9825-10603b9fa3b4,n2er0MUABfJcbOZ4rBTaLw_300_box0.jpg,MOIRA,National,Lamppost-mounted,Ulster Banner,5,2025-08-14 14:14:07.021523+00,Pat,false,,
0ae9e5cc-5935-44b4-80bf-4c468f414e25,GXI9V9I58cS3KTfqbZq9gg_060_box0.jpg,LARNE,National,Building-mounted,Union Jack,5,2025-08-13 22:07:32.378114+00,May,false,,
0b04e422-af2d-48a8-b873-43fd22c6f7cb,aMjCPQg8vxeTE4Jv1r4jEw_180_box0.jpg,BELFAST_CITY,National,Building-mounted,Ulster Banner,5,2025-08-12 15:07:16.932617+00,Pat,false,,
0b09ce54-c5b6-4497-8930-d78d3f7cafe7,xsFyIjhYUyXnsLcqEFfDgg_300_box0.jpg,BELFAST_CITY,National,Building-mounted,Ulster Banner,5,2025-08-12 15:16:22.65716+00,Pat,false,,
0b126c72-5e25-4703-92a8-a50d4afc3a00,_bK-4zKx3eo-q_EO0BBBfA_240_box0.jpg,GREENISLAND,National,Pole-mounted (in ground),Union Jack,5,2025-08-12 16:18:33.773533+00,Pat,false,,
0b17b2f4-d4a8-4d80-9b4e-861af5b2fe6d,FsCPc7Z-DVvIBwn5lPUFiw_000_box0.jpg,METROPOLITAN_NEWTOWNABBEY,National,Lamppost-mounted,Union Jack,5,2025-08-09 11:50:15.176086+00,Byron,false,,
0b218073-24be-4a40-b7bf-50b261fc4c93,X_j2f0rV5gERq72h9oOcCg_060_box0.jpg,DERRY_CITY,National,Lamppost-mounted,Ulster Banner,5,2025-08-15 00:28:03.190558+00,May,false,,
0b541dd7-a9fe-4a3d-be40-daf56e3a780c,zX9Ql2ACLTnO5EfOKKg55g_060_box0.jpg,COMBER,National,Pole-mounted (in ground),Union Jack,5,2025-08-14 10:49:27.214625+00,Pat,false,,
0b7ded43-0b83-4b45-b2dc-069c3e702006,V6CoBU7eYPN37a2sBxt7BQ_000_box0.jpg,BELFAST_CITY,National,Lamppost-mounted,Union Jack,5,2025-08-14 12:38:02.751388+00,Pat,false,,
0b874b35-a54a-4f2a-8876-6f51e65a6d4a,Xf0wHyrihmTpsCZMSIYTqg_180_box0.jpg,CARRICKFERGUS,National,Building-mounted,Union Jack,5,2025-08-15 20:58:05.971173+00,May,false,,
0b90081a-2dd8-49e3-9cc5-40372ae09bcf,UJg_XtdXNtqGgq8mLO34Pw_300_box0.jpg,BANGOR,Proscribed,Lamppost-mounted,UVF,5,2025-08-07 09:14:49.280203+00,May,false,,
0b9718f8-6675-402a-883c-059a6ebf8ce2,5DjrdWAs7LzsxgqIp3CpYw_000_box0.jpg,CARRICKFERGUS,National,Lamppost-mounted,Union Jack,5,2025-08-06 22:51:11.370231+00,May,false,,
0bb6e5d9-5b2b-4bae-8834-e11e85d5f8f5,SAjblzALOr8jguBWWVKpGQ_000_box0.jpg,BELFAST_CITY,National,Building-mounted,Union Jack,5,2025-08-17 16:58:20.222371+00,May,false,,
0bbf7582-b375-43e0-a4ac-2b35f8d4d57a,6nrh9857GWNMH3e7xgUWMg_180_box0.jpg,BELFAST_CITY,National,Building-mounted,Union Jack,5,2025-08-29 08:18:56.417533+00,May,false,,
0bc83ec4-986c-4fdf-aeef-ad297110fd40,x_R2SgfVHSccskE68GWUxg_180_box0.jpg,LISBURN_CITY,Review,,,,2025-08-14 11:04:41.967435+00,Pat,true,Unclear image,
0bca1b4a-9846-4b7a-b4ad-172f0f224667,2vMmXgFTqk39AA7PErS2OA_240_box0.jpg,BELFAST_CITY,National,Pole-mounted (in ground),Union Jack,5,2025-08-13 22:01:10.751408+00,May,false,,
0bca42cf-9b0d-4050-b222-eca9ea2a7f7a,wbZ5497G3bmNSO2QZ5ckPg_300_box0.jpg,BELFAST_CITY,National,Lamppost-mounted,Union Jack,5,2025-08-14 12:57:26.754133+00,Pat,false,,
0bcda04c-c80e-4be2-aa58-ec44bcd3dcda,t7Xocm8Hy2WgXqL8_bsnVg_180_box0.jpg,BALLYMENA,National,Pole-mounted (in ground),Ulster Banner,5,2025-08-14 12:27:52.96269+00,Pat,false,,
0bdde93d-11d3-4d00-83e7-a87d29dcdffa,CluybccKl9m2LFwVpHcRTg_180_box0.jpg,BELFAST_CITY,National,Lamppost-mounted,Union Jack,5,2025-08-22 22:28:56.181852+00,May,false,,
0be4d22f-02e3-4dbb-adaf-5bae82933c89,11Vryawcc4uK3sIawyOD6A_240_box0.jpg,BANGOR,National,Pole-mounted (in ground),Union Jack,5,2025-08-07 20:43:47.374961+00,May,false,,
0be8e390-fe67-4c3d-b774-d4db4dd4fc8c,8laRr-uc2kdYh81Xikz2ZQ_120_box0.jpg,GREENISLAND,Proscribed,Lamppost-mounted,Other Proscribed,5,2025-08-14 10:25:17.856639+00,Pat,false,,
0bf97814-6e66-427d-9738-15aff9697170,exSgwqc40ZBGISwokVRDag_060_box0.jpg,CARRICKFERGUS,National,Building-mounted,Union Jack,5,2025-08-12 15:14:39.879604+00,Pat,false,,
0bffc90e-817a-404f-b315-27ea2f025503,qSW4RK-aKM9i5uH0khmnFg_240_box0.jpg,LISBURN_CITY,National,Pole-mounted (in ground),Union Jack,5,2025-08-13 16:22:52.729455+00,Pat,false,,
0c03f4c3-2c36-4c38-b481-a9f563f0e197,bxrhAewo821oIoc46Nr3LA_240_box0.jpg,GREENISLAND,National,Building-mounted,Ulster Banner,5,2025-08-14 09:35:46.285834+00,Pat,false,,
0c22de95-9216-4066-a4a2-58b9ecca1b40,R5DSzW15zjqL-pVPWnYztA_180_box0.jpg,LIMAVADY,National,Lamppost-mounted,Ulster Banner,5,2025-08-07 20:00:47.452142+00,Byron,false,,
0c389b0e-5368-48c3-b318-74688aed5811,Hh3fQMXlf_MwY_77bTRWWQ_180_box0.jpg,METROPOLITAN_NEWTOWNABBEY,National,Building-mounted,Union Jack,5,2025-08-17 16:01:13.251943+00,May,false,,
0c3d4517-5734-44ab-8bea-5ea17d59b1ac,eIXRcCris7uSOuymMP0eHA_060_box0.jpg,MOIRA,National,Lamppost-mounted,Union Jack,5,2025-08-14 11:07:48.661435+00,Pat,false,,
0c4e7d84-e014-44dd-ab7d-a5def972c129,q-eSEkliH1tM9tIF93kVzg_180_box0.jpg,CARRICKFERGUS,Review,,,,2025-08-17 18:22:13.349981+00,May,true,Unclear image,
0c4f37bf-2ea0-490a-b7a2-3d889360022c,Yv-eGy_zO4c2gSAO11YmKA_000_box0.jpg,BELFAST_CITY,National,Pole-mounted (in ground),Ulster Banner,5,2025-08-17 17:07:13.439917+00,May,false,,
0c528cf3-01a5-442e-ac25-4d4860655186,NiOFOEAUz1yGqBjd_ugdlw_180_box0.jpg,ANTRIM,National,Building-mounted,Union Jack,5,2025-08-11 18:24:52.938132+00,Pat,false,,
0c5ca140-0d8d-4036-b210-2189208e21c4,BuRRX9DOPI9YUUZSTyvXzg_060_box0.jpg,COLERAINE,National,Lamppost-mounted,Ulster Banner,5,2025-08-29 08:44:27.854282+00,May,false,,
0c91d8cc-4d20-40dc-b5f7-d06e70447fb2,-oMxxSB9I-_LBRggjh8UsA_120_box0.jpg,BELFAST_CITY,National,Building-mounted,Union Jack,5,2025-08-28 20:52:32.095102+00,May,false,,
0c93ed3f-db09-46b5-b2be-ac23ed34b835,IPakhaz715izcnbI2ObrJg_240_box0.jpg,BELFAST_CITY,National,Pole-mounted (in ground),Irish Tricolor,5,2025-08-12 15:04:03.600001+00,Pat,false,,
0ca73bef-034a-4930-a5bf-d1c5c0c5c09f,eHKrlEDu4Ub4U9k6VVuCrA_180_box0.jpg,CARRICKFERGUS,Bunting,Bunting display,Union Jack Bunting,5,2025-08-06 22:41:48.104386+00,May,false,,
0cc6bb3a-b328-4fc9-9387-63391c3aa1b4,emAi2XudR10SF82Ss-ILsA_120_box0.jpg,NEWTOWNARDS,Fraternal,Building-mounted,Apprentice Boys,5,2025-08-13 22:31:30.43036+00,May,false,,
0cce0754-3d8f-472a-b605-351a35226801,W3RZ3szy8ttmc09PgrBQ_w_300_box0.jpg,ARMAGH,National,Pole-mounted (in ground),Union Jack,5,2025-08-14 10:57:23.24955+00,Pat,false,,
0cce326b-c7b6-4a5d-b7f0-89da0e1ad156,7_fyxqc6yaojHNAoFb13cw_000_box0.jpg,GREENISLAND,National,Lamppost-mounted,Union Jack,5,2025-08-14 10:28:51.38136+00,Pat,false,,
0cd3f681-eb32-4201-8d07-2e57d0deb125,DgEJNvRBVT4IpsEeYpoPmg_000_box0.jpg,LISBURN_CITY,Review,,,,2025-08-13 16:20:05.871509+00,Pat,true,Complex case,
0ce24fe6-9851-4fe8-ab81-46f92c7d7cca,J0f3lX4jxun5XSqd0JuCLg_120_box0.jpg,LARNE,National,Lamppost-mounted,Union Jack,5,2025-08-14 09:43:30.265241+00,Pat,false,,
0ce7dd02-00ce-4ac4-bf57-ba33f3fbf14d,3Re4pekjT8KnbktrR8TSzg_300_box0.jpg,BALLYCLARE,National,Lamppost-mounted,Ulster Banner,5,2025-08-15 00:41:13.921784+00,May,false,,
0ce8e85a-9743-414d-93df-5eeb03fbb08c,V6CoBU7eYPN37a2sBxt7BQ_060_box0.jpg,BELFAST_CITY,National,Pole-mounted (in ground),Ulster Banner,5,2025-08-28 20:46:33.473392+00,May,false,,
0cf388a8-1e87-4874-996e-096e72e840a1,5tKODgX-wW7y5GrPF2PEbA_300_box0.jpg,METROPOLITAN_LISBURN,National,Lamppost-mounted,Union Jack,5,2025-08-15 00:29:12.544187+00,May,false,,
0d01bc69-ce9d-491a-9d35-653fa33eaeff,7LujzmRE7KUwGqGP1yQeXQ_000_box0.jpg,BELFAST_CITY,National,Building-mounted,Union Jack,5,2025-08-14 12:22:46.758102+00,Pat,false,,
0d2158d1-2b33-4ec3-9444-f9e249b6daee,KGBsUS1ILhd3-QvJxD_ILw_300_box0.jpg,LARNE,National,Lamppost-mounted,Ulster Banner,5,2025-08-13 08:51:31.844594+00,Pat,false,,
0d2a88c2-7916-4c77-ade9-5053c9b933c3,T-qfT4d0Kqn7E4DxlIbrRg_000_box0.jpg,CRAIGAVON,National,Lamppost-mounted,Union Jack,5,2025-08-11 18:16:13.12763+00,Pat,false,,
0d2f15fe-ee59-4e3d-ae7b-38121c6c7e3f,fKImNcR8FgeiFAL09Ta4lQ_240_box0.jpg,BANGOR,National,Lamppost-mounted,Union Jack,5,2025-08-08 08:25:59.601124+00,May,false,,
0d435d4b-4e63-4b4c-8193-8a88a4cb1522,LYW7Zw8Y8Wb8-KV28CSo8g_000_box0.jpg,DROMORE_BANBRIDGE,National,Lamppost-mounted,Ulster Banner,5,2025-08-14 12:54:24.449704+00,Pat,false,,
0d4aeb9d-4d21-440a-92f9-d266f9dce44c,dePC1588bJH2MN-DfsWSnA_180_box0.jpg,COLERAINE,National,Lamppost-mounted,Ulster Banner,5,2025-08-15 20:55:31.203199+00,May,false,,
0d7089ee-466a-46ee-bad3-32afc5649059,2ICY8QSznynWMbL5NpLhIA_180_box0.jpg,BELFAST_CITY,National,Building-mounted,Union Jack,5,2025-08-12 16:16:28.780282+00,Pat,false,,
0d79102a-f7b7-492f-b9d3-0822c98b614b,gXzS2k0R_2nAIMgJ72FcNw_240_box0.jpg,ENNISKILLEN,National,Building-mounted,Union Jack,5,2025-08-13 08:49:05.409798+00,Pat,false,,
0d798ac5-4959-44b0-8db9-f473590c4f3e,KCpxW7X-IbiOmHHV95cn9A_240_box0.jpg,BELFAST_CITY,Review,,,,2025-08-14 09:23:58.512687+00,Pat,true,Other,
0da576ba-4d75-4c15-a9fa-b8b3c3bbdace,DrJBBOLSv5p8PYN9taUStA_000_box0.jpg,METROPOLITAN_NEWTOWNABBEY,National,Lamppost-mounted,Union Jack,5,2025-08-14 12:27:01.481695+00,Pat,false,,
0de4b69f-ead8-4c1e-9438-5d2187ed9094,wS3CN8lNpawsnLW3H36vYQ_240_box0.jpg,BANGOR,Review,,,,2025-08-08 08:26:45.994009+00,May,true,Unclear image,
0dea62f3-9fc8-4042-8cf6-9b8c3bc1ea0f,9uWh5DayURhQTeX_fcZJOQ_120_box0.jpg,BELFAST_CITY,National,Lamppost-mounted,Union Jack,5,2025-08-13 08:24:57.128566+00,Pat,false,,
0df31ca6-994a-4a39-9efc-a6b0242924b2,g3ajQDo6nS8BOy7QNloF_w_180_box0.jpg,BELFAST_CITY,National,Lamppost-mounted,Union Jack,5,2025-08-14 13:28:55.049981+00,Pat,false,,
0df40ebc-03c8-4e65-924c-1345e3a9174c,2YdMO9RoB0XHIgi2L5FcsQ_000_box0.jpg,LISBURN_CITY,National,Lamppost-mounted,Union Jack,5,2025-08-14 09:30:34.726514+00,Pat,false,,
0df89000-e3a1-4ee5-98dd-7d1c0a27c837,0Uvr2YHJqh_oA6JIFyEaFg_180_box0.jpg,BELFAST_CITY,National,Lamppost-mounted,Union Jack,5,2025-08-13 08:53:47.787054+00,Pat,false,,
0e0c69ab-fddf-48ed-b450-78f3613c4b78,j0N5-wpvEDjwTtAdZi6l5Q_240_box0.jpg,BANGOR,Bunting,Bunting display,Mixed Flags Bunting,5,2025-08-08 09:09:30.355045+00,May,false,,
0e125bd6-1046-41c1-aa23-d17ac2593a03,4usYx2UCmqrok4IJjyq7iQ_240_box0.jpg,CRAIGAVON,Review,,,,2025-08-13 22:55:37.552966+00,May,true,Not a flag,
0e13831c-e5eb-4643-a551-248170b99948,t6GjlqXYZKOsNdLM_lGEwQ_300_box0.jpg,BELFAST_CITY,National,Lamppost-mounted,Union Jack,5,2025-08-15 00:29:06.687675+00,May,false,,
0e18a5cf-f3c0-412f-bbbc-a2ccc6ca7d05,nC6Nbm5jb_4-WyCbevg6Fg_300_box0.jpg,LARNE,National,Building-mounted,Ulster Banner,5,2025-08-14 12:53:01.086744+00,Pat,false,,
0e1906e3-da44-48d7-aa79-585aa1462d02,to-9gbBCFphyLzIUgV7rQw_240_box0.jpg,METROPOLITAN_LISBURN,National,Lamppost-mounted,Union Jack,5,2025-08-14 11:08:03.686276+00,Pat,false,,
0e333955-d864-407d-9c48-23e4e378d255,ka_V76ZGKj7j_hNzLfZcMQ_180_box0.jpg,BELFAST_CITY,National,Building-mounted,Union Jack,5,2025-08-12 15:55:15.696697+00,Pat,false,,
0e431177-8d9e-4e49-a96e-67fcf4fbaeb6,KT0ZLHW4dojUdbP2uwUeMg_300_box0.jpg,MAGHERAFELT,Proscribed,Pole-mounted (in ground),YCV,5,2025-08-28 20:38:44.416748+00,May,false,,
0e435174-cc2b-49f1-945f-463fa9d4f6e9,hGRpsp551xNVmzpUU-3cFg_000_box0.jpg,METROPOLITAN_LISBURN,National,Building-mounted,Union Jack,5,2025-08-17 15:41:36.671821+00,May,false,,
0e4c87c2-8d5c-4448-8aa6-37ec3d84a618,L9sMj6MKCV6QeLiABKaLaQ_300_box0.jpg,BELFAST_CITY,National,Lamppost-mounted,Union Jack,5,2025-08-13 16:26:11.0118+00,Pat,false,,
0e4d8a56-ef06-4a76-b032-8b284f555382,787dUPyzs5K1dZ9ryn9iOw_240_box0.jpg,METROPOLITAN_LISBURN,National,Building-mounted,Ulster Banner,5,2025-08-11 18:20:04.410676+00,Pat,false,,
0e570bcb-ebdb-40ad-94ac-1f8f3757a787,IDdFSo6VI7AXRC4YQEtyTw_180_box0.jpg,CARRICKFERGUS,Review,,,,2025-08-06 22:57:24.459172+00,May,true,Unclear image,
0e6ebc69-4360-4bb6-acc1-54878b62e5bd,YA6UsP3la4Olcnmg8UftJA_000_box0.jpg,BALLYCLARE,Proscribed,Lamppost-mounted,YCV,5,2025-08-29 08:16:36.739921+00,May,false,,
0e82bc0b-41f4-40ab-98dc-ddf1135a28e7,eaGZ97vdXSznaQ_eA9hWIw_000_box0.jpg,METROPOLITAN_CASTLEREAGH,National,Building-mounted,Ulster Banner,5,2025-08-13 22:12:52.045116+00,May,false,,
0e91681a-efad-4ff4-aad8-682647d0b062,zPwtl-nIylsXHEU869stTw_120_box0.jpg,CARRICKFERGUS,National,Pole-mounted (in ground),Union Jack,5,2025-08-14 09:24:07.253079+00,Pat,false,,
0e93c7d0-feef-4407-82d8-e08f72e48449,qJjheSqLRlP1Nwomzd9rGw_120_box0.jpg,BELFAST_CITY,National,Lamppost-mounted,Union Jack,5,2025-08-12 15:53:47.453966+00,Pat,false,,
0e9b745d-e4f0-4d9a-8579-e01d0a132a00,8wXXYorX9fJO-KAjOcfh_g_120_box0.jpg,BANGOR,Review,,,,2025-08-09 11:47:35.761895+00,Byron,true,Not a flag,
0ea91bc9-e503-49ab-9bec-4bf16d5de71a,roPTxDXSZfhOM9KrbrxeUQ_060_box0.jpg,BELFAST_CITY,National,Lamppost-mounted,Union Jack,5,2025-08-22 22:08:08.569969+00,May,false,,
0eb616a5-1d4b-402e-bc7b-f7331a9ac22f,n2er0MUABfJcbOZ4rBTaLw_300_box0.jpg,MOIRA,National,Lamppost-mounted,Ulster Banner,5,2025-08-29 08:52:33.651559+00,May,false,,
0ed49f84-abb2-4fd2-a14a-501c9ec21ecf,KikCb8UFJXCX6NIGDroOyw_000_box0.jpg,ANTRIM,National,Building-mounted,Ulster Banner,5,2025-08-11 18:22:56.996088+00,Pat,false,,
0ee1f076-da36-41dd-8287-388ad081303a,1BsUX89IZpEZKuxBP-SQrA_180_box0.jpg,LISBURN_CITY,National,Lamppost-mounted,Union Jack,5,2025-08-29 08:53:56.837013+00,May,false,,
0ef03a94-cc19-47e5-9f3a-59354e9a0df2,QRQWaSMBLudT_-NlE1NjBQ_240_box0.jpg,BELFAST_CITY,National,Lamppost-mounted,Union Jack,5,2025-08-14 13:10:32.89438+00,Pat,false,,
0f05ee5e-aa74-4515-aba5-3270ff9090d2,1hlyW5gy965OQqlLxun6Qg_180_box0.jpg,HILLSBOROUGH_AND_CULCAVY,Review,,,,2025-08-12 15:45:16.757498+00,Pat,true,Complex case,
0f0a0712-2aad-4646-b9b1-13099eec8377,-oocaCXE25nN-osFZBPDyA_300_box0.jpg,LARNE,National,Building-mounted,Union Jack,5,2025-08-12 14:59:55.491308+00,Pat,false,,
0f1c8b55-5608-40c5-9049-6adcc8c52df9,GQMbE8OHlwSeWyJqugIqng_300_box0.jpg,BELFAST_CITY,National,Lamppost-mounted,Union Jack,5,2025-08-14 12:36:54.577139+00,Pat,false,,
0f1f2ec2-49f3-4b74-9441-792aaedb87ed,BZ3jOLBTgxjGlZb8xiH0rQ_300_box0.jpg,BELFAST_CITY,National,Building-mounted,Union Jack,5,2025-08-12 16:13:25.527885+00,Pat,false,,
0f24af87-5c30-4521-bb19-6d2d6a7d4a23,cFisiCPp2S2ApKdk9VzioQ_300_box0.jpg,BANGOR,Proscribed,Building-mounted,Other Proscribed,5,2025-08-15 00:48:32.383756+00,May,false,,
0f250158-6001-4fad-8dd1-4990f7e5f5f9,9LmgSVZg25YcjKLTpF8s6g_000_box0.jpg,CARRICKFERGUS,Military,Lamppost-mounted,Parachute Regiment,2,2025-08-06 20:49:54.829568+00,May,false,,
0f388bdb-c6eb-4e1c-8390-1939758054cb,XOzlYa7hjJteTDTbtDLbZA_060_box0.jpg,BANGOR,National,Building-mounted,Union Jack,5,2025-08-22 22:05:02.784088+00,May,false,,
0f3d006b-3960-464c-965d-c2e020dc6c2f,tmM3PV6h3tibtti0Q3uqlQ_240_box0.jpg,BELFAST_CITY,National,Lamppost-mounted,Union Jack,5,2025-08-13 08:42:26.248256+00,Pat,false,,
0f40909d-9110-46d9-aca7-9c76884dae92,h7U6To4-NmabJwgYXspllw_120_box0.jpg,BELFAST_CITY,National,Lamppost-mounted,Union Jack,5,2025-08-14 10:57:29.934683+00,Pat,false,,
0f464f68-9b49-4c4e-a764-213a99f20dde,NvUY0H19VEcv1zFsVvH-YQ_180_box0.jpg,CRAIGAVON,National,Building-mounted,Union Jack,5,2025-08-13 22:50:39.358431+00,May,false,,
0f620bc8-1331-4ef5-8d7c-2306ea9a781b,lbxwueQsqk4H-RgV7d4yIw_240_box0.jpg,BELFAST_CITY,Review,,,,2025-08-13 22:32:29.313694+00,May,true,Not a flag,
0f666285-b78c-4938-b35a-2934a15d7606,8SSDymoO-0sJ_xRlRMtRxg_300_box0.jpg,COLERAINE,National,Building-mounted,Union Jack,5,2025-08-12 14:58:28.548574+00,Pat,false,,
0f6f31cc-ef0d-46c6-a05e-6bf4b47a9f1c,4mC6VbBn8pH7oNlmdNivOQ_000_box0.jpg,METROPOLITAN_NEWTOWNABBEY,National,Lamppost-mounted,Scottish Saltire,5,2025-08-08 10:20:09.186973+00,May,false,,
0f79f884-0733-44ac-8c92-f5c9719821ca,ZiJDauVFAOWljzxf98tZQQ_000_box0.jpg,ENNISKILLEN,National,Lamppost-mounted,Union Jack,5,2025-08-14 12:34:01.703657+00,Pat,false,,
0fa33197-04d6-4da3-9efe-782d9f09446b,a069J__735eCSKEwSY4fsA_060_box0.jpg,METROPOLITAN_NEWTOWNABBEY,National,Lamppost-mounted,Union Jack,5,2025-08-08 12:51:15.900432+00,May,false,,
0fb4dca4-c069-4f43-954c-388284680b68,aUNo5yPX0ftK8Ntthmt8Gg_180_box0.jpg,BELFAST_CITY,National,Lamppost-mounted,Union Jack,5,2025-08-29 08:24:33.260901+00,May,false,,
0fc2ee99-dd3a-4df0-9f62-571b6dcb6c21,jMTMfQY_N6MJzEcFHme0CA_240_box0.jpg,METROPOLITAN_NEWTOWNABBEY,National,Building-mounted,Union Jack,4,2025-08-09 11:54:58.073148+00,Byron,false,,
0fd68b3a-d1c5-4ed5-af73-faf6777e8479,j2h7iPQKJQig9Fkrh3Lpog_060_box0.jpg,ANTRIM,National,Lamppost-mounted,Union Jack,5,2025-08-14 12:29:02.818138+00,Pat,false,,
0fde6eaa-4dae-4f2b-b1f0-6dd755c1d4e5,6zNboJisejHoUe_1BVhNZg_120_box0.jpg,BALLYMENA,National,Lamppost-mounted,Union Jack,5,2025-08-17 15:35:50.876143+00,May,false,,
0fe81982-c741-400a-b1f0-65cf9db99f35,sLXrhN-WzQXKCiyzztMehA_180_box0.jpg,BELFAST_CITY,Review,,,,2025-08-11 18:23:14.804713+00,Pat,true,Complex case,
100a38c5-e5fb-43d4-973c-e6265664dbea,vafZ8HdcozEoYnL7qJxKDA_060_box0.jpg,BELFAST_CITY,National,Lamppost-mounted,Union Jack,5,2025-08-15 20:53:41.114962+00,May,false,,
1010bfc4-9005-4011-b70f-5c308685e172,nWBabJOrSyTM5TuxFsNH3Q_240_box0.jpg,BELFAST_CITY,National,Lamppost-mounted,Ulster Banner,5,2025-08-12 15:56:57.478186+00,Pat,false,,
1026c532-d30c-41d2-90c1-9816e650891b,GmnTBUP3mu1biFNauEF45g_240_box0.jpg,LISBURN_CITY,Review,,,,2025-08-14 13:44:11.412894+00,Pat,true,Unclear image,
105494d5-08bb-4134-b8b4-4969d6d1a29b,Z2jadd2fUW5FnxeQ3mjq3Q_240_box0.jpg,BALLYMENA,National,Lamppost-mounted,Union Jack,5,2025-08-14 13:51:33.433332+00,Pat,false,,
105a204e-ec7d-45c7-8124-249c537ce45c,SlUMQgRZpJRAg5tAlq_u7A_180_box0.jpg,BALLYMENA,National,Building-mounted,Ulster Banner,5,2025-08-28 19:48:30.651173+00,May,false,,
106318f8-1697-43c0-9af9-9d2b0d44e460,Si0-rMNVENRqiYvt1UdVRw_120_box0.jpg,BALLYMONEY,National,Lamppost-mounted,Union Jack,5,2025-08-13 22:42:37.312945+00,May,false,,
106445ad-b602-40a6-8e7c-6259d0d14153,NvUY0H19VEcv1zFsVvH-YQ_180_box0.jpg,CRAIGAVON,National,Building-mounted,Union Jack,5,2025-08-12 16:17:06.842067+00,Pat,false,,
106a4ffa-cf04-4806-8928-9d131d81a44c,DjAFSRfsFuvls8weDWsZPw_180_box0.jpg,CRAIGAVON,National,Lamppost-mounted,Union Jack,5,2025-08-13 16:34:06.561379+00,Pat,false,,
10791064-c008-423a-8dcc-dba85269f30a,ddLNy3yckL1mYuA7H9n9YQ_240_box0.jpg,BELFAST_CITY,Review,,,,2025-08-14 12:27:26.767661+00,Pat,true,Complex case,
107cf509-7f49-4285-8b17-062b4212baa6,I86vkimO6h60dTOGYOVc8Q_000_box0.jpg,MAGHERAFELT,National,Pole-mounted (in ground),Union Jack,5,2025-08-12 16:12:24.914105+00,Pat,false,,
10877552-8c20-4439-9064-6f2e696aad9e,IuKXHMUqlVu-SXUmSgu2jw_240_box0.jpg,BELFAST_CITY,National,Building-mounted,Ulster Banner,5,2025-08-17 15:48:35.04677+00,May,false,,
10878780-6ebb-44ce-a4e6-76d746944fab,_paoM1l5H08uYZMu8InyFQ_180_box0.jpg,BELFAST_CITY,National,Lamppost-mounted,Ulster Banner,5,2025-08-13 22:48:36.72595+00,May,false,,
1088a2d2-ee15-412c-a4a8-2065afea37aa,ZSNVobMbGxYCzQdg3UJjbA_180_box0.jpg,BELFAST_CITY,National,Lamppost-mounted,Ulster Banner,5,2025-08-14 10:23:13.228921+00,Pat,false,,
108ad6c5-8280-41a9-9d0b-a37626128937,2O_VMFz2dV6aMMwK9z8Epw_120_box0.jpg,CRAIGAVON,Review,,,,2025-08-14 09:18:29.258137+00,Pat,true,Unclear image,
1096582a-6380-49d6-971f-09ebfb268085,IV4S1Uy-752RPCtF5C07PA_060_box0.jpg,CRAIGAVON,National,Building-mounted,Ulster Banner,5,2025-08-13 08:44:49.108214+00,Pat,false,,
10a285c0-1135-41a8-8be6-9c0c798851b9,RZqWAXOTVCpXcxgTWxeizg_060_box0.jpg,METROPOLITAN_CASTLEREAGH,National,Lamppost-mounted,Union Jack,5,2025-08-15 20:56:28.246449+00,May,false,,
10bc338a-ec8e-470e-8dd1-802e39e70c8c,L_U_4jqq33Oi9OWN6EBVGw_300_box0.jpg,BELFAST_CITY,National,Building-mounted,Union Jack,5,2025-08-17 16:50:18.783964+00,May,false,,
10c9cd9c-0e5c-4022-9e30-ca4459ff49b4,Z5czDmqdY-5EN3rfmTcnfA_240_box0.jpg,METROPOLITAN_NEWTOWNABBEY,National,Pole-mounted (in ground),Union Jack,5,2025-08-14 09:34:42.047606+00,Pat,false,,
10e0b804-600f-4000-90dd-59a89e4c8f44,rSSdgsbz45jBzE_thTFdrw_120_box0.jpg,CARRICKFERGUS,Review,,,,2025-08-06 22:57:11.077067+00,May,true,Unclear image,
111779eb-6381-4fa6-83f4-74a5d1b4f8fe,3aH5bahzAQtEVMRTaeIIIA_180_box0.jpg,CARRICKFERGUS,National,Lamppost-mounted,Union Jack,2,2025-08-07 19:56:38.68517+00,Byron,false,,
111c1fd9-5730-49fe-9bd6-fa4c1c761d66,cDpGFy43yzL3aWcxZCaong_120_box0.jpg,NEWRY,National,Lamppost-mounted,Irish Tricolor,4,2025-08-07 20:19:24.727058+00,Byron,false,,
1139e0d4-1163-4bb5-b31c-996008538b55,BOvUsSKsKdDQTc_fGqi0Vw_240_box0.jpg,CRAIGAVON,Review,,,,2025-08-12 15:53:08.861372+00,Pat,true,Unclear image,
1142efc3-c844-472f-aa1a-ce47b971008e,Rg58_4WuDcxv2qZi54zv-w_060_box0.jpg,LISBURN_CITY,National,Pole-mounted (in ground),Union Jack,5,2025-08-14 09:30:27.937529+00,Pat,false,,
114b663c-400e-4580-8f08-c3f3b9565e7b,tK6rGj023BKtWPHw53YDZw_000_box0.jpg,CARRICKFERGUS,National,Building-mounted,Union Jack,5,2025-08-14 11:06:30.369234+00,Pat,false,,
115f3f77-3f77-4e94-b4af-9fa89867a120,8pSdbKHx8u1eofI7KJhteg_120_box0.jpg,CARRICKFERGUS,National,Building-mounted,Ulster Banner,5,2025-08-11 18:03:33.949579+00,Pat,false,,
1160b9f5-7de4-455d-8dbb-23327ecc3bb0,2TFHfDPtsSngRWrRhYwZfw_060_box0.jpg,OMAGH_TOWN,National,Pole-mounted (in ground),Union Jack,5,2025-08-12 15:52:09.347283+00,Pat,false,,
116f15f9-ab39-4725-8f2a-537ffb4f134e,gR9ZawktXxp-KSeGBmyYAQ_000_box0.jpg,METROPOLITAN_NEWTOWNABBEY,National,Building-mounted,Union Jack,5,2025-08-13 16:22:21.94554+00,Pat,false,,
1192b5dc-30ed-4a5f-b4ca-fdec06860d5a,2BewwCNvt1Sz740f2Dq41A_180_box0.jpg,NEWRY,National,Lamppost-mounted,Irish Tricolor,5,2025-08-07 09:06:49.324648+00,May,false,,
11a4263b-59f8-4b77-91e0-c4e9128d139e,CRcWZEHz-nM1AgTKs3Dd-g_060_box0.jpg,COLERAINE,National,Lamppost-mounted,Union Jack,5,2025-08-28 19:44:34.730414+00,May,false,,
11bd0593-bc26-4629-a0f0-b4b556869898,R67n8xyMeyIYNDU8tuDXhA_180_box0.jpg,BANGOR,National,Lamppost-mounted,Union Jack,1,2025-08-08 09:04:56.306139+00,May,false,,
11de9156-624e-4176-abd4-4ef9f221a7fc,U2lu323JR8B7VRYqRHqgcQ_000_box0.jpg,BANGOR,Review,,,,2025-08-08 09:07:08.366166+00,May,true,Unclear image,
11e0678b-0acf-4d52-b0be-c9194139e8d7,uREiq4eXUra8Bu_ZSGlYOw_240_box0.jpg,BALLYCLARE,National,Building-mounted,Union Jack,5,2025-08-12 16:09:51.548932+00,Pat,false,,
11eb7ddf-f024-4bfd-9947-5f5394f8ce3f,7amqad_0Kqt1bQtIolLriQ_300_box0.jpg,ARMAGH,National,Lamppost-mounted,Union Jack,5,2025-08-14 09:45:01.553763+00,Pat,false,,
11ee2ae4-ecf8-4866-a008-8f9ba28de844,EfZN5RLlcODb_zF18cGVzg_120_box0.jpg,BALLYMENA,National,Building-mounted,Union Jack,5,2025-08-14 13:50:35.367367+00,Pat,false,,
11f164ba-0948-40b7-b7e1-e478800311ec,UFtpolwLPuBxAgEIOsTg3A_120_box0.jpg,BELFAST_CITY,National,Lamppost-mounted,Ulster Banner,5,2025-08-14 13:48:38.901174+00,Pat,false,,
12013cde-606e-4ceb-ac92-eb327cfc45cd,43TFSuC0SIeN7z16u6Uzrg_300_box0.jpg,LISBURN_CITY,National,Building-mounted,Union Jack,5,2025-08-13 16:20:28.299682+00,Pat,false,,
1222586e-bea2-4daa-ac75-71e58ca95682,WFNPBTZVadonBsi7LqZaDw_120_box0.jpg,LIMAVADY,Proscribed,Lamppost-mounted,UFF,3,2025-08-07 20:07:34.670915+00,Byron,false,,
12298327-bc6c-4c90-a2df-9f72c0aed81f,5xoEjOdxInQOJHRIgC3tbg_000_box0.jpg,CARRICKFERGUS,National,Building-mounted,Union Jack,5,2025-08-28 20:39:51.540865+00,May,false,,
1254ad7b-5915-4e38-9374-3d652fea13f5,LqToTPMkKebrkeCOJFg1uA_240_box0.jpg,METROPOLITAN_NEWTOWNABBEY,Proscribed,Building-mounted,YCV,5,2025-08-12 15:09:07.722354+00,Pat,false,,
127666b5-263e-477e-adda-904f1b27249f,NIr17urFJ5dhirdcUFWi0g_300_box0.jpg,BALLYMONEY,National,Lamppost-mounted,Union Jack,5,2025-08-13 22:50:24.440191+00,May,false,,
12820c9b-4a3e-4a17-b696-24425b943be7,bDD9VVGTxf30CiG6VOFTKw_060_box0.jpg,DERRY_CITY,Sport,Lamppost-mounted,Supporters Club,5,2025-08-29 08:36:57.297382+00,May,false,,
12a7c390-3bf0-4f4f-acac-48ebe8eaf27c,zFQM6yHhNVlhfi5XTrZ77g_120_box0.jpg,LARNE,National,Lamppost-mounted,Union Jack,5,2025-08-13 22:02:54.746223+00,May,false,,
12b44491-ff86-49e3-aea3-c42f54d4b333,z-IwH_tfkLFlDnOvqwhE9A_300_box0.jpg,BELFAST_CITY,National,Lamppost-mounted,Union Jack,5,2025-08-12 15:27:39.027484+00,Pat,false,,
12bd5080-fde1-4458-b07c-4dc3f84cab0e,cLok6B3rg6Us-jhdfHa_kg_060_box0.jpg,BELFAST_CITY,National,Pole-mounted (in ground),Union Jack,5,2025-08-13 22:33:13.032201+00,May,false,,
12c6a88b-0fc7-44a6-af8b-6286cbc25822,K76l0LjTMoh55rf10HxhUg_240_box0.jpg,LISBURN_CITY,National,Lamppost-mounted,Union Jack,5,2025-08-14 12:49:57.864819+00,Pat,false,,
12c9743c-131b-4077-9c78-31e0fbb7fc33,Piuj8b6sm_tPIyFw-VG4Vg_000_box0.jpg,CARRICKFERGUS,National,Lamppost-mounted,Union Jack,5,2025-08-13 22:56:08.505272+00,May,false,,
12d5ad93-62c0-47e0-86fa-ea6ecaa607e8,npOqdSFKg1tl9DsoD65oIw_180_box0.jpg,COMBER,National,Pole-mounted (in ground),Union Jack,5,2025-08-29 08:35:04.574424+00,May,false,,
12d82292-47e7-4b88-8299-23b0aa04c066,oQEYY4T9MIqEOaa8ntc5GA_000_box0.jpg,ENNISKILLEN,National,Lamppost-mounted,Ulster Banner,5,2025-08-14 12:24:36.260841+00,Pat,false,,
12e3a1ea-f70e-4784-b571-71c9c4a927f8,OgGwufRhC3CosChgfd11aA_000_box0.jpg,COLERAINE,National,Building-mounted,Ulster Banner,5,2025-08-14 13:28:13.985874+00,Pat,false,,
12f49844-c048-49ef-8fe2-8bfffb447cad,EHS80wv-ltFUPFJrEmbqRQ_300_box0.jpg,METROPOLITAN_NEWTOWNABBEY,National,Window display,Union Jack,5,2025-08-13 22:04:57.095477+00,May,false,,
1300e81e-ba76-431d-bff0-3e9b11939891,OTvcKJyq8fewVX5uGn_1lg_120_box0.jpg,METROPOLITAN_CASTLEREAGH,National,Lamppost-mounted,Ulster Banner,5,2025-08-14 10:51:59.07956+00,Pat,false,,
1304430b-0e4e-4580-856f-986c7869d045,tidR3aDbj_cSWpjP4Gcinw_120_box0.jpg,BANGOR,Review,,,,2025-08-08 08:27:02.020743+00,May,true,Unclear image,
130a1fbc-af71-4f57-80a8-9c5ddb4a3fb7,RETBwslNDg1QgoQ2rVE8tQ_300_box0.jpg,BELFAST_CITY,National,Building-mounted,Union Jack,5,2025-08-12 16:21:13.344428+00,Pat,false,,
130d0231-a70a-41ab-8614-5670a2831ae6,NCVDMkN3l_Vna6Kt9kxNag_180_box0.jpg,CARRICKFERGUS,National,Building-mounted,Union Jack,5,2025-08-13 22:04:36.147183+00,May,false,,
1312ff0d-1e10-4fac-826a-1bf6e912b8e9,4fbtiDzXHJmaxM7pYwOyPw_060_box0.jpg,HILLSBOROUGH_AND_CULCAVY,Review,,,,2025-08-14 14:00:35.066785+00,Pat,true,Unclear image,
13273a7d-1344-4116-bcd5-c14dec18eb6d,7sqze4PjT96qA_APsaVrtA_180_box0.jpg,BANGOR,Review,,,,2025-08-14 12:44:17.987486+00,Pat,true,Unclear image,
13291f35-e07f-4163-a5d9-c653c6a1df60,1BkwWMKlnc6tX-SVRaIcTQ_180_box0.jpg,LIMAVADY,National,Lamppost-mounted,Union Jack,2,2025-08-07 20:03:06.400022+00,Byron,false,,
13387869-7a78-4036-aeef-0c11c891e299,agICazgSWhobtrVSXyIuUQ_000_box0.jpg,CARRICKFERGUS,National,Lamppost-mounted,Ulster Banner,5,2025-08-14 11:10:06.809182+00,Pat,false,,
1340405b-c6af-48f2-a388-dc869b1db86f,0NgkBRyUD-anyhXc5VQicA_240_box0.jpg,BELFAST_CITY,National,Building-mounted,Union Jack,5,2025-08-14 13:41:48.953062+00,Pat,false,,
1343a4c9-f2bb-4015-8ef4-cbfec6a1c443,1BkwWMKlnc6tX-SVRaIcTQ_180_box0.jpg,LIMAVADY,National,Lamppost-mounted,Ulster Banner,5,2025-08-07 08:36:20.75574+00,May,false,,
13628c88-d144-4b77-bfab-3c030472974d,mm06TsAD45lesnkfXsDr3w_300_box0.jpg,BELFAST_CITY,Review,,,,2025-08-22 22:02:16.328378+00,May,true,Unclear image,
13641f22-4129-49d8-90cf-462dfe939d1b,WGFjtau-QH1M7dWXOuoeXg_300_box0.jpg,BALLYCLARE,National,Building-mounted,Union Jack,5,2025-08-13 08:37:01.138155+00,Pat,false,,
137a0000-1c4a-4069-83af-1753904d2fd4,r2d5JgCTSFs0LOEiAmDPKg_120_box0.jpg,BELFAST_CITY,National,Lamppost-mounted,Union Jack,5,2025-08-13 22:07:58.940564+00,May,false,,
138736ef-4d62-4a94-816c-6ce8acfb7afe,iSGO-4h_HVZoBv3g5DOwoQ_180_box0.jpg,CARRICKFERGUS,National,Lamppost-mounted,Union Jack,5,2025-08-13 08:25:37.133428+00,Pat,false,,
139dd92a-bc23-4d58-98c9-31e5079fc3d0,nEgfucLQmSodjUiB2sHeFw_000_box0.jpg,BANGOR,Review,,,,2025-08-11 19:00:58.764152+00,Pat,true,Unclear image,
13ce61d4-a434-4d18-84d5-61fd8dc8be58,clkQ-yY5KRbbgKLGjQKrxg_120_box0.jpg,BELFAST_CITY,National,Building-mounted,Union Jack,5,2025-08-14 10:37:09.290157+00,Pat,false,,
13e18ac5-ab17-41a8-8bbe-580032bd105c,yF_0J198dd5EuMbZsIJNjg_120_box0.jpg,CARRICKFERGUS,National,Building-mounted,Ulster Banner,5,2025-08-06 22:59:17.464097+00,May,false,,
13e34a0c-5686-48e8-af2d-222829b1b941,UP_KNEnV0QQpYPYFdySgQg_000_box0.jpg,BELFAST_CITY,Proscribed,Lamppost-mounted,UDA,2,2025-08-14 12:56:22.975607+00,Pat,false,,
13e50172-aca1-498b-880b-f5f3d3c26aeb,iFg5gNsnyUjaObGqQd0SWw_120_box0.jpg,BELFAST_CITY,National,Building-mounted,Union Jack,5,2025-08-17 18:23:22.394904+00,May,false,,
13e8f1dd-14c1-4f44-9fd8-873509e12e0e,QUs7MBAEUWCCCelrUuiTag_120_box0.jpg,BALLYMENA,Review,,,,2025-08-15 00:49:12.090354+00,May,true,Unclear image,
1405e13f-ec2f-4739-a457-c41fc2e01b27,yjPLtNX93CnKazrx2Lj0lg_180_box0.jpg,METROPOLITAN_NEWTOWNABBEY,National,Lamppost-mounted,Ulster Banner,5,2025-08-22 22:16:35.094425+00,May,false,,
1410e9e0-23c0-4ab3-8f00-0ff541a92939,5w78Pnsnjff5vPNQ-3QKdg_300_box0.jpg,LARNE,National,Building-mounted,Union Jack,5,2025-08-14 12:41:13.791016+00,Pat,false,,
142d5057-e61f-4cd7-9352-eb4b13a24e1e,FbBdhj7Xu_0ZH5DeX_LieA_180_box0.jpg,BELFAST_CITY,National,Building-mounted,Union Jack,5,2025-08-12 15:00:45.831738+00,Pat,false,,
144756af-136d-46cd-a658-9c74730e6818,s6Uftdx9wb9C4QYdTfQTWw_180_box0.jpg,COLERAINE,National,Building-mounted,Union Jack,5,2025-08-12 15:34:21.659047+00,Pat,false,,
14483c89-9207-43eb-9df9-d111e1b9b1f7,qRbrUaHhDUVHu3g9clqsww_000_box0.jpg,BALLYCLARE,National,Lamppost-mounted,Union Jack,5,2025-08-14 12:48:41.950388+00,Pat,false,,
146ad9d9-a6ae-4926-bb8e-1c76d1a7ec47,zoDra4Nzox6bbtqzPvJkOQ_060_box0.jpg,BELFAST_CITY,National,Lamppost-mounted,Union Jack,5,2025-08-14 12:33:57.700251+00,Pat,false,,
1499673f-39bb-481d-80e9-242298ba11cd,MXHFeMi6eD161BPuZVO14A_060_box0.jpg,BELFAST_CITY,National,Pole-mounted (in ground),Union Jack,5,2025-08-13 08:29:02.167101+00,Pat,false,,
14a10db9-e21a-4b75-8a03-6b4a9de33fb9,XKT7ZWpJXQx1jo8JBcU_ow_180_box0.jpg,MAGHERAFELT,National,Lamppost-mounted,Ulster Banner,5,2025-08-11 18:16:52.116021+00,Pat,false,,
14a31f47-b696-451c-b797-caf9342628d6,x6gRpO1NYBEEoTam8QKYlQ_000_box0.jpg,BELFAST_CITY,National,Building-mounted,Union Jack,5,2025-08-14 12:23:19.255488+00,Pat,false,,
1503fa88-a550-4bea-b13a-f2f04431cfcd,yHHLoMWBs3EjrjZRdABIBw_120_box0.jpg,BALLYMENA,Review,,,,2025-08-29 08:31:48.611758+00,May,true,Unclear image,
1504ab89-a854-42e4-9399-ef90fa080fb8,Fepaji6UqRh2p9WpJiGGPA_180_box0.jpg,METROPOLITAN_NEWTOWNABBEY,National,Building-mounted,Union Jack,5,2025-08-28 20:53:43.798008+00,May,false,,
15060459-97ec-49cf-ba6e-8578bbc30526,mA3Ws43eSQjbwK9h6EyaLg_180_box0.jpg,BELFAST_CITY,Review,,,,2025-08-13 22:42:22.826978+00,May,true,Unclear image,
1510ba7b-277c-418c-8345-cddca4a3777b,BcqsxuuXni9AobCbWuqgsw_300_box0.jpg,COLERAINE,National,Lamppost-mounted,Union Jack,5,2025-08-14 14:08:27.861607+00,Pat,false,,
1510c24e-53a1-4320-9cfc-3140ea3b4d9a,-Ik8_Iq2GJRfMQ0nMHeFig_000_box0.jpg,BELFAST_CITY,National,Pole-mounted (in ground),Union Jack,5,2025-08-14 14:15:43.335465+00,Pat,false,,
152319ea-37f0-468e-9608-72a9947d29a5,HAMbVZxvISaE9W3Lc1bNLw_120_box0.jpg,BELFAST_CITY,National,Lamppost-mounted,Union Jack,5,2025-08-12 15:45:49.6019+00,Pat,false,,
15272a83-66a7-4355-ad30-6bb3e30e5d00,i7KUu1v5-8ig--5blIQC9g_180_box0.jpg,BANGOR,National,Lamppost-mounted,Union Jack,5,2025-08-09 11:39:06.519752+00,Byron,false,,
152a588f-ef48-4613-9a61-4c01a23a383f,p1s89HWAaOqsuLJnJOLF5w_300_box0.jpg,METROPOLITAN_NEWTOWNABBEY,National,Lamppost-mounted,Ulster Banner,5,2025-08-08 12:50:52.420989+00,May,false,,
152d7054-8d69-4faa-880f-eb927bbe2868,01lSGcIBiDaIs-ERW2yHCQ_300_box0.jpg,CARRICKFERGUS,National,Lamppost-mounted,Ulster Banner,5,2025-08-06 22:57:20.339707+00,May,false,,
15314d9a-94bc-46c5-99e2-9f76e366e872,03dHxE5IdKM135AeL8g9Jw_060_box0.jpg,COLERAINE,National,Building-mounted,Union Jack,5,2025-08-13 22:09:22.901705+00,May,false,,
153366f6-1c2d-41e5-bc1f-24c741cb3704,ainUhdiDMbEnQPbsrmJ5Tg_000_box0.jpg,LISBURN_CITY,National,Lamppost-mounted,Union Jack,5,2025-08-17 15:06:07.539473+00,May,false,,
153c1005-497f-4ffb-a36d-8a09ce15b54b,K-65Pjxc7SPYf6tbRKO7OQ_300_box0.jpg,CRAIGAVON,National,Lamppost-mounted,Union Jack,5,2025-08-14 10:37:00.53727+00,Pat,false,,
15461224-79fd-493e-bafd-8ff16c8e8025,JERIhXs-5WRvd70SsDR5cQ_120_box0.jpg,BELFAST_CITY,National,Building-mounted,Union Jack,5,2025-08-28 20:19:05.691924+00,May,false,,
154713d1-553f-4d0a-9423-6fd2ba43f628,gfOQMWHp0Dy2UsTBCQG_og_120_box0.jpg,NEWRY,National,Lamppost-mounted,Union Jack,1,2025-08-07 09:06:07.904667+00,May,false,,
154a34f4-9510-4465-a6ec-1ae6b21229c4,XhumDmAOpBQB_qtn9PH9Bg_060_box0.jpg,BELFAST_CITY,National,Building-mounted,Ulster Banner,5,2025-08-13 08:41:14.09941+00,Pat,false,,
1588585b-ca9d-479a-aedd-125ba07b5b53,jvjrSvYRl87tlF6S9MN9dw_000_box0.jpg,BELFAST_CITY,National,Building-mounted,Union Jack,5,2025-08-13 22:32:03.695599+00,May,false,,
15a368e9-5cf5-4ac8-8536-d48519aa0bef,knhiBfT2xFxWlwoMOv_Tbg_000_box0.jpg,LISBURN_CITY,Review,,,,2025-08-12 16:11:29.361969+00,Pat,true,Unclear image,
15bd3548-3429-4781-8e22-007b3c8a956d,lTCLFTYdKCU9RNEqfAhamQ_180_box0.jpg,LISBURN_CITY,National,Pole-mounted (in ground),Union Jack,5,2025-08-11 18:04:06.371369+00,Pat,false,,
15c128b5-a589-4b52-8b14-472dd805bbbd,kTY4aF7AqDt-zfbiwKMdGA_240_box0.jpg,CRAIGAVON,National,Lamppost-mounted,Union Jack,5,2025-08-14 09:52:47.407285+00,Pat,false,,
15c22539-4043-44cb-bfef-8c28b8537c2d,K97r1Mj8PzWREJqhjiANUg_300_box0.jpg,BALLYCLARE,National,Lamppost-mounted,Union Jack,5,2025-08-22 22:13:31.790257+00,May,false,,
15c79ce9-e36c-43e1-9ebb-f597fee16e03,ZSNVobMbGxYCzQdg3UJjbA_180_box0.jpg,BELFAST_CITY,National,Lamppost-mounted,Ulster Banner,5,2025-08-22 22:05:24.231607+00,May,false,,
15d4b2d2-4f42-4ac4-aaf1-e015ceeb7b40,a_Yp-6--Z72LG1rAVkZeIw_300_box0.jpg,LIMAVADY,National,Lamppost-mounted,Ulster Banner,5,2025-08-06 23:05:05.22493+00,May,false,,
15e844db-b859-4379-8915-6f5c2a0363eb,wX_l-ceP1sakuxRm2dc1zw_120_box0.jpg,LARNE,National,Lamppost-mounted,Ulster Banner,5,2025-08-28 20:13:00.029099+00,May,false,,
15ea9086-68c1-473c-820b-29f03514bf46,LFokK8a1B8PS0xIYVa9B-Q_240_box0.jpg,BELFAST_CITY,National,Lamppost-mounted,Union Jack,5,2025-08-14 12:44:52.695101+00,Pat,false,,
15f1b2f0-ee6c-4a90-95b9-26a97ad9dfc6,HpT4IIhdHdDPl7KOy-uWug_120_box0.jpg,HILLSBOROUGH_AND_CULCAVY,National,Lamppost-mounted,Union Jack,5,2025-08-14 11:12:57.574594+00,Pat,false,,
15f69285-c14b-4534-b8a3-32e7fe36ca05,gwRCyzjTi6zRNetpDhUbKg_000_box0.jpg,METROPOLITAN_NEWTOWNABBEY,National,Lamppost-mounted,Union Jack,5,2025-08-08 12:36:33.191513+00,May,false,,
15f7051f-c4c4-4a45-abc9-a23e05a5a19f,QT7K4fZq868hq0Q1L1eWlg_300_box0.jpg,COMBER,National,Lamppost-mounted,Union Jack,5,2025-08-28 19:54:45.8337+00,May,false,,
15fb0ef1-10d4-47c3-a3fc-59d79e12dbd7,8LOoWg4vHHGUb19BQgHl_Q_120_box0.jpg,BELFAST_CITY,Review,,,,2025-08-14 13:26:35.220709+00,Pat,true,Unclear image,
16379cf0-f4f1-4f18-bcc2-cd937997aac9,_GQfiqvWxXt9VP8Fu4aUQQ_120_box0.jpg,BELFAST_CITY,National,Lamppost-mounted,Union Jack,5,2025-08-13 16:22:27.517757+00,Pat,false,,
163fe3dd-ff58-4096-95c9-466b33e249ea,3_3o08SRcPbd-OG1Xbs0OA_180_box0.jpg,METROPOLITAN_NEWTOWNABBEY,National,Lamppost-mounted,Union Jack,5,2025-08-13 08:51:37.716935+00,Pat,false,,
1651c87c-9a8d-4cd8-b403-c347023404a0,1mbEatxJUjiciEwf-NMGtg_120_box0.jpg,LISBURN_CITY,National,Temporary installation,Union Jack,5,2025-08-17 15:52:12.500916+00,May,false,,
16817695-e406-44ec-888f-23d2a73ae266,JDxGKQNYlg2jF-KMicnNCA_180_box0.jpg,ANTRIM,National,Lamppost-mounted,Union Jack,5,2025-08-29 08:19:58.511825+00,May,false,,
168b4de6-53a6-4aa0-a778-19f61bcfc651,LRBA6kXybHDDZEJNUZQHhQ_060_box0.jpg,BANGOR,National,Building-mounted,Union Jack,3,2025-08-09 11:42:21.587021+00,Byron,false,,
169f8f88-07df-47dc-a15d-24112c52a5f7,wg_ytb3OasPleL3e5ezZEw_240_box0.jpg,COOKSTOWN,National,Lamppost-mounted,Union Jack,5,2025-08-28 20:23:47.013198+00,May,false,,
16aa97ed-613a-45eb-b8ce-0c4ade346488,PY4SjN9mEvYihoQrudWmeQ_180_box0.jpg,METROPOLITAN_NEWTOWNABBEY,National,Pole-mounted (in ground),Union Jack,5,2025-08-09 11:52:21.045218+00,Byron,false,,
16b04fc9-a25e-4a39-a603-f7d5018e7012,8Tl9QfwFKkV9gQb0nJKybg_000_box0.jpg,LISBURN_CITY,National,Lamppost-mounted,Ulster Banner,5,2025-08-13 08:54:45.608456+00,Pat,false,,
16bd1fdd-975d-4320-bf6e-0b7785133e40,DCVHhJTAu9a8HYJsWw9HFQ_240_box0.jpg,COLERAINE,National,Lamppost-mounted,Union Jack,5,2025-08-22 22:27:47.722236+00,May,false,,
16c4a7c7-9505-431c-b20d-efe37f092f73,gnegqqk6-lz4DgHfyZcwMg_120_box0.jpg,ANTRIM,National,Lamppost-mounted,Union Jack,5,2025-08-13 22:41:05.644606+00,May,false,,
16d16852-7832-4763-b5f9-c3296525f4e7,s0tmchSCv4y6tHf6aUfgDw_240_box0.jpg,METROPOLITAN_NEWTOWNABBEY,National,Building-mounted,Ulster Banner,5,2025-08-13 16:21:39.18997+00,Pat,false,,
1715cc21-3f2b-4479-83ed-84dfd9b5364f,dUdbGU0o_pJVPAg80BetRg_180_box0.jpg,BELFAST_CITY,National,Lamppost-mounted,Union Jack,5,2025-08-15 00:28:40.687372+00,May,false,,
17199b21-7093-4a48-b5f9-2b94478b875e,YKu5Kh1uqnHv33s3-8AX1A_180_box0.jpg,METROPOLITAN_NEWTOWNABBEY,National,Building-mounted,Union Jack,5,2025-08-17 17:06:47.570331+00,May,false,,
17417ee3-00d1-4404-a45c-7de90477a461,B8pk_HGFOAfo2lWp4Ee5HA_120_box0.jpg,BELFAST_CITY,National,Lamppost-mounted,Ulster Banner,5,2025-08-13 22:32:11.18103+00,May,false,,
174c6f9e-9123-4e52-94e4-905d263972f2,QggLarqSNSVdxKxd_R1iZA_060_box0.jpg,CARRICKFERGUS,Sport,Lamppost-mounted,Supporters Club,5,2025-08-29 08:15:25.498087+00,May,false,,
176be3ce-e372-41d0-9d68-e310662bf8bb,jEz5QkbXJIKr1GdK55jyeQ_000_box0.jpg,WHITEHEAD,National,Pole-mounted (in ground),Ulster Banner,5,2025-08-14 13:45:11.335078+00,Pat,false,,
176f6577-80b8-46f6-8711-38c85a4c6578,1abaIv-p3CAB27jRUWIZqg_000_box0.jpg,BALLYMENA,National,Building-mounted,Union Jack,5,2025-08-13 16:25:40.97112+00,Pat,false,,
178d5136-5bf0-4136-a302-6ff17bf7eec8,F1kuIecEFLtudnyjA2_SKQ_000_box0.jpg,METROPOLITAN_NEWTOWNABBEY,National,Lamppost-mounted,Union Jack,5,2025-08-08 09:39:00.806386+00,May,false,,
178e20ed-75f4-46a4-bf46-ed15dfa96383,SVrJ9GHs2MNRS4AbrknDpg_300_box0.jpg,DONAGHADEE,National,Pole-mounted (in ground),Union Jack,5,2025-08-12 15:56:33.737544+00,Pat,false,,
17923719-5132-447a-b152-8945de19f563,H4z9pQ49Ypwx47SW7skLqw_060_box0.jpg,BELFAST_CITY,National,Lamppost-mounted,Union Jack,5,2025-08-14 12:48:20.262628+00,Pat,false,,
179bd4b1-d062-4f39-be0d-2a898e76b86b,Q6rwuV76SuIP9BB7ktqjwg_120_box0.jpg,CARRICKFERGUS,National,Lamppost-mounted,Union Jack,5,2025-08-06 20:48:22.655686+00,May,false,,
17d2407a-5f2c-489c-b5de-84c6c6cc5183,7pIv2QGqLtD21Icixd_d6A_060_box0.jpg,BELFAST_CITY,National,Building-mounted,Ulster Banner,5,2025-08-29 08:24:03.68106+00,May,false,,
17dce080-7b12-4e7c-9122-687d9b87c7e1,Ifi0geKL2VQeh7tliOCSlA_240_box0.jpg,BELFAST_CITY,Sport,Pole-mounted (in ground),Supporters Club,5,2025-08-28 20:18:00.277439+00,May,false,,
17f03c55-6ee5-4838-bfb2-5552be6d948a,MN9DS3gDhirxdcdCOjc1Nw_300_box0.jpg,BELFAST_CITY,National,Lamppost-mounted,Ulster Banner,5,2025-08-14 12:25:45.518712+00,Pat,false,,
17f5f5b5-8af1-4c4d-aa9c-34665fadcb0c,vUI1gl2NA2wHeqlrQ9p9dw_300_box0.jpg,BELFAST_CITY,National,Pole-mounted (in ground),Union Jack,5,2025-08-14 13:10:22.226204+00,Pat,false,,
17f68dd4-61bb-4b24-b7b4-6f3bf2970ed9,3EzZsfcVixP1AN2Zr4wcGA_000_box0.jpg,BELFAST_CITY,National,Building-mounted,Union Jack,5,2025-08-13 22:50:29.614124+00,May,false,,
17f76b92-84a4-4963-89b6-9ca12d002d62,WFoDggt1Xs4wwjLIQ2KAww_120_box0.jpg,BELFAST_CITY,National,Lamppost-mounted,Union Jack,5,2025-08-14 10:28:46.392102+00,Pat,false,,
17f87229-81a9-49df-a1d3-5e407927ff3e,pjnTXXMNkykBs4ZJDyda0g_060_box0.jpg,ANTRIM,Review,,,,2025-08-28 19:44:43.885607+00,May,true,Not a flag,
17ff161b-7d00-4c2c-9b09-1030203c53ea,ICYJX_9IJC2hYw3eeKsW6g_180_box0.jpg,BANGOR,Review,,,,2025-08-09 11:41:56.983619+00,Byron,true,Unclear image,
180701a6-32a1-4e60-8fd8-89731707bee5,A2srRb8toiqtFCcDUNHWRQ_000_box0.jpg,CRAIGAVON,National,Lamppost-mounted,Ulster Banner,5,2025-08-28 20:48:29.881991+00,May,false,,
18072f63-59ee-4d81-a2f7-784222bc6596,b_3_vLUXvR0v63Jgsq5n-A_120_box0.jpg,LISBURN_CITY,National,Lamppost-mounted,Ulster Banner,5,2025-08-17 15:47:24.329594+00,May,false,,
1814cb5a-425f-4887-a35c-be67ff20d910,0HFjAfZTYxrNniqOLLapjg_120_box0.jpg,DERRY_CITY,National,Lamppost-mounted,Union Jack,5,2025-08-13 22:16:34.748103+00,May,false,,
18294495-e7e9-4eb3-a1d0-7a1319cc81c5,-Makb4rBSdggrDFHfC-Udg_060_box0.jpg,LIMAVADY,National,Lamppost-mounted,Union Jack,4,2025-08-07 20:01:57.904757+00,Byron,false,,
182fb6dc-1690-48c7-bffc-771fa2923494,yyp37AjzTwSwL5zNoqNO5w_000_box0.jpg,BELFAST_CITY,Review,,,,2025-08-14 12:58:12.337953+00,Pat,true,Complex case,
18356ea5-fe11-46fe-8fcd-5de48c7206e1,OkapNUpZzZwYGFA0MwSfQQ_240_box0.jpg,LIMAVADY,National,Lamppost-mounted,Union Jack,5,2025-08-07 20:10:05.355193+00,Byron,false,,
18397ecb-399f-44f1-bcca-0f0012e96ca4,GnX8TjNHUlDfxHJJ-P2pyA_240_box0.jpg,CARRICKFERGUS,Review,,,,2025-08-06 20:46:50.588152+00,May,true,Unclear image,
184a7dd2-7e08-4dff-84fd-e1687dfda541,B34QgDkAdlsHOYj-C32gWg_120_box0.jpg,ARMAGH,National,Lamppost-mounted,Union Jack,5,2025-08-14 13:41:24.956392+00,Pat,false,,
187f0a6b-4ab8-4a11-95b9-e0e3f9051983,ZWEy8LjpVQgGY4m69QjwtQ_300_box0.jpg,LISBURN_CITY,National,Lamppost-mounted,Union Jack,5,2025-08-15 00:50:39.304824+00,May,false,,
188451c3-6836-4644-b7e7-420802dbaf1f,GuFO-IFPc3wnjmIWbOktyw_240_box0.jpg,BANGOR,Fraternal,Lamppost-mounted,Orange Order,3,2025-08-08 09:06:43.229359+00,May,false,,
188a8d1a-4a3f-4830-bec4-e3da51e582ec,NkAFg7_TU4XZE4Ozs4PWeA_240_box0.jpg,MAGHERAFELT,Review,,,,2025-08-28 20:43:04.836468+00,May,true,Unclear image,
18adeb08-59cd-4b1d-915c-22311139719e,Y6I9KUyh4-zZEBCTW5TV8g_180_box0.jpg,BANGOR,National,Lamppost-mounted,Union Jack,3,2025-08-09 11:40:18.973195+00,Byron,false,,
18b5c0ed-d1b4-4326-b395-ff13748ca21e,z4OK6Jr8oBQxysuenadqXQ_300_box0.jpg,CRAIGAVON,National,Lamppost-mounted,Union Jack,5,2025-08-28 20:15:34.441428+00,May,false,,
18c12b8f-cc98-4957-9be1-c0837603d14c,cbXGfIN1b7HVl_LmXLJ_Yw_240_box0.jpg,NEWRY,National,Pole-mounted (in ground),Irish Tricolor,3,2025-08-07 20:15:41.947273+00,Byron,false,,
18c7212d-aeb0-4b75-8816-bcf655a239ad,855hyEsnEY_SJ5bEz4Ocww_240_box0.jpg,LISBURN_CITY,National,Building-mounted,Union Jack,5,2025-08-14 10:07:23.400933+00,Pat,false,,
18cbe3d7-5710-48f4-ab86-f0ac67a26a06,zs0gtL41bkB-HwQkEVpsng_300_box0.jpg,ANTRIM,Proscribed,Pole-mounted (in ground),UDA,1,2025-08-14 11:09:17.851257+00,Pat,false,,
18d81b46-aa3a-4eab-a833-409353a7641a,rI510WnbVT2EohIkgwcBCw_240_box0.jpg,BALLYMENA,National,Building-mounted,Ulster Banner,5,2025-08-13 22:47:02.268754+00,May,false,,
18eb7c14-6ca3-4980-b185-38da2fa5975d,0PzD3DjIOG8paN6SguoxvA_000_box0.jpg,COOKSTOWN,National,Pole-mounted (in ground),Union Jack,5,2025-08-14 14:09:54.509094+00,Pat,false,,
190a0b0e-832e-4e26-8483-12c716c7c1be,I2Kgj3ti6sOG8rUjeDvHcA_120_box0.jpg,BELFAST_CITY,National,Building-mounted,Union Jack,5,2025-08-28 20:49:20.540353+00,May,false,,
193b9768-e216-4b2d-b3f6-04e19211ea42,Npe63dEAXuWfiOvPnNRBPw_120_box0.jpg,LARNE,National,Lamppost-mounted,Union Jack,5,2025-08-29 08:32:07.369836+00,May,false,,
1957a1e3-8ffc-4b97-9602-58a1725332fe,wLClW6lG7wp0SB3kvHAOcg_000_box0.jpg,RANDALSTOWN,National,Pole-mounted (in ground),Union Jack,5,2025-08-17 16:45:35.885002+00,May,false,,
19603b33-a861-402e-b857-f8784d4a129f,r2d5JgCTSFs0LOEiAmDPKg_120_box0.jpg,BELFAST_CITY,National,Lamppost-mounted,Union Jack,5,2025-08-12 15:14:20.71581+00,Pat,false,,
19733dbf-3a63-4740-a60e-ffc7929f24fc,t0YEe2mddghqzruCV0SdFA_120_box0.jpg,BELFAST_CITY,National,Lamppost-mounted,Union Jack,5,2025-08-13 09:08:47.625627+00,Pat,false,,
1974afbe-fce4-4efb-87c8-345d15ecc862,iHSGQugXM76K0xJS-ziN7A_300_box0.jpg,LARNE,Proscribed,Lamppost-mounted,UDA,5,2025-08-14 12:46:24.941136+00,Pat,false,,
19887cd6-68b0-47eb-9051-486640fe8c38,V6CoBU7eYPN37a2sBxt7BQ_060_box0.jpg,BELFAST_CITY,National,Lamppost-mounted,Ulster Banner,5,2025-08-14 13:12:17.384542+00,Pat,false,,
19c98743-f580-4931-aaa8-ccfe247ffcc3,KwAEnwqfxDRwBemXd7xnDw_000_box0.jpg,METROPOLITAN_NEWTOWNABBEY,National,Lamppost-mounted,Union Jack,5,2025-08-09 11:55:20.263387+00,Byron,false,,
19d20bd8-0f05-409b-b97e-c397cc321d4f,uiU4kCangHFW6Crj3732Ng_120_box0.jpg,COOKSTOWN,Review,,,,2025-08-14 13:34:09.596358+00,Pat,true,Complex case,
19e6fe88-d413-4428-a565-ee0602634f28,uFGCXpftWihS4ai6E_I6FQ_000_box0.jpg,DUNGANNON,National,Pole-mounted (in ground),Union Jack,5,2025-08-15 00:29:01.176601+00,May,false,,
19f1417f-64da-43a1-baad-773ddffc6f94,X_PiMtES5CRo15j1Bo_ULw_180_box0.jpg,BELFAST_CITY,National,Lamppost-mounted,Ulster Banner,5,2025-08-29 08:29:17.985887+00,May,false,,
1a0490de-e2f5-4f7f-9c6b-c5915d0a4367,fSWAWh5JYO8Rcr3nFtcL3w_300_box0.jpg,CRAIGAVON,National,Lamppost-mounted,Union Jack,5,2025-08-28 20:40:02.657963+00,May,false,,
1a0d969c-0531-4f27-b623-24641d21897b,FGSpSNuWyv8l_IM7z8RmnA_180_box0.jpg,METROPOLITAN_NEWTOWNABBEY,National,Pole-mounted (in ground),Union Jack,5,2025-08-15 20:56:43.168374+00,May,false,,
1a10084e-2a70-4194-81c9-d482d81dace2,EZ9X7-boL1zSe1etdkhCNg_240_box0.jpg,CARRICKFERGUS,National,Building-mounted,Union Jack,5,2025-08-17 17:06:15.082244+00,May,false,,
1a1180d4-3d1e-4424-ae87-a22b6eb9677f,I2Kgj3ti6sOG8rUjeDvHcA_120_box0.jpg,BELFAST_CITY,National,Building-mounted,Union Jack,5,2025-08-14 13:18:56.804781+00,Pat,false,,
1a2b0977-46a0-40c4-b609-151f37c39235,tsnczyesBCS7YNEeZahgww_240_box0.jpg,BELFAST_CITY,National,Building-mounted,Union Jack,5,2025-08-13 16:25:33.183014+00,Pat,false,,
1a2c4b19-9cd6-4435-8555-5ca4c5f7b3e7,HpT4IIhdHdDPl7KOy-uWug_120_box0.jpg,HILLSBOROUGH_AND_CULCAVY,National,Lamppost-mounted,Union Jack,5,2025-08-28 19:52:42.723291+00,May,false,,
1a3761df-0672-49d2-a5e3-e52b6a9f6033,OkapNUpZzZwYGFA0MwSfQQ_240_box0.jpg,LIMAVADY,Review,,,,2025-08-07 08:53:58.896595+00,May,true,Unclear image,
1a37dd1b-e994-4da6-8c14-cad26f463dc0,RDY1wK4Lve_dI84LO1rx5g_000_box0.jpg,BELFAST_CITY,National,Lamppost-mounted,Union Jack,5,2025-08-13 08:43:52.468915+00,Pat,false,,
1a5cc0d4-bf6e-473e-b2db-4fad3ba1609b,noZymIrRNUdSgWUCconaXA_000_box0.jpg,METROPOLITAN_NEWTOWNABBEY,National,Lamppost-mounted,Union Jack,5,2025-08-14 09:51:00.857822+00,Pat,false,,
1a5d1a89-c51d-4e71-b548-b4a91fb195e8,o8pJ2F7Jq-UjZOSEl2whBw_180_box0.jpg,COLERAINE,National,Building-mounted,Union Jack,5,2025-08-13 22:48:46.686279+00,May,false,,
1a92c561-09b8-4584-b46e-f9b28e887534,4usYx2UCmqrok4IJjyq7iQ_240_box0.jpg,CRAIGAVON,Review,,,,2025-08-12 16:21:05.793419+00,Pat,true,Not a flag,
1aa14b2e-8a6c-4d45-9af4-5ce358b9e744,asVmtvLgxUVEEQYwnQnJ_g_120_box0.jpg,ANTRIM,Sport,Building-mounted,Local Club,5,2025-08-28 19:48:19.966846+00,May,false,,
1aaf3bb2-6d53-43c2-87e2-779341a0ed33,WoQYMA4NNnAgvKv4cUs50Q_120_box0.jpg,LARNE,Review,,,,2025-08-14 12:45:59.041355+00,Pat,true,Unclear image,
1ab3f824-5aed-46f2-a544-03f908b70d82,EPFWwF4vIW6M8lb6Qk_gGQ_000_box0.jpg,ARMAGH,National,Lamppost-mounted,Union Jack,5,2025-08-13 22:14:45.364543+00,May,false,,
1abe7499-d98c-4ee2-aa2d-689fb16fba3a,VQGMlDXxjRtFpApXsqsFQQ_240_box0.jpg,LISBURN_CITY,National,Lamppost-mounted,Ulster Banner,5,2025-08-14 09:33:29.58694+00,Pat,false,,
1abff297-0815-4995-84d9-398881b96419,J306HVwfDGlrz65lti-Mmw_120_box0.jpg,BELFAST_CITY,National,Building-mounted,Scottish Saltire,5,2025-08-17 14:39:05.963484+00,May,false,,
1acec691-585d-4a0e-96a5-7375fdaea997,66IuZuAJAeHtLc5p4XjMHA_060_box0.jpg,BANGOR,Review,,,,2025-08-09 11:37:34.804277+00,Byron,true,Not a flag,
1ad280e7-f311-42f8-be6b-29a313111435,UoInVOQ_o0EU8kE7MWY7bA_000_box0.jpg,BELFAST_CITY,National,Lamppost-mounted,Union Jack,5,2025-08-17 17:02:17.257678+00,May,false,,
1ae574ba-e323-45ab-91ab-1ea27e558dca,ZLcnO1DeR6v7jbDblAXhHw_180_box0.jpg,NEWRY,National,Pole-mounted (in ground),Irish Tricolor,5,2025-08-07 20:14:07.257375+00,Byron,false,,
1aee48c1-4831-4dc4-8e5f-6bfc0bdf912d,EBiQ1JMhIsDJ2wMjHSHshw_300_box0.jpg,CARRICKFERGUS,Review,,,,2025-08-14 13:10:56.406025+00,Pat,true,Complex case,
1b0299e7-0bb7-4d90-a3d9-2d65f6e3def3,ZABULop8o5nrR6lT4rbmXQ_300_box0.jpg,LIMAVADY,Review,,,,2025-08-07 08:53:12.413052+00,May,true,Unclear image,
1b09a1ef-72a2-491f-a0ff-01d09a6294f2,J306HVwfDGlrz65lti-Mmw_120_box0.jpg,BELFAST_CITY,National,Building-mounted,Scottish Saltire,5,2025-08-13 09:08:33.29602+00,Pat,false,,
1b220fd4-0458-4d22-a68d-2f5b652994d8,vNaL74NmMsj0hexVJ4FS8w_300_box0.jpg,COMBER,National,Pole-mounted (in ground),Union Jack,5,2025-08-29 08:49:59.45968+00,May,false,,
1b3d5108-7f30-44c0-a290-c096c75fbd0b,T-kumh4JRpHAk-972AEiMw_300_box0.jpg,DERRY_CITY,National,Lamppost-mounted,Union Jack,5,2025-08-13 22:27:15.041526+00,May,false,,
1b43d3ee-5293-4442-92e6-ac773ee6a2b4,csMYoBAx7UsQ10mcsjBPLw_300_box0.jpg,BANGOR,Review,,,,2025-08-08 09:05:06.419412+00,May,true,Unclear image,
1b481f32-dcf3-4b5e-a3c5-062187e8ac48,VNVSKvDCq_9HOqAd9DcxxQ_300_box0.jpg,METROPOLITAN_LISBURN,National,Lamppost-mounted,Union Jack,5,2025-08-28 20:20:07.481194+00,May,false,,
1b484f68-3c6a-4fa5-8726-fe6e81a8549f,DnNtZ68qAdv5YOO0T_aGoA_240_box0.jpg,LISBURN_CITY,National,Building-mounted,Union Jack,5,2025-08-28 19:55:08.469432+00,May,false,,
1b5ec396-c2d6-4a3d-b17f-0e5f2d26c6f3,Ulr07mzywoe9Pd8spdEzJA_240_box0.jpg,METROPOLITAN_NEWTOWNABBEY,National,Building-mounted,Union Jack,5,2025-08-17 16:47:45.763276+00,May,false,,
1b7d4369-cc16-4934-9f6e-41343102ca39,V3gwthHbXql7HbvXsjG4Tw_060_box0.jpg,METROPOLITAN_NEWTOWNABBEY,Review,,,,2025-08-08 09:34:20.885687+00,May,true,Unclear image,
1ba61400-47e8-4ec3-b8f2-f09048bd1ef6,_VihkeTx1yFaUxtoG1s1rA_300_box0.jpg,BELFAST_CITY,Military,Building-mounted,Royal Irish Regiment,5,2025-08-29 08:51:44.958205+00,May,false,,
1ba9050a-5a2b-415e-87fe-60c02c8eaa2c,SrTf2t0owFYJQPV_WHuIag_000_box0.jpg,CARRICKFERGUS,National,Lamppost-mounted,Union Jack,5,2025-08-06 21:18:26.836068+00,May,false,,
1bcd9385-080b-4dc2-92b6-132b9b3ee977,7Q7UxNy33BRW7qdRQOWJbA_300_box0.jpg,ARMAGH,National,Pole-mounted (in ground),Union Jack,5,2025-08-12 15:43:56.158736+00,Pat,false,,
1bd804a2-59ec-429f-8504-6a9cc9281ffb,UXQ2OEWf33Hv0mTDQc-tUg_120_box0.jpg,BELFAST_CITY,National,Building-mounted,Union Jack,5,2025-08-14 13:16:13.632414+00,Pat,false,,
1bf027aa-5e18-4943-9f96-749c5ee2c88a,pKontjlIEjHlQ9oQcp0Ttg_300_box0.jpg,METROPOLITAN_NEWTOWNABBEY,National,Building-mounted,Ulster Banner,5,2025-08-14 09:46:45.300899+00,Pat,false,,
1bf7534a-7ba3-48e0-8de3-67e9d51b966a,86a5qt7Zm5j4splCd0fItg_300_box0.jpg,BALLYMENA,Review,,,,2025-08-14 12:36:59.812481+00,Pat,true,Unclear image,
1c0d1b62-37ea-4e33-a254-83bbe3c12789,RETBwslNDg1QgoQ2rVE8tQ_300_box0.jpg,BELFAST_CITY,National,Building-mounted,Union Jack,5,2025-08-13 22:55:43.05965+00,May,false,,
1c20c22d-f9e1-4836-987b-a74abac07e2b,541UKFM6ZZ_bVYALkfGsKw_060_box0.jpg,BELFAST_CITY,National,Lamppost-mounted,Union Jack,5,2025-08-17 15:07:10.296095+00,May,false,,
1c21ef70-1153-4fa9-9373-05620758fdd4,REkz8UNWeBiGzw-ApXPIRA_180_box0.jpg,BELFAST_CITY,National,Lamppost-mounted,Union Jack,5,2025-08-12 16:02:43.704033+00,Pat,false,,
1c26d0d7-897b-4245-8572-cc99daeda602,SsKBXQBrc1tt-io41Z36zQ_240_box0.jpg,METROPOLITAN_NEWTOWNABBEY,National,Lamppost-mounted,Union Jack,5,2025-08-12 15:36:59.363118+00,Pat,false,,
1c4267fb-c21d-4ecd-a436-c5698f3612c7,Fpa9_NG9wApizeVyUrzZGA_120_box0.jpg,METROPOLITAN_LISBURN,National,Lamppost-mounted,Union Jack,5,2025-08-14 12:31:39.856491+00,Pat,false,,
1c679e6b-27b6-4cd3-aa17-a9687284372a,FTDHoNGenPYbvcAX4O8jTw_180_box0.jpg,MAGHERA,Proscribed,Lamppost-mounted,UDA,5,2025-08-14 13:21:56.685511+00,Pat,false,,
1c6da635-914f-44fe-80fa-0d83757dcd20,mSH_jBMvnaUDD2_k7c_f-g_060_box0.jpg,BELFAST_CITY,National,Lamppost-mounted,Ulster Banner,5,2025-08-29 08:40:51.10987+00,May,false,,
1c743ee7-3dc2-4e03-9128-472bb99ffc09,iURITOK4YZ07plJ7lnHrpw_300_box0.jpg,LISBURN_CITY,National,Lamppost-mounted,Ulster Banner,5,2025-08-14 11:16:38.12103+00,Pat,false,,
1c984c96-b569-4df5-bb53-6439fcee83c2,YorJre0_QSWAj8pnQjEuVg_240_box0.jpg,BELFAST_CITY,National,Lamppost-mounted,Union Jack,5,2025-08-17 16:50:50.193454+00,May,false,,
1c9fc2b9-fc29-43a7-b13d-0385439596ac,pPJAWje95fcL9uaHwNLG_g_120_box0.jpg,BELFAST_CITY,Proscribed,Lamppost-mounted,YCV,5,2025-08-29 08:45:22.742137+00,May,false,,
1ca6e0e7-33e6-4566-b51b-add2e6b48a08,t6GjlqXYZKOsNdLM_lGEwQ_300_box0.jpg,BELFAST_CITY,National,Lamppost-mounted,Union Jack,5,2025-08-13 08:27:33.715595+00,Pat,false,,
1cad0ea9-d24a-4fc6-9cd2-939f5c70fb9f,CRcWZEHz-nM1AgTKs3Dd-g_060_box0.jpg,COLERAINE,National,Lamppost-mounted,Union Jack,5,2025-08-14 11:05:35.470067+00,Pat,false,,
1cb4154c-69cc-48be-b7b7-80a21a466dbb,BDp9mN72kLewX1XWtWcFAg_000_box0.jpg,BALLYCLARE,Review,,,,2025-08-28 20:46:25.070633+00,May,true,Unclear image,
1cdd09eb-1d3f-42d5-82ce-b79699d63f34,XG_axqOG1ngyvb63uMm17Q_120_box0.jpg,CARRICKFERGUS,National,Building-mounted,Ulster Banner,2,2025-08-06 22:51:54.900159+00,May,false,,
1ce8304d-a2c8-432f-b6c8-092283baec1b,RK9YXJVDYvQvw0GwGZqFdg_300_box0.jpg,BELFAST_CITY,Fraternal,Lamppost-mounted,Apprentice Boys,5,2025-08-17 14:35:40.668236+00,May,false,,
1ce8de5a-a5a5-44b6-96f2-7237c669bbdf,eT9UU4381zn_iYFhoUiJcQ_240_box0.jpg,PORTRUSH,National,Building-mounted,Ulster Banner,5,2025-08-24 10:37:02.201934+00,May,false,,
1ce9f53d-52ea-44c2-be73-4fe1e54067eb,j4jNYrggIxnw68N9uRrzig_300_box0.jpg,BELFAST_CITY,Review,,,,2025-08-12 15:17:55.601057+00,Pat,true,Other,
1d125044-c60e-4e6c-8e6d-cb3dce1a3401,8VR5aORVKvlKJUXDG48R8w_120_box0.jpg,BELFAST_CITY,National,Building-mounted,Union Jack,5,2025-08-13 09:06:13.552282+00,Pat,false,,
1d24245a-5193-4c35-84a7-42b45092ccbb,tK14aLNqLrYUljoNQkN_LA_240_box0.jpg,CRAIGAVON,National,Building-mounted,Union Jack,5,2025-08-14 13:35:06.182421+00,Pat,false,,
1d26a89b-7731-48f5-ad3a-12eb52f4efc1,OTvcKJyq8fewVX5uGn_1lg_120_box0.jpg,METROPOLITAN_CASTLEREAGH,National,Lamppost-mounted,Ulster Banner,5,2025-08-24 10:11:01.147913+00,May,false,,
1d31f7fb-b48c-478d-85ed-83c7daf77634,u0fzEruiClFTtOInoda2tg_300_box0.jpg,BALLYNAHINCH,National,Pole-mounted (in ground),Union Jack,5,2025-08-13 08:43:47.017834+00,Pat,false,,
1d3ad217-5f9a-4a00-9fc0-f0c8947a25ce,g5EO7IxU9WDfRRIpqMv81g_300_box0.jpg,LARNE,National,Lamppost-mounted,Union Jack,5,2025-08-13 22:49:39.688772+00,May,false,,
1d435371-5312-47de-bba7-728a4e2abb4d,soFi3wCoufMGUQ5U4UtVXQ_000_box0.jpg,BELFAST_CITY,National,Lamppost-mounted,Union Jack,5,2025-08-29 08:41:47.396378+00,May,false,,
1d5f3331-7bb8-450e-b7cb-5fb8fcc7503a,H3wDPwGQJ14NW5IYgj00Ng_180_box0.jpg,LISBURN_CITY,National,Lamppost-mounted,Ulster Banner,5,2025-08-29 08:43:48.317672+00,May,false,,
1d6d70c3-140a-4072-9d88-5c1331ea34db,UTkEHaaGcrJql9ebb6Kk1Q_120_box0.jpg,METROPOLITAN_NEWTOWNABBEY,Proscribed,Lamppost-mounted,Other Proscribed,4,2025-08-15 20:49:39.986547+00,May,false,,
1d732c9f-02ae-488c-adae-ca2a9d046074,ohMvXcwQ0JHZnDI6CvOOVA_240_box0.jpg,BANGOR,National,Building-mounted,Union Jack,4,2025-08-09 11:42:29.461405+00,Byron,false,,
1d77518c-2e5c-49e5-8b7a-9e7b93ac4dbe,r7yunnhOm1EON0kexM5bDA_060_box0.jpg,LISBURN_CITY,Review,,,,2025-08-14 12:31:16.43645+00,Pat,true,Complex case,
1d7b24b5-c297-477d-9eeb-ed5e756f6fc4,CQy3K9mCXl_dTe3y8aqqaw_300_box0.jpg,CARRICKFERGUS,Bunting,Bunting display,Union Jack Bunting,5,2025-08-06 21:18:19.332703+00,May,false,,
1ddf4d3c-c786-45a1-9dfa-205fc10a3123,G-6NTbxEcQkVSC8jrWCUyA_120_box0.jpg,METROPOLITAN_CASTLEREAGH,National,Lamppost-mounted,Ulster Banner,5,2025-08-14 13:04:14.02568+00,Pat,false,,
1df8f9ff-9db3-4919-abb6-3b4af33b194a,oozP4C4AUdimw8vUsfSjgQ_000_box0.jpg,BELFAST_CITY,National,Lamppost-mounted,Union Jack,5,2025-08-17 16:52:07.395868+00,May,false,,
1e1f50c1-b4b8-4396-801f-48feb95791cb,fSWAWh5JYO8Rcr3nFtcL3w_300_box0.jpg,CRAIGAVON,National,Lamppost-mounted,Union Jack,5,2025-08-14 13:01:47.100004+00,Pat,false,,
1e238dc5-faa0-4b1d-accc-e46fccfbef89,XwPsrCYr064iHgptJavB6A_000_box0.jpg,METROPOLITAN_LISBURN,National,Building-mounted,Union Jack,5,2025-08-29 08:49:13.500485+00,May,false,,
1e2bd581-4776-4fa7-be83-06c822012b26,EVGnW1cPIucIkLO0kLQSqg_120_box0.jpg,CRAIGAVON,National,Lamppost-mounted,Ulster Banner,3,2025-08-14 13:37:11.955555+00,Pat,false,,
1e2dae4e-cc2c-4a36-9f04-6bdb01f5ae67,aty70FysBfZmAB9d8u9VfA_180_box0.jpg,ARMAGH,National,Lamppost-mounted,Union Jack,5,2025-08-14 12:19:24.550626+00,Pat,false,,
1e2f65a9-c9fa-47d6-9e03-9a8809ab75db,I7KnbSScOQbtOBoGvkfxbw_300_box0.jpg,METROPOLITAN_NEWTOWNABBEY,National,Building-mounted,Union Jack,5,2025-08-15 00:38:34.166905+00,May,false,,
1e33d063-5240-470d-94b4-d5f2e6fb537c,2JOKkb3VnVCxFZs0ny8hNQ_300_box0.jpg,BELFAST_CITY,National,Building-mounted,Union Jack,5,2025-08-14 09:46:17.45828+00,Pat,false,,
1e48008d-0d46-4d36-820a-7bace7e7cee2,MjvUYAKHtOTZ5gwFXQL4eQ_300_box0.jpg,METROPOLITAN_NEWTOWNABBEY,National,Lamppost-mounted,Ulster Banner,5,2025-08-14 13:12:37.038133+00,Pat,false,,
1e69a585-5a25-4085-a2ac-5b17f54a1973,Dtx5M8gKQ1YhoH7Rr1xaZg_240_box0.jpg,BELFAST_CITY,National,Building-mounted,Irish Tricolor,5,2025-08-12 15:43:26.840944+00,Pat,false,,
1e9b7111-bd77-4ba6-bb79-908697543fb7,24oWiqyplniLi37y-T9mTg_240_box0.jpg,COMBER,National,Pole-mounted (in ground),Union Jack,5,2025-08-14 14:12:28.940292+00,Pat,false,,
1ea46731-5402-4ada-ae02-15c7702e7a64,xMdFWadcEjavNCo-EGINtw_180_box0.jpg,BALLYMENA,National,Building-mounted,Ulster Banner,5,2025-08-14 13:43:10.90133+00,Pat,false,,
1ea4dc2d-4517-4995-afdb-861b1d23c223,ELeQagBJEpukMiZyZpMR5g_300_box0.jpg,BELFAST_CITY,National,Building-mounted,Union Jack,5,2025-08-11 18:18:33.973212+00,Pat,false,,
1ec40828-afa3-4527-9f6a-4b689621570f,twKJH65ygQQh6jLqgCDdMg_240_box0.jpg,METROPOLITAN_LISBURN,National,Pole-mounted (in ground),Irish Tricolor,5,2025-08-12 15:54:48.244459+00,Pat,false,,
1ec44c9b-0239-4f41-bd19-744a322e4177,OZO3Y_J1wJSkUwow47zXPA_300_box0.jpg,METROPOLITAN_LISBURN,National,Building-mounted,Union Jack,5,2025-08-12 15:04:19.277554+00,Pat,false,,
1eed1d2b-face-4b82-847e-309788c093e8,f3NWUh7ke7Igo-jPlsKBZg_000_box0.jpg,ANTRIM,National,Lamppost-mounted,Union Jack,5,2025-08-28 20:17:02.987713+00,May,false,,
1f016e57-8b03-4a6f-8ab9-bcbe992a6353,7_fyxqc6yaojHNAoFb13cw_000_box0.jpg,GREENISLAND,National,Lamppost-mounted,Union Jack,5,2025-08-22 22:08:24.36195+00,May,false,,
1f1f0b3c-17ee-4fc1-8a2b-7045dc30491e,nE2sN3cYEwMO7C7LxnQl1A_060_box0.jpg,LISBURN_CITY,National,Lamppost-mounted,Union Jack,5,2025-08-13 22:06:02.111876+00,May,false,,
1f2b695a-3b4b-4ff3-808b-cf23f32e060b,_zDhzamPXL9YDaWB9Ppfug_180_box0.jpg,HILLSBOROUGH_AND_CULCAVY,National,Lamppost-mounted,Union Jack,5,2025-08-14 10:14:25.581361+00,Pat,false,,
1f37ed87-cdc2-4275-af88-bc761dda85a0,96THV9zwJ94W8Auod40Xng_120_box0.jpg,ANTRIM,National,Lamppost-mounted,Union Jack,5,2025-08-13 08:30:47.620285+00,Pat,false,,
1f3bbfcd-2152-4f08-9fce-a250baf16ae9,iDbDfuWf6krXR-zL4Urt0w_240_box0.jpg,BANGOR,Review,,,,2025-08-08 09:07:11.99702+00,May,true,Unclear image,
1f3dc85a-f49f-45fc-9602-f7a723fc6cc8,Pe8lJ0kBkXbLdoEwumLAVw_180_box0.jpg,LARNE,National,Lamppost-mounted,Ulster Banner,5,2025-08-13 16:25:14.879493+00,Pat,false,,
1f580276-4a1c-4bbd-bcfc-b32327f50a00,JkqSqhoNLMmcaSQGOLfsnQ_300_box0.jpg,LIMAVADY,National,Lamppost-mounted,Union Jack,3,2025-08-07 20:08:43.889942+00,Byron,false,,
1f5c6a8e-9dd0-47e3-8dfb-4efd242befa2,ZPgHMYe4FEABpUzqC0sNkw_000_box0.jpg,COOKSTOWN,Review,,,,2025-08-14 13:38:02.309959+00,Pat,true,Not a flag,
1f6f2761-cac3-4741-884d-11cd14139fd7,yF_0J198dd5EuMbZsIJNjg_120_box0.jpg,CARRICKFERGUS,National,Building-mounted,Union Jack,5,2025-08-07 20:00:16.444734+00,Byron,false,,
1f822e92-cff8-4acd-a16a-4c838db73110,V3VT-0YhmJSGbCPOzl1KrA_060_box0.jpg,LISBURN_CITY,National,Lamppost-mounted,Union Jack,5,2025-08-22 22:05:07.407621+00,May,false,,
1f88696c-d97e-4bfb-977a-5debdf8b1cd3,DGyiuDKPP4cXsse_NG-YoA_180_box0.jpg,CARRICKFERGUS,National,Lamppost-mounted,Ulster Banner,1,2025-08-06 22:02:29.169679+00,May,false,,
1f934498-170a-485a-8882-c1e268ed7ef8,VvAVvmVSUqyxxD8bFs6Qbw_180_box0.jpg,CARRICKFERGUS,National,Window display,Ulster Banner,5,2025-08-13 22:05:06.50943+00,May,false,,
1fbcc58b-b740-436b-b82a-8da752d6da50,EZFwKjMXLoqo3gsJ6DZrWQ_120_box0.jpg,CARRICKFERGUS,National,Pole-mounted (in ground),Scottish Saltire,3,2025-08-07 19:58:49.953947+00,Byron,false,,
1fc3969f-7b8c-42c5-b02d-eefb6dbf430f,r_pH1jDysvsMeWg82rLWCQ_240_box0.jpg,BANGOR,Review,,,,2025-08-08 09:03:18.836983+00,May,true,Not a flag,
1fca2907-7eb1-4fac-afa5-af736a18efe1,PZLbNIK38bOmw76TDhTLFw_240_box0.jpg,LIMAVADY,Fraternal,Lamppost-mounted,Apprentice Boys,4,2025-08-07 20:01:35.748483+00,Byron,false,,
1fd107ff-9fa0-4b35-9f90-30dce4645b0b,wmil1vCgawbgepXBxjBKOA_000_box0.jpg,METROPOLITAN_CASTLEREAGH,National,Lamppost-mounted,Ulster Banner,5,2025-08-14 10:17:16.222898+00,Pat,false,,
1ffc67bd-b38e-4a0c-9a7f-fa93329ff24d,lrDSQvSlLiKwniQ0DXQn5Q_240_box0.jpg,GREENISLAND,Review,,,,2025-08-14 10:21:12.811138+00,Pat,true,Complex case,
2022d58d-8d91-47eb-92dc-ace754e59f52,rTg49fPOlYPLf9rAWNZavQ_000_box0.jpg,CRAIGAVON,National,Lamppost-mounted,Union Jack,5,2025-08-14 12:19:10.913604+00,Pat,false,,
20254d3a-f505-49f3-abb0-15a2a7666db9,0OTTKUcllhNzVVXh4ulZFQ_060_box0.jpg,DONAGHADEE,National,Lamppost-mounted,Union Jack,5,2025-08-13 22:28:40.446456+00,May,false,,
202a3951-317d-45eb-b699-7744b733181f,HqSfw4eIAo9yeJ2Ff8BbQg_120_box0.jpg,METROPOLITAN_NEWTOWNABBEY,Proscribed,Lamppost-mounted,UVF,5,2025-08-08 17:54:07.428273+00,May,false,,
203fa24b-3a11-4805-8e4b-a79ad5310f00,J9iAmqMf2XkwlFPrTts29g_000_box0.jpg,NEWRY,Review,,,,2025-08-07 20:18:31.526444+00,Byron,true,Not a flag,
207cda71-6cf7-46d8-8e82-43e3e69b5544,VsAFRlplOYzdKNdeU_x8Vw_060_box0.jpg,METROPOLITAN_NEWTOWNABBEY,National,Building-mounted,Union Jack,5,2025-08-28 20:15:14.520154+00,May,false,,
2095c35d-9560-4227-8378-4c8c32e3f993,NHSPi4Hbj0YiC1W1TuJGOQ_240_box0.jpg,BELFAST_CITY,National,Lamppost-mounted,Union Jack,5,2025-08-13 22:28:01.400132+00,May,false,,
20a88d48-2741-4042-b533-c480dfb518b5,BQ72zpsXSpyApx2_gsuY0g_120_box0.jpg,BELFAST_CITY,National,Building-mounted,Union Jack,5,2025-08-17 15:52:19.154326+00,May,false,,
20a8a230-8350-4603-adf7-eb93b3a05d79,lmMh5gIIMXQ_bqGOSOQ_ZQ_240_box0.jpg,BALLYMENA,National,Building-mounted,Union Jack,5,2025-08-17 15:07:58.689208+00,May,false,,
20b662a0-c4f9-4e22-ade6-1266f36cb8d7,KitgepCJiKqmDh_oXtcTmQ_000_box0.jpg,BALLYMENA,National,Building-mounted,Union Jack,5,2025-08-28 20:15:47.52779+00,May,false,,
20bb18d4-23ef-47cb-8233-bdb945b28793,rLFnEaJsGvOj5OtNKG_iWA_240_box0.jpg,CARRICKFERGUS,National,Building-mounted,Union Jack,5,2025-08-13 22:04:10.529796+00,May,false,,
20bb6b45-11cc-4896-91c3-4fe163b357aa,A0zDvkpCS7B5NN8UESTvFg_000_box0.jpg,BALLYMONEY,National,Lamppost-mounted,Union Jack,5,2025-08-13 22:02:29.749568+00,May,false,,
20bd3d24-c70d-4b54-9c5a-0188826d69e5,Ol_woCpSY85MDHKbIqHs5w_060_box0.jpg,BELFAST_CITY,National,Building-mounted,Union Jack,5,2025-08-15 20:55:06.375355+00,May,false,,
20d8b783-85dc-44f5-ab8b-4db71c90f374,o94rtyGpKSSgr-mMm1Vd7Q_240_box0.jpg,LISBURN_CITY,National,Building-mounted,Union Jack,5,2025-08-11 18:12:12.800187+00,Pat,false,,
20f81e51-bc32-419b-a205-f8e51dc62dd2,uwUXeuopPLnRPZ_eSqSreQ_120_box0.jpg,LISBURN_CITY,National,Lamppost-mounted,Ulster Banner,5,2025-08-11 18:15:17.301999+00,Pat,false,,
20fa7688-a8f8-495e-837a-5f1445a06430,exSgwqc40ZBGISwokVRDag_060_box0.jpg,CARRICKFERGUS,National,Building-mounted,Union Jack,5,2025-08-13 22:08:07.839288+00,May,false,,
2101ecb9-8beb-44a8-b59d-b841a207eca7,jGFs8lojPeRKteK6iVR2_Q_000_box0.jpg,BELFAST_CITY,National,Building-mounted,Union Jack,5,2025-08-14 13:16:05.126721+00,Pat,false,,
21062497-4605-4435-a6c7-abce5b658a74,rLFnEaJsGvOj5OtNKG_iWA_240_box0.jpg,CARRICKFERGUS,National,Building-mounted,Union Jack,5,2025-08-12 15:06:48.363834+00,Pat,false,,
2115b9fc-2149-4013-abf7-203418425aa4,3Rloiy-BVZC4qRJns3kqtw_000_box0.jpg,METROPOLITAN_CASTLEREAGH,National,Lamppost-mounted,Union Jack,5,2025-08-14 13:07:01.300498+00,Pat,false,,
2130b121-6966-4724-bac0-d01bb9aaae9a,y_WlXSH6iAXAcvqKsjhGKQ_000_box0.jpg,DERRY_CITY,National,Lamppost-mounted,Union Jack,5,2025-08-15 20:58:10.604711+00,May,false,,
2149e7da-0ba1-41b5-8cb0-f244823c9c2d,JF_rbsW43SsHzAbQy3KaJg_120_box0.jpg,BELFAST_CITY,National,Lamppost-mounted,Union Jack,5,2025-08-14 14:01:57.071971+00,Pat,false,,
214a3895-b7bf-4994-ae9a-600a99298bbd,0HFjAfZTYxrNniqOLLapjg_120_box0.jpg,DERRY_CITY,National,Lamppost-mounted,Union Jack,5,2025-08-12 15:39:54.676769+00,Pat,false,,
215af36c-b4dd-4ed2-9cae-f86fa84d5f3e,2GX1DPniKG8DfAK36V4sBg_060_box0.jpg,METROPOLITAN_LISBURN,National,Building-mounted,Union Jack,5,2025-08-14 13:49:01.089082+00,Pat,false,,
215c0af2-4cfe-40c9-bb0f-e7c17abc9f5d,rLKLQOfLypgMOA7sIPhDWg_060_box0.jpg,ARMAGH,National,Building-mounted,Union Jack,5,2025-08-28 20:47:17.304929+00,May,false,,
21845a2d-ec6e-4900-a1a2-af96ded58cd7,2ICY8QSznynWMbL5NpLhIA_180_box0.jpg,BELFAST_CITY,National,Building-mounted,Ulster Banner,5,2025-08-13 22:50:15.270422+00,May,false,,
219195c3-70ec-4742-8a50-65c09896843a,kRigBsSe58JbQNHSre4jrA_180_box0.jpg,CRAIGAVON,National,Lamppost-mounted,Union Jack,5,2025-08-13 22:38:41.154137+00,May,false,,
21993fe0-685e-41e9-8162-4b049af77c88,1wdplEk5_5aDFr9PNKS8Xw_240_box0.jpg,METROPOLITAN_NEWTOWNABBEY,National,Lamppost-mounted,Union Jack,5,2025-08-29 08:53:14.193328+00,May,false,,
21a58158-fe3f-4d02-9c24-e03dca0a68c4,TurkvUffFmilRITUDLfwmw_060_box0.jpg,LISBURN_CITY,National,Lamppost-mounted,Union Jack,5,2025-08-17 17:03:07.177108+00,May,false,,
21add664-a182-4b95-9c71-2b37d3b5b77d,NSKw5WlrmjiM3kY0-3xQXw_180_box0.jpg,LARNE,Review,,,,2025-08-28 20:31:36.723531+00,May,true,Unclear image,
21b0d663-9669-4adc-a799-2e2beefffb9a,dbqkuyo38AxWy0KG2MzUNQ_240_box0.jpg,LISBURN_CITY,National,Lamppost-mounted,Union Jack,5,2025-08-13 22:11:17.306769+00,May,false,,
21d1fbbd-3339-49b7-9870-467182ac234e,qGLr5sxrj-1glRwhsRU68Q_060_box0.jpg,OMAGH_TOWN,National,Lamppost-mounted,Union Jack,5,2025-08-14 13:06:46.475521+00,Pat,false,,
2202d1c5-e314-4456-bacd-8a1ac42727f5,v2Jvd4DIj7bhHtUzycSUjA_240_box0.jpg,BELFAST_CITY,National,Building-mounted,Union Jack,5,2025-08-13 08:35:54.677986+00,Pat,false,,
2232d32e-76ed-41cf-9c94-00f3c2fd9558,F1lRKRVKNG9mv5SgOpz0ZA_300_box0.jpg,BELFAST_CITY,National,Lamppost-mounted,Union Jack,5,2025-08-15 20:56:48.814622+00,May,false,,
223c8bd3-137e-47ec-8abb-c96191b2da66,Z4uttqrr0E83Yi08CFtHEg_000_box0.jpg,BALLYMENA,National,Lamppost-mounted,Union Jack,5,2025-08-22 22:09:46.775475+00,May,false,,
22413786-1a09-4461-8fb8-742a866c2d42,0AlcBEostYJFJv7Qu-yTkA_180_box0.jpg,BELFAST_CITY,National,Building-mounted,Union Jack,5,2025-08-12 16:16:58.110567+00,Pat,false,,
2244771e-19a8-4963-96b1-d93769669153,PzkxjxrIhhIKCCNSQoyTEQ_240_box0.jpg,COOKSTOWN,Fraternal,Pole-mounted (in ground),Royal Black Institution,5,2025-08-28 19:44:19.082319+00,May,false,,
2254ddcc-32dc-4fc7-8772-f150868ddaa9,KqVVAjV-i6PoeXgQQOqZcw_120_box0.jpg,CARRICKFERGUS,National,Lamppost-mounted,Ulster Banner,5,2025-08-12 15:12:25.62759+00,Pat,false,,
225909a8-6910-4cb1-90ff-c52958361ccb,jvjrSvYRl87tlF6S9MN9dw_000_box0.jpg,BELFAST_CITY,National,Building-mounted,Union Jack,5,2025-08-12 15:48:59.82779+00,Pat,false,,
2263f854-4a8e-4e32-8dda-8287e98a453c,hFmzzDzCmOAxHwOgMF41Lw_000_box0.jpg,RANDALSTOWN,Fraternal,Building-mounted,Apprentice Boys,5,2025-08-17 16:23:51.370042+00,May,false,,
226845d6-be53-44df-941c-2518b7b9bba3,Ua7Y_W32C09C93JSAF_UmA_060_box0.jpg,COMBER,National,Pole-mounted (in ground),Union Jack,5,2025-08-17 17:02:51.524603+00,May,false,,
22715bb8-fbb6-4e67-8cad-19f633a0a146,2k5ck4DE2dNIudhmCUq1_A_300_box0.jpg,BANGOR,Proscribed,Lamppost-mounted,UVF,5,2025-08-07 09:14:17.111991+00,May,false,,
227b09e0-8ffa-4dc2-b30b-f007355a5017,6YCWyDyv1CvasyXqpOXMNw_240_box0.jpg,BALLYMENA,National,Pole-mounted (in ground),Union Jack,5,2025-08-12 15:14:31.868635+00,Pat,false,,
2283d6ff-bb39-47e1-8058-0231a8a6f48a,nv-pSTgYT_uCL4Rki1CH1A_180_box0.jpg,METROPOLITAN_NEWTOWNABBEY,National,Pole-mounted (in ground),Union Jack,3,2025-08-14 13:46:08.421178+00,Pat,false,,
2298d1d3-fe0f-4b23-bbf6-f243477c1272,0oRgPMjVTutK3JWLOZJviw_120_box0.jpg,LIMAVADY,Review,,,,2025-08-07 20:07:50.600947+00,Byron,true,Unclear image,
22a4d683-a89c-469f-b8a3-d48ad63a7d10,b8wQVgZ5OhkFQ33tmwvGMw_000_box0.jpg,BANGOR,National,Building-mounted,Union Jack,4,2025-08-09 11:47:50.07629+00,Byron,false,,
22bbbcf2-fde5-4877-88e0-9a5722204711,pKontjlIEjHlQ9oQcp0Ttg_300_box0.jpg,METROPOLITAN_NEWTOWNABBEY,National,Building-mounted,Union Jack,5,2025-08-17 17:03:23.95737+00,May,false,,
22c16ec8-3fd4-4b22-a179-eb9486ed42ea,zoDra4Nzox6bbtqzPvJkOQ_060_box0.jpg,BELFAST_CITY,National,Lamppost-mounted,Union Jack,5,2025-08-28 20:17:39.419067+00,May,false,,
22c47b51-0c8b-4bb5-9f1c-4e0e3e0ade8c,zSjV2Onu1yHv1nJTrsfVCg_180_box0.jpg,BELFAST_CITY,National,Lamppost-mounted,Union Jack,5,2025-08-14 13:46:33.233601+00,Pat,false,,
22c9f3f6-9a73-49df-ad22-59a3ef468eb2,enQExw9UH17W9-yiORNo2Q_120_box0.jpg,BALLYMENA,National,Building-mounted,Union Jack,5,2025-08-22 22:05:41.981616+00,May,false,,
22ce0631-3b69-4916-8e23-62f7faf45bc5,DCGkHfjUpJo40NYShdR2lw_300_box0.jpg,CRAIGAVON,National,Lamppost-mounted,Ulster Banner,5,2025-08-12 15:05:54.773548+00,Pat,false,,
22ceaee0-75bf-4d9b-bf17-aa76d54b43ba,tp35k1288hvwgjPPoki7VA_120_box0.jpg,NEWRY,National,Lamppost-mounted,Irish Tricolor,5,2025-08-07 09:08:21.931693+00,May,false,,
22cf14a8-13b2-4e99-acd4-495c05f61991,tP4CMYHekRdrmrJU8sZn-w_120_box0.jpg,ANTRIM,National,Lamppost-mounted,Union Jack,5,2025-08-14 12:42:55.980814+00,Pat,false,,
22d9842a-d772-4b86-8622-6d4e04a521e0,KZEbah5jR36GL1XmLJiNow_180_box0.jpg,CARRICKFERGUS,National,Pole-mounted (in ground),Union Jack,5,2025-08-11 18:18:05.0207+00,Pat,false,,
22de2af7-60a0-43f2-8d90-4746a998fae2,xvgcyyjXh_41NncZXDi7mg_120_box0.jpg,LIMAVADY,Fraternal,Lamppost-mounted,Apprentice Boys,3,2025-08-07 20:03:16.766744+00,Byron,false,,
22e2ef9f-4eae-4903-ae8d-550bc2495b1a,g3ajQDo6nS8BOy7QNloF_w_180_box0.jpg,BELFAST_CITY,National,Lamppost-mounted,Union Jack,5,2025-08-29 08:13:26.333455+00,May,false,,
22e47543-efee-4402-bd17-371505eb463e,nKwnPWmfL07Dbtxmg6jsng_000_box0.jpg,BELFAST_CITY,National,Lamppost-mounted,Union Jack,5,2025-08-28 20:03:53.279027+00,May,false,,
22e73203-8bc9-40bf-8980-c2a32ad3b2c4,iAGhk-yexcXqAg6XgTc95Q_000_box0.jpg,METROPOLITAN_NEWTOWNABBEY,National,Lamppost-mounted,Union Jack,5,2025-08-17 16:44:45.825723+00,May,false,,
22ebda29-b212-49c8-bfe8-3c95528dbfcf,EdcBb_9vRN4UdNejR1MH3g_300_box0.jpg,LARNE,National,Lamppost-mounted,Union Jack,5,2025-08-13 22:28:24.754387+00,May,false,,
22ecdc5d-185c-4faa-9607-56444bf6c891,y0x7Q0vgc6V9i06JQkwa2w_240_box0.jpg,LIMAVADY,National,Lamppost-mounted,Union Jack,3,2025-08-07 20:10:10.243349+00,Byron,false,,
22f868e6-fdc2-46f9-8ba0-d8cfc00598de,P6BApz3_WNWg8tlXVI_cZQ_300_box0.jpg,BELFAST_CITY,National,Lamppost-mounted,Union Jack,5,2025-08-12 15:07:06.085986+00,Pat,false,,
2314c23f-96e9-47f0-b830-d80218f91ac6,m5L2Er7Id-PmWBHiI7zjWg_060_box0.jpg,BELFAST_CITY,National,Lamppost-mounted,Union Jack,5,2025-08-15 20:55:34.308474+00,May,false,,
231d5f7e-85d3-4555-bb26-bcdf1a00875c,2k5ck4DE2dNIudhmCUq1_A_300_box0.jpg,BANGOR,Proscribed,Lamppost-mounted,UVF,3,2025-08-07 20:22:07.104715+00,Byron,false,,
2323e721-ccc4-44b5-82f5-263385dff723,FqNISaM4TrMCsXm_BKnyRQ_120_box0.jpg,BELFAST_CITY,National,Building-mounted,Ulster Banner,5,2025-08-22 22:28:26.515214+00,May,false,,
23322d4f-684e-4e14-8ffe-15e3cd77d42d,LR1D6XbTRrvNvoFQahOXMw_060_box0.jpg,METROPOLITAN_NEWTOWNABBEY,National,Lamppost-mounted,Union Jack,5,2025-08-29 08:13:28.698315+00,May,false,,
2344f2cc-bc7c-40a5-872f-ee1c073d53ff,L-gduS7EXL1NiVIzy6yOiw_180_box0.jpg,LARNE,Proscribed,Lamppost-mounted,UDA,5,2025-08-28 20:12:19.949401+00,May,false,,
23577882-d135-4411-b45d-cea4c72ffddb,fy0LJ2hIjVgjC6qYWXqAjw_060_box0.jpg,LARNE,National,Building-mounted,Ulster Banner,5,2025-08-12 15:00:55.507898+00,Pat,false,,
23673205-db80-4bd3-8207-624afd2e361a,OBV7ERJ8xmh5LFi7RQJ-ww_060_box0.jpg,BANGOR,National,Lamppost-mounted,Ulster Banner,5,2025-08-07 09:26:04.784675+00,May,false,,
2396c889-4f90-49b8-95b6-eafff1941835,1Mo7XLh3Xyf0usQBsnCPxQ_120_box0.jpg,CRAIGAVON,International,Pole-mounted (in ground),Israeli,5,2025-08-17 16:54:15.967326+00,May,false,,
23aaf3fe-5470-43ec-b942-d22426b86b91,ZktlO3UloYf8EuyEVVSK2w_060_box0.jpg,BELFAST_CITY,National,Lamppost-mounted,Union Jack,5,2025-08-29 08:33:57.366104+00,May,false,,
23c36d13-2ab3-4df9-9c8c-fddb03f270f2,-_oQ_zPY3DmGX2kvsYuHng_180_box0.jpg,CARRICKFERGUS,National,Pole-mounted (in ground),Union Jack,5,2025-08-14 10:31:02.570278+00,Pat,false,,
23dbda4d-5d3e-4f22-82f8-b1334946c9d1,8jncloVqECss14iabmGYNQ_180_box0.jpg,GREENISLAND,National,Lamppost-mounted,Union Jack,5,2025-08-28 20:42:38.310252+00,May,false,,
23dc86d5-014c-4afd-a20a-fc1d753f39a7,UtBALFlwLG0uMNCyiznP4g_180_box0.jpg,METROPOLITAN_LISBURN,National,Building-mounted,Union Jack,5,2025-08-13 08:36:53.433173+00,Pat,false,,
2419191f-b948-4cad-a7dd-ece2f5357c4a,ZSoVBpHkQUNAPe5j4ERpxQ_300_box0.jpg,METROPOLITAN_CASTLEREAGH,National,Lamppost-mounted,Union Jack,5,2025-08-14 12:53:41.318183+00,Pat,false,,
24249014-7dad-42d4-8dfd-4f892021ecb3,R7crVx-NrrNeHcUm-EuvXw_120_box0.jpg,ANTRIM,National,Building-mounted,Union Jack,5,2025-08-14 09:41:54.96728+00,Pat,false,,
244d7755-a14c-4b52-a10b-fd19ff0f13a2,ans0SwqC8nYAfuy_JcOsTg_180_box0.jpg,MAGHERA,Military,Lamppost-mounted,Royal Irish Regiment,5,2025-08-29 08:24:24.314476+00,May,false,,
245c3f1d-47b4-47bd-9a9f-91975748e84f,0BEffEW67ch6ncJ5V92R-g_120_box0.jpg,GREENISLAND,National,Lamppost-mounted,Union Jack,5,2025-08-29 08:45:01.219957+00,May,false,,
246305c7-88c0-42e9-b2c0-4355cb52cba8,ZXaNXfPMveXJFUtf0vuIPQ_120_box0.jpg,LISBURN_CITY,National,Lamppost-mounted,Union Jack,5,2025-08-14 12:50:11.582701+00,Pat,false,,
247de7a8-e045-4f29-9e84-f9b589bc9ff9,Z4le8AfQF49iDK-Tu0A-vg_060_box0.jpg,WHITEHEAD,National,Lamppost-mounted,Union Jack,5,2025-08-24 10:09:19.251369+00,May,false,,
2491a93f-8c96-4557-9771-e5a44367f55c,ON7xZxSr7_sPkwvSwwd2MQ_240_box0.jpg,CARRICKFERGUS,National,Building-mounted,Union Jack,5,2025-08-06 22:51:20.061376+00,May,false,,
24a093d6-45cd-4b30-8eb6-2c45d273a64d,Lim4yd1cn5_bygabbdwRYQ_300_box0.jpg,CRAIGAVON,Review,,,,2025-08-24 10:12:39.354512+00,May,true,Not a flag,
24a2d389-7f87-427c-960f-6b4d931eae83,p7Ox2QVn6oKsVc44CmI6PA_240_box0.jpg,BANGOR,National,Lamppost-mounted,Union Jack,5,2025-08-09 11:41:05.015213+00,Byron,false,,
24b34a65-ef4f-413d-a225-a5f99477b4d7,fJz24gMTfhQmFOzbO-vG3w_000_box0.jpg,METROPOLITAN_NEWTOWNABBEY,Fraternal,Lamppost-mounted,Royal Black Institution,5,2025-08-13 22:11:06.891011+00,May,false,,
24bc12f4-436c-469e-9d6f-479043a0b403,_r_9Xv-3Ud_H5v3zRYZPrg_060_box0.jpg,METROPOLITAN_LISBURN,National,Building-mounted,Ulster Banner,5,2025-08-14 11:17:36.245796+00,Pat,false,,
24c2e21f-abfd-43b4-a417-3c5e6328a9fb,5eaPwW52Uw0_8TocQeBQwQ_240_box0.jpg,COMBER,Review,,,,2025-08-14 13:13:46.564649+00,Pat,true,Unclear image,
24e30c26-a0b2-46bb-a227-9b2598fc91f1,_-zyQpqRSPmY5QI8q3DY6A_000_box0.jpg,BANGOR,National,Lamppost-mounted,Union Jack,5,2025-08-09 11:37:53.463688+00,Byron,false,,
24f6355e-4be9-46e6-9269-97b586280948,47FwALx6kHaNNtt_g3bzuQ_060_box0.jpg,METROPOLITAN_NEWTOWNABBEY,Proscribed,Lamppost-mounted,YCV,5,2025-08-29 08:37:46.975215+00,May,false,,
24f7b280-79fb-467f-bb14-771319928def,Fw-zMbkBy9KpOyMGhdJpeQ_120_box0.jpg,METROPOLITAN_NEWTOWNABBEY,National,Building-mounted,Union Jack,5,2025-08-14 13:44:20.140744+00,Pat,false,,
250b4bce-dd1d-4e41-be0f-c54d29030a0d,Y6I9KUyh4-zZEBCTW5TV8g_180_box0.jpg,BANGOR,National,Lamppost-mounted,Union Jack,5,2025-08-08 08:26:37.347579+00,May,false,,
25227a41-86e3-4fe9-9681-e99ef5c42791,4V7RqDf-9Qpa8nQWp0gryQ_060_box0.jpg,BELFAST_CITY,National,Building-mounted,Union Jack,5,2025-08-13 22:46:43.924149+00,May,false,,
255fdf83-190d-4dba-866b-fe2480ba579c,2EDYk5GqL1ulnr56b7RHGw_000_box0.jpg,BELFAST_CITY,National,Building-mounted,Ulster Banner,5,2025-08-13 16:33:59.860816+00,Pat,false,,
2565e307-a403-472c-8509-8ef287213bcc,0pwEdBiqypljk98moyLdug_000_box0.jpg,WHITEHEAD,National,Lamppost-mounted,Union Jack,5,2025-08-28 20:29:35.522777+00,May,false,,
2567be0b-ab2d-4590-ae73-0b9947571bd4,BKcxJPRMahkoxd_WWsVAiw_180_box0.jpg,CRAIGAVON,National,Building-mounted,Union Jack,5,2025-08-14 09:22:20.873522+00,May,false,,
2579ec96-28bd-4eac-ad99-c1a86cfb925d,gmnsC0oJwraiioXqSfcqXA_000_box0.jpg,COOKSTOWN,Proscribed,Building-mounted,UVF,5,2025-08-12 15:59:21.842024+00,Pat,false,,
2584b87b-6af2-4fdb-9632-fa47dea713d6,2RQQ3t1w3Ym_L6FHwKuFGw_180_box0.jpg,OMAGH_TOWN,National,Lamppost-mounted,Union Jack,5,2025-08-14 10:23:22.375625+00,Pat,false,,
258aa531-8fad-4147-b909-00975a3942cb,Bxc4LCd0pEEAr0YhLYQa_w_180_box0.jpg,BELFAST_CITY,National,Lamppost-mounted,Ulster Banner,5,2025-08-12 16:12:31.871139+00,Pat,false,,
2597201b-4cd6-48b7-aa93-a2cd6959c567,X64JX3M_c7K_1nvetEsHHg_000_box0.jpg,CARRICKFERGUS,National,Window display,Union Jack,5,2025-08-15 20:53:28.726377+00,May,false,,
25de5e5a-bbe0-4e77-b24b-a3c6025a8f30,2icaFDIh0AlGhd8wOFImWw_000_box0.jpg,DOWNPATRICK,International,Pole-mounted (in ground),Other International,5,2025-08-14 12:23:54.759651+00,Pat,false,,
25f5e24d-b134-418e-b010-b40659e60dc4,l7eKd1rfGVurVgfmnQfqkQ_120_box0.jpg,CARRYDUFF,National,Lamppost-mounted,Union Jack,5,2025-08-29 08:40:36.387408+00,May,false,,
2601f42c-c6c7-49f1-adbd-ba4ae313bc2b,5XdIWH_gnSSnIAE7czARCA_240_box0.jpg,LIMAVADY,Fraternal,Lamppost-mounted,Apprentice Boys,3,2025-08-07 20:05:31.057865+00,Byron,false,,
2602dc18-5290-4271-919d-ecb906bb0477,VynrffH2Z3wwUUHyzUkZwA_060_box0.jpg,CARRICKFERGUS,National,Lamppost-mounted,Union Jack,5,2025-08-13 16:26:17.524684+00,Pat,false,,
26050526-678c-4d9f-9af8-0e8b0428472d,kf-FunO3jDTVjxOsfYwRbA_240_box0.jpg,BELFAST_CITY,National,Lamppost-mounted,Union Jack,5,2025-08-13 08:45:06.471919+00,Pat,false,,
2610e301-7720-4d5b-a963-53e575f89611,e_BmVbGSrHBvSBldkbRXLg_060_box0.jpg,BANGOR,Review,,,,2025-08-07 20:23:29.56464+00,Byron,true,Unclear image,
263019e1-f1aa-4bca-b67b-6d9d44db5650,BIOiwQWgB5EcYqnptvjnog_000_box0.jpg,BALLYCLARE,National,Building-mounted,Union Jack,5,2025-08-13 16:31:58.541371+00,Pat,false,,
263a0524-6b6a-41af-8992-653e59667f26,8laRr-uc2kdYh81Xikz2ZQ_060_box0.jpg,GREENISLAND,Review,,,,2025-08-14 10:49:17.610869+00,Pat,true,Complex case,
264e7109-b738-466e-aead-00c2fd673d9d,OMFnzSO1UZZjUi8wdQOmiA_300_box0.jpg,BELFAST_CITY,National,Lamppost-mounted,Union Jack,5,2025-08-14 10:56:26.209404+00,Pat,false,,
2657b4c0-c86a-4866-af9c-f3e30e15d82c,PPJA0h1UaqNnBD2Myic7bw_000_box0.jpg,DROMORE_BANBRIDGE,National,Building-mounted,Union Jack,5,2025-08-14 10:19:03.393182+00,Pat,false,,
265b8d7d-ae6a-439c-a76d-dab1cdd7b32a,Fvi5ROPndntVoBH5QBQL0Q_060_box0.jpg,BELFAST_CITY,National,Lamppost-mounted,Ulster Banner,5,2025-08-13 08:27:19.354237+00,Pat,false,,
2678e373-b9e8-466f-aa80-8f4b6a61545f,MpAXOwUh4Bz_MCwMWW3k9g_240_box0.jpg,CRAIGAVON,National,Building-mounted,Union Jack,5,2025-08-14 10:33:26.543115+00,Pat,false,,
268ac30e-4a49-43f7-8e68-a9baf6fb6ff5,U2lu323JR8B7VRYqRHqgcQ_000_box0.jpg,BANGOR,National,Lamppost-mounted,Union Jack,3,2025-08-09 11:46:01.225724+00,Byron,false,,
269145c4-34f0-4e57-8911-d29d14b6848e,0JdHz_g8AMbxHszsVz3EnA_120_box0.jpg,BELFAST_CITY,National,Lamppost-mounted,Union Jack,5,2025-08-14 10:37:54.770963+00,Pat,false,,
26a3d85d-fb4e-469e-82f6-1c64ce962767,Xi0_wRWE_FPffZ9_38jkgg_000_box0.jpg,COLERAINE,National,Building-mounted,Union Jack,5,2025-08-14 13:32:01.140288+00,Pat,false,,
26a8a7eb-3365-4e5d-ac5c-8801a0b1a65f,v7HuEWHyD1ngfaLuHhdljQ_180_box0.jpg,BELFAST_CITY,National,Building-mounted,Union Jack,5,2025-08-14 13:50:50.655871+00,Pat,false,,
26aeeb36-db86-4f13-a698-8b3cc58295e1,Q3xfM_pKeDoftAmXsvTF5Q_000_box0.jpg,BELFAST_CITY,National,Lamppost-mounted,Union Jack,5,2025-08-17 18:22:35.867267+00,May,false,,
26bd23c3-a034-410f-9d8c-8aa4db39f4d8,7eWdIeFG60J_WqBpfhG3aQ_000_box0.jpg,METROPOLITAN_CASTLEREAGH,Review,,,,2025-08-14 10:26:07.239429+00,Pat,true,Unclear image,
26bd97d3-7f1d-4c80-888c-f266363089f2,tudBUcU1nG1147tpiyyJSQ_000_box0.jpg,LISBURN_CITY,National,Lamppost-mounted,Ulster Banner,5,2025-08-14 13:48:23.411257+00,Pat,false,,
26ed79d1-9e4f-4c99-a8a5-040ba45d5d2a,zPwtl-nIylsXHEU869stTw_120_box0.jpg,CARRICKFERGUS,National,Building-mounted,Union Jack,5,2025-08-17 16:21:52.441864+00,May,false,,
26ffeffd-b8c4-49de-a132-a0530a1811b0,iArHDN-eoq8DWS6ZNqJzmQ_060_box0.jpg,LISBURN_CITY,National,Building-mounted,Union Jack,5,2025-08-13 09:08:18.994205+00,Pat,false,,
2703ee9e-d6c0-4b90-bbb7-ec885619e283,szZqonjGMWVwnZ_rrtEypA_000_box0.jpg,BELFAST_CITY,National,Lamppost-mounted,Ulster Banner,5,2025-08-17 17:07:26.929017+00,May,false,,
270a8c98-036a-42f5-bb5a-32909e98ae0f,NoXYT7nSxfPYMYmsDMOtLw_180_box0.jpg,COLERAINE,Fraternal,Lamppost-mounted,Orange Order,5,2025-08-13 22:14:27.987015+00,May,false,,
270e3851-bc36-456b-93ad-57afb26f8da0,9jPS6A_K5iaAhwti9kgWcA_000_box0.jpg,ENNISKILLEN,National,Lamppost-mounted,Union Jack,5,2025-08-17 16:23:54.845438+00,May,false,,
27181ded-5d73-439f-9c51-c5cb970745a0,zMJstV263EfFfN_M5m2eOQ_000_box0.jpg,DERRY_CITY,National,Lamppost-mounted,Union Jack,5,2025-08-13 08:52:42.942014+00,Pat,false,,
2723a299-dfe1-49f5-8b30-2d3274aa9ad1,t64KCdHm-zNLcpXK2zGgCQ_120_box0.jpg,METROPOLITAN_NEWTOWNABBEY,Fraternal,Lamppost-mounted,Apprentice Boys,2,2025-08-09 11:49:34.044319+00,Byron,false,,
2752d617-4e72-4c0c-b7ad-558e9874fc9e,npOqdSFKg1tl9DsoD65oIw_180_box0.jpg,COMBER,National,Pole-mounted (in ground),Union Jack,5,2025-08-14 13:52:23.553882+00,Pat,false,,
279118cd-6fe9-479b-ab26-8a73f1824051,X26iZXdwizOg_GrWJag9hA_300_box0.jpg,COLERAINE,National,Building-mounted,Union Jack,5,2025-08-14 10:32:28.033258+00,Pat,false,,
279ae21f-a5ce-488b-86aa-603b68a6ba1d,fxmge6VK0jhkUWMUJaTKSg_000_box0.jpg,BANGOR,Review,,,,2025-08-08 09:04:42.200875+00,May,true,Unclear image,
27a41e7e-8a06-4899-bcad-3d26a685c1d9,epor1sGIQv3o9SAZKIwlog_060_box0.jpg,BELFAST_CITY,National,Lamppost-mounted,Union Jack,5,2025-08-14 10:14:29.490852+00,Pat,false,,
27c8c976-d111-48af-827c-9105515a2eeb,yDBeYuWdyulxmJeB0nmxcQ_180_box0.jpg,NEWTOWNARDS,National,Building-mounted,Ulster Banner,5,2025-08-14 12:57:49.834551+00,Pat,false,,
27d2fea3-63cf-4f13-91fc-2f374f1b5616,NVJXlMhL8KG17tCor7OHcA_180_box0.jpg,BALLYMENA,National,Lamppost-mounted,Union Jack,5,2025-08-14 12:32:38.170917+00,Pat,false,,
27e0d083-4202-4f9b-8951-8da870c436b2,3_h-xBeu75Vurd3RIftQWg_120_box0.jpg,BANGOR,Review,,,,2025-08-09 11:43:55.884707+00,Byron,true,Not a flag,
27e5434f-1930-43b6-b0d6-afd313f6ab94,QxHlDAMxqeeB4ITFt4KLLg_060_box0.jpg,BELFAST_CITY,National,Lamppost-mounted,Union Jack,5,2025-08-14 13:46:51.560284+00,Pat,false,,
28078b11-b14d-4ef6-a0ba-2a3a9703f8db,f5E0XgdQL4BcSw5_9pv6fQ_060_box0.jpg,NEWRY,Sport,Lamppost-mounted,Northern Ireland Football,3,2025-08-07 20:13:43.242934+00,Byron,false,,
28343c96-ec6a-493f-89e1-a4154f75f43b,-tAiVvJ56n1ieaOLSsyl_A_120_box0.jpg,CARRICKFERGUS,National,Lamppost-mounted,Union Jack,5,2025-08-14 13:20:54.503527+00,Pat,false,,
283c6743-572f-45bc-91be-18fb194bab65,KBWxitkEYZKU_19F43Ww9w_000_box0.jpg,BELFAST_CITY,National,Lamppost-mounted,Union Jack,5,2025-08-28 20:48:13.565242+00,May,false,,
28512779-8214-4949-890e-4d0bc06d9a0f,fPnsIxw_7RsloWK-aVItDw_180_box0.jpg,LARNE,National,Lamppost-mounted,Union Jack,5,2025-08-28 20:38:12.255138+00,May,false,,
285866e3-6922-45e6-95e2-1f09ae3326c9,OFf4w8zEOm6WQk6vJOwhrg_240_box0.jpg,BELFAST_CITY,National,Building-mounted,Union Jack,5,2025-08-29 08:47:16.663361+00,May,false,,
285c8697-c821-41fd-bc29-4fa73d4e35f0,rLKLQOfLypgMOA7sIPhDWg_060_box0.jpg,ARMAGH,National,Pole-mounted (in ground),Union Jack,5,2025-08-14 13:14:33.61008+00,Pat,false,,
285f69de-0116-42e0-8cd1-dc57ab5ce1fe,nxW8AKsrRdVEji-xKS9Jmg_000_box0.jpg,LISBURN_CITY,National,Lamppost-mounted,Ulster Banner,5,2025-08-28 20:18:52.089389+00,May,false,,
286a69b3-9943-4888-bf92-9433194b84ef,t64KCdHm-zNLcpXK2zGgCQ_120_box0.jpg,METROPOLITAN_NEWTOWNABBEY,Proscribed,Lamppost-mounted,Other Proscribed,5,2025-08-08 09:33:03.34724+00,May,false,,
2889532e-0cf1-4271-9379-ede569359a61,2y-vAqWRLjOMlEjVSvMWDQ_300_box0.jpg,BELFAST_CITY,National,Building-mounted,Union Jack,5,2025-08-13 22:14:51.502771+00,May,false,,
28bc6737-851d-46ca-9591-b95d21a746e7,RrBBZCg0UTy_x2EewnOQxw_120_box0.jpg,BELFAST_CITY,National,Lamppost-mounted,Union Jack,5,2025-08-28 19:44:55.746735+00,May,false,,
28cf388c-28a3-4caf-9db8-755a90d6ba7a,0o9KlSBOaaP9yYQi0Brr6Q_060_box0.jpg,COOKSTOWN,National,Building-mounted,Union Jack,5,2025-08-13 22:31:03.429038+00,May,false,,
28d7c7a8-e2ff-402d-a692-93f719497a07,r77XVdKbnqe3rJ0itRU0gQ_000_box0.jpg,GREENISLAND,National,Lamppost-mounted,Union Jack,5,2025-08-13 22:53:56.295342+00,May,false,,
28f50c88-c70d-4d9e-90fe-c34bb87d63d2,E96l82WZO01p2VpUGsSV6A_000_box0.jpg,BALLYMENA,National,Building-mounted,Ulster Banner,5,2025-08-29 08:53:10.295572+00,May,false,,
28fbdc9e-604d-43a0-8677-fe8f03c8c824,rvOqPLs28MwazHQVETUJCA_240_box0.jpg,BELFAST_CITY,National,Lamppost-mounted,Union Jack,5,2025-08-14 14:02:46.57558+00,Pat,false,,
28fc97a2-26dc-46b9-b892-c84cb45931af,eqS9H-5hKaCkuHnels7R3w_060_box0.jpg,DOWNPATRICK,International,Pole-mounted (in ground),Other International,5,2025-08-14 13:08:23.884332+00,Pat,false,,
29573b8b-404b-4d29-810b-3eab1e439f82,0bCtpqCEUYdnXwG5_JbpPg_180_box0.jpg,DUNGANNON,International,Lamppost-mounted,Palestinian,5,2025-08-22 22:04:57.152245+00,May,false,,
296b4e33-5be7-4185-a387-f6fe41a56c1d,oB5NRT1JKCnMsgOddVwc2w_180_box0.jpg,BELFAST_CITY,National,Building-mounted,Union Jack,5,2025-08-29 08:33:32.035772+00,May,false,,
296b9483-e87c-48fd-b6b7-69c5be92868d,oyqIDtzryAsVTQcVd_a9EA_120_box0.jpg,METROPOLITAN_NEWTOWNABBEY,National,Lamppost-mounted,Union Jack,5,2025-08-11 09:53:06.042816+00,May,false,,
29826861-790c-4e03-9f50-531412e78c00,PyzBK7_Jeq3PCAd5BW2Paw_300_box0.jpg,BELFAST_CITY,National,Lamppost-mounted,Union Jack,5,2025-08-17 16:52:09.919927+00,May,false,,
298b99de-fb51-436a-9941-7154456d441b,QsaNpJp5oabwB6NMGn52cA_300_box0.jpg,LISBURN_CITY,National,Building-mounted,Union Jack,5,2025-08-14 13:51:07.772026+00,Pat,false,,
298c21ed-e1a7-41df-9e02-4d402080f406,F0TQiD-6IqvrCyd_PAsx6Q_240_box0.jpg,BALLYMENA,Review,,,,2025-08-14 12:28:44.514017+00,Pat,true,Other,
2994bf56-62f1-47cf-8102-8968683d994c,XUBhLHIN77c4BX2YOaUQjA_000_box0.jpg,GREENISLAND,National,Building-mounted,Union Jack,5,2025-08-14 12:21:41.411808+00,Pat,false,,
29a91891-ede7-461e-8e8a-68562cb5e254,5KX5lcVGTBhsPeBmN-zeTw_000_box0.jpg,BANGOR,National,Lamppost-mounted,Union Jack,5,2025-08-07 19:59:24.014365+00,May,false,,
29ab4f15-a685-4133-9d17-487d650b8997,8ETRsK3dGvp8bMq_prDAjQ_120_box0.jpg,BANGOR,Review,,,,2025-08-07 09:25:59.048014+00,May,true,Unclear image,
29b11536-d908-4aec-9194-e9faea07ab44,K-5vGlJB7zAJWHvtcQtn5g_240_box0.jpg,LISBURN_CITY,National,Lamppost-mounted,Scottish Saltire,5,2025-08-28 20:44:27.60156+00,May,false,,
29c0ed0e-2a00-4dbb-8d06-147775937831,9FeIfpEO911FrWPzCXT0KA_060_box0.jpg,BELFAST_CITY,National,Lamppost-mounted,Ulster Banner,5,2025-08-29 08:39:18.330395+00,May,false,,
29c941aa-d8b5-4ae3-aa33-dcb930ab2ffc,-b-sRqBieO7-rXbZHjUGkg_240_box0.jpg,BELFAST_CITY,Review,,,,2025-08-13 22:11:36.254681+00,May,true,Unclear image,
29e7012d-f90f-4121-b90b-50b5635e7229,6_e4sXQHgaojmmPnm2YumA_180_box0.jpg,METROPOLITAN_NEWTOWNABBEY,National,Lamppost-mounted,Ulster Banner,5,2025-08-13 08:29:30.282061+00,Pat,false,,
29eacaf1-141c-4c08-b7ed-865f72c9a065,yF3Nla18-pqlRbTpmC1RHA_180_box0.jpg,BELFAST_CITY,National,Building-mounted,Union Jack,5,2025-08-14 09:38:00.53724+00,Pat,false,,
2a1102fa-5f33-4c77-a894-85c8dd6804c5,nc0HXdDH6DuyM9XV1CMe8A_120_box0.jpg,NEWRY,Fraternal,Window display,Red Hand Defenders,5,2025-08-07 09:02:23.072932+00,May,false,,
2a2202e3-b306-49ad-a977-71582bb8a9d3,lEWdxTWe_4wSmTEc2I2FHQ_300_box0.jpg,COLERAINE,Review,,,,2025-08-14 12:29:26.068547+00,Pat,true,Complex case,
2a27f8b7-0636-4a97-8ac7-3922a89f3a5f,aWvygKl5qMcyUg4fregH9Q_060_box0.jpg,CRAIGAVON,National,Building-mounted,Union Jack,5,2025-08-14 12:27:37.005327+00,Pat,false,,
2a426603-48ba-4c51-b182-7ace5b5a66ff,ZIkwSNHzEsMNISA3lFgbsw_240_box0.jpg,BALLYMENA,National,Lamppost-mounted,Union Jack,5,2025-08-28 20:07:13.118881+00,May,false,,
2a5ac750-1cfd-4268-a24d-97c997c9f7d9,_GHQi7x6ciGCBoRHfhkppQ_000_box0.jpg,METROPOLITAN_CASTLEREAGH,National,Lamppost-mounted,Ulster Banner,5,2025-08-28 19:45:30.840857+00,May,false,,
2a602476-e713-44c5-adf8-351975f8b8e2,VsKJESl_p5kZ9pIVMlX6hg_240_box0.jpg,ARMAGH,National,Lamppost-mounted,Union Jack,5,2025-08-22 22:14:07.553785+00,May,false,,
2a63eb01-aae8-45db-8a11-3bba2d19a3ff,8Nr4BEEfFrokNNTuwjRtIg_120_box0.jpg,BELFAST_CITY,National,Lamppost-mounted,Union Jack,5,2025-08-14 09:51:22.653649+00,Pat,false,,
2a63fbb5-6b82-4e91-a547-68e4a8d19598,lgYwQXopZyy0U_rNwlcLGQ_120_box0.jpg,METROPOLITAN_NEWTOWNABBEY,National,Lamppost-mounted,Ulster Banner,5,2025-08-28 19:55:50.828742+00,May,false,,
2a64bdeb-c41e-4063-9ac2-755ac1830145,yhqrrDTLH849GEBLItGklA_300_box0.jpg,BANGOR,National,Lamppost-mounted,Union Jack,3,2025-08-09 11:48:24.833538+00,Byron,false,,
2a690708-98a9-4b6b-9d2a-0215cc080c06,3N-daAk0scuUcyzKUPTriQ_300_box0.jpg,ENNISKILLEN,Review,,,,2025-08-29 08:37:38.733912+00,May,true,Not a flag,
2a7c5716-93b9-4d73-b6e7-4f9ba124a632,aHlOSoWC-H1AuwPqXEVVWQ_060_box0.jpg,BELFAST_CITY,National,Building-mounted,Union Jack,5,2025-08-13 22:14:01.52778+00,May,false,,
2a7dcf89-5c8c-4a44-a14d-9f6d6f9c344e,SwD1irf0QWx_IqWAfaTfqw_300_box0.jpg,BELFAST_CITY,Review,,,,2025-08-14 10:19:23.655782+00,Pat,true,Unclear image,
2aa18ced-dcad-46f3-9b17-97b937f60ff3,v9zzA_T7mUOjO0sg1jzz1Q_120_box0.jpg,CARRICKFERGUS,National,Lamppost-mounted,Union Jack,5,2025-08-29 08:17:26.689967+00,May,false,,
2ab91ea7-adb8-4885-981b-4fdcba022a07,ifpmSqbHsVgfuTwjZgs56g_240_box0.jpg,COLERAINE,National,Building-mounted,Union Jack,5,2025-08-14 12:58:20.597249+00,Pat,false,,
2abaeff7-d2ea-437c-b76d-126b07c196be,qz60qxjnSSJRltQ8Fxys4g_060_box0.jpg,BELFAST_CITY,National,Building-mounted,Ulster Banner,5,2025-08-22 22:15:11.784898+00,May,false,,
2adaa913-bd90-400b-9cd4-c519ea637305,0lgdw9-yA4mFhsQF_Nxvpw_000_box0.jpg,METROPOLITAN_NEWTOWNABBEY,Proscribed,Lamppost-mounted,UDA,5,2025-08-17 15:45:43.466042+00,May,false,,
2ae5bdda-c540-4c31-b8c0-fe4ddf641bae,43TFSuC0SIeN7z16u6Uzrg_300_box0.jpg,LISBURN_CITY,National,Building-mounted,Union Jack,5,2025-08-17 15:07:19.436982+00,May,false,,
2af07f9f-91ad-423f-b9c8-9721801751be,QqDPZVtDPetyMRF3U5FiCQ_000_box0.jpg,BELFAST_CITY,National,Lamppost-mounted,Union Jack,5,2025-08-29 08:17:00.388465+00,May,false,,
2b0c4b42-c0ee-4e50-906b-af8b88d951b2,S93lAYAYdpWzoBlor0cGSg_180_box0.jpg,BELFAST_CITY,National,Building-mounted,Union Jack,5,2025-08-14 10:52:50.276834+00,Pat,false,,
2b2bcf2a-1a88-4916-881e-1ff78abe0612,xwFkRjg4RgVOhvfgkXFxqQ_060_box0.jpg,LIMAVADY,National,Lamppost-mounted,Ulster Banner,5,2025-08-07 08:36:15.166085+00,May,false,,
2b38385b-d296-46f4-8aa0-6493375a6640,ZG0MMq5cWeqXRoxJt58QIg_060_box0.jpg,LISBURN_CITY,National,Building-mounted,Union Jack,5,2025-08-11 18:07:02.484164+00,Pat,false,,
2b56944e-2e13-4624-a7ee-3b731329db98,WuGVJe_o1yUWpLwnPD65Fw_000_box0.jpg,LARNE,National,Building-mounted,Union Jack,5,2025-08-15 20:53:09.938715+00,May,false,,
2b5819a8-c44a-4797-bf23-0724693caba5,J0f3lX4jxun5XSqd0JuCLg_120_box0.jpg,LARNE,National,Pole-mounted (in ground),Union Jack,5,2025-08-17 17:00:38.121171+00,May,false,,
2b6ab245-c13b-4c40-98d7-a81b3db96c23,V1YSvxeb3rRWh1bgkd3z1A_000_box0.jpg,ANTRIM,National,Lamppost-mounted,Ulster Banner,5,2025-08-13 08:55:00.279919+00,Pat,false,,
2b6b0e59-5b98-40d2-91b0-97d24589765b,X1DQFMnyRhYmi7rzWB3YCw_000_box0.jpg,BELFAST_CITY,National,Building-mounted,Union Jack,5,2025-08-14 12:44:11.918717+00,Pat,false,,
2b6c982a-05b0-4f40-8078-a4d056fcbce8,bKd9s8m0YngZIFh36AVg-Q_120_box0.jpg,CRAIGAVON,National,Lamppost-mounted,Union Jack,5,2025-08-28 20:24:29.269726+00,May,false,,
2b931187-b382-4b94-8c40-720ff9178a0b,O-0HbK94K6tyNJoVJl7bDA_180_box0.jpg,NEWTOWNARDS,National,Building-mounted,Union Jack,5,2025-08-14 11:11:36.86575+00,Pat,false,,
2bc14d42-aed4-429a-8a83-8b509aa75078,lXDFjtJ51XitcGaipbi22Q_120_box0.jpg,CARRICKFERGUS,National,Building-mounted,Union Jack,5,2025-08-13 16:27:10.569339+00,Pat,false,,
2bca9025-5e06-42fc-9ccb-a79e8e2e1a64,C9WcoYSoK5t416iBz--XUA_060_box0.jpg,ARMAGH,National,Lamppost-mounted,Union Jack,5,2025-08-13 08:54:50.989208+00,Pat,false,,
2bcda250-3a4d-4cec-a451-069066775d80,KAwXTTiZlI5-oTvEdYnw3g_000_box0.jpg,GREENISLAND,National,Lamppost-mounted,Union Jack,5,2025-08-14 09:41:35.177404+00,Pat,false,,
2be806a2-9830-41ad-813d-7edfbeeea08f,aC1eDqUysvZa7vkO8mt8Iw_180_box0.jpg,STRABANE,International,Lamppost-mounted,Palestinian,5,2025-08-14 11:04:04.592346+00,Pat,false,,
2c01483f-c66f-4a6a-b13a-ed1867d2b6e9,J2mAlq4zgxrmRTpmAz8_9w_180_box0.jpg,BELFAST_CITY,National,Lamppost-mounted,Union Jack,5,2025-08-28 20:39:18.413591+00,May,false,,
2c147371-3084-459f-aa78-448d2e563915,YcExpI8SfkDDCiVGOHHjUw_300_box0.jpg,BALLYCLARE,National,Lamppost-mounted,Ulster Banner,5,2025-08-14 09:37:14.100684+00,Pat,false,,
2c41ab92-e30c-4b5a-9d80-fde8a999948d,8W9H8Atyfv-En2R5PZmXVw_240_box0.jpg,BELFAST_CITY,National,Lamppost-mounted,Ulster Banner,5,2025-08-14 12:30:16.966025+00,Pat,false,,
2c6b8c84-7d7a-47ce-a06d-01168b1213ad,M9G8cisbO3MuplTzxsqb7Q_300_box0.jpg,GREENISLAND,National,Lamppost-mounted,Union Jack,5,2025-08-29 08:27:55.880076+00,May,false,,
2c7d9e6a-adff-4ea6-811e-cf402fba9d91,xdUhVY1QMqEUuk9H-DHrgQ_000_box0.jpg,GREENISLAND,National,Building-mounted,Union Jack,5,2025-08-13 22:05:34.96177+00,May,false,,
2c8261c2-4d09-4614-8d27-3e35ecbf7151,hKK-6yTbY_F4T6AHa-IOHA_180_box0.jpg,BELFAST_CITY,National,Building-mounted,Union Jack,5,2025-08-13 22:15:33.938053+00,May,false,,
2c848fe9-7558-4968-ae73-765e9729fc1f,m82bqSGmXYrDxECwNlvxXA_300_box0.jpg,LIMAVADY,National,Lamppost-mounted,Union Jack,1,2025-08-07 08:52:06.932403+00,May,false,,
2c9c1d1b-87f7-415f-ba75-941f798ae6dd,sBzDmwWmHip4521S6Kv6ow_180_box0.jpg,CRAIGAVON,National,Pole-mounted (in ground),Ulster Banner,5,2025-08-11 18:23:45.401266+00,Pat,false,,
2cb95d63-917a-4918-96a4-118dce147a43,ZuQhogVJhk_4635jS-xr_g_180_box0.jpg,BELFAST_CITY,National,Building-mounted,Union Jack,5,2025-08-11 18:26:24.748823+00,Pat,false,,
2cc8ba07-b9c2-47e2-9feb-ac5d792280ac,7Zp7crrAd2C_nfg7PU0NbA_000_box0.jpg,COLERAINE,National,Building-mounted,Ulster Banner,5,2025-08-17 17:03:35.576458+00,May,false,,
2cf38e53-584d-4677-b69d-afd25e58bcb0,YmHPzrPD989aA117ZfsW3w_300_box0.jpg,BELFAST_CITY,National,Lamppost-mounted,Union Jack,5,2025-08-14 12:51:12.671722+00,Pat,false,,
2d37b98b-872c-4bd1-b614-83d67d639710,PQsYY2INCXdC670adBbX1A_060_box0.jpg,COLERAINE,National,Lamppost-mounted,Union Jack,5,2025-08-29 08:15:30.19233+00,May,false,,
2d37ea8d-afdd-4748-83ac-6b2362eb9adf,3llG26luglOX6emmrbPHEw_180_box0.jpg,BELFAST_CITY,Review,,,,2025-08-14 14:14:24.60253+00,Pat,true,Not a flag,
2d3dd06a-d104-4ebb-a694-e9ddf34b8fc5,fezP1stg1guuIUm0SGlixg_060_box0.jpg,BELFAST_CITY,National,Building-mounted,Union Jack,5,2025-08-12 15:41:39.965833+00,Pat,false,,
2d3e0c8b-18e0-43af-b3e8-1ea1f30b13a9,bGrS6gGT5MYK61KTnihP1g_300_box0.jpg,CRAIGAVON,National,Lamppost-mounted,Ulster Banner,5,2025-08-22 22:17:42.121104+00,May,false,,
2d4d79a0-1c79-44a8-88a3-79930c2d0d8f,c1ogZ7_nY-bhLEOkb3E4nw_060_box0.jpg,BELFAST_CITY,National,Lamppost-mounted,Union Jack,5,2025-08-15 20:58:08.607397+00,May,false,,
2d522439-88b5-41af-956b-f7c6df35909c,uCM1dMEmvXZdM7Eiq9op3Q_180_box0.jpg,LISBURN_CITY,Review,,,,2025-08-28 20:48:53.977782+00,May,true,Unclear image,
2d667b20-9c16-4605-bb19-91572f06262c,BZVx9YtHFTMKdkIkkqRp3w_120_box0.jpg,LISBURN_CITY,National,Pole-mounted (in ground),Ulster Banner,2,2025-08-14 13:17:06.586788+00,Pat,false,,
2d719d26-2d25-4401-8f71-c4b55da09aab,J-piZDC8ZnD2rZh96TyyRQ_000_box0.jpg,METROPOLITAN_LISBURN,National,Building-mounted,Union Jack,5,2025-08-17 14:37:15.036005+00,May,false,,
2d727d28-d5d1-4521-9136-31a21cd59378,fvpvaSShqRtvaKN2lnC3cg_060_box0.jpg,CARRICKFERGUS,Fraternal,Building-mounted,Orange Order,3,2025-08-06 22:56:34.744751+00,May,false,,
2d779472-3610-4f67-a7ee-3ebecd7290f5,uKXG0aRpU7xcoULUWVIolQ_120_box0.jpg,LISBURN_CITY,National,Lamppost-mounted,Union Jack,5,2025-08-15 00:33:43.020489+00,May,false,,
2d8eba61-340b-480b-94a9-487e66df8a2b,jRKztm13wJWQQ5MEmDHodQ_060_box0.jpg,LARNE,National,Building-mounted,Union Jack,5,2025-08-28 20:22:18.567552+00,May,false,,
2d93c572-7a1b-4d44-9569-c4fe518ce87e,aeHtdMUKaFrfD0N2n_eZhQ_240_box0.jpg,METROPOLITAN_NEWTOWNABBEY,National,Building-mounted,Union Jack,5,2025-08-14 10:51:49.869845+00,Pat,false,,
2dc21d78-dbc3-4920-8fbc-b4ec35d162a9,hgzi1iqKrM60cZphuPgRzQ_060_box0.jpg,CRAIGAVON,Review,,,,2025-08-14 11:12:42.983832+00,Pat,true,Complex case,
2dd49c10-32c8-4cb2-9599-c99edcf818e2,KFB3LdHxJg7Pc4IJCG5TQQ_060_box0.jpg,PORTSTEWART,International,Pole-mounted (in ground),Other International,5,2025-08-17 15:51:35.778258+00,May,false,,
2df0f198-14fc-4a10-8e0b-23418fced3da,7ADZzSE8_5KDXmovqQzkqA_060_box0.jpg,BELFAST_CITY,Historical,Building-mounted,Regimental Colors,5,2025-08-28 20:21:01.65891+00,May,false,,
2e02afae-4dd0-44fc-9bf0-c3950dd6839c,cq7s4IJ5fYD8quVrl7PtiQ_240_box0.jpg,WARRENPOINT,Sport,Lamppost-mounted,Supporters Club,5,2025-08-28 20:09:43.003157+00,May,false,,
2e13da3e-397a-40ea-86b6-3c8ebff7816b,KMBeU-o2MmI3yAlX8imRig_120_box0.jpg,CRAIGAVON,National,Lamppost-mounted,Union Jack,5,2025-08-14 13:29:39.453812+00,Pat,false,,
2e3d56c9-6ad7-4cd0-be0a-b979d8467911,YKu5Kh1uqnHv33s3-8AX1A_180_box0.jpg,METROPOLITAN_NEWTOWNABBEY,Review,,,,2025-08-14 09:52:42.269694+00,Pat,true,Complex case,
2e482cee-5dce-4c19-9a1a-6ff458481dcb,jC9xZsuZeMIU8bwO9E9z2g_000_box0.jpg,BELFAST_CITY,National,Building-mounted,Union Jack,5,2025-08-17 15:40:41.207666+00,May,false,,
2e7cdda9-e90a-4010-83cf-42c614c32e91,sn3Z7tVpC3JUaR3PoexnjA_060_box0.jpg,CARRICKFERGUS,National,Building-mounted,Union Jack,5,2025-08-14 10:50:48.097988+00,Pat,false,,
2e7d02af-fe40-4c64-99e0-e8f4bceacd71,KMLb2n1dHYuOzbJqRyDC1w_300_box0.jpg,BELFAST_CITY,National,Building-mounted,Union Jack,5,2025-08-14 12:54:06.660913+00,Pat,false,,
2eb58b7f-deee-43db-88e2-1a19f29837ed,1sUg69Y3dG7AtA6QEhJxWg_180_box0.jpg,BELFAST_CITY,Fraternal,Building-mounted,Apprentice Boys,5,2025-08-17 18:22:25.237145+00,May,false,,
2eb7b99b-58c6-4a61-8dad-d340d4b8204a,TJmezl6Rw7wSAC1K7agXNg_240_box0.jpg,CRAIGAVON,National,Lamppost-mounted,Union Jack,5,2025-08-28 20:06:16.375416+00,May,false,,
2eb83146-6947-4b41-ad23-44eddfd3a71f,h95QgQD__XAZ0r8pGlIYBQ_180_box0.jpg,METROPOLITAN_NEWTOWNABBEY,National,Lamppost-mounted,Union Jack,5,2025-08-09 11:51:16.562036+00,Byron,false,,
2eb9f4d8-a0ae-475a-a181-1a51128754fb,ppjIIpZHsnwhmR3aIC6tTw_000_box0.jpg,CRAIGAVON,National,Building-mounted,Ulster Banner,5,2025-08-13 16:27:00.931245+00,Pat,false,,
2ed839f2-adb0-443f-be38-3aebddae4ffa,N-C7XMKYloZezy_sqWLVpQ_000_box0.jpg,BANGOR,Review,,,,2025-08-08 09:08:01.088988+00,May,true,Unclear image,
2ed92b0f-6d96-4300-9e52-3983bac0d535,vSnlwGWW2__JVP5U6reFtg_240_box0.jpg,METROPOLITAN_NEWTOWNABBEY,National,Building-mounted,Union Jack,5,2025-08-12 15:56:49.750182+00,Pat,false,,
2edd1ebf-7244-4d03-8cee-f4f10c12dd1a,cEuABi5TInnFVwHsrNAdfA_300_box0.jpg,METROPOLITAN_CASTLEREAGH,Review,,,,2025-08-12 15:55:41.949219+00,Pat,true,Complex case,
2ee06871-5745-4df5-8896-b6adc0b770fd,u0fzEruiClFTtOInoda2tg_300_box0.jpg,BALLYNAHINCH,National,Pole-mounted (in ground),Union Jack,5,2025-08-15 20:51:47.715717+00,May,false,,
2ef2dffa-6ff0-49d6-9526-ad6767e912fb,_k_hNn0aN4AWpUn-q_HWfg_120_box0.jpg,METROPOLITAN_LISBURN,National,Building-mounted,Irish Tricolor,5,2025-08-29 08:48:51.478121+00,May,false,,
2f02d337-02c1-43f1-825a-96f8f7b02961,Dx18XtZwfxEEb9Bp4UX_fg_300_box0.jpg,BELFAST_CITY,National,Pole-mounted (in ground),Union Jack,5,2025-08-14 12:51:36.014854+00,Pat,false,,
2f14bb8d-3607-4445-b280-3721c99b15f3,wg_ytb3OasPleL3e5ezZEw_240_box0.jpg,COOKSTOWN,National,Lamppost-mounted,Union Jack,5,2025-08-14 12:43:00.682614+00,Pat,false,,
2f290eee-f39e-49dd-9443-2272d1be001d,AGAmZSbP1iApWN5J5fCjzw_120_box0.jpg,BANGOR,Review,,,,2025-08-08 09:04:33.486988+00,May,true,Unclear image,
2f294dc5-9f4e-4539-a421-1bc8192d08ab,7K8JS4W8pNQF2EXfdtZDVg_240_box0.jpg,LIMAVADY,National,Building-mounted,Scottish Saltire,2,2025-08-07 08:53:29.945326+00,May,false,,
2f2ef9ec-7c41-49c5-a2e1-24368ae66d68,sOcgwjexTu0wtYOqM8pDyw_180_box0.jpg,METROPOLITAN_NEWTOWNABBEY,National,Lamppost-mounted,Union Jack,5,2025-08-09 11:50:02.678109+00,Byron,false,,
2f38bb10-2cca-414c-b500-b51d0b3ccab0,vvSMoPsIfwxWgjempr-K9w_300_box0.jpg,BELFAST_CITY,National,Building-mounted,Ulster Banner,5,2025-08-11 18:15:56.909064+00,Pat,false,,
2f56422c-ece0-49ce-b399-88bdc775b7c9,KBWxitkEYZKU_19F43Ww9w_000_box0.jpg,BELFAST_CITY,National,Lamppost-mounted,Union Jack,5,2025-08-14 13:16:20.000695+00,Pat,false,,
2fd4faf6-f681-47ab-8d53-0144dec1e3d0,cqbN1vRTfgUP4ZIWO3EE6w_120_box0.jpg,BELFAST_CITY,Review,,,,2025-08-12 15:56:09.975574+00,Pat,true,Complex case,
2fead3f1-1b73-40b3-a93d-d854da91b47a,w_ct0rdHw-zjDLQlbLOUHQ_300_box0.jpg,BELFAST_CITY,Review,,,,2025-08-14 12:23:35.878578+00,Pat,true,Other,
2feb434a-32f7-4424-aef3-74b75cb183d6,Pla3QGX9XpgxNggJxtNgEQ_240_box0.jpg,BALLYCLARE,National,Building-mounted,Union Jack,5,2025-08-22 22:02:38.90224+00,May,false,,
2feba939-ff8f-42ae-aba6-3808e5c48381,qNeJC2PdXZ4H22EHcxj-MQ_060_box0.jpg,NEWRY,Review,,,,2025-08-07 09:06:30.305289+00,May,true,Unclear image,
3014ae51-6bf4-45bf-affb-40df2eb86460,N9D6-mVDLdlSih3wyq24Lw_060_box0.jpg,ARMAGH,National,Lamppost-mounted,Union Jack,5,2025-08-28 20:53:58.421717+00,May,false,,
3014e250-c6b6-43be-b083-b2e7e8775310,oJgZtBxK1aVfsHw3N8Ukqg_240_box0.jpg,BELFAST_CITY,National,Building-mounted,Ulster Banner,5,2025-08-13 16:34:46.721325+00,Pat,false,,
302f712e-0f6e-4748-b90f-b59641b2d24e,CJRNWorBEfMd4RkIAP8QPQ_300_box0.jpg,NEWRY,National,Lamppost-mounted,Irish Tricolor,5,2025-08-07 09:10:40.577265+00,May,false,,
3040e8fe-8cda-40b1-8cca-e6da7a703102,Fepaji6UqRh2p9WpJiGGPA_120_box0.jpg,METROPOLITAN_NEWTOWNABBEY,Proscribed,Pole-mounted (in ground),Other Proscribed,5,2025-08-17 16:56:36.042866+00,May,false,,
30773299-a7f7-4663-9455-c431cf7bb190,IHuR_zjPV4AddKYg4jMXpQ_060_box0.jpg,NEWTOWNARDS,National,Lamppost-mounted,Union Jack,5,2025-08-28 20:10:23.834911+00,May,false,,
30a746d2-73ac-4fc3-99bb-b4e607d00bdf,DZlpz5N_A9gObKDjn8mR_Q_180_box0.jpg,BELFAST_CITY,National,Lamppost-mounted,Union Jack,5,2025-08-14 10:25:24.241847+00,Pat,false,,
30c9ebc5-7d53-4429-81d5-2069e22ef4f9,FdFnPhotn-Q-ET8y8MiWbQ_240_box0.jpg,METROPOLITAN_NEWTOWNABBEY,National,Lamppost-mounted,Ulster Banner,5,2025-08-09 11:51:45.431312+00,Byron,false,,
30d86662-f2f6-4283-b50b-88dd471e7473,5MynCdhkqyBDoq5E85hSjg_120_box0.jpg,LARNE,National,Lamppost-mounted,Ulster Banner,5,2025-08-13 21:59:10.218959+00,May,false,,
30dbee0f-d0ee-4c97-b0a2-5f6c11adbf9c,3Eb4cEw-8xSNSmnxEDRl9g_300_box0.jpg,METROPOLITAN_NEWTOWNABBEY,National,Lamppost-mounted,Union Jack,5,2025-08-14 09:46:50.553961+00,Pat,false,,
30f6aaf9-0fe1-4a05-9f45-f8d98f557a4a,X-Ol4E5VYSY8sIF1xxoaTg_060_box0.jpg,BANGOR,National,Lamppost-mounted,Union Jack,5,2025-08-09 11:45:16.03743+00,Byron,false,,
31017b49-8e40-4e75-8202-d6ec340223a4,xfCljhxuuFhocFrKQ_sdkA_300_box0.jpg,COOKSTOWN,National,Lamppost-mounted,Union Jack,5,2025-08-22 22:15:18.327525+00,May,false,,
3102eee4-10b0-4128-ab9d-fe9f006c9e68,6y1WNausxfKNCnV9o078YQ_240_box0.jpg,LARNE,National,Lamppost-mounted,Union Jack,5,2025-08-14 13:26:39.274462+00,Pat,false,,
311e3a44-96db-44a3-b36a-7928c15c6f53,4Jy2GI5-Tq-88gytPoa1ag_000_box0.jpg,CARRICKFERGUS,National,Lamppost-mounted,Union Jack,5,2025-08-14 12:37:45.932278+00,Pat,false,,
3120a771-c2df-4784-8ca0-7f6ca91db0de,V7qHHLutxFF9tTSQed3kLQ_180_box0.jpg,CARRICKFERGUS,National,Building-mounted,Union Jack,5,2025-08-12 16:02:09.363365+00,Pat,false,,
31303a50-cf14-4705-8b91-929c7e17d6a3,njig9PNUn24SIRk6rJTGSw_120_box0.jpg,LARNE,National,Lamppost-mounted,Ulster Banner,5,2025-08-14 13:00:07.846445+00,Pat,false,,
313e0168-32f7-43f8-bb92-76d878a5c043,l2PJn0B6Y8H8j8VRcaDVIQ_000_box0.jpg,BELFAST_CITY,National,Building-mounted,Ulster Banner,5,2025-08-17 16:47:57.999127+00,May,false,,
3146517e-44d9-4890-b68b-cb5dbc1852ac,Q1SIsny1btVIC76da1Q_Ag_180_box0.jpg,METROPOLITAN_NEWTOWNABBEY,National,Building-mounted,Union Jack,5,2025-08-15 00:28:22.795548+00,May,false,,
3160c37a-a538-46ae-950e-5c4d73c41754,jRKztm13wJWQQ5MEmDHodQ_060_box0.jpg,LARNE,National,Building-mounted,Union Jack,5,2025-08-14 12:40:32.597908+00,Pat,false,,
31672813-a972-4fef-86df-c2862185d03e,nes5lhkw_EHkw0dFQ9tfQQ_180_box0.jpg,BELFAST_CITY,National,Pole-mounted (in ground),Ulster Banner,5,2025-08-17 16:20:00.35814+00,May,false,,
31678e15-e063-4dd4-8271-dcfb601fa70a,lu_yYSc1FI1d_elXTOJNBw_300_box0.jpg,NEWRY,National,Pole-mounted (in ground),Irish Tricolor,2,2025-08-07 09:07:34.109742+00,May,false,,
317344d6-5b43-47ae-a397-556a734c4653,3c7Z3M_IKmWUP2tp88idGg_000_box0.jpg,BELFAST_CITY,National,Pole-mounted (in ground),Union Jack,5,2025-08-11 18:25:27.022817+00,Pat,false,,
31a09c3a-7956-452d-9fbd-b320cb6b491b,-GRzfmYlqPhjHBs6cCOrXA_300_box0.jpg,NEWRY,National,Lamppost-mounted,Irish Tricolor,5,2025-08-07 08:59:58.111017+00,May,false,,
31a17d0d-b5f1-48c7-8ace-4c4f0499d432,y3anQqjSuuChF8c_Y2e8sA_120_box0.jpg,METROPOLITAN_NEWTOWNABBEY,National,Pole-mounted (in ground),Irish Tricolor,5,2025-08-29 08:53:45.711996+00,May,false,,
31a5a624-6244-4a7f-b6bb-1394f31ed9ad,YJt3mPh9KKpc10X7DL9ekg_180_box0.jpg,BELFAST_CITY,National,Lamppost-mounted,Union Jack,5,2025-08-14 12:38:15.627639+00,Pat,false,,
31ba7045-c228-4e9a-9b4c-f40587bdf7cb,RbAe3P-nTOMOn-DgzsiYmQ_000_box0.jpg,METROPOLITAN_LISBURN,National,Lamppost-mounted,Union Jack,5,2025-08-14 10:37:59.097439+00,Pat,false,,
31be66b9-b631-4293-bcfd-070e431ee881,XJB-72fquvf_AHphoJ8bIw_240_box0.jpg,LISBURN_CITY,National,Building-mounted,Union Jack,5,2025-08-22 22:07:21.302815+00,May,false,,
31ca111a-d773-4f7e-a22f-48ebcb787d11,JHLohPby8RgEbIaTLw59cg_180_box0.jpg,HOLYWOOD,Review,,,,2025-08-17 17:07:20.650266+00,May,true,Unclear image,
31cf335e-43e6-469f-9120-e9da8db47459,svMEVZYGDPW_hXj8ALLbbA_300_box0.jpg,NEWRY,National,Lamppost-mounted,Irish Tricolor,4,2025-08-07 09:07:48.04672+00,May,false,,
31e367e7-57ff-4c0e-a2f1-d752e70bc337,U14cFp7DkMLcwRyFk7EMaQ_300_box0.jpg,LISBURN_CITY,National,Lamppost-mounted,Union Jack,5,2025-08-14 10:20:39.524651+00,Pat,false,,
31f1aa26-c198-4a77-86ff-0b606da35b53,bkB0qh0QjVaVNzmbcFiPog_120_box0.jpg,BELFAST_CITY,National,Pole-mounted (in ground),Union Jack,5,2025-08-12 16:17:29.282445+00,Pat,false,,
320ec51f-b56e-4bc8-b528-92934843a46c,qUgR04czUp0vI5nzaWu1fg_120_box0.jpg,BELFAST_CITY,National,Lamppost-mounted,Ulster Banner,5,2025-08-14 10:08:09.978458+00,Pat,false,,
321be7e7-a592-4ed6-b81a-64568966f961,_hKhTxebhg7b3STXXOMuKw_000_box0.jpg,LISBURN_CITY,National,Building-mounted,Union Jack,5,2025-08-13 08:22:59.641879+00,Pat,false,,
32230d3d-1219-40ee-8d1d-8c135aa7977b,Szw4fLAbINGCvVBLs8vhwA_180_box0.jpg,STRABANE,Review,,,,2025-08-17 14:41:01.312788+00,May,true,Not a flag,
3238c3ad-d4e3-42ea-b716-7ca79125c971,LWAa59yHVpJbmBacumm_Mg_300_box0.jpg,OMAGH_TOWN,National,Lamppost-mounted,Union Jack,5,2025-08-12 15:52:36.698292+00,Pat,false,,
323ce080-5418-4f1a-b1a3-03459798b295,pztT2VO_zwHtzPFJvYLFPg_180_box0.jpg,BALLYCLARE,National,Building-mounted,Union Jack,5,2025-08-22 22:15:50.61565+00,May,false,,
3253fcd3-2714-4cf6-b23c-df0fa823d5ee,ctuCJyB25iDY3p21ktH0nQ_120_box0.jpg,CRAIGAVON,National,Lamppost-mounted,Union Jack,5,2025-08-13 22:28:09.594361+00,May,false,,
32632517-381f-4eb7-a987-d93ce4b2d786,NNzRIawWoSvJCb-9Fbezbg_240_box0.jpg,BELFAST_CITY,National,Lamppost-mounted,Ulster Banner,5,2025-08-14 10:35:12.481951+00,Pat,false,,
3265b501-fb67-41c1-9cd7-5a406da8dbc5,FHfIBwGPOZc4y9FvGV3eMw_300_box0.jpg,BALLYCLARE,National,Building-mounted,Union Jack,5,2025-08-13 22:36:41.740894+00,May,false,,
3265b58c-272e-4082-a3c5-599fbf72ed20,pCgazH9EAGlEqM3K6lxXhQ_000_box0.jpg,BELFAST_CITY,National,Building-mounted,Union Jack,5,2025-08-28 20:53:32.246827+00,May,false,,
326be37b-8522-4fb4-b1d0-613888d5166a,1Ne3dgawOyGsuKGWnUcapg_000_box0.jpg,ANTRIM,National,Building-mounted,Union Jack,5,2025-08-14 09:25:42.079449+00,Pat,false,,
3277139e-eda4-47f1-940c-1f5bb0a7700f,Pbdkh5qIiVBKlss7CpMA8g_060_box0.jpg,LIMAVADY,National,Lamppost-mounted,Ulster Banner,5,2025-08-07 20:07:40.997419+00,Byron,false,,
3283d722-1e6c-4b45-a88b-0543fb2f12f2,MgdlC3ADkXRlsOzn57aqEg_000_box0.jpg,BELFAST_CITY,National,Building-mounted,Union Jack,5,2025-08-14 12:25:55.47902+00,Pat,false,,
328477ba-0d51-4060-8154-91ce9619ab32,3ilRUTyMnqGaE8waS3ipmQ_300_box0.jpg,BELFAST_CITY,National,Building-mounted,Ulster Banner,5,2025-08-12 15:15:31.292483+00,Pat,false,,
32a4a09c-d5cd-41ab-8a0d-3eb1ed466ef4,1TszdCIzR4nJbzT6ktKj0w_120_box0.jpg,METROPOLITAN_CASTLEREAGH,National,Lamppost-mounted,Ulster Banner,5,2025-08-13 22:13:57.246274+00,May,false,,
32a51525-7c5d-4a21-870e-04dcee3b4b37,4hefVZhgtPGiaTFfOCnCJQ_240_box0.jpg,LISBURN_CITY,National,Lamppost-mounted,Union Jack,5,2025-08-12 15:45:21.148467+00,Pat,false,,
32a66964-d77a-4c6a-aab7-70ecb9a0d559,B4AA_tbS1EgQDE4YaF3wVw_180_box0.jpg,ANTRIM,National,Building-mounted,Union Jack,5,2025-08-13 22:55:22.373558+00,May,false,,
32aefda7-a98c-4ffc-89ab-55f0a1e99485,Ls2MSclvTv93kxn8dpLypA_000_box0.jpg,BELFAST_CITY,Proscribed,Building-mounted,UFF,5,2025-08-28 20:50:13.065114+00,May,false,,
32ba4025-d8c5-49c9-8a86-648ab409a916,MjvUYAKHtOTZ5gwFXQL4eQ_300_box0.jpg,METROPOLITAN_NEWTOWNABBEY,National,Lamppost-mounted,Ulster Banner,5,2025-08-28 20:46:50.138887+00,May,false,,
32c5476c-d2c4-4472-935a-35b46d500baa,-oMxxSB9I-_LBRggjh8UsA_120_box0.jpg,BELFAST_CITY,National,Building-mounted,Union Jack,5,2025-08-14 13:26:07.46902+00,Pat,false,,
32c74a37-9aa7-4803-b185-245574acc868,D2C2dBWvzFHS5-EobSruXw_300_box0.jpg,NEWRY,Review,,,,2025-08-07 09:11:06.518355+00,May,true,Unclear image,
32ce23e8-a6eb-4011-881b-52cfea02a673,PZLbNIK38bOmw76TDhTLFw_180_box0.jpg,LIMAVADY,National,Lamppost-mounted,Union Jack,3,2025-08-07 20:09:15.049166+00,Byron,false,,
32f12964-224a-44f8-ae1e-943f245e23a8,dcczb5YbHyOa3DzZrr7EYg_120_box0.jpg,LISBURN_CITY,National,Lamppost-mounted,Union Jack,5,2025-08-14 13:36:14.353563+00,Pat,false,,
32f59c05-3f19-4af8-9ba6-4f95a743ae25,_3_4zFRP_jsBkrATlV9lxw_000_box0.jpg,LARNE,National,Lamppost-mounted,Union Jack,5,2025-08-28 20:49:53.903548+00,May,false,,
3308884d-39b8-4d24-a7ba-33dc3c8ee318,T5H9DzyVxBktxQsjJMepPA_120_box0.jpg,BELFAST_CITY,National,Building-mounted,Ulster Banner,5,2025-08-12 16:17:52.371819+00,Pat,false,,
3311acbe-08cb-4fd9-9aa8-ec2fb143188c,JpIYR7XPgcQfYChi7pmwQQ_300_box0.jpg,COLERAINE,Fraternal,Lamppost-mounted,Orange Order,5,2025-08-14 14:05:25.723006+00,Pat,false,,
3311b57c-181d-4cdb-a08b-40dcbfb93f77,BHyDqdPeylJOa6QZCLBC0A_180_box0.jpg,LISBURN_CITY,National,Building-mounted,Union Jack,5,2025-08-17 17:06:55.444406+00,May,false,,
3315f807-2fbc-4625-b59d-bfcb30b32728,yoE4ei1C0ZH-TPhvf9ucqA_060_box0.jpg,BANGOR,National,Lamppost-mounted,Union Jack,5,2025-08-07 09:13:47.976957+00,May,false,,
331bd035-2a21-451f-9198-5153ecf7f606,hZ1Tx7_LwIHhZTzXT8b4SA_300_box0.jpg,BELFAST_CITY,National,Pole-mounted (in ground),Union Jack,5,2025-08-28 19:53:32.759263+00,May,false,,
3324145f-ffba-408a-a7d6-11bdd721631b,YM9ubdC_89NQeqT84IhRbQ_300_box0.jpg,LISBURN_CITY,National,Building-mounted,Union Jack,5,2025-08-14 14:13:53.31432+00,Pat,false,,
3335379a-9aa6-4d75-989f-32cd0e13833e,noZymIrRNUdSgWUCconaXA_000_box0.jpg,METROPOLITAN_NEWTOWNABBEY,National,Lamppost-mounted,Union Jack,5,2025-08-17 17:05:36.507914+00,May,false,,
333e3e0b-7759-4c6e-98aa-8c66c012dc91,JHLohPby8RgEbIaTLw59cg_180_box0.jpg,HOLYWOOD,Review,,,,2025-08-14 09:53:52.779349+00,Pat,true,Unclear image,
33405d79-1767-484c-b500-f18ddc34cdfc,nWBabJOrSyTM5TuxFsNH3Q_240_box0.jpg,BELFAST_CITY,National,Pole-mounted (in ground),Union Jack,5,2025-08-13 22:39:07.538531+00,May,false,,
33527e9a-7fc7-4ed1-ad16-74be8af7377c,BGJCRY1iDy_w4AD1uWVwUw_180_box0.jpg,DUNGANNON,Sport,Pole-mounted (in ground),GAA,5,2025-08-13 08:38:36.978976+00,Pat,false,,
335c203a-2cf4-4484-be5a-7eae9ffeaa6d,hKNWLf9HarU0x8KhQ-JOww_240_box0.jpg,ANTRIM,Fraternal,Building-mounted,Orange Order,5,2025-08-17 16:55:08.20279+00,May,false,,
337775b2-8c27-49e7-9213-2b9fd5fc4196,1abaIv-p3CAB27jRUWIZqg_000_box0.jpg,BALLYMENA,National,Building-mounted,Union Jack,5,2025-08-17 15:41:05.230852+00,May,false,,
337e1b24-addd-45d7-a05e-6d7bb92b9425,2AoL-NKLhloyemzeT4qVNg_180_box0.jpg,BELFAST_CITY,National,Lamppost-mounted,Ulster Banner,5,2025-08-14 14:08:35.464514+00,Pat,false,,
338dc3ae-3e3d-49a0-8626-483a42ed3d4d,0s2aiszIrxw5ut4Txqb5KA_300_box0.jpg,LIMAVADY,National,Pole-mounted (in ground),Union Jack,5,2025-08-22 22:06:50.888185+00,May,false,,
33992569-30cb-4fd4-aaa7-d45bdb995cd2,rBRdP7fq_qHvruUs7SbHiQ_060_box0.jpg,BELFAST_CITY,National,Building-mounted,Ulster Banner,5,2025-08-29 08:51:22.045426+00,May,false,,
339fb5e2-64af-4168-bac3-a19281e1fb25,uHzL7J6A_u2qM2kK6UQSJw_000_box0.jpg,BELFAST_CITY,National,Lamppost-mounted,Ulster Banner,5,2025-08-14 09:31:59.044439+00,Pat,false,,
33b7563c-0b2d-402e-ad81-e5d914f6601f,k8COcn8GV-u4eUdUQYFYlg_000_box0.jpg,LARNE,National,Building-mounted,Union Jack,5,2025-08-13 08:37:16.971724+00,Pat,false,,
33d52f57-e909-494c-bd53-6687d37e6ce0,mXzKn6b9AyKd8PiWDWrJrA_180_box0.jpg,MAGHERA,Proscribed,Lamppost-mounted,Other Proscribed,5,2025-08-17 14:25:32.745476+00,May,false,,
33e0809b-6451-4697-9aa2-abc0336dee51,kp1r3ierasjqZgvp3ayETA_060_box0.jpg,METROPOLITAN_CASTLEREAGH,Military,Building-mounted,Historical Units,5,2025-08-28 20:40:55.855532+00,May,false,,
33e63f2a-035c-4ff7-8a7b-a9d166dacdf9,fazLY6zYcm7gRFhUYWQXLw_120_box0.jpg,BELFAST_CITY,National,Lamppost-mounted,Union Jack,5,2025-08-17 15:35:53.9376+00,May,false,,
34090f8b-0956-4d73-9736-6c355fcc2a3b,kNRHg9OfBZi2speG2g4vlA_060_box0.jpg,LARNE,National,Pole-mounted (in ground),Union Jack,5,2025-08-14 13:46:23.066663+00,May,false,,
341bf294-3686-4d0c-a65f-7eb77f33198b,szZqonjGMWVwnZ_rrtEypA_000_box0.jpg,BELFAST_CITY,National,Lamppost-mounted,Ulster Banner,5,2025-08-14 09:54:03.064207+00,Pat,false,,
3435d10a-5df0-425e-9a7b-c54205ae9b85,kItiy8uCndjyokDuwTewwg_180_box0.jpg,LISBURN_CITY,National,Lamppost-mounted,Union Jack,5,2025-08-12 16:17:13.271139+00,Pat,false,,
3443b8c0-b5d3-456d-b61e-e73c2209ce24,AGsMOdlhxycnJV4Zgp-jmA_120_box0.jpg,BELFAST_CITY,National,Building-mounted,Union Jack,5,2025-08-14 10:18:06.297212+00,Pat,false,,
345d59a4-19ab-4afe-9b88-f8b3c842d5f2,r7G59qFpOsHcJn00Io4QSA_120_box0.jpg,CARRICKFERGUS,National,Building-mounted,Union Jack,5,2025-08-13 08:38:45.305539+00,Pat,false,,
34649422-9cc3-4c2c-8ef4-69cab4290d27,UtBALFlwLG0uMNCyiznP4g_180_box0.jpg,METROPOLITAN_LISBURN,National,Building-mounted,Union Jack,5,2025-08-15 00:40:14.047428+00,May,false,,
34655933-5543-4460-8c26-e0dab108c42b,ESdW6qa2dBL0HwP6NyMdcg_120_box0.jpg,DUNGANNON,National,Pole-mounted (in ground),Union Jack,5,2025-08-14 13:04:05.878771+00,Pat,false,,
34b4582f-c5ba-4a70-a2a5-575c59b609be,QPG2F1mSzjy39bfENomu5g_060_box0.jpg,METROPOLITAN_NEWTOWNABBEY,National,Building-mounted,Union Jack,5,2025-08-22 22:14:25.196375+00,May,false,,
34ba2624-eea4-4f01-96bf-921f6f92dd99,HeEca0rtijhnQIPip3BZuw_000_box0.jpg,BELFAST_CITY,National,Building-mounted,Irish Tricolor,5,2025-08-17 14:27:51.293535+00,May,false,,
34cc454d-0d78-43d7-8ebb-01da3d9e4b85,MN9DS3gDhirxdcdCOjc1Nw_300_box0.jpg,BELFAST_CITY,National,Lamppost-mounted,Ulster Banner,5,2025-08-28 20:09:19.81812+00,May,false,,
34dc73e8-5ccb-49cc-8d9d-626ef3ebf306,TEZezrDtaJIpCLMqzfEtPg_120_box0.jpg,METROPOLITAN_CASTLEREAGH,Proscribed,Lamppost-mounted,YCV,5,2025-08-13 22:12:29.209144+00,May,false,,
34e38460-4830-4447-a787-2a1deaf70b3a,Ey810ChOHrEq2pr-vjJgLw_300_box0.jpg,BANGOR,National,Lamppost-mounted,Union Jack,4,2025-08-09 11:45:50.015151+00,Byron,false,,
34f4ba33-6c5c-4052-bce7-0edf6af068ac,vTCUbbojeey38xPIYmWADQ_000_box0.jpg,DONAGHADEE,National,Pole-mounted (in ground),Union Jack,5,2025-08-14 13:11:35.38326+00,Pat,false,,
35088663-7f46-4f01-a4be-c98939be7773,-PXkg1Lz11k5YQKZjLYHiA_180_box0.jpg,CRAIGAVON,National,Lamppost-mounted,Union Jack,5,2025-08-14 10:14:21.539888+00,Pat,false,,
351018e9-3022-4eef-948c-efc56e251e85,7HN88L259wTuM6xQ_ER_ag_120_box0.jpg,BALLYNAHINCH,National,Pole-mounted (in ground),Union Jack,5,2025-08-12 15:48:11.920593+00,Pat,false,,
351dc293-c6d5-4c60-b169-0691d7cc0469,VWld53DILbXF5tV1uvcrtg_060_box0.jpg,MAGHERAFELT,National,Building-mounted,Union Jack,5,2025-08-13 22:42:53.754171+00,May,false,,
35256fd5-5d95-4627-ad32-c989a4176b15,9amvWZdHg_bF2Xq1Em1hVg_060_box0.jpg,BELFAST_CITY,National,Pole-mounted (in ground),Union Jack,5,2025-08-13 16:21:48.544126+00,Pat,false,,
3554ad2c-d2eb-44d5-bd9d-b3be5c66451d,9QQxKrfdUo6_-2RzzN_T2g_180_box0.jpg,LISBURN_CITY,National,Building-mounted,Union Jack,5,2025-08-14 09:37:23.978557+00,Pat,false,,
355a4d22-13e3-40b6-a958-dfef7f78110e,cdmANraItP1GQ8NF2LUnjQ_000_box0.jpg,METROPOLITAN_NEWTOWNABBEY,National,Building-mounted,Ulster Banner,5,2025-08-17 15:43:41.668862+00,May,false,,
355accdb-98cb-4134-b1c3-1792d309db1a,2AsTNQ9OmJh4E62wUD_0CA_060_box0.jpg,METROPOLITAN_NEWTOWNABBEY,National,Lamppost-mounted,Ulster Banner,5,2025-08-29 08:36:49.358955+00,May,false,,
359322d1-1e4c-40b8-b380-a5247649cbac,Ca5z5Sor7pTiNnlpXiu1iA_120_box0.jpg,COLERAINE,National,Building-mounted,Ulster Banner,5,2025-08-14 10:17:43.534299+00,Pat,false,,
35abfacb-12d3-43a3-8943-05669cf7292e,-z_-LGPo29ZoVcW0sPBKDg_120_box0.jpg,METROPOLITAN_NEWTOWNABBEY,National,Building-mounted,Union Jack,5,2025-08-17 18:24:43.631571+00,May,false,,
35c74991-8119-451a-ba72-3ac8f7e28367,GHCDOSh-mby7XEZkPOjIhQ_120_box0.jpg,METROPOLITAN_LISBURN,National,Lamppost-mounted,Union Jack,5,2025-08-28 20:21:19.781897+00,May,false,,
35ea98c6-fb22-4cd7-98f8-5afe8292cacb,LMpKHPskZgHsWzLl7gWmuw_180_box0.jpg,NEWTOWNARDS,National,Lamppost-mounted,Union Jack,5,2025-08-13 08:43:12.915149+00,Pat,false,,
3604c9a9-2517-4ff2-a046-44f254907466,CRQv8AInG4OiZ5gmMCZfTw_060_box0.jpg,METROPOLITAN_NEWTOWNABBEY,National,Pole-mounted (in ground),Union Jack,5,2025-08-29 08:26:17.890868+00,May,false,,
360ff0dd-8f0e-4260-a7d1-6920a4b36501,_3nV9exEb_yGItyW47u4Pw_300_box0.jpg,CARRICKFERGUS,National,Lamppost-mounted,Union Jack,5,2025-08-14 12:41:04.547386+00,Pat,false,,
36161172-2ef9-4562-bab6-f488e0916a98,O0zpbonBXzNTuqx-q48_1w_000_box0.jpg,METROPOLITAN_LISBURN,National,Building-mounted,Irish Tricolor,5,2025-08-14 10:11:21.647184+00,Pat,false,,
3616422f-0438-417b-b8cc-5f8f63b13d80,_-zyQpqRSPmY5QI8q3DY6A_000_box0.jpg,BANGOR,National,Lamppost-mounted,Union Jack,5,2025-08-07 20:00:01.659204+00,May,false,,
3619edf1-34ac-4726-8b7d-acbfe00340d5,VNVSKvDCq_9HOqAd9DcxxQ_300_box0.jpg,METROPOLITAN_LISBURN,National,Lamppost-mounted,Union Jack,5,2025-08-14 12:36:50.658835+00,Pat,false,,
36288584-9dcf-47cd-9b0d-f871eca6d45e,zXfjyWILbFBMWhaAORayEg_300_box0.jpg,CRAIGAVON,National,Lamppost-mounted,Union Jack,5,2025-08-12 15:59:27.60551+00,Pat,false,,
362cb82a-027d-4ba3-a4e4-ec7a38f45ea9,LNw-Byi1IM4ePwqUenB3FA_180_box0.jpg,BANGOR,National,Lamppost-mounted,Ulster Banner,5,2025-08-09 11:38:33.271074+00,Byron,false,,
362e7d01-085a-4d31-88da-a2916893756e,9ST3_WtB5r551a6iykeG_g_120_box0.jpg,CARRICKFERGUS,National,Building-mounted,Ulster Banner,5,2025-08-29 08:32:26.975121+00,May,false,,
362f30e3-5249-490c-9aaa-0d770a4baae7,tKSIrxyTojbUNu-FGuvPGA_180_box0.jpg,BELFAST_CITY,National,Lamppost-mounted,Union Jack,5,2025-08-29 08:16:26.875176+00,May,false,,
363b8e0d-b1e8-48ac-a440-07f639db6959,9SDQ193Mczg00woNiyDPaA_180_box0.jpg,LARNE,National,Building-mounted,Union Jack,5,2025-08-17 16:52:17.92245+00,May,false,,
3649b0f3-4627-4b06-a312-ac48bfe8cbda,ZqE6XB7TwgS2DNlvVFGVNQ_000_box0.jpg,BELFAST_CITY,Review,,,,2025-08-12 15:11:22.945179+00,Pat,true,Other,
36589381-3c2d-49b6-9a46-164c06e95732,tQ7fmRJYWpRJpGYRJicFyw_120_box0.jpg,CARRICKFERGUS,National,Building-mounted,Union Jack,5,2025-08-14 09:28:00.952401+00,Pat,false,,
36836bd4-f8b6-4901-898f-1d273e7b15e2,ICYJX_9IJC2hYw3eeKsW6g_180_box0.jpg,BANGOR,Review,,,,2025-08-08 09:03:36.216485+00,May,true,Unclear image,
368f14aa-8967-4efc-84ac-1e3585c8ab6b,wnNa4jRDqEUaVtWXao003w_120_box0.jpg,CARRICKFERGUS,National,Building-mounted,Ulster Banner,5,2025-08-06 22:51:30.461923+00,May,false,,
36a83b93-3b80-4f23-b778-963e8930e6fe,HZXlBAR9dtYDoC3j8IP4BA_000_box0.jpg,LIMAVADY,National,Lamppost-mounted,Ulster Banner,5,2025-08-06 23:05:51.604977+00,May,false,,
36bbd3cf-e1e8-44e7-a37d-6e8aa9c122fb,XNKuMSyBQyo2cM44uvFi9A_120_box0.jpg,BALLYCLARE,National,Lamppost-mounted,Ulster Banner,5,2025-08-14 10:53:40.137979+00,Pat,false,,
36bffdfe-4654-4aed-8482-de5febe2c85e,zYQ3sDNNcUADG8Tw9GTKYg_180_box0.jpg,BELFAST_CITY,National,Building-mounted,Ulster Banner,5,2025-08-29 08:31:27.557827+00,May,false,,
36d6e07c-7394-4f2b-81ec-57008bfc59ee,cHghmYc4XtPZD843ivJFTw_180_box0.jpg,METROPOLITAN_NEWTOWNABBEY,National,Building-mounted,Union Jack,5,2025-08-22 22:07:39.881952+00,May,false,,
36d828b7-fb7b-4f60-9c64-10e5402b833a,-GAJ7159zm8-kblYOVMhCg_120_box0.jpg,BALLYCLARE,Review,,,,2025-08-13 08:54:02.880143+00,Pat,true,Complex case,
36f56e7d-fa5b-4070-b9c0-18f46fd3f742,i7KUu1v5-8ig--5blIQC9g_120_box0.jpg,BANGOR,Review,,,,2025-08-08 09:07:31.923353+00,May,true,Unclear image,
3704ea46-2152-45f2-bc48-3b531aa1fdb0,cdmANraItP1GQ8NF2LUnjQ_000_box0.jpg,METROPOLITAN_NEWTOWNABBEY,National,Building-mounted,Ulster Banner,5,2025-08-13 16:26:34.530269+00,Pat,false,,
3716f757-69e4-4165-a938-767cc6f67a9a,MXHFeMi6eD161BPuZVO14A_060_box0.jpg,BELFAST_CITY,National,Pole-mounted (in ground),Union Jack,5,2025-08-15 00:32:04.296867+00,May,false,,
372092cf-8387-4164-962e-774904686a8a,zbxsTiZWeVF-JoVRAExucQ_060_box0.jpg,ENNISKILLEN,National,Lamppost-mounted,Union Jack,5,2025-08-28 20:21:56.648838+00,May,false,,
37250fdb-9d3f-48b5-b5b8-9b4f50d72c36,L52r395VkBOc4fpVBO9xKQ_060_box0.jpg,CRAIGAVON,Review,,,,2025-08-14 13:57:10.229593+00,Pat,true,Unclear image,
37301648-7916-467c-a322-993dd962b933,7-jtqEHAwRc7HAmYYYMYqw_120_box0.jpg,ARMAGH,National,Lamppost-mounted,Union Jack,5,2025-08-15 20:56:09.845908+00,May,false,,
374aa295-fd87-49c1-a10c-83359f540100,jUAgIeO4985RnU8WBo0LIw_240_box0.jpg,CARRICKFERGUS,National,Building-mounted,Union Jack,5,2025-08-17 14:37:49.997292+00,May,false,,
375f2efb-e45e-4c2b-bf2d-be981a17868d,JpIYR7XPgcQfYChi7pmwQQ_300_box0.jpg,COLERAINE,Fraternal,Lamppost-mounted,Orange Order,5,2025-08-29 08:46:42.621058+00,May,false,,
37604100-1526-42af-ad2a-b47545111653,0AlcBEostYJFJv7Qu-yTkA_180_box0.jpg,BELFAST_CITY,National,Building-mounted,Union Jack,5,2025-08-13 22:50:34.97808+00,May,false,,
3769c861-cb38-453b-9275-ed891650f321,vmNh-UiKFIB3fVf1ou69xA_060_box0.jpg,METROPOLITAN_NEWTOWNABBEY,Sport,Lamppost-mounted,Supporters Club,5,2025-08-29 08:20:07.249376+00,May,false,,
376bef0c-502c-4dd3-9ed8-8f1addb58e05,kgpRrz3Lq0zMrVFKNQux_Q_120_box0.jpg,BELFAST_CITY,National,Building-mounted,Union Jack,5,2025-08-11 17:46:06.962617+00,Pat,false,,
37a712f2-0ab4-4bb8-a1bb-d9ebf80793cd,YjKxfbADfBjhfF7ls804qg_000_box0.jpg,METROPOLITAN_CASTLEREAGH,National,Lamppost-mounted,Union Jack,5,2025-08-17 14:38:23.17944+00,May,false,,
37b84c86-93c9-4d00-a72a-6b69e9d6d465,4WAbqiZYdQB2vmhrmPb6KQ_060_box0.jpg,ARMAGH,Review,,,,2025-08-14 12:29:36.694187+00,Pat,true,Other,
37ce5a68-71ca-496e-99a2-1d9f856c31f9,QBgm36G9AW9zNyHNFkeXyg_000_box0.jpg,BELFAST_CITY,Review,,,,2025-08-12 15:31:20.758133+00,Pat,true,Complex case,
37df9f8c-4b45-4e91-b0da-d3d2121af605,pP8WDGdREONOQWKRYgn57g_060_box0.jpg,BELFAST_CITY,Review,,,,2025-08-12 15:06:55.745666+00,Pat,true,Unclear image,
37e51b87-1086-454e-b74a-deb1008b6214,xhoRYVIOnw55JoxpO6wS5g_240_box0.jpg,BELFAST_CITY,National,Lamppost-mounted,Union Jack,5,2025-08-13 22:10:48.82068+00,May,false,,
38041ef9-ce36-4435-b288-27a4e96c9127,ppjIIpZHsnwhmR3aIC6tTw_000_box0.jpg,CRAIGAVON,Review,,,,2025-08-17 15:45:13.075256+00,May,true,Unclear image,
383145b1-6e5a-4f5a-a7de-30bbdc5816d3,nHMwi3kyFSOyyW5kM99deQ_000_box0.jpg,METROPOLITAN_NEWTOWNABBEY,National,Lamppost-mounted,Union Jack,5,2025-08-28 19:54:33.70539+00,May,false,,
38451077-8845-4c19-8a9c-6ff123c2eab0,dUdbGU0o_pJVPAg80BetRg_180_box0.jpg,BELFAST_CITY,National,Lamppost-mounted,Union Jack,5,2025-08-13 08:27:09.519091+00,Pat,false,,
385312fe-ad97-4f30-bd7e-9302eac69019,jYzgdsXL7O7ajcmEpR732Q_060_box0.jpg,COLERAINE,Review,,,,2025-08-14 12:25:30.785682+00,Pat,true,Complex case,
3854f34e-a666-46d6-bedf-fee4997a41fa,G8SuBqZIq6W7E9X7dXQSHQ_000_box0.jpg,BELFAST_CITY,National,Building-mounted,Union Jack,5,2025-08-14 12:19:19.472272+00,Pat,false,,
38677a99-8702-4d91-a418-58011c75690e,6tGA7kq8i2CfjgkMoJevSg_240_box0.jpg,CRAIGAVON,National,Pole-mounted (in ground),Union Jack,5,2025-08-28 19:44:06.561641+00,May,false,,
38a54646-91fb-4d2c-93e5-d9803d6dc8a4,eQrH82EKvzwY0BVO-nAYPA_000_box0.jpg,LARNE,National,Building-mounted,Ulster Banner,5,2025-08-28 20:30:39.270829+00,May,false,,
38a73117-a274-459e-a0dc-e7e6e61496e4,5HSY2C6b8g-VyVBFLxWYtw_180_box0.jpg,COLERAINE,National,Lamppost-mounted,Ulster Banner,5,2025-08-15 20:50:58.725108+00,May,false,,
38aaeee7-d71f-4021-b196-e2ddef53832a,4evZ_cuMR0CRcP6c4UHxfQ_120_box0.jpg,LISBURN_CITY,National,Lamppost-mounted,Ulster Banner,5,2025-08-28 20:47:55.36766+00,May,false,,
38c45cb1-f352-49e2-af67-c324e8b16181,iuWtaGaG1qvioVMZ5b1fgg_180_box0.jpg,BELFAST_CITY,National,Building-mounted,Union Jack,5,2025-08-14 10:39:33.06439+00,Pat,false,,
38d4fc0b-ff49-412f-9392-45a5628f9e8e,D-PFjWZmllg4ovARHOWPkA_000_box0.jpg,ANTRIM,Proscribed,Lamppost-mounted,UVF,5,2025-08-28 20:29:44.719413+00,May,false,,
38d7d46e-17f9-4a6f-b6b5-d23ac8c94b62,p8cwL_c4PsOKFU67JtoHJQ_180_box0.jpg,BELFAST_CITY,National,Lamppost-mounted,Union Jack,5,2025-08-28 20:49:47.887155+00,May,false,,
38e31e08-ccc7-42e3-a5f0-f98ae573c339,_NRYrvWsTHhGZ0q34F_D_A_300_box0.jpg,BELFAST_CITY,National,Building-mounted,Union Jack,5,2025-08-12 15:51:27.877126+00,Pat,false,,
38ea4ebb-a67b-4155-92b2-2cad299ec462,I5_SqkxRknzPZlIaUS2BCw_060_box0.jpg,CRAIGAVON,International,Pole-mounted (in ground),Other International,5,2025-08-17 14:38:43.674103+00,May,false,,
38f01425-aa0f-41f2-ba50-bb1655179c01,5lkfdYCE9V3S6S7-vb5d8w_180_box0.jpg,LISBURN_CITY,National,Building-mounted,Union Jack,5,2025-08-11 18:16:06.678003+00,Pat,false,,
390ab8de-7b1e-4b82-bb72-0654160664d0,R8Fwbv-T0uP7HOsgjUt1kA_060_box0.jpg,CRAIGAVON,National,Building-mounted,Union Jack,5,2025-08-11 18:13:29.42931+00,Pat,false,,
391b8540-aa08-4296-b92e-672d77723081,7Wr9i1JRZMFi4YCl8VSMDQ_120_box0.jpg,BELFAST_CITY,National,Lamppost-mounted,Union Jack,5,2025-08-13 08:41:26.735513+00,Pat,false,,
3949ff5e-ee8f-4a69-a8b8-1b976b0a4c25,ymAPATaGYgCdxemyFrYrsw_060_box0.jpg,CRAIGAVON,National,Building-mounted,Union Jack,5,2025-08-13 08:48:11.734611+00,Pat,false,,
395ab584-0b82-4643-ae45-42c0a836701a,oAUhib6OpY4QGlpxvL2TtA_120_box0.jpg,BELFAST_CITY,National,Lamppost-mounted,Union Jack,5,2025-08-13 22:04:39.849495+00,May,false,,
395bb89b-9a95-4cb3-8b1e-251b6cfa78ab,hQ50DVVFye1zEhbFQRa6_w_180_box0.jpg,NEWTOWNARDS,National,Lamppost-mounted,Union Jack,5,2025-08-13 08:25:31.517876+00,Pat,false,,
3968ba35-f20e-4df0-8a89-f15bbe7ba910,0OTTKUcllhNzVVXh4ulZFQ_060_box0.jpg,DONAGHADEE,National,Lamppost-mounted,Union Jack,5,2025-08-12 15:45:35.480162+00,Pat,false,,
398b3c43-b2f5-4d1d-8473-1ea4aadafa58,_lCCTO0KL5aQzrCgyrRDNA_000_box0.jpg,METROPOLITAN_CASTLEREAGH,National,Lamppost-mounted,Union Jack,5,2025-08-28 19:45:02.254672+00,May,false,,
39a6e500-5f31-4c67-8823-3e58717d131c,73I5UFp-To7ekpt-6NNT4A_180_box0.jpg,WHITEHEAD,National,Lamppost-mounted,Union Jack,5,2025-08-13 22:28:13.838741+00,May,false,,
39bfef33-ff17-4cfc-9be0-4289ff769f95,22XbNxpXwGzvO5i0LOt4YA_000_box0.jpg,METROPOLITAN_NEWTOWNABBEY,National,Lamppost-mounted,Scottish Saltire,3,2025-08-09 11:51:36.829521+00,Byron,false,,
39d575ae-8070-430c-90da-e466a2358967,Al62TsnHO-kd_YR3kLhvaQ_180_box0.jpg,BANGOR,Review,,,,2025-08-07 20:13:36.304416+00,May,true,Unclear image,
39d99ebd-ad03-439e-8d7d-bb5b8a49da9b,1sEqTF56oaFfYuMr6gFIEw_180_box0.jpg,METROPOLITAN_NEWTOWNABBEY,National,Lamppost-mounted,Ulster Banner,5,2025-08-14 10:38:50.501674+00,Pat,false,,
39dd5e90-1fcf-4072-9f51-36ec96163d55,0ct1AAsPRKNRQML_brtfkg_240_box0.jpg,METROPOLITAN_CASTLEREAGH,National,Pole-mounted (in ground),Union Jack,5,2025-08-13 16:23:48.241115+00,Pat,false,,
39e5e521-c73b-4b0a-aef3-84c0bcbc5e9a,ZSoVBpHkQUNAPe5j4ERpxQ_300_box0.jpg,METROPOLITAN_CASTLEREAGH,National,Lamppost-mounted,Union Jack,5,2025-08-28 20:32:25.144437+00,May,false,,
3a04246b-bff6-48d4-817a-c8fa676742db,Hh3fQMXlf_MwY_77bTRWWQ_120_box0.jpg,METROPOLITAN_NEWTOWNABBEY,National,Lamppost-mounted,Union Jack,5,2025-08-09 11:49:39.583095+00,Byron,false,,
3a2438fd-6bfc-4b24-a475-8f655a80c8cf,FQ9TX0WUsQsahpFiNCGlew_180_box0.jpg,BANGOR,National,Lamppost-mounted,Union Jack,5,2025-08-13 08:36:05.143939+00,Pat,false,,
3a2827b1-09dd-49a9-b651-50ec090fd0ef,hueMdP2YpoD-RO0tRVlTeg_060_box0.jpg,BALLYMENA,National,Lamppost-mounted,Union Jack,5,2025-08-14 11:04:09.738535+00,Pat,false,,
3a32186a-c7a6-4f98-96b8-bef90e6645a5,vBk_vOTD29iWsk2Pgkn4Pw_300_box0.jpg,BELFAST_CITY,National,Building-mounted,Union Jack,5,2025-08-13 22:06:41.442534+00,May,false,,
3a3e16f4-2126-4429-804c-e00f94bc28de,5AT8-B0YFgjclsLYpOpu-w_240_box0.jpg,DROMORE_BANBRIDGE,National,Building-mounted,Union Jack,5,2025-08-14 13:46:02.068179+00,May,false,,
3a3f4c8e-40b5-4a2a-b287-419f35ccc19f,1UIrz-1WUlkiB6M25bg5rw_300_box0.jpg,BELFAST_CITY,National,Pole-mounted (in ground),Union Jack,5,2025-08-28 20:25:00.343855+00,May,false,,
3a43ff76-c4b9-49d4-9c68-fbef1df0d6df,uV5IlvEh_uYZLjsyViuZzw_240_box0.jpg,BALLYMENA,National,Lamppost-mounted,Union Jack,5,2025-08-13 22:12:11.671512+00,May,false,,
3a4c47a1-cace-481a-a0d1-417976d1960c,cAsW6OX4B0UKKYpFyNEDxw_300_box0.jpg,DUNGANNON,International,Lamppost-mounted,Palestinian,5,2025-08-14 12:35:25.938356+00,Pat,false,,
3a561297-ac46-4473-8776-e4fdc98116d3,9FeIfpEO911FrWPzCXT0KA_060_box0.jpg,BELFAST_CITY,National,Lamppost-mounted,Ulster Banner,5,2025-08-14 13:57:18.668707+00,Pat,false,,
3a5d4f66-7fd5-4fbe-920b-ecb167331d75,vF5aVsx56zyTq3vBs9vSWA_000_box0.jpg,BELFAST_CITY,National,Building-mounted,Union Jack,5,2025-08-11 18:10:17.845032+00,Pat,false,,
3a6243f3-9310-40a2-a668-6e82acecb53a,9j56uDfIghRz2QtpjL2jMQ_180_box0.jpg,METROPOLITAN_NEWTOWNABBEY,National,Lamppost-mounted,Union Jack,5,2025-08-13 22:56:17.328818+00,May,false,,
3aa0abc8-9573-4c48-b710-315ec592ba30,DnI84sMtAJtI6vA9ufy08Q_180_box0.jpg,CARRICKFERGUS,National,Building-mounted,Union Jack,5,2025-08-15 00:27:26.564625+00,May,false,,
3aa35a99-245c-4713-84e0-fdd6acd582c9,3ldc7_exl6LkU1opZW3pyA_240_box0.jpg,ARMAGH,Proscribed,Lamppost-mounted,Other Proscribed,5,2025-08-13 22:55:56.860301+00,May,false,,
3aa81358-e16e-407a-8b94-9c272c55d30f,iuWtaGaG1qvioVMZ5b1fgg_180_box0.jpg,BELFAST_CITY,National,Building-mounted,Union Jack,5,2025-08-22 22:28:13.931417+00,May,false,,
3acaea60-b8ac-45f5-90ed-7e245df3c5bf,UoInVOQ_o0EU8kE7MWY7bA_000_box0.jpg,BELFAST_CITY,National,Lamppost-mounted,Union Jack,5,2025-08-14 09:44:56.94449+00,Pat,false,,
3acda4cc-abf5-43e5-a359-35055875354c,xVaQejxmhdrwAHap2wIedw_120_box0.jpg,COLERAINE,National,Building-mounted,Union Jack,5,2025-08-12 15:47:06.770754+00,Pat,false,,
3ad1adaa-6cd7-44d9-8dbb-00305890f7f2,F3fRKfc1CpKrMZwoUYoU6w_000_box0.jpg,RANDALSTOWN,Review,,,,2025-08-14 11:04:19.003202+00,Pat,true,Unclear image,
3b08b5ad-8991-4e60-b08b-112fba3d5a86,PT0vyLDo_OkpLC1vptbbGw_120_box0.jpg,NEWRY,Review,,,,2025-08-07 09:10:06.153221+00,May,true,Unclear image,
3b37feb8-2972-4c58-9c63-8471fa92bdb1,0-DSeI3ORHG97AsDx6mK4w_240_box0.jpg,CRAIGAVON,National,Building-mounted,Ulster Banner,5,2025-08-12 15:35:02.963734+00,Pat,false,,
3b4097d5-8438-4c0e-a691-589f82ce598d,11Vryawcc4uK3sIawyOD6A_060_box0.jpg,BANGOR,National,Lamppost-mounted,Union Jack,5,2025-08-07 09:13:53.58678+00,May,false,,
3b4fd1c8-855f-4496-80d4-488a3e91f7b3,0oRgPMjVTutK3JWLOZJviw_120_box0.jpg,LIMAVADY,Review,,,,2025-08-07 08:42:38.234211+00,May,true,Unclear image,
3b67e3cc-ea98-41b6-b287-19c61a75265e,ApLR27j_44JL6OBRiqx2lA_180_box0.jpg,CARRICKFERGUS,National,Building-mounted,Union Jack,5,2025-08-13 08:28:46.17276+00,Pat,false,,
3b69670d-5940-4464-bbdc-95106f458ddb,K-FcF2wALtUHR-oSi_u90Q_300_box0.jpg,CRAIGAVON,Review,,,,2025-08-12 15:16:13.293568+00,Pat,true,Unclear image,
3b7e280e-9d11-496e-9cbf-3af1441579d6,cREIFHFLS_C1w1wTVwI5JA_120_box0.jpg,CARRICKFERGUS,National,Building-mounted,Union Jack,5,2025-08-14 13:54:29.123351+00,Pat,false,,
3b99d541-49d6-400c-8c8c-30a9d32c0cfb,eXqCgrsUijUDNDxunlVthA_180_box0.jpg,COLERAINE,National,Lamppost-mounted,Union Jack,5,2025-08-29 08:50:21.003095+00,May,false,,
3ba30e64-1416-4c4e-9185-3ca10cd22f85,pEThhBP9rnGZCUO9lTZ1ww_120_box0.jpg,BELFAST_CITY,National,Lamppost-mounted,Union Jack,5,2025-08-29 08:32:11.423959+00,May,false,,
3bd3ee0e-f3cb-460b-957a-e36c9e25d9a7,XkndCnsFtP-hE6OC7bpWog_240_box0.jpg,NEWRY,National,Lamppost-mounted,Irish Tricolor,5,2025-08-07 09:10:54.214456+00,May,false,,
3be36bb7-de90-4272-b328-ae0e38d97685,7-jtqEHAwRc7HAmYYYMYqw_120_box0.jpg,ARMAGH,National,Lamppost-mounted,Union Jack,5,2025-08-13 08:49:11.412204+00,Pat,false,,
3bee1a3e-7d9f-4cf7-b458-2016979bd876,faEzqgXAZ2SRpZjDOQ9dbQ_300_box0.jpg,BALLYMENA,National,Lamppost-mounted,Union Jack,5,2025-08-14 10:18:12.120935+00,Pat,false,,
3bf927ff-6190-407e-8b4d-eaa7a87bfff2,3_3o08SRcPbd-OG1Xbs0OA_180_box0.jpg,METROPOLITAN_NEWTOWNABBEY,National,Lamppost-mounted,Union Jack,5,2025-08-15 20:58:18.18402+00,May,false,,
3c4797f7-62f4-4b1b-8e07-8526fa04763e,oQVAr6b-MaoB1VbvfGIEeg_180_box0.jpg,CARRICKFERGUS,National,Building-mounted,Union Jack,5,2025-08-07 19:58:12.687208+00,Byron,false,,
3c48b9d9-2ce8-4590-b38e-c8b8e3ddbc91,MuG5ZOxmFnjK9_xc-klM6A_060_box0.jpg,BANGOR,Review,,,,2025-08-08 08:26:15.354849+00,May,true,Unclear image,
3c491fc4-ae36-4fa9-8771-1c7d3b727d01,ltbYzd6mjIviy00NKIjfzQ_300_box0.jpg,BELFAST_CITY,National,Lamppost-mounted,Ulster Banner,5,2025-08-14 09:52:32.974788+00,Pat,false,,
3c607286-d0a1-4aee-b9e8-d3a39429f676,Ulr07mzywoe9Pd8spdEzJA_240_box0.jpg,METROPOLITAN_NEWTOWNABBEY,National,Building-mounted,Union Jack,5,2025-08-14 09:32:37.158126+00,Pat,false,,
3c609bc8-07e2-44d9-94d6-2d19c406b7b5,_paoM1l5H08uYZMu8InyFQ_180_box0.jpg,BELFAST_CITY,National,Pole-mounted (in ground),Ulster Banner,5,2025-08-12 16:13:57.848784+00,Pat,false,,
3c69e339-2e71-4c30-9599-ecbcf3080d27,KYzC5owmjfjJvSuPCWmWaQ_060_box0.jpg,LISBURN_CITY,National,Building-mounted,Union Jack,5,2025-08-14 10:35:04.575871+00,Pat,false,,
3c70fc3e-da7f-4088-8910-25c3b4a6caa9,wKzDvBAtsHDKcBE6RxBKFQ_000_box0.jpg,LISBURN_CITY,National,Lamppost-mounted,Ulster Banner,5,2025-08-13 08:57:39.682832+00,Pat,false,,
3c7a9ace-917f-476c-98b5-1e4f49caf9a0,vO-d56juGwK0clhP-2lAsg_000_box0.jpg,BELFAST_CITY,National,Building-mounted,Union Jack,5,2025-08-28 19:48:45.527281+00,May,false,,
3c7b77c9-5b0c-4470-925f-8e981ec5db3d,nKwnPWmfL07Dbtxmg6jsng_000_box0.jpg,BELFAST_CITY,National,Building-mounted,Union Jack,5,2025-08-14 12:18:51.51499+00,Pat,false,,
3c81e0e2-71e7-493b-905f-077d2c0f148e,lTOC2aUA5rPskmykWSbX8A_000_box0.jpg,PORTRUSH,National,Lamppost-mounted,Union Jack,5,2025-08-22 22:15:44.756266+00,May,false,,
3c847ffc-bb84-4988-b478-a79dfaacb679,uHvlwZhJpjbzKGc0ueuihQ_180_box0.jpg,CARRICKFERGUS,National,Building-mounted,Ulster Banner,5,2025-08-14 13:56:24.50598+00,Pat,false,,
3c8bd112-7cff-4d42-9470-bea2c699c3f9,W4VfrvBvAsRsXCozwoNp-Q_300_box0.jpg,BALLYMENA,National,Lamppost-mounted,Ulster Banner,5,2025-08-12 15:07:39.042779+00,Pat,false,,
3c92a7a1-89e8-41cb-86ed-02a399dc7a66,OZO3Y_J1wJSkUwow47zXPA_300_box0.jpg,METROPOLITAN_LISBURN,National,Building-mounted,Union Jack,5,2025-08-13 22:02:20.696082+00,May,false,,
3c9ccef0-faf0-488e-92d3-43cb23a543fc,-qU1T6v3DSfEHk33TIBZSw_120_box0.jpg,BELFAST_CITY,National,Lamppost-mounted,Ulster Banner,5,2025-08-28 19:49:45.324787+00,May,false,,
3ca67860-1341-40d9-84da-4a7788d4bf1f,xVaQejxmhdrwAHap2wIedw_120_box0.jpg,COLERAINE,National,Building-mounted,Union Jack,5,2025-08-13 22:29:15.136639+00,May,false,,
3ccc3cce-275f-4083-8f37-989b0d986163,LUwK7DGKlmMoyyn5jZZjTA_000_box0.jpg,BELFAST_CITY,National,Lamppost-mounted,Ulster Banner,5,2025-08-14 12:42:50.181753+00,Pat,false,,
3cd57fe1-42b7-477d-bb28-c8f5bb51d985,hxHEjZOSqj7UFP9GLXdhVw_180_box0.jpg,BANGOR,National,Lamppost-mounted,Union Jack,5,2025-08-09 11:40:43.991963+00,Byron,false,,
3cdc1fb3-ab82-412f-9f29-63e09c055d7c,JnehWX4-THbtrMhhp3I-CQ_120_box0.jpg,ANTRIM,National,Lamppost-mounted,Union Jack,5,2025-08-14 12:50:20.859645+00,Pat,false,,
3cdf18bb-8f2c-46e5-92b5-ac6f5b144d44,zAmBBwKoDj-teIXWqUYUXQ_120_box0.jpg,ARMAGH,National,Building-mounted,Union Jack,5,2025-08-12 15:55:08.187547+00,Pat,false,,
3cf82a9a-7702-462e-9465-920721da4610,FbBdhj7Xu_0ZH5DeX_LieA_180_box0.jpg,BELFAST_CITY,National,Building-mounted,Union Jack,5,2025-08-13 22:00:29.156314+00,May,false,,
3d06013d-c97b-4897-84fe-bf938d028001,-tAiVvJ56n1ieaOLSsyl_A_120_box0.jpg,CARRICKFERGUS,National,Lamppost-mounted,Union Jack,5,2025-08-28 20:50:42.720789+00,May,false,,
3d08d646-12df-4c91-9b57-0c5e14230ea2,KDNcQirqegL4SafS0OdbcA_180_box0.jpg,CRAIGAVON,National,Lamppost-mounted,Ulster Banner,5,2025-08-12 16:01:23.841879+00,Pat,false,,
3d0d7e6e-bf58-4da4-8235-0b1942a0e744,N8w_mteaqTltQ_hr97ZjPA_120_box0.jpg,BELFAST_CITY,Fraternal,Lamppost-mounted,Apprentice Boys,5,2025-08-13 22:11:13.32405+00,May,false,,
3d1207ae-3319-4976-a471-e9cda0ae6da4,qeagT6n7u7v7EwNqvln2kA_240_box0.jpg,BELFAST_CITY,National,Lamppost-mounted,Ulster Banner,5,2025-08-14 13:10:01.936554+00,Pat,false,,
3d310263-51f7-4775-9bbf-c96e0f50a4d5,Ew7MEgxiiGYqdiIkE1l3dA_300_box0.jpg,METROPOLITAN_NEWTOWNABBEY,National,Lamppost-mounted,Ulster Banner,5,2025-08-09 11:55:24.354101+00,Byron,false,,
3d3154b9-5a37-49a5-bcd1-addb56add094,YmnLKwyE35xIDGcWl8Yb4g_000_box0.jpg,LISBURN_CITY,National,Building-mounted,Union Jack,5,2025-08-14 12:24:45.345295+00,Pat,false,,
3d36e417-95c6-42f5-a2d9-97948d1c90f2,k2roG4AVZh6d77JxzqkCIQ_060_box0.jpg,METROPOLITAN_LISBURN,National,Building-mounted,Irish Tricolor,5,2025-08-22 22:16:22.809419+00,May,false,,
3d370aac-fda0-4a26-b2ea-996cfab16911,JBBBkSAt9v5SVBDtK0yjPg_000_box0.jpg,NEWRY,National,Lamppost-mounted,Union Jack,5,2025-08-07 09:00:05.858757+00,May,false,,
3d43c7bb-260e-4f32-99db-b14555b34c96,0QnMYqU6MBkuZt0dSeQZfg_120_box0.jpg,BELFAST_CITY,National,Lamppost-mounted,Union Jack,5,2025-08-28 20:07:18.001588+00,May,false,,
3d46991b-d96c-4270-ba88-4de278ff0aad,CIB2w-jQigxX2-vnGwYkfQ_240_box0.jpg,CRAIGAVON,National,Building-mounted,Union Jack,5,2025-08-13 22:00:05.842739+00,May,false,,
3d66bc65-6893-45e8-bcc3-dc9a6d9c395b,AJrk7z_x6qrAHRZ8gtbM0g_180_box0.jpg,BELFAST_CITY,Review,,,,2025-08-14 12:13:51.217088+00,Pat,true,Complex case,
3d673ec1-731f-4e70-9dd9-0500d244034f,Iagq8kVSkxPD0kHGQ41-ng_300_box0.jpg,LIMAVADY,National,Lamppost-mounted,Union Jack,2,2025-08-07 20:08:37.828288+00,Byron,false,,
3d83c3a0-8dec-42a1-9c3c-078c4763e844,pEThhBP9rnGZCUO9lTZ1ww_120_box0.jpg,BELFAST_CITY,National,Lamppost-mounted,Union Jack,5,2025-08-14 13:49:35.832784+00,Pat,false,,
3d8db3b3-6177-4b46-b3eb-44afa0179a53,vhYNEdmpafJ4_L3dpq5Fhg_300_box0.jpg,BALLYMENA,Fraternal,Building-mounted,Apprentice Boys,5,2025-08-15 00:38:28.833278+00,May,false,,
3d9d4fe7-693d-40c8-ba69-36d5d888c895,4L3z0MRekBlvfyfrh6pkOA_000_box0.jpg,BANGOR,National,Building-mounted,Union Jack,5,2025-08-14 11:06:22.716147+00,Pat,false,,
3da17c39-1353-4183-8e31-d32c3e17b21b,k9nT4LHeuRFcw--S-dR7WA_300_box0.jpg,HILLSBOROUGH_AND_CULCAVY,National,Lamppost-mounted,Union Jack,5,2025-08-14 13:12:42.373435+00,Pat,false,,
3db4f670-c7af-41a8-aaf7-b0375c289cf5,H7sy4aoM6wwg0gGCXOel5w_060_box0.jpg,METROPOLITAN_NEWTOWNABBEY,National,Building-mounted,Union Jack,5,2025-08-17 16:43:43.664297+00,May,false,,
3dc2b206-ab97-4cbe-8643-8d74659a4b69,-otZS4itrk9HpCvR1PUlwg_060_box0.jpg,BANGOR,National,Building-mounted,Union Jack,4,2025-08-09 11:40:10.139654+00,Byron,false,,
3df4f52e-7070-48d1-9e4b-879b2facf6fa,F1lRKRVKNG9mv5SgOpz0ZA_300_box0.jpg,BELFAST_CITY,National,Lamppost-mounted,Union Jack,5,2025-08-13 08:49:59.938556+00,Pat,false,,
3df53f2f-1e03-4e79-bd42-b39c60e2b582,tKSIrxyTojbUNu-FGuvPGA_180_box0.jpg,BELFAST_CITY,National,Pole-mounted (in ground),Union Jack,5,2025-08-14 13:30:28.64679+00,Pat,false,,
3dfa08be-777e-4ab3-9c9e-a1756d8a0dcd,CqYzHxsOXNUwK-NwXNPe6w_300_box0.jpg,BELFAST_CITY,National,Building-mounted,Union Jack,5,2025-08-14 09:41:43.842048+00,Pat,false,,
3e0cbfc0-0d1e-4a02-aca7-c1b517b5487f,pkOjPSiLkV2PdVFtpCKJPw_060_box0.jpg,BANGOR,National,Lamppost-mounted,Union Jack,3,2025-08-09 11:45:38.639449+00,Byron,false,,
3e194372-b9f4-45a6-a844-99395f64e7a2,DXXtff8I9yrwP36Rg9Fssg_060_box0.jpg,CARRICKFERGUS,Review,,,,2025-08-14 12:31:28.899156+00,Pat,true,Unclear image,
3e2ebe59-3a6b-4051-87ed-4f26979f6b85,LqToTPMkKebrkeCOJFg1uA_240_box0.jpg,METROPOLITAN_NEWTOWNABBEY,Review,,,,2025-08-13 22:05:45.69588+00,May,true,Not a flag,
3e2ff3e6-4b19-473a-bf59-016de3155240,Gvw1ud5WFNFUymgiZFsW7A_240_box0.jpg,BELFAST_CITY,National,Building-mounted,Union Jack,5,2025-08-17 14:39:42.84183+00,May,false,,
3e342976-41a5-4566-88e5-af4a2e9b6f2d,npD3_ftZX8cfxGgygv-jTg_000_box0.jpg,CARRICKFERGUS,National,Building-mounted,Union Jack,4,2025-08-06 22:46:11.193105+00,May,false,,
3e415697-58a4-423b-9bdf-6aaf6ffe5552,ZLcnO1DeR6v7jbDblAXhHw_300_box0.jpg,NEWRY,National,Lamppost-mounted,Irish Tricolor,5,2025-08-07 09:11:01.410807+00,May,false,,
3e6900cb-5d12-4352-b0cc-a91499343608,GnlYcaV4FDmPVwM56SOtag_120_box0.jpg,ARMAGH,National,Building-mounted,Ulster Banner,5,2025-08-28 19:42:42.459842+00,May,false,,
3e74934d-c947-416a-a332-11c623ad462f,LmqEJDCid64vZ0yIqUmYpg_060_box0.jpg,METROPOLITAN_NEWTOWNABBEY,National,Building-mounted,Union Jack,5,2025-08-12 15:34:29.618659+00,Pat,false,,
3e76d348-aba5-401c-8cb2-2af1b357d0f0,L8kSmtvlO7D7wgz0kgHKLw_120_box0.jpg,BELFAST_CITY,National,Building-mounted,Ulster Banner,5,2025-08-14 10:58:04.171275+00,Pat,false,,
3e919a68-dfa9-488c-9cdb-f42139be7d6e,m_uzz7C6QKgsDODUdx_EGg_240_box0.jpg,LARNE,International,Lamppost-mounted,Other International,5,2025-08-29 08:41:09.109313+00,May,false,,
3e995979-c7e2-4422-9c5f-bd63486e2412,aYdTjb4hTRvX4pP-QFomMg_120_box0.jpg,LISBURN_CITY,National,Building-mounted,Union Jack,5,2025-08-13 16:23:27.440086+00,Pat,false,,
3eb155c2-c563-4033-9945-ff3c6bb59277,-p9rm9ET-x9h5y3bbatuzg_240_box0.jpg,DUNGANNON,National,Lamppost-mounted,Ulster Banner,5,2025-08-13 08:37:09.446501+00,Pat,false,,
3eb35bb0-4da1-4c75-a2b6-1d9a8968d077,XJB-72fquvf_AHphoJ8bIw_120_box0.jpg,LISBURN_CITY,National,Building-mounted,Union Jack,5,2025-08-14 12:51:25.04549+00,Pat,false,,
3edec3d6-7652-4c7a-bd01-a9894d6d0d77,5jfIo50KRF_lCkVaR1p4nQ_120_box0.jpg,BELFAST_CITY,Review,,,,2025-08-17 16:20:25.584666+00,May,true,Unclear image,
3ee0bb39-801e-4554-bf2b-dcd55b04d1b0,T-kumh4JRpHAk-972AEiMw_300_box0.jpg,DERRY_CITY,Review,,,,2025-08-12 15:42:58.002385+00,Pat,true,Unclear image,
3ee6a4e1-af69-4be4-b6c5-2c8da4827c48,tS1Wx8JK4G5LGkZOtP2a0Q_300_box0.jpg,BELFAST_CITY,Fraternal,Building-mounted,Apprentice Boys,5,2025-08-22 22:29:19.567841+00,May,false,,
3f15e223-82e8-4152-8bcf-1219274495f5,8ETRsK3dGvp8bMq_prDAjQ_120_box0.jpg,BANGOR,National,Building-mounted,Union Jack,4,2025-08-09 11:34:42.364606+00,Byron,false,,
3f395ff3-8c9b-48d2-9429-e6a1ffbfca9e,YtkMb2hDlik0ni2w3yJVRA_300_box0.jpg,METROPOLITAN_LISBURN,National,Building-mounted,Ulster Banner,5,2025-08-14 12:52:34.80137+00,Pat,false,,
3f4db3af-c4c5-4bce-954c-cf21a1151326,Fcfs3QqmIXWF8Bb1_VpgrA_060_box0.jpg,CARRICKFERGUS,National,Lamppost-mounted,Union Jack,4,2025-08-06 22:46:24.60843+00,May,false,,
3f614783-d0eb-43b6-992d-3ad53208c8f5,uEzzgu28EyihyB6yvOzA3A_000_box0.jpg,BANGOR,National,Lamppost-mounted,Ulster Banner,2,2025-08-09 11:36:57.614453+00,Byron,false,,
3f83a14a-1e10-4333-ae97-792de553dc1f,fpEZbhJw_BrhkY8ePvCDrg_120_box0.jpg,BELFAST_CITY,National,Lamppost-mounted,Union Jack,5,2025-08-14 13:08:28.190768+00,Pat,false,,
3fa59270-b1ba-481c-887a-92c689483e38,-r-11fE4q9hq4cK2NrPShw_120_box0.jpg,WHITEHEAD,National,Lamppost-mounted,Union Jack,5,2025-08-28 20:32:57.7364+00,May,false,,
3fb51605-7251-4f6b-8fa6-f687a93771c7,4Avi_Jv1st18GYdSrv01RA_180_box0.jpg,LISBURN_CITY,National,Lamppost-mounted,Union Jack,5,2025-08-17 17:07:04.908654+00,May,false,,
3fb677d1-4c17-4122-bbd9-a6df3b9e748c,9khjcYEjcJ_yUrhsr3ydmQ_120_box0.jpg,METROPOLITAN_NEWTOWNABBEY,National,Lamppost-mounted,Union Jack,5,2025-08-14 10:26:12.268623+00,Pat,false,,
3fbd7d4d-ffca-4a20-a0ed-f28dd0ec44a2,Bkl2PUyVAWcfxfL97-BWtQ_300_box0.jpg,CARRICKFERGUS,National,Building-mounted,Union Jack,5,2025-08-14 10:38:08.57442+00,Pat,false,,
3fcd98d3-308e-4fca-a8b0-19d96e7ee8de,-PL5626I3dKKM7BCNE6h4A_240_box0.jpg,BALLYMENA,National,Lamppost-mounted,Union Jack,5,2025-08-14 12:11:34.066475+00,Pat,false,,
3fcf0665-f9d5-4952-aa89-821a9a128dd2,z_NJe6e-eNS3BsdvkPDtmg_000_box0.jpg,BANBRIDGE,National,Lamppost-mounted,Ulster Banner,5,2025-08-14 14:03:03.35117+00,Pat,false,,
3fde7296-9e79-4ef4-818b-594750bbeba1,jMTMfQY_N6MJzEcFHme0CA_240_box0.jpg,METROPOLITAN_NEWTOWNABBEY,National,Building-mounted,Union Jack,5,2025-08-08 12:51:02.806571+00,May,false,,
3fe252aa-7324-4498-8e71-58527516bca2,LH5yNWt1u4HOZ35-NmUztA_240_box0.jpg,ANTRIM,National,Building-mounted,Union Jack,5,2025-08-13 16:28:08.236348+00,Pat,false,,
400109a3-8f06-4e99-8c89-678c2edfb7e3,6RLLCjkmBYtDhs-34DRq4Q_060_box0.jpg,BELFAST_CITY,National,Building-mounted,Union Jack,5,2025-08-29 08:45:29.396902+00,May,false,,
400180c5-22e8-4ccc-866e-00c2d56b2eb6,_cd35Mm4NwN6FZS4_Ss6Rw_000_box0.jpg,METROPOLITAN_LISBURN,National,Building-mounted,Union Jack,5,2025-08-12 15:41:33.51145+00,Pat,false,,
400cccef-bea5-44b2-b679-87f0c520c2b3,zjkyOfFEgF4boggxBEFUjg_300_box0.jpg,BELFAST_CITY,National,Lamppost-mounted,Ulster Banner,5,2025-08-15 20:54:47.975837+00,May,false,,
400f71b4-a070-4745-9128-cc8063500b4c,b_3_vLUXvR0v63Jgsq5n-A_120_box0.jpg,LISBURN_CITY,National,Lamppost-mounted,Ulster Banner,5,2025-08-13 16:28:27.920457+00,Pat,false,,
40125373-8486-4bb1-8e38-b1319c0ff212,EVGnW1cPIucIkLO0kLQSqg_240_box0.jpg,CRAIGAVON,National,Lamppost-mounted,Union Jack,5,2025-08-14 12:53:53.468929+00,Pat,false,,
401ef15a-5ae6-40a3-a1b4-70b57209ebe9,2Vz8TgdKCqK-Xsiehqi9Rw_300_box0.jpg,METROPOLITAN_CASTLEREAGH,National,Building-mounted,Ulster Banner,5,2025-08-22 22:28:50.441104+00,May,false,,
4021811f-a0b6-443b-9a39-0fdaa6e35b6b,vwGDenYaUdH_DehEuHTsEA_000_box0.jpg,BELFAST_CITY,National,Lamppost-mounted,Union Jack,5,2025-08-11 18:24:13.401998+00,Pat,false,,
4024e3d2-fe36-427c-954a-72a7639b5442,ayuLjBtP6_DjlmKA_1l3ZQ_240_box0.jpg,BELFAST_CITY,Review,,,,2025-08-13 22:01:19.375552+00,May,true,Unclear image,
402590dd-ee77-481f-8e1c-1d57c5b29eb7,nxW8AKsrRdVEji-xKS9Jmg_000_box0.jpg,LISBURN_CITY,National,Lamppost-mounted,Ulster Banner,5,2025-08-14 12:35:12.100994+00,Pat,false,,
4028ecd5-5c8f-4cd4-9d1e-158acb71f2b1,vBk_vOTD29iWsk2Pgkn4Pw_300_box0.jpg,BELFAST_CITY,National,Lamppost-mounted,Union Jack,5,2025-08-12 15:12:07.99781+00,Pat,false,,
40452634-9377-40c9-9364-029b64278e7a,kXiUYvg9f5EJofQLQYH_hw_120_box0.jpg,BALLYMENA,National,Lamppost-mounted,Union Jack,5,2025-08-29 08:22:54.131873+00,May,false,,
404a42f0-a1d1-4800-9eb6-fc3c1fb66b2a,ULGPWH7hsb97w2pEKSBE0A_000_box0.jpg,BALLYMONEY,National,Lamppost-mounted,Ulster Banner,5,2025-08-14 09:43:21.895493+00,Pat,false,,
404b5aa1-e638-4758-a611-e8f5715859a6,JBJft1yCMhxDbAiSoT3-Xg_180_box0.jpg,LISBURN_CITY,National,Lamppost-mounted,Union Jack,5,2025-08-17 17:03:40.825166+00,May,false,,
40597644-de6c-46ea-948a-2a19689cbff7,PF7caM2GGOYMCpcIL3czsw_300_box0.jpg,BELFAST_CITY,National,Building-mounted,Ulster Banner,5,2025-08-29 08:23:53.258675+00,May,false,,
4076220e-da85-427a-ad1c-57c57b5225e4,u37gI96-gkHlnqODJM4bnw_000_box0.jpg,BELFAST_CITY,National,Lamppost-mounted,Union Jack,5,2025-08-13 16:29:52.296127+00,Pat,false,,
407a7a16-eeec-4d56-af55-e5cbb2ebf380,X_PiMtES5CRo15j1Bo_ULw_180_box0.jpg,BELFAST_CITY,Review,,,,2025-08-14 13:46:26.98651+00,Pat,true,Unclear image,
407bf8ce-151c-4e32-92bd-6215cd19c628,_hlUIRDFKI3mcfaqfJ04pA_120_box0.jpg,ARMAGH,National,Lamppost-mounted,Union Jack,5,2025-08-14 13:47:10.723464+00,Pat,false,,
407c3b31-f6ae-43aa-b7b4-db99b45e265c,fs9qWDKcS4KmZSuAnz9xcQ_180_box0.jpg,BELFAST_CITY,National,Building-mounted,Union Jack,5,2025-08-14 10:15:56.256173+00,Pat,false,,
407eb70e-791c-474e-addb-0dd3b0a823d3,5w78Pnsnjff5vPNQ-3QKdg_300_box0.jpg,LARNE,National,Building-mounted,Union Jack,5,2025-08-28 20:22:33.340468+00,May,false,,
40962581-a642-4a75-872c-31a142c2ad50,wWGSyFy5YQc48fKuGKKRdQ_180_box0.jpg,BELFAST_CITY,Review,,,,2025-08-14 14:01:06.496401+00,Pat,true,Complex case,
40c090e6-c18e-45c7-a144-928d1b0ab151,Him866JR8RA0LaoXlljWwg_300_box0.jpg,WHITEHEAD,National,Pole-mounted (in ground),Union Jack,5,2025-08-14 09:28:15.34816+00,Pat,false,,
40cab099-9bf4-4291-81f7-0833085871a4,LmqEJDCid64vZ0yIqUmYpg_060_box0.jpg,METROPOLITAN_NEWTOWNABBEY,National,Building-mounted,Union Jack,5,2025-08-13 22:15:15.5555+00,May,false,,
40e94510-4662-41cd-b522-e858e237757c,xhoRYVIOnw55JoxpO6wS5g_240_box0.jpg,BELFAST_CITY,National,Lamppost-mounted,Union Jack,5,2025-08-12 15:23:05.385758+00,Pat,false,,
40f1d90e-3589-49bb-8f2d-00a3fec39fc2,ayuLjBtP6_DjlmKA_1l3ZQ_240_box0.jpg,BELFAST_CITY,Review,,,,2025-08-12 15:03:21.955821+00,Pat,true,Complex case,
41012948-f765-4005-bb86-adf42cf477aa,xdUhVY1QMqEUuk9H-DHrgQ_000_box0.jpg,GREENISLAND,National,Building-mounted,Union Jack,5,2025-08-12 15:08:44.108051+00,Pat,false,,
410bb393-0f83-438b-9d20-cc6bf0aac052,2AoL-NKLhloyemzeT4qVNg_180_box0.jpg,BELFAST_CITY,National,Lamppost-mounted,Ulster Banner,5,2025-08-29 08:48:35.097061+00,May,false,,
41128237-365c-463b-8d55-159d13ade518,GJIQp_b014p1eD1GJRNS0Q_000_box0.jpg,BELFAST_CITY,National,Pole-mounted (in ground),Union Jack,5,2025-08-29 08:54:04.757024+00,May,false,,
41301a00-a011-438d-bdf2-cb2b11a5c6b1,FvVPsCHtXwGRfQNLZmDrRw_000_box0.jpg,BELFAST_CITY,National,Building-mounted,Union Jack,5,2025-08-29 08:43:20.986993+00,May,false,,
41358766-8cee-4eb9-b03b-db4689f2ca1e,5cAc1UbZziwM767yk4iCTA_240_box0.jpg,LISBURN_CITY,National,Lamppost-mounted,Ulster Banner,5,2025-08-14 12:36:24.087317+00,Pat,false,,
4141f7cf-d157-422a-9ab0-86542b0665b9,8nkVVe_vzYipaVAl5xpYXQ_240_box0.jpg,LISBURN_CITY,National,Building-mounted,Union Jack,5,2025-08-14 14:04:35.061916+00,Pat,false,,
4164cc5a-92a6-49de-8181-0d409b5abc6b,eeT97MJ4ebN0lHhdPMn1jA_240_box0.jpg,NEWRY,Review,,,,2025-08-07 20:15:12.912847+00,Byron,true,Not a flag,
416e4e44-454a-4ac1-9723-cfbcca201dc1,5RIaytkUR9xzMlyKa9QD0A_180_box0.jpg,BELFAST_CITY,National,Lamppost-mounted,Union Jack,5,2025-08-13 08:57:32.639488+00,Pat,false,,
41833839-89c3-4411-b36d-0121f0d58d89,Bq2CmPSL5qKOoNdqAfNyqg_180_box0.jpg,BELFAST_CITY,National,Building-mounted,Union Jack,5,2025-08-12 15:08:36.895998+00,Pat,false,,
4184607c-8b78-412d-9188-4f07a2f74048,-9AB8sOzLRZbM7kPK41N9g_120_box0.jpg,BANGOR,Review,,,,2025-08-08 09:04:48.374109+00,May,true,Unclear image,
418bfc6c-b506-4f33-86dd-49d9d4c8ffe9,Q5cObaRzFe-PVS5oFzwHQw_000_box0.jpg,METROPOLITAN_CASTLEREAGH,National,Lamppost-mounted,Union Jack,5,2025-08-13 09:10:53.578009+00,Pat,false,,
41963f94-adff-40c5-b047-095f3b5d09d9,qEs91a9WpIguf4GNwQHtfQ_240_box0.jpg,LIMAVADY,National,Lamppost-mounted,Ulster Banner,3,2025-08-07 20:10:45.485612+00,Byron,false,,
41ad6354-bdf9-4ee0-87e7-5e19e493a6a3,HbWKPaf1fm2WMQ471fzXJQ_180_box0.jpg,ANTRIM,National,Lamppost-mounted,Ulster Banner,5,2025-08-14 10:26:20.205641+00,Pat,false,,
41b2a6ab-70f8-4264-aabf-0413949b4475,cdhwNV4u9SLMRc7_w2vqRg_060_box0.jpg,RANDALSTOWN,Review,,,,2025-08-12 15:36:42.241692+00,Pat,true,Complex case,
41b7a0d9-de1b-42da-a558-7aa6accba608,C_BZEpaCG0s0iHdFMl3hkA_300_box0.jpg,METROPOLITAN_NEWTOWNABBEY,National,Lamppost-mounted,Union Jack,5,2025-08-08 12:50:42.186744+00,May,false,,
41b9698c-23e5-4af3-af4f-0c3380a5aa06,hK-T36GBWHkDSv7fdW1Gfw_240_box0.jpg,BELFAST_CITY,National,Lamppost-mounted,Union Jack,5,2025-08-28 20:36:06.071434+00,May,false,,
41cbe97b-423c-4dba-93d8-fbb38765666b,BuRRX9DOPI9YUUZSTyvXzg_060_box0.jpg,COLERAINE,National,Lamppost-mounted,Ulster Banner,5,2025-08-14 14:02:55.194631+00,Pat,false,,
41d3f22c-c6db-49cd-a498-a0110c208229,Uvw-fEyFFt4EQq6hIbYkJQ_180_box0.jpg,METROPOLITAN_LISBURN,National,Building-mounted,Union Jack,5,2025-08-14 09:48:01.962353+00,Pat,false,,
41de874c-8316-417b-ae13-09524969dd8b,3SjNZNa7e6r2iHi6zDI44w_120_box0.jpg,CARRICKFERGUS,National,Lamppost-mounted,Ulster Banner,5,2025-08-07 20:00:09.664201+00,Byron,false,,
41dfa004-c77a-4fed-bd79-a38f29d8543b,8Hf9Ste0nzSBwzR60H-mhw_120_box0.jpg,COLERAINE,National,Pole-mounted (in ground),Union Jack,5,2025-08-13 22:31:18.893456+00,May,false,,
41ec9d0f-e3a0-4849-bf17-c8a082513593,7FaqMY3u9U2kHSx1hegkwQ_060_box0.jpg,METROPOLITAN_NEWTOWNABBEY,Review,,,,2025-08-14 12:13:41.825747+00,Pat,true,Complex case,
42000ccb-1077-4e5b-a226-954974d69e60,hUQ-ZuCDraoK2bTfYYHeRQ_120_box0.jpg,BELFAST_CITY,National,Lamppost-mounted,Ulster Banner,5,2025-08-14 09:37:06.231087+00,Pat,false,,
4202a804-f5f9-4d44-b959-345bc3d8c376,B9W4WOHP_1jnagxTkKPv1Q_060_box0.jpg,BALLYMENA,National,Lamppost-mounted,Ulster Banner,5,2025-08-28 20:06:25.519817+00,May,false,,
420395d5-416e-4e40-9e89-921e2bf1a61a,hFJNZcz9Q-8mcvhx1fKTJg_120_box0.jpg,ANTRIM,National,Lamppost-mounted,Union Jack,5,2025-08-29 08:51:34.31097+00,May,false,,
4207ee37-5694-4d2c-9993-0f3d9a5b6eb7,xFEdi_zId3XmFmF0NcmQug_060_box0.jpg,BELFAST_CITY,National,Building-mounted,Union Jack,5,2025-08-15 00:41:05.388016+00,May,false,,
4210766e-c3b3-404b-9e95-f3a04b27ac87,E3hSNopChUguTc-6_ghC7g_300_box0.jpg,CARRICKFERGUS,Review,,,,2025-08-06 22:59:29.154506+00,May,true,Unclear image,
42265a09-34c9-4d2a-a72e-7c9569df0c67,Bti96iJ6c-O-YPFOyB-jjg_060_box0.jpg,METROPOLITAN_LISBURN,National,Building-mounted,Union Jack,5,2025-08-17 16:49:17.014074+00,May,false,,
424243c5-a02d-4177-80dc-b4833a459544,XUBhLHIN77c4BX2YOaUQjA_000_box0.jpg,GREENISLAND,National,Building-mounted,Union Jack,5,2025-08-28 20:06:09.918216+00,May,false,,
425dc6c0-83af-45b6-880f-92a13d737955,fFfT4ZfZ97BuLur2RYdeIA_120_box0.jpg,BELFAST_CITY,National,Lamppost-mounted,Union Jack,5,2025-08-28 20:17:35.319465+00,May,false,,
4260b8d0-9d7e-47f6-ab23-fa7aff29c10f,hKK-6yTbY_F4T6AHa-IOHA_300_box0.jpg,BELFAST_CITY,National,Building-mounted,Union Jack,5,2025-08-22 22:05:59.262721+00,May,false,,
4269a898-ad93-4790-9b15-e85ebdbd8ab2,VsKJESl_p5kZ9pIVMlX6hg_240_box0.jpg,ARMAGH,National,Lamppost-mounted,Union Jack,5,2025-08-14 10:33:17.65914+00,Pat,false,,
4269b894-87f9-416d-ab88-7410582fbed4,b7RB0OkYl2Qx5VEIzHG01Q_180_box0.jpg,BELFAST_CITY,Review,,,,2025-08-14 13:08:47.548616+00,May,true,Unclear image,
426bbb4c-c1bc-479f-b887-1efc02373cfd,Z-DM3Bw-7t3C0etsdfn3PA_240_box0.jpg,BELFAST_CITY,National,Building-mounted,Union Jack,5,2025-08-14 10:54:20.660819+00,Pat,false,,
426cbc45-8b3b-47eb-8742-18f5559f7419,eBaDVoJMKH-bcsTAyEa5ew_120_box0.jpg,CRAIGAVON,National,Lamppost-mounted,Union Jack,5,2025-08-28 20:20:24.047778+00,May,false,,
4276ccf0-abf2-46ae-9d1e-cd3d6a505a4e,xtXZ0ULvcvqYX908uTKwhQ_180_box0.jpg,BELFAST_CITY,National,Pole-mounted (in ground),Union Jack,5,2025-08-12 14:58:59.130462+00,Pat,false,,
4276d65d-3279-4f17-a408-fc9710a4ebe9,3rKs5J30MmBsX-RuFzjHRg_300_box0.jpg,BANGOR,Review,,,,2025-08-08 09:06:55.79499+00,May,true,Unclear image,
427c7128-dcac-4c28-9173-198d43f4dfe1,1zcbKiPPKy6Nan7RKIJt5Q_060_box0.jpg,OMAGH_TOWN,National,Lamppost-mounted,Ulster Banner,5,2025-08-13 22:09:11.100506+00,May,false,,
42c0be77-c8cb-40b0-8b1a-5c3a113c19da,Ld3TDtIsPn7UZKNO5QlTrA_060_box0.jpg,CRAIGAVON,National,Lamppost-mounted,Ulster Banner,5,2025-08-29 08:25:13.222207+00,May,false,,
42c1df27-6532-4b44-ab8e-9fee9bf36cfc,381WdRAWYPIz8CF38MGKGg_120_box0.jpg,METROPOLITAN_NEWTOWNABBEY,National,Lamppost-mounted,Union Jack,5,2025-08-28 20:49:50.879428+00,May,false,,
42cb4cf4-35da-4d26-a58a-dc9fe184a6c0,6WgHB1zVf2oPwnHk2-UBsg_240_box0.jpg,CRAIGAVON,National,Lamppost-mounted,Union Jack,5,2025-08-13 22:36:25.679252+00,May,false,,
42d202f7-c6b7-43ac-8c23-384689dd1814,AM0Qj807DN2Cwz1ta8gHvA_300_box0.jpg,ENNISKILLEN,National,Building-mounted,Union Jack,5,2025-08-13 22:05:58.052559+00,May,false,,
42e43ccd-1e16-4380-8671-16701c1c7572,Q1SIsny1btVIC76da1Q_Ag_180_box0.jpg,METROPOLITAN_NEWTOWNABBEY,National,Building-mounted,Union Jack,5,2025-08-13 08:26:49.603197+00,Pat,false,,
42e6d2e1-fbbd-4fae-8e1f-33eb1e6a3796,Pe8lJ0kBkXbLdoEwumLAVw_180_box0.jpg,LARNE,National,Lamppost-mounted,Ulster Banner,5,2025-08-17 15:40:54.399546+00,May,false,,
42f6c93c-9fcd-4a50-ab07-3b5f0124c093,lt5bLQJCJrP6tAPnR-avYA_000_box0.jpg,METROPOLITAN_LISBURN,National,Building-mounted,Ulster Banner,5,2025-08-22 22:08:41.554194+00,May,false,,
42ff12cc-081d-45a2-a72a-cfcd6ee1d0be,T6eHmlIBko10jeZNFNlmCA_300_box0.jpg,CARRICKFERGUS,National,Lamppost-mounted,Ulster Banner,5,2025-08-07 19:58:59.717423+00,Byron,false,,
4301dd95-877e-4157-9bc2-8048c246d5a5,FvVPsCHtXwGRfQNLZmDrRw_000_box0.jpg,BELFAST_CITY,National,Building-mounted,Union Jack,5,2025-08-14 14:01:42.525994+00,Pat,false,,
43044d8a-e027-427e-bf74-5644738683b7,5vJJo8ywb6PLqFW28Wh1Ag_000_box0.jpg,BANGOR,Review,,,,2025-08-08 09:08:33.381508+00,May,true,Unclear image,
4305e292-369e-476d-b947-8dd618bd3932,Cpmaomnd3yytTIKtxfKsaA_180_box0.jpg,BELFAST_CITY,National,Building-mounted,Union Jack,5,2025-08-29 08:21:58.35422+00,May,false,,
43277c5e-ec00-48dc-815e-cd7b19750520,8WIn46qP37uY4cFsxE-MhA_000_box0.jpg,BALLYCLARE,National,Building-mounted,Union Jack,5,2025-08-28 20:22:07.705143+00,May,false,,
432adfd6-d1e7-4f7a-a567-eb659f476c4a,NTAKIwNQic1CMYFDDBeEvA_120_box0.jpg,METROPOLITAN_CASTLEREAGH,National,Lamppost-mounted,Ulster Banner,5,2025-08-14 12:47:24.718416+00,Pat,false,,
4348c9f1-8fe0-4a39-84e6-ad680003e219,HTBM4TAHW5RrMI0zOwF7GA_000_box0.jpg,METROPOLITAN_NEWTOWNABBEY,National,Lamppost-mounted,Union Jack,5,2025-08-14 12:58:26.527645+00,Pat,false,,
4361b5ed-1aff-4e75-a153-e4b870b658b0,iHSGQugXM76K0xJS-ziN7A_300_box0.jpg,LARNE,Proscribed,Lamppost-mounted,YCV,5,2025-08-28 20:25:45.642629+00,May,false,,
437a29bc-c07e-492a-9a21-d2d3fe8525fc,pzWLFXhZ9qSsG7rFNWWYEQ_240_box0.jpg,DUNGANNON,National,Pole-mounted (in ground),Ulster Banner,5,2025-08-12 15:27:22.485278+00,Pat,false,,
4394bfb9-7bd0-4bb2-b825-cde67d64a4b8,eXqCgrsUijUDNDxunlVthA_180_box0.jpg,COLERAINE,National,Lamppost-mounted,Union Jack,5,2025-08-14 14:11:07.169059+00,Pat,false,,
4399d7f3-138d-4e89-9036-049b43e6b122,IepzT6b44K7JiJEokyhiaQ_060_box0.jpg,BALLYMENA,National,Lamppost-mounted,Union Jack,5,2025-08-29 08:48:20.158527+00,May,false,,
43a64b80-86a7-4f54-9bb3-1d02569e9470,-tjQLxmLZUl18bd12mO14A_000_box0.jpg,HILLSBOROUGH_AND_CULCAVY,National,Pole-mounted (in ground),Union Jack,5,2025-08-28 20:29:03.127306+00,May,false,,
43ce8e5a-9044-4771-a9da-35f17f15cd5c,cEuABi5TInnFVwHsrNAdfA_300_box0.jpg,METROPOLITAN_CASTLEREAGH,Fraternal,Lamppost-mounted,Apprentice Boys,5,2025-08-13 22:37:22.008892+00,May,false,,
43de9833-8d2e-4a78-ba47-eac839231da5,yUVbbcfD5_deX0BzABe2UQ_000_box0.jpg,METROPOLITAN_NEWTOWNABBEY,Historical,Lamppost-mounted,Battle Standards,5,2025-08-13 22:49:17.617703+00,May,false,,
43f7cc49-0bb9-4a5a-a8ab-c205c39cf030,GHCDOSh-mby7XEZkPOjIhQ_120_box0.jpg,METROPOLITAN_LISBURN,Review,,,,2025-08-14 12:37:52.342722+00,Pat,true,Unclear image,
43f90773-2d05-4960-be84-8af54859b010,AO-38VQz0VzY9NAansJ2nQ_300_box0.jpg,BELFAST_CITY,National,Building-mounted,Union Jack,5,2025-08-14 12:49:16.46035+00,Pat,false,,
44244d43-effe-44e8-bab0-6b0575042bc9,nzGfG68Qh5IDfNujaxRzrw_120_box0.jpg,BALLYMENA,National,Lamppost-mounted,Ulster Banner,5,2025-08-13 22:07:01.221577+00,May,false,,
444cb25d-d002-4cda-af06-d3e79799542b,Ld3TDtIsPn7UZKNO5QlTrA_060_box0.jpg,CRAIGAVON,National,Lamppost-mounted,Ulster Banner,5,2025-08-14 13:41:20.146333+00,Pat,false,,
444d30fa-cddc-4bfc-9a83-5b2493add3b1,OtbMwG6FHyDEVnMeaYCHgg_000_box0.jpg,BELFAST_CITY,National,Pole-mounted (in ground),Union Jack,5,2025-08-14 13:04:52.474915+00,Pat,false,,
447aedd9-ba78-4eaa-b291-6f5e837a5d9d,jBCi5p9XqzWT8eOYjSdN6A_180_box0.jpg,LISBURN_CITY,National,Building-mounted,Union Jack,5,2025-08-12 15:32:50.2776+00,Pat,false,,
447e4205-8d65-4651-8265-abd68955c8f8,w01da-kvUXjaAtqi0Lhaxw_180_box0.jpg,ANTRIM,National,Pole-mounted (in ground),Ulster Banner,5,2025-08-15 00:28:30.844411+00,May,false,,
448b47cc-ee90-4444-bcd5-1592804e4dee,7sqze4PjT96qA_APsaVrtA_180_box0.jpg,BANGOR,National,Pole-mounted (in ground),Union Jack,5,2025-08-28 20:24:21.448347+00,May,false,,
4491a874-edf3-4fb2-8ef1-5b8cfc54e892,16rltDwnrXSKGebrdO-sTw_120_box0.jpg,CARRICKFERGUS,National,Building-mounted,Union Jack,5,2025-08-12 15:53:03.419074+00,Pat,false,,
44a97f30-b947-43c5-a59b-a735999b2e47,hSudhptuNmAHhUEmiIMHrA_120_box0.jpg,METROPOLITAN_NEWTOWNABBEY,Military,Lamppost-mounted,UDR,5,2025-08-29 08:46:14.1269+00,May,false,,
44af43c9-7f9c-4172-a7c2-86334a92e0e5,mTn8fHDjHCNC5oQ0mGrOmA_240_box0.jpg,LISBURN_CITY,Review,,,,2025-08-14 12:57:37.931243+00,Pat,true,Complex case,
44b3c20e-8b64-45b2-b461-8b7c94ad2007,dg7GEVFgzYXSIw7lIA4-tQ_300_box0.jpg,BELFAST_CITY,Review,,,,2025-08-14 10:25:32.289918+00,Pat,true,Unclear image,
44c713b5-95b8-4e31-89ec-106754ad912e,96THV9zwJ94W8Auod40Xng_120_box0.jpg,ANTRIM,National,Lamppost-mounted,Union Jack,5,2025-08-15 00:36:52.653561+00,May,false,,
44fb6d27-be2f-4762-a88f-d1d495b67ac7,OxvO6TqkvEbtlha8t0FEWw_180_box0.jpg,BELFAST_CITY,National,Lamppost-mounted,Union Jack,5,2025-08-28 20:06:03.093917+00,May,false,,
45076cb4-dff9-4651-82e7-a14619e99379,FScCN1iQM4pRKG4Ht_DhtQ_060_box0.jpg,CARRICKFERGUS,National,Lamppost-mounted,Union Jack,2,2025-08-06 21:18:40.895617+00,May,false,,
450883a9-49e7-4461-abde-22c2c7d6f66b,IrWTUn_bHpQIIOIJ-l17DA_000_box0.jpg,BALLYMENA,National,Building-mounted,Union Jack,5,2025-08-11 18:11:20.364765+00,Pat,false,,
450b47b6-ad77-4f0a-aeec-95eba3187c82,ekhPygQhN6fPncW56DD39g_240_box0.jpg,LISBURN_CITY,National,Building-mounted,Union Jack,5,2025-08-14 13:02:19.648334+00,Pat,false,,
4510866a-6140-44e2-b9d3-218e1d365ead,xgYDJvyBLIVP-IW1wYAehA_180_box0.jpg,METROPOLITAN_NEWTOWNABBEY,National,Lamppost-mounted,Union Jack,5,2025-08-08 10:21:49.894703+00,May,false,,
4519a0d6-f79e-4872-83db-b1784b5f766d,MeIRU4JtPPjGb2Yz414Liw_180_box0.jpg,BELFAST_CITY,National,Pole-mounted (in ground),Union Jack,5,2025-08-12 16:12:48.955134+00,Pat,false,,
452bb125-3528-4258-887e-cff0813472d0,yy88NJQgHSuMExdsK7AGWg_060_box0.jpg,METROPOLITAN_NEWTOWNABBEY,National,Building-mounted,Union Jack,5,2025-08-09 11:53:34.658647+00,Byron,false,,
453213de-9baf-41c6-82e8-a4a44a62b8b7,QZ2GRs13a1Frzs3HGftIWA_060_box0.jpg,BELFAST_CITY,Review,,,,2025-08-13 08:30:42.443712+00,Pat,true,Complex case,
453e056d-ea2c-40c3-9995-a4750805163e,2y-vAqWRLjOMlEjVSvMWDQ_300_box0.jpg,BELFAST_CITY,National,Building-mounted,Union Jack,5,2025-08-12 15:33:33.630206+00,Pat,false,,
454424e8-8db4-4433-b934-d9f356241e54,mm06TsAD45lesnkfXsDr3w_300_box0.jpg,BELFAST_CITY,Review,,,,2025-08-14 10:19:17.467099+00,Pat,true,Complex case,
455cccfb-66df-41a8-b575-5f458cde2945,oJgZtBxK1aVfsHw3N8Ukqg_240_box0.jpg,BELFAST_CITY,National,Building-mounted,Ulster Banner,5,2025-08-17 16:01:27.316714+00,May,false,,
4565ef82-23aa-4bd5-bb54-56a5c7894d02,9ZNOsBUjpAYO7uwdCPd7Gw_180_box0.jpg,METROPOLITAN_NEWTOWNABBEY,Fraternal,Pole-mounted (in ground),Orange Order,5,2025-08-13 09:07:31.948371+00,Pat,false,,
45684495-bff9-491b-bc8f-09924cd6a750,jJGfS80OmECD5-sQGtorFw_060_box0.jpg,METROPOLITAN_NEWTOWNABBEY,National,Lamppost-mounted,Union Jack,5,2025-08-09 11:48:58.882722+00,Byron,false,,
45822ed4-f118-4c98-825b-d6027cf8ef66,TQ8GaBgL7XYSOFFzTGx-vQ_180_box0.jpg,BELFAST_CITY,National,Building-mounted,Union Jack,5,2025-08-28 20:36:12.359761+00,May,false,,
4585c4e5-2a8f-4649-9bf5-6652dfbc3243,XwPsrCYr064iHgptJavB6A_120_box0.jpg,METROPOLITAN_LISBURN,National,Building-mounted,Union Jack,5,2025-08-13 22:16:40.180283+00,May,false,,
45992aab-a37e-47e7-88b1-e178b59ca0ce,5hyKizVhM7TwHiFTF3pnDA_060_box0.jpg,CRAIGAVON,National,Building-mounted,Ulster Banner,5,2025-08-29 08:18:46.942968+00,May,false,,
459a4434-406c-4ab8-af08-48f36e9366ad,FGSpSNuWyv8l_IM7z8RmnA_180_box0.jpg,METROPOLITAN_NEWTOWNABBEY,National,Pole-mounted (in ground),Ulster Banner,5,2025-08-13 08:49:50.021616+00,Pat,false,,
459e7f38-a959-4caf-a68e-30661cb4de9f,7-R2oDfsxGKKzO8l9tnuFQ_300_box0.jpg,BALLYCLARE,National,Pole-mounted (in ground),Union Jack,5,2025-08-14 10:38:17.605555+00,Pat,false,,
45c3fa66-731f-4ccb-b7ea-1c0d832cbcbe,llrp131n2s7lqb49ox1nFA_240_box0.jpg,LARNE,Review,,,,2025-08-14 09:27:40.213378+00,Pat,true,Other,
45cea3e5-5f20-4262-8948-3248a76280aa,uPq75kpjpPKdIJBTGMW3xg_060_box0.jpg,LISBURN_CITY,National,Building-mounted,Union Jack,5,2025-08-13 21:59:55.292509+00,May,false,,
45e9795b-c28d-40bb-88c3-5ba726b8e810,Z9gOUrsxDuvrfdxHqZpKfQ_180_box0.jpg,METROPOLITAN_NEWTOWNABBEY,Proscribed,Lamppost-mounted,YCV,5,2025-08-17 16:00:31.205695+00,May,false,,
45f57a84-0cc4-46a3-8dfb-5c700ba35070,-pjqE0pmJXe4NgGh7GedUw_000_box0.jpg,BANGOR,Review,,,,2025-08-09 11:48:17.881539+00,Byron,true,Unclear image,
46399655-2fd6-4643-9ca9-a40b66a4e248,CkzeDynfNmmv_2oUvql63w_300_box0.jpg,METROPOLITAN_LISBURN,Fraternal,Building-mounted,Apprentice Boys,5,2025-08-13 22:41:51.67949+00,May,false,,
465e4393-f958-4295-ac26-36f3aecc2d10,cIC2vEa7ihbGEP76JiPT2A_240_box0.jpg,CRAIGAVON,Review,,,,2025-08-28 20:13:11.858533+00,May,true,Unclear image,
46875013-6055-468e-8338-35e66f0605a2,ReYXr3s-p6NjL65RTKRV1Q_180_box0.jpg,CRAIGAVON,Review,,,,2025-08-14 10:08:38.359808+00,Pat,true,Unclear image,
469255c4-1ba4-48b2-84b4-9b4794bbdd16,cFuPid_-WmfTJ52AuNNFoA_300_box0.jpg,BELFAST_CITY,National,Lamppost-mounted,Ulster Banner,5,2025-08-29 08:47:50.027745+00,May,false,,
469c2c4f-4d00-4799-b2fe-de993124a8e4,Mi8avoSuHGENZl1Rwjp8fQ_120_box0.jpg,CARRICKFERGUS,Review,,,,2025-08-06 22:45:24.844056+00,May,true,Unclear image,
46a6438c-8c87-4719-b263-afbd558fa9b1,ven9CXbxGng3N42A7RtUfA_240_box0.jpg,BELFAST_CITY,National,Lamppost-mounted,Ulster Banner,5,2025-08-12 15:22:59.271544+00,Pat,false,,
46b76675-741d-418d-bd39-36b10ec38bdc,eZkT2A6VLMKrGjptylwUHw_300_box0.jpg,DUNGANNON,National,Lamppost-mounted,Ulster Banner,5,2025-08-14 10:14:51.769414+00,Pat,false,,
46b96267-5d16-4330-bc3a-ba3cb8e9d71c,ESdW6qa2dBL0HwP6NyMdcg_120_box0.jpg,DUNGANNON,National,Building-mounted,Union Jack,5,2025-08-28 20:42:01.943024+00,May,false,,
46bae774-f5e1-4a16-b8da-e33e3e1dcae3,zp6N1MPC52Lw0xe9SUYhkQ_120_box0.jpg,BELFAST_CITY,National,Lamppost-mounted,Union Jack,5,2025-08-13 22:51:07.62217+00,May,false,,
46c3d7d1-ada1-4a2e-98de-5c4acbb488aa,_3nV9exEb_yGItyW47u4Pw_300_box0.jpg,CARRICKFERGUS,National,Lamppost-mounted,Union Jack,5,2025-08-28 20:22:27.066805+00,May,false,,
46dc55b1-8033-4905-8a69-795260ef4fe4,QX2aEH-VJjg5ibmGKO4ZdQ_240_box0.jpg,BALLYMENA,National,Building-mounted,Union Jack,5,2025-08-14 13:43:01.007078+00,Pat,false,,
46e1b5b1-e436-4d79-b436-6b489e9ce3b3,asH-RF-hIE9uDeyiAinp-Q_180_box0.jpg,BALLYMENA,National,Lamppost-mounted,Ulster Banner,5,2025-08-24 10:11:48.701841+00,May,false,,
46f24d38-f5f1-4cb4-9a2b-e348d36be86f,ZkAh-u8PJRw20URp2U1m7A_000_box0.jpg,LISBURN_CITY,National,Building-mounted,Union Jack,5,2025-08-13 22:49:45.801637+00,May,false,,
46f26140-cea3-4259-b0d5-a3b26f9c0293,KitgepCJiKqmDh_oXtcTmQ_000_box0.jpg,BALLYMENA,National,Building-mounted,Union Jack,5,2025-08-14 12:31:47.566001+00,Pat,false,,
470f69f6-d280-4526-91a1-104a61d0d0ed,KgLaQWaBPYHYB8aY0caeMg_060_box0.jpg,BELFAST_CITY,Proscribed,Lamppost-mounted,YCV,5,2025-08-28 20:03:40.48607+00,May,false,,
4746964a-329b-4a0b-bcd7-36b73ccd24d0,8GAmGVvggXqfDRNXg0kRLw_120_box0.jpg,CRAIGAVON,Review,,,,2025-08-28 19:56:04.875657+00,May,true,Unclear image,
4769a943-fae7-4adc-8c47-d98096e6b3ee,oorIpYzjbqlwf_57aaMBFQ_240_box0.jpg,LIMAVADY,National,Lamppost-mounted,Ulster Banner,5,2025-08-06 22:59:44.165238+00,May,false,,
476c3054-a66f-4583-8263-3911bfc64fa0,piczNHkwJEzFN1R4BFKqzQ_000_box0.jpg,BELFAST_CITY,National,Building-mounted,Irish Tricolor,5,2025-08-12 15:29:58.618693+00,Pat,false,,
4781fd54-2b89-4126-aee1-d7b5c2782598,7r1JJ_PQi0n_Nbu0NRh-uw_060_box0.jpg,BELFAST_CITY,International,Building-mounted,Other International,5,2025-08-13 22:54:34.728975+00,May,false,,
47866c46-acd1-4c11-83d6-0bee4bce8821,ulJ892mhh3ew713_iUK9Sg_120_box0.jpg,BELFAST_CITY,Review,,,,2025-08-12 15:44:28.702681+00,Pat,true,Complex case,
47898999-2ced-4330-bd33-9c7a25ff73fd,6xRgw9fE1iQc4hD8gHWdgg_060_box0.jpg,CARRICKFERGUS,Military,Lamppost-mounted,Parachute Regiment,2,2025-08-06 20:48:17.930085+00,May,false,,
47a09fbd-ee71-4aa5-bdb1-ea5a363e51e7,vrKa0_T9nXKeXw21vBkTDw_120_box0.jpg,WARINGSTOWN,National,Pole-mounted (in ground),Union Jack,5,2025-08-13 22:32:57.872017+00,May,false,,
47a4af8d-185d-4120-93e2-0c46b93393f2,ez9olZGKE-fY0KYLyQCtgQ_000_box0.jpg,BELFAST_CITY,National,Lamppost-mounted,Union Jack,5,2025-08-13 22:12:07.813837+00,May,false,,
47aa8adc-9156-4d30-bf96-ef81f5f6b794,ytZGW4KUF5Koc9wLhGuglg_000_box0.jpg,ANTRIM,National,Lamppost-mounted,Ulster Banner,5,2025-08-17 16:45:18.67125+00,May,false,,
47ab647b-2fb0-4d3a-93f2-f24b8b501ad3,Si0-rMNVENRqiYvt1UdVRw_120_box0.jpg,BALLYMONEY,National,Lamppost-mounted,Union Jack,5,2025-08-12 16:01:12.942673+00,Pat,false,,
47b37944-aaf1-4fb2-b5e0-ade73d8be8a4,A0lbOKNLlzGnQq9FubnszA_240_box0.jpg,BELFAST_CITY,National,Lamppost-mounted,Union Jack,5,2025-08-29 08:40:32.562472+00,May,false,,
47b4dde7-063c-431d-a43d-d6a586ae73b9,lwhkprVqe4wTiFkJv3RSVg_000_box0.jpg,BALLYMENA,National,Lamppost-mounted,Union Jack,5,2025-08-14 10:26:35.761982+00,Pat,false,,
47b670bb-10d0-47dc-b1d4-9256b56cf162,PpOPzL0t09XoZVeId0rzdg_240_box0.jpg,LIMAVADY,National,Lamppost-mounted,Union Jack,3,2025-08-07 20:08:06.5636+00,Byron,false,,
47bf0835-b30f-4452-be1f-0fe4b11c62e1,Nd05GSlx27zhMjqchxePPQ_120_box0.jpg,BELFAST_CITY,National,Lamppost-mounted,Ulster Banner,5,2025-08-28 20:32:17.38869+00,May,false,,
47d8e66e-ff3c-4541-a9e7-0e7aa7b8117d,k8lPsSwC2fBsDNfjvQkIkQ_300_box0.jpg,BELFAST_CITY,National,Lamppost-mounted,Ulster Banner,5,2025-08-29 08:42:12.980397+00,May,false,,
47d90c59-ac87-4e7f-a568-93d33d99bdc3,rVFVUHKG0NCeXWwdc6Pv5A_180_box0.jpg,BELFAST_CITY,National,Building-mounted,Union Jack,5,2025-08-13 22:36:20.747228+00,May,false,,
47edffb4-6fac-4146-81bf-9b82acb0f935,sySq9y2waciw-nMypKBtOw_300_box0.jpg,BANBRIDGE,National,Pole-mounted (in ground),Union Jack,5,2025-08-14 13:36:08.356011+00,Pat,false,,
48012d85-0c8e-46e1-89a5-68ce17353f15,hK-T36GBWHkDSv7fdW1Gfw_000_box0.jpg,BELFAST_CITY,National,Lamppost-mounted,Ulster Banner,5,2025-08-17 18:23:14.348147+00,May,false,,
481a36ea-7955-4618-95cd-2f405b750efa,o3I1H6DoD9PgbgMXbvG-iw_060_box0.jpg,METROPOLITAN_CASTLEREAGH,National,Building-mounted,Union Jack,5,2025-08-15 00:39:06.325791+00,May,false,,
4820b765-6be7-484b-99fc-75ef0481750a,XQF7LnPHyUv2bzddtt6Xig_240_box0.jpg,BELFAST_CITY,National,Lamppost-mounted,Union Jack,5,2025-08-13 22:12:13.316306+00,May,false,,
486446c8-1f0e-42a1-95c3-e9d769ede75f,BbrLokL9EDROmOndYraQWg_000_box0.jpg,CRAIGAVON,National,Building-mounted,Union Jack,5,2025-08-22 22:09:22.674933+00,May,false,,
4868d368-b958-4a50-ac59-d7189bbe6a3c,LNYdDex8M2NmV_ETVXGQqA_120_box0.jpg,GREENISLAND,Proscribed,Lamppost-mounted,YCV,5,2025-08-28 20:41:12.138537+00,May,false,,
486a919e-07c3-4a47-8c44-31bdc52e8458,9MBCMtCqC9KO6GGfUQfFBA_120_box0.jpg,BELFAST_CITY,National,Building-mounted,Union Jack,5,2025-08-14 09:51:17.322466+00,Pat,false,,
488a44c2-f381-44da-a09f-568e0c2ceea2,H64cqtVDrjjSPWCI9eCFVg_300_box0.jpg,BELFAST_CITY,National,Lamppost-mounted,Ulster Banner,5,2025-08-12 15:44:56.793504+00,Pat,false,,
4891806d-0495-4996-83ee-861aaf04e6fb,0bHUNcvcWEo5m5WhdvNsiw_120_box0.jpg,CRAIGAVON,National,Lamppost-mounted,Union Jack,5,2025-08-28 20:52:10.565459+00,May,false,,
48941106-c90a-44d3-9bba-8d3117413313,doy1mL6Srtrvskh8tSM27A_300_box0.jpg,LISBURN_CITY,National,Building-mounted,Union Jack,5,2025-08-13 16:35:41.736045+00,Pat,false,,
4896b60c-f643-4e45-a3b3-de958761df55,EcLNF_ce-C7zJn4rKeJecQ_240_box0.jpg,BANGOR,National,Lamppost-mounted,Union Jack,4,2025-08-09 11:48:53.655128+00,Byron,false,,
4897806e-ad8e-4f89-8105-8d7cd97879a2,sOdpE3Z8GUIaQH33VkDwzQ_300_box0.jpg,BELFAST_CITY,National,Building-mounted,Union Jack,5,2025-08-13 22:03:46.937343+00,May,false,,
48a458b5-cad1-4183-b74b-7bde6be20928,H545O3Sx_zkmdTZHL6XC1A_240_box0.jpg,LISBURN_CITY,National,Lamppost-mounted,Ulster Banner,5,2025-08-14 14:01:14.193576+00,Pat,false,,
48a60881-e133-4733-b0fb-8c0ac264a15c,KQEdNt5fSy1QFzsF8jDPsA_300_box0.jpg,COLERAINE,National,Lamppost-mounted,Union Jack,5,2025-08-17 15:46:45.865717+00,May,false,,
48b433ca-f0be-4eff-b41a-9a8b08f608ab,tllFQCT5oX4q77_Wf4wlpg_300_box0.jpg,BELFAST_CITY,National,Pole-mounted (in ground),Union Jack,5,2025-08-29 08:25:52.666719+00,May,false,,
48b79f87-f30e-4162-a32d-0a58740bf4d3,hKK-6yTbY_F4T6AHa-IOHA_300_box0.jpg,BELFAST_CITY,National,Building-mounted,Union Jack,5,2025-08-14 10:23:57.293392+00,Pat,false,,
48c22c8a-482e-4db8-b73d-8c884db93069,KeHR5_0i7Fx5SzFo_FB58A_120_box0.jpg,BELFAST_CITY,National,Building-mounted,Union Jack,5,2025-08-14 13:16:40.502572+00,Pat,false,,
48e3447f-5213-48b0-995d-392e8e5f4790,weYZL1c54gxASzzk1c_17A_300_box0.jpg,ANTRIM,National,Lamppost-mounted,Union Jack,5,2025-08-28 19:42:16.054854+00,May,false,,
4910a4c4-8662-4c8e-b778-228f31ec4687,bZB-Uyev9g5gGeBWOYK5SA_180_box0.jpg,LISBURN_CITY,National,Lamppost-mounted,Union Jack,5,2025-08-13 08:49:29.716766+00,Pat,false,,
4915c9bf-096c-4059-9a92-61c82cdb7632,4z-kKuxRqx7lDvvQ-C1gjw_300_box0.jpg,BELFAST_CITY,National,Lamppost-mounted,Union Jack,5,2025-08-13 08:42:39.285571+00,Pat,false,,
493043d6-af98-43c2-8a7d-37f8dd34bc4b,0Og2MAKprz5VpxRH3odixA_240_box0.jpg,BELFAST_CITY,National,Lamppost-mounted,Union Jack,5,2025-08-17 14:35:58.062755+00,May,false,,
4933b232-1366-485b-bec9-8aed6fee1edb,XpGjYtprxrYShszwRNHPng_300_box0.jpg,CRAIGAVON,Sport,Pole-mounted (in ground),Supporters Club,5,2025-08-29 08:20:57.603143+00,May,false,,
4938e340-a475-4519-a4d5-f1aa193c63f6,hueMdP2YpoD-RO0tRVlTeg_060_box0.jpg,BALLYMENA,National,Lamppost-mounted,Union Jack,5,2025-08-28 19:43:18.56902+00,May,false,,
4947efdf-beaa-4a59-b4f3-d4b52db574cf,zg44Lw0PrlCWjTjIsqC8Dg_180_box0.jpg,METROPOLITAN_CASTLEREAGH,National,Building-mounted,Ulster Banner,5,2025-08-28 20:50:27.980894+00,May,false,,
494cbdc3-78c9-46e6-9be0-b3190e460463,kTZnDfXBD77cmtahbl68Iw_240_box0.jpg,CRAIGAVON,National,Building-mounted,Union Jack,5,2025-08-28 20:17:18.204633+00,May,false,,
4953dfc1-98b1-457c-b8cd-6ab1055fe5d4,ZZlXz4Smdyr5vtEATzhgDQ_180_box0.jpg,BELFAST_CITY,National,Lamppost-mounted,Union Jack,5,2025-08-17 17:07:55.390499+00,May,false,,
498790c8-18bb-4f4f-9c1c-1dcfb88f1c9e,8RBgaOK5P0cM5oY38-AURQ_300_box0.jpg,CRAIGAVON,National,Lamppost-mounted,Scottish Saltire,5,2025-08-14 12:54:39.573255+00,Pat,false,,
49aed8ca-da3b-4c6a-9963-8a3e906e222e,xHK101lo5h4gz0ungK9PFg_060_box0.jpg,LARNE,National,Lamppost-mounted,Ulster Banner,5,2025-08-12 15:13:14.394557+00,Pat,false,,
49b4fc0f-44b6-4f9b-bc86-21258a2884dd,-4k2DxqwprJgKOLVhvz0Tw_120_box0.jpg,LISBURN_CITY,National,Building-mounted,Union Jack,5,2025-08-14 10:50:13.943783+00,Pat,false,,
49d3376c-1aae-4a14-82cd-27624da1b739,sPkG2d698cNkQLAOHdp68g_000_box0.jpg,LISBURN_CITY,National,Building-mounted,Union Jack,5,2025-08-15 00:49:25.59823+00,May,false,,
49d8ef68-41b4-4de2-9cb6-319bcc437646,OCq-Rkbdqjk-GWha9zW1sw_300_box0.jpg,ANTRIM,National,Lamppost-mounted,Union Jack,5,2025-08-14 13:31:51.097254+00,Pat,false,,
49e599f8-469e-4619-ad7a-05fce5620729,jGPHIeHaBi_bN0viSr1_ng_180_box0.jpg,LISBURN_CITY,National,Lamppost-mounted,Union Jack,5,2025-08-14 10:38:57.361338+00,Pat,false,,
49f6edbf-1247-47c3-9a85-0f2c07224671,6tFwTGhlQ_q_FOOj2Mtn6Q_240_box0.jpg,CRAIGAVON,National,Building-mounted,Union Jack,5,2025-08-28 20:09:31.964347+00,May,false,,
4a2bfb31-b6f9-474a-9de2-9732c548f3d5,iSGO-4h_HVZoBv3g5DOwoQ_180_box0.jpg,CARRICKFERGUS,National,Pole-mounted (in ground),Ulster Banner,5,2025-08-15 00:27:05.926436+00,May,false,,
4a43bdfa-7381-4f43-94d5-3a8514fc2178,L-dr3qWlG6pHXhTTaMJ5tA_120_box0.jpg,BELFAST_CITY,National,Lamppost-mounted,Union Jack,5,2025-08-13 22:36:03.971881+00,May,false,,
4a4b1df9-455a-4f37-9d25-4cf4ebc2c2cf,FieVcn3awXffoFOlaWEwgw_060_box0.jpg,BANGOR,National,Lamppost-mounted,Union Jack,4,2025-08-09 11:48:48.34057+00,Byron,false,,
4a4ccc10-af72-436a-964e-023d99d92c09,76czHHtaB-yCoFMHUtwJfQ_180_box0.jpg,ARMAGH,National,Lamppost-mounted,Union Jack,5,2025-08-13 22:45:26.417758+00,May,false,,
4a5f1147-f3e6-48cd-9754-3e0290d7cc7e,UCttwdHY4bSauEHeNpHE7A_120_box0.jpg,BELFAST_CITY,National,Building-mounted,Union Jack,5,2025-08-28 20:11:44.315269+00,May,false,,
4a6e5953-15f0-4438-8cbd-f11ab24be890,_EnLmyk1ww0PYUGbADE6Kw_120_box0.jpg,BALLYMENA,National,Lamppost-mounted,Ulster Banner,5,2025-08-14 13:05:49.041176+00,Pat,false,,
4a748507-1a5b-48a8-bbf8-69807c2d1430,aC1eDqUysvZa7vkO8mt8Iw_180_box0.jpg,STRABANE,International,Lamppost-mounted,Israeli,5,2025-08-28 19:43:14.18681+00,May,false,,
4a8a568c-389b-4be5-b8f3-48e37e914cb6,7t3wKXPaatcA7BGPvuDXbw_000_box0.jpg,LISBURN_CITY,National,Building-mounted,Union Jack,5,2025-08-13 22:03:07.382351+00,May,false,,
4a8b04bc-9e28-447a-a9df-98d5b73f667b,WQll6Zc2xQsH3G5ZvvXqqg_120_box0.jpg,METROPOLITAN_NEWTOWNABBEY,National,Building-mounted,Union Jack,5,2025-08-12 15:17:09.501906+00,Pat,false,,
4a8d4086-26e5-49cb-81d5-2d90a9e0c5ee,iveUE-rau4BlZ1lnNwlFeQ_240_box0.jpg,CRAIGAVON,National,Building-mounted,Union Jack,5,2025-08-29 08:27:12.121466+00,May,false,,
4a98b535-e6a1-4931-9e85-fc63440fffc2,K-FcF2wALtUHR-oSi_u90Q_300_box0.jpg,CRAIGAVON,National,Lamppost-mounted,Ulster Banner,5,2025-08-13 22:08:56.579432+00,May,false,,
4ab4289f-6380-48b8-b976-50109aec6b0d,OcWOlTGP7N0z6CuLmyArJQ_240_box0.jpg,BANGOR,Fraternal,Lamppost-mounted,Orange Order,2,2025-08-09 11:47:29.795394+00,Byron,false,,
4acbc301-78e9-4c2c-93ea-7cee0fdf75ef,RXo0rgYw2yE04FLjJBy-6A_120_box0.jpg,CRAIGAVON,National,Building-mounted,Union Jack,5,2025-08-28 20:21:06.52423+00,May,false,,
4ae05692-6912-42b5-ac63-485771533a6d,Ns4fEzawJdyjsvedLygpEg_300_box0.jpg,BELFAST_CITY,National,Lamppost-mounted,Ulster Banner,5,2025-08-22 22:28:08.231537+00,May,false,,
4aec829c-a5a2-48ca-ba02-5eb8953344d8,goEJ-1XEIGwcOAlVfth3Lw_000_box0.jpg,CRAIGAVON,Proscribed,Lamppost-mounted,Other Proscribed,5,2025-08-28 20:46:15.192981+00,May,false,,
4af4d57f-620d-457d-992e-e5bdc585c3bc,H2i2E41WJyAx5fZPBNAkrQ_120_box0.jpg,HILLSBOROUGH_AND_CULCAVY,National,Lamppost-mounted,Union Jack,5,2025-08-14 13:46:10.850712+00,May,false,,
4af7d4b4-281e-4c36-a97a-07b7d2ab1021,T8QFEYqymwWnKbtuz5Yv1Q_300_box0.jpg,BELFAST_CITY,National,Lamppost-mounted,Union Jack,5,2025-08-14 12:41:00.302515+00,Pat,false,,
4b0bb176-7e53-4cda-8d03-a1efa1ff4d15,q6z7qf-QQgEG6bGiRgpwgg_300_box0.jpg,METROPOLITAN_NEWTOWNABBEY,National,Lamppost-mounted,Union Jack,5,2025-08-14 12:43:11.896355+00,Pat,false,,
4b17fe32-b444-47de-a936-8e8876b7cfee,KBOkDu2V088cDf0mNuEiHw_000_box0.jpg,BELFAST_CITY,National,Building-mounted,Union Jack,5,2025-08-13 22:32:17.912627+00,May,false,,
4b1ccd71-ad85-4a6b-a19a-a4e0cdaeb51d,3ckO2rTXrkSEZkOAWwY5NQ_240_box0.jpg,CARRICKFERGUS,National,Lamppost-mounted,Union Jack,5,2025-08-07 19:57:51.755067+00,Byron,false,,
4b2b62a8-bc70-4485-85dc-9efd7104feb4,EHS80wv-ltFUPFJrEmbqRQ_300_box0.jpg,METROPOLITAN_NEWTOWNABBEY,National,Building-mounted,Union Jack,5,2025-08-12 15:07:47.64988+00,Pat,false,,
4b6b8fbd-20f7-4729-bd68-c1476d333572,ooIFEwYoAQ9wzSENwLSTMQ_120_box0.jpg,BELFAST_CITY,National,Building-mounted,Irish Tricolor,5,2025-08-28 20:14:54.762782+00,May,false,,
4b76e075-f1d2-40bd-81e5-210cc4e74796,TvbYeeb0lfBXjocaqq4okw_300_box0.jpg,BALLYMENA,National,Building-mounted,Union Jack,5,2025-08-13 09:08:42.233729+00,Pat,false,,
4b8544b2-d365-4224-8bee-526faca92f10,7WjrTQmGacdainpDrj1IYQ_000_box0.jpg,BELFAST_CITY,National,Building-mounted,Ulster Banner,5,2025-08-12 16:11:54.318563+00,Pat,false,,
4b85c7ee-3711-4080-b63d-c59cc2b163f1,CntJqkrwuHc1jTnwfJpsvw_300_box0.jpg,GREENISLAND,National,Building-mounted,Union Jack,5,2025-08-13 22:15:24.718917+00,May,false,,
4b87a584-86b0-4e10-8fcd-7e895c7b94bf,R_755CLHUyxwvFHNXLAwiQ_180_box0.jpg,BELFAST_CITY,National,Building-mounted,Union Jack,5,2025-08-13 22:07:28.452833+00,May,false,,
4b92acdf-aeda-4e25-af46-7f77db52e440,TcQ6GbotHWV5UAyvGaGfiA_240_box0.jpg,GREENISLAND,National,Lamppost-mounted,Union Jack,5,2025-08-29 08:34:09.353451+00,May,false,,
4b9620ee-1f5c-4ae7-9bb4-e45de194561b,qAirGM0qBMRNqzYDqTe0vQ_120_box0.jpg,BELFAST_CITY,National,Building-mounted,Ulster Banner,5,2025-08-12 15:56:20.429939+00,Pat,false,,
4bad5ce5-c9ce-4c5a-95f3-523d7bc94db1,lnqwMQmZNt0WVk46IfEpgw_000_box0.jpg,BELFAST_CITY,National,Lamppost-mounted,Ulster Banner,5,2025-08-28 19:53:51.912281+00,May,false,,
4bba365b-d5c9-4315-848f-3f503c84052c,8u9XNH2r4BqBSgpmoTvrPA_300_box0.jpg,NEWRY,National,Lamppost-mounted,Irish Tricolor,5,2025-08-07 09:06:56.826943+00,May,false,,
4bd83ce5-6d77-43b7-8bbe-527153dc7314,y8abI53es2IBttpL3lUC7w_240_box0.jpg,CRAIGAVON,Sport,Building-mounted,Supporters Club,5,2025-08-29 08:40:00.81761+00,May,false,,
4be2182a-9f94-45a7-b680-86012205f41d,fSl__Eq_IybmVur__YRMXA_120_box0.jpg,BANGOR,National,Lamppost-mounted,Union Jack,5,2025-08-14 10:17:07.780454+00,Pat,false,,
4be6c554-db7a-43d5-bd94-5fcde3a4bf6f,G-6NTbxEcQkVSC8jrWCUyA_120_box0.jpg,METROPOLITAN_CASTLEREAGH,National,Lamppost-mounted,Ulster Banner,5,2025-08-28 20:42:08.307772+00,May,false,,
4bf3913e-be22-43ae-a51c-c87d4db5c476,G4CwZ-Jsfu9pTggvQcdmug_120_box0.jpg,BALLYCLARE,National,Building-mounted,Union Jack,5,2025-08-14 12:30:45.678624+00,Pat,false,,
4bf99a72-636f-43b6-b62f-9a95a30031f6,Piuj8b6sm_tPIyFw-VG4Vg_180_box0.jpg,CARRICKFERGUS,National,Building-mounted,Union Jack,5,2025-08-13 22:11:24.046754+00,May,false,,
4c17ad40-ce76-4916-8302-309c2f358ee2,1Mo7XLh3Xyf0usQBsnCPxQ_120_box0.jpg,CRAIGAVON,International,Lamppost-mounted,Israeli,5,2025-08-14 09:36:44.311667+00,Pat,false,,
4c2ba97f-ae19-4a85-8e20-b3885e2e9b02,EhLS4XPdc0NvFw3lC6THIQ_300_box0.jpg,CRAIGAVON,Proscribed,Pole-mounted (in ground),Other Proscribed,5,2025-08-17 16:46:16.297015+00,May,false,,
4c2d7827-17a1-43d5-87b1-31258abfd08c,V2mIXea8wz_qvm5U8464nw_060_box0.jpg,BELFAST_CITY,National,Lamppost-mounted,Union Jack,5,2025-08-12 15:39:10.012411+00,Pat,false,,
4c381dfc-4186-4fb2-a4d0-8b964f5d317a,eaL6SalbqaIkyhB-JfcSdw_120_box0.jpg,METROPOLITAN_NEWTOWNABBEY,National,Lamppost-mounted,Ulster Banner,5,2025-08-28 20:43:13.632109+00,May,false,,
4c595371-d810-4a20-812e-4b3b5fc1497d,6Clq7Xnx0S5DPviitsMtEA_000_box0.jpg,BELFAST_CITY,National,Pole-mounted (in ground),Union Jack,5,2025-08-13 22:27:06.86547+00,May,false,,
4c83940a-784f-48b2-9be7-2da577e7a8ec,6S7jzAtnT-wm-eR2Bs_kqA_000_box0.jpg,METROPOLITAN_NEWTOWNABBEY,Proscribed,Lamppost-mounted,YCV,5,2025-08-28 20:22:44.65958+00,May,false,,
4c83fec6-9abf-466f-bc85-f0be3f57d4fb,PJjogLMYw4cfdHbUYh7FhQ_240_box0.jpg,BELFAST_CITY,National,Lamppost-mounted,Union Jack,5,2025-08-14 12:20:33.259785+00,Pat,false,,
4c945f41-c197-4161-b1e0-ec8d27f3e4d1,yjPLtNX93CnKazrx2Lj0lg_180_box0.jpg,METROPOLITAN_NEWTOWNABBEY,National,Lamppost-mounted,Ulster Banner,5,2025-08-14 10:37:28.616177+00,Pat,false,,
4c98f543-2369-409b-a861-8dfb95e9aa70,UkI_0L1_h6rpv1zZC2zgMw_060_box0.jpg,HILLSBOROUGH_AND_CULCAVY,National,Lamppost-mounted,Union Jack,5,2025-08-28 20:21:42.653525+00,May,false,,
4ca969ef-090f-41e5-b745-425764aa16ae,bqhpmGlbPPVlPqQLQp9kNA_120_box0.jpg,CARRICKFERGUS,National,Building-mounted,Union Jack,5,2025-08-14 12:10:25.418176+00,Pat,false,,
4cae6b9d-dd10-4e44-80f0-df261d21c714,rsS77KN3Z4FcXxO_Tof-ig_180_box0.jpg,LISBURN_CITY,National,Lamppost-mounted,Scottish Saltire,5,2025-08-29 08:29:32.097387+00,May,false,,
4cb03b39-a669-44c3-8a5c-59dfcf51973c,xP-hdP7X-FR3p0sIJzZl8w_120_box0.jpg,BELFAST_CITY,National,Pole-mounted (in ground),Union Jack,5,2025-08-12 15:40:33.989504+00,Pat,false,,
4cc5ef08-f9c5-4a4d-99ad-060e49494374,J1LmgV_zbMF3I8agrVtlMA_240_box0.jpg,ARMAGH,National,Lamppost-mounted,Union Jack,5,2025-08-14 13:29:04.293627+00,Pat,false,,
4cdb37c8-cbea-493f-8328-37cdc2ea51ce,48HEfUVwUYHLjK3aA7ElAQ_120_box0.jpg,GREENISLAND,National,Lamppost-mounted,Union Jack,5,2025-08-29 08:23:45.444328+00,May,false,,
4cf4d332-5496-4bc9-859b-7e44594691c3,FZZYWd9BJAOona6Cpt4n4A_240_box0.jpg,LISBURN_CITY,National,Pole-mounted (in ground),Ulster Banner,5,2025-08-11 18:14:56.904384+00,Pat,false,,
4d04bcfc-d92c-403f-8eaf-bc46d4cdd616,tD6t6R4yQjC2e1HKLrpHeg_180_box0.jpg,BELFAST_CITY,National,Building-mounted,Ulster Banner,5,2025-08-14 09:30:11.286954+00,Pat,false,,
4d05b502-761f-41de-b65f-ee581666d003,0Og2MAKprz5VpxRH3odixA_240_box0.jpg,BELFAST_CITY,National,Lamppost-mounted,Union Jack,5,2025-08-13 09:05:16.750066+00,Pat,false,,
4d199e48-221e-42f0-8438-a2cb796cd77d,wA1LIR4UZPv-agic4Ik8JQ_300_box0.jpg,BELFAST_CITY,National,Building-mounted,Union Jack,5,2025-08-13 22:44:05.647827+00,May,false,,
4d1cedd9-75d0-407f-8c57-b1d7c248a1a5,DCVHhJTAu9a8HYJsWw9HFQ_240_box0.jpg,COLERAINE,National,Lamppost-mounted,Ulster Banner,5,2025-08-14 10:39:05.828358+00,Pat,false,,
4d1ef387-e0d6-4b1e-b11b-edea7af04d7e,fFfT4ZfZ97BuLur2RYdeIA_120_box0.jpg,BELFAST_CITY,National,Lamppost-mounted,Union Jack,5,2025-08-14 12:33:52.554306+00,Pat,false,,
4d25068a-9c02-48f4-a97d-b50e9e0f6d99,smyvVm87ry0gH_Ggo6XEbA_060_box0.jpg,ARMAGH,National,Lamppost-mounted,Union Jack,5,2025-08-13 22:56:05.923559+00,May,false,,
4d2a941b-034c-4933-8950-68343e756d19,jPVk5hxpOjDonRox-nZD0A_240_box0.jpg,BANGOR,National,Lamppost-mounted,Union Jack,5,2025-08-14 14:11:11.013811+00,Pat,false,,
4d36be52-361b-4a85-98aa-b3479a5243ee,1ybga4MzL0Yf2KkoxVUuqQ_300_box0.jpg,NEWRY,National,Lamppost-mounted,Irish Tricolor,5,2025-08-07 20:12:29.172406+00,Byron,false,,
4d3951da-9522-4168-a88d-bcc59e92cf8c,OwspkefUmZfmxq7HtlfuOg_300_box0.jpg,BELFAST_CITY,National,Lamppost-mounted,Union Jack,5,2025-08-12 15:37:27.751355+00,Pat,false,,
4d3b1325-6147-4486-bb00-ff5ce1c820db,u37gI96-gkHlnqODJM4bnw_000_box0.jpg,BELFAST_CITY,National,Lamppost-mounted,Union Jack,5,2025-08-17 15:48:49.422265+00,May,false,,
4d3efadc-9d1c-478f-bde3-9590c8109493,8HdhKKO-kHzFQ-w5wgc2_g_180_box0.jpg,BELFAST_CITY,National,Lamppost-mounted,Union Jack,5,2025-08-14 12:35:01.07505+00,Pat,false,,
4d40b78e-4284-4d83-8a83-163a5513eff5,fGtsgJwROpHf3JQ_xNKptA_300_box0.jpg,LISBURN_CITY,National,Building-mounted,Union Jack,5,2025-08-28 20:31:14.990891+00,May,false,,
4d567d33-648d-4a2d-aa47-ce0e5a891584,Z5czDmqdY-5EN3rfmTcnfA_240_box0.jpg,METROPOLITAN_NEWTOWNABBEY,National,Pole-mounted (in ground),Union Jack,5,2025-08-17 16:50:42.786322+00,May,false,,
4d7ef996-9779-472f-ac7d-5cb141df00b3,mGwDRITw9acQ7ACsChj94Q_240_box0.jpg,LISBURN_CITY,National,Building-mounted,Union Jack,5,2025-08-12 15:15:42.779489+00,Pat,false,,
4d8147e7-417e-47fd-8b5a-01cccb28c9df,ndzRVXJBlPzjNQ_LIhkiFg_120_box0.jpg,LARNE,National,Lamppost-mounted,Union Jack,5,2025-08-28 19:43:22.020121+00,May,false,,
4d81aae6-3675-4818-a347-4278154e7908,k2roG4AVZh6d77JxzqkCIQ_060_box0.jpg,METROPOLITAN_LISBURN,National,Building-mounted,Irish Tricolor,5,2025-08-14 10:37:20.559078+00,Pat,false,,
4d8bae4d-39ba-4968-9641-19c6503a8c5c,9LkkJBMGuDzvhV8NoHhkrw_120_box0.jpg,BALLYMONEY,Review,,,,2025-08-29 08:34:14.310135+00,May,true,Unclear image,
4d913fdc-8f5f-43aa-ad56-a835453ffb3d,XhumDmAOpBQB_qtn9PH9Bg_060_box0.jpg,BELFAST_CITY,National,Building-mounted,Union Jack,5,2025-08-15 00:51:26.67276+00,May,false,,
4d9e772c-a85d-4563-93c7-51f233baf1b4,8cwviRrGA-o2Cs2dhi21Nw_000_box0.jpg,LIMAVADY,Review,,,,2025-08-07 20:08:19.657364+00,Byron,true,Unclear image,
4da492af-836f-4e05-9e54-eed6e49b4243,1BsUX89IZpEZKuxBP-SQrA_180_box0.jpg,LISBURN_CITY,National,Lamppost-mounted,Union Jack,5,2025-08-14 14:15:49.608317+00,Pat,false,,
4db39df0-a9c5-48fd-bb94-32ba5d02e97a,zg44Lw0PrlCWjTjIsqC8Dg_180_box0.jpg,METROPOLITAN_CASTLEREAGH,National,Building-mounted,Union Jack,5,2025-08-14 13:20:32.591937+00,Pat,false,,
4dc1a714-d3a1-4ff6-87d4-212a854586c5,ojGB9sKPUx-9llFFkYlqPw_120_box0.jpg,BELFAST_CITY,National,Building-mounted,Union Jack,5,2025-08-13 08:56:36.735919+00,Pat,false,,
4dd75f8d-0f15-45ec-810c-03e2956534c2,Pbdkh5qIiVBKlss7CpMA8g_060_box0.jpg,LIMAVADY,National,Lamppost-mounted,Ulster Banner,5,2025-08-07 08:42:33.433784+00,May,false,,
4ddd1b97-f635-4c58-a4ea-57122ab40e90,_doYlhvnGtsCPmITC78zZg_180_box0.jpg,BELFAST_CITY,Review,,,,2025-08-28 20:45:17.231634+00,May,true,Unclear image,
4dde7716-ae25-4ee3-8376-87b59c3f1f8a,b0vdaYEVJP3ze7a-OTJfOA_000_box0.jpg,CARRICKFERGUS,National,Lamppost-mounted,Ulster Banner,5,2025-08-06 22:45:37.428406+00,May,false,,
4def554b-0edd-4db9-b019-d6334c61f345,Om0VHH_4sz_vK4g94tlS0A_060_box0.jpg,BALLYMONEY,National,Lamppost-mounted,Union Jack,5,2025-08-29 08:52:25.252274+00,May,false,,
4e09d445-2eee-44f0-a34b-bbe734f5c4c7,FhtdF7kbnxfVAS26a4EFPw_180_box0.jpg,METROPOLITAN_NEWTOWNABBEY,National,Building-mounted,Union Jack,5,2025-08-12 14:56:45.560455+00,Pat,false,,
4e111b60-e780-46c2-9806-e67cf7cc9ffc,Dr2DB-jFD_yybWB_lU-bJw_120_box0.jpg,METROPOLITAN_NEWTOWNABBEY,Fraternal,Building-mounted,Royal Black Institution,5,2025-08-22 22:13:21.367054+00,May,false,,
4e2eccdc-9793-41cd-9e4f-356483e474ec,LJznsst-xzdY5xmUU-1Krg_240_box0.jpg,BALLYNAHINCH,National,Pole-mounted (in ground),Union Jack,5,2025-08-17 18:25:13.079271+00,May,false,,
4e505d8b-5609-4392-aee2-9bb353fd3acd,8_BwaSBaVc4O1d_OOTRVMQ_180_box0.jpg,BANGOR,National,Building-mounted,Union Jack,4,2025-08-09 11:42:04.984997+00,Byron,false,,
4e53b274-6c14-45ac-951d-4013d2e3cc0c,JrMLmwqCoIfJBWP3W1IUMA_180_box0.jpg,CARRICKFERGUS,National,Lamppost-mounted,Union Jack,5,2025-08-06 20:46:28.990859+00,May,false,,
4e5df881-4566-4e17-964b-5a7de46e5bce,Tqhlq6mUx7IVYS0todyH3A_060_box0.jpg,METROPOLITAN_NEWTOWNABBEY,National,Building-mounted,Union Jack,5,2025-08-17 16:01:18.100526+00,May,false,,
4e88f38f-1ea7-4937-ae4a-c2334bf5423c,FQ9TX0WUsQsahpFiNCGlew_180_box0.jpg,BANGOR,National,Lamppost-mounted,Union Jack,5,2025-08-15 00:38:50.103868+00,May,false,,
4e9117e8-e48e-4a69-8eba-075b2780484a,B0A5O3Hg6pq27Ws4y3LmBA_300_box0.jpg,BELFAST_CITY,National,Lamppost-mounted,Union Jack,5,2025-08-14 14:01:51.67717+00,Pat,false,,
4e97e69b-ab1f-4048-9cfb-627dd2605bb5,svMEVZYGDPW_hXj8ALLbbA_300_box0.jpg,NEWRY,National,Lamppost-mounted,Irish Tricolor,5,2025-08-07 20:16:05.624485+00,Byron,false,,
4e9ca0a9-0fea-4057-b614-cfb3736a411d,rvOqPLs28MwazHQVETUJCA_240_box0.jpg,BELFAST_CITY,National,Lamppost-mounted,Union Jack,5,2025-08-29 08:44:18.314062+00,May,false,,
4ea627f8-af77-4b6b-9bdc-6fc4991472e7,8X_u5ecj8GZw0SeCacjo2Q_060_box0.jpg,BELFAST_CITY,National,Lamppost-mounted,Union Jack,5,2025-08-13 08:33:30.450526+00,Pat,false,,
4ea6e5e1-7dee-40c7-9d59-094525bade50,HrxLXIq679aclMbi-BDmcg_300_box0.jpg,METROPOLITAN_NEWTOWNABBEY,National,Lamppost-mounted,Ulster Banner,5,2025-08-13 22:56:15.154535+00,May,false,,
4eaa20e4-b6ad-432c-8ddc-edc8c5416804,LJcqdLSQaYfaaOYJKyBZxA_000_box0.jpg,BELFAST_CITY,National,Lamppost-mounted,Union Jack,5,2025-08-28 20:44:44.600943+00,May,false,,
4ed87aed-70ce-429a-9fc2-d04d68f9b97e,OFf4w8zEOm6WQk6vJOwhrg_240_box0.jpg,BELFAST_CITY,National,Building-mounted,Union Jack,5,2025-08-14 14:06:15.798631+00,Pat,false,,
4ed97dbd-454c-40ce-a755-0987e72ff13b,EK9W0dtlnWXVmt3tUiKi6Q_000_box0.jpg,DUNGANNON,Sport,Building-mounted,Local Club,5,2025-08-17 15:41:17.467968+00,May,false,,
4eef453d-2f73-447a-84a4-2137885572b3,8vJuYCY3jIRPtnRVmJPiQg_300_box0.jpg,CARRICKFERGUS,Review,,,,2025-08-06 22:54:07.65062+00,May,true,Unclear image,
4ef91f71-3840-4368-baac-fa096580c4e4,mDgrMqNnjhA9CuKKNSeiTQ_180_box0.jpg,BALLYMENA,National,Lamppost-mounted,Ulster Banner,5,2025-08-14 11:11:46.304835+00,Pat,false,,
4f287d64-8a2e-42a7-b844-603cbed586b1,CMexC-vlHrFZSCMGFAKxMQ_120_box0.jpg,LIMAVADY,National,Lamppost-mounted,Union Jack,3,2025-08-07 20:02:51.426601+00,Byron,false,,
4f2d5168-8435-4302-ab9b-b5cfe2e5adc1,SIVjcdg1xO1uN-YjK6XXkQ_180_box0.jpg,BELFAST_CITY,National,Building-mounted,Union Jack,5,2025-08-14 14:08:16.474225+00,Pat,false,,
4f33e88e-37b6-454c-8be1-bc2de603a581,edIITQ4jCBkxYOpZuUV0xQ_120_box0.jpg,LISBURN_CITY,National,Lamppost-mounted,Ulster Banner,5,2025-08-17 16:21:33.823365+00,May,false,,
4f379071-ad96-44e9-afdd-e65a5a6f6bd2,CeSIdxCocKYaj-RNKpq7fg_180_box0.jpg,BELFAST_CITY,National,Lamppost-mounted,Union Jack,5,2025-08-14 12:21:12.395132+00,Pat,false,,
4f41338b-aee4-4b6a-a18a-7ff24111ce9f,R3aGAsbl0gVX2Gygu3gsIg_060_box0.jpg,METROPOLITAN_NEWTOWNABBEY,National,Pole-mounted (in ground),Union Jack,5,2025-08-17 14:35:06.86139+00,May,false,,
4f459c4e-4950-4c71-86a4-6775afa071cb,lEpV1xSgiw9hS_0Kzo9zeQ_180_box0.jpg,CRAIGAVON,National,Pole-mounted (in ground),Ulster Banner,5,2025-08-14 10:57:13.219091+00,Pat,false,,
4f4f4f5d-debc-4bec-9d01-78de110449be,W6XW1dk0RNPF1IY7ZXuRpw_180_box0.jpg,METROPOLITAN_NEWTOWNABBEY,Proscribed,Lamppost-mounted,UDA,5,2025-08-14 13:47:03.488241+00,Pat,false,,
4f53dade-eecc-4c6a-b908-aa1eb5c52126,N1m0i8Hplju9iwMocoKYcg_000_box0.jpg,NEWRY,National,Lamppost-mounted,Irish Tricolor,5,2025-08-07 09:10:48.263635+00,May,false,,
4f55d6f9-509c-43ab-ae12-b2ad14ca4960,sBa7d_KiNTekLMXLBb_6vQ_240_box0.jpg,BANGOR,National,Lamppost-mounted,Union Jack,5,2025-08-09 11:41:59.267187+00,Byron,false,,
4f56e9b1-2839-48b4-874e-ade0826debec,DC4bOPWvUc-n93Mu2iMovw_060_box0.jpg,ARMAGH,National,Pole-mounted (in ground),Union Jack,5,2025-08-29 08:37:18.019493+00,May,false,,
4f76f8be-9f5a-41bd-8751-66a5f909db59,eFzgJHPB9TqraAl3WTMwaw_240_box0.jpg,BELFAST_CITY,Review,,,,2025-08-14 13:40:48.824476+00,Pat,true,Unclear image,
4f8e460a-f584-4f6d-adf0-2d66755e7376,8vJuYCY3jIRPtnRVmJPiQg_300_box0.jpg,CARRICKFERGUS,National,Lamppost-mounted,Union Jack,2,2025-08-07 19:57:29.960171+00,Byron,false,,
4f921d3e-b2b3-4556-ae40-36cc51488b20,ae9MKcPSYP58PYQgn-uFXg_000_box0.jpg,CARRICKFERGUS,Review,,,,2025-08-06 22:48:13.551706+00,May,true,Not a flag,
4fa97e0e-a0d7-4aa0-af01-94f5028a23f0,AnFEUGfv_l_k0mXGSzr39Q_180_box0.jpg,LISBURN_CITY,National,Building-mounted,Union Jack,5,2025-08-13 08:26:25.705141+00,Pat,false,,
4fc55044-c6d9-4e17-a777-3b08ad0ff957,0HnjjbOtS8HYTP-YQWajaQ_060_box0.jpg,METROPOLITAN_NEWTOWNABBEY,National,Lamppost-mounted,Union Jack,5,2025-08-28 20:09:55.215479+00,May,false,,
4fd7e8fd-4585-4636-9e09-40309ba45955,SlUMQgRZpJRAg5tAlq_u7A_000_box0.jpg,BALLYMENA,National,Building-mounted,Ulster Banner,5,2025-08-28 19:53:07.49279+00,May,false,,
4fe6cc84-fb98-4f9a-be47-48990750b4cb,Ex0qvCMEglT1QBefAqONZw_180_box0.jpg,METROPOLITAN_NEWTOWNABBEY,Fraternal,Lamppost-mounted,Apprentice Boys,5,2025-08-17 16:57:53.42119+00,May,false,,
4ffbb984-ab23-4510-a0c2-f035c7067454,wXIjgoH-OUfzWr8NNKvVPw_240_box0.jpg,LARNE,National,Building-mounted,Union Jack,5,2025-08-14 12:28:26.58676+00,Pat,false,,
4fffb4e7-0bf2-44b5-b62e-362cba189d2d,1V09x1X9c3GEud3oikHJRw_300_box0.jpg,BELFAST_CITY,National,Building-mounted,Union Jack,5,2025-08-14 12:57:17.322013+00,Pat,false,,
50033835-f73a-45c7-90d8-cec3dbe4aec9,J900fndSujwjR6fvb9A5zw_240_box0.jpg,NEWTOWNARDS,National,Pole-mounted (in ground),Union Jack,5,2025-08-28 20:33:17.113896+00,May,false,,
503c8d97-49be-49bd-8b1e-d4deb1767f4c,ka_V76ZGKj7j_hNzLfZcMQ_180_box0.jpg,BELFAST_CITY,National,Building-mounted,Union Jack,5,2025-08-13 22:36:56.901564+00,May,false,,
50691c77-719d-4d61-94b9-7d92fe7b2bbf,lvOrL3nWyHw6zWYnsexG8w_060_box0.jpg,BALLYMENA,National,Building-mounted,Union Jack,5,2025-08-14 13:46:21.441627+00,Pat,false,,
506fb760-6679-4389-87ce-4af60c0f10bd,UJg_XtdXNtqGgq8mLO34Pw_300_box0.jpg,BANGOR,Proscribed,Lamppost-mounted,UVF,3,2025-08-07 20:22:45.308418+00,Byron,false,,
50722638-909c-4c7c-8ec6-2370f76c31f7,7PekKQny0cF8KtkOjIzL0Q_120_box0.jpg,BELFAST_CITY,National,Building-mounted,Union Jack,5,2025-08-13 16:35:06.321482+00,Pat,false,,
50810f08-96f3-48b1-88ac-0ed227251358,ZOEa_2NSDZbJqnjnIZjfUQ_240_box0.jpg,HILLSBOROUGH_AND_CULCAVY,National,Lamppost-mounted,Union Jack,5,2025-08-14 14:05:06.325417+00,Pat,false,,
50cd9a06-ff8f-4235-bc5a-4b881e5ad842,G-LZfWFM7DTK9845TiYYbQ_180_box0.jpg,CARRICKFERGUS,National,Building-mounted,Union Jack,5,2025-08-29 08:16:01.038052+00,May,false,,
50ce87fa-da11-468b-aab6-a0f2ecfc6708,ImDximmS6TuDihoHUvVs3g_000_box0.jpg,LIMAVADY,Review,,,,2025-08-07 08:53:55.603784+00,May,true,Unclear image,
50e77486-ae70-403d-bf2b-a12b0288c0a7,rmjcEPVD2WdSJd-or3YrwQ_300_box0.jpg,CRAIGAVON,Review,,,,2025-08-14 12:24:28.153051+00,Pat,true,Complex case,
50f01799-82ce-42bf-8c1b-fbdfa675a069,29-2RTfZriWtKFw05IIlCw_180_box0.jpg,METROPOLITAN_NEWTOWNABBEY,National,Building-mounted,Union Jack,5,2025-08-14 12:59:16.931812+00,Pat,false,,
5116dbcd-908a-4385-86b2-9cc966f78a8d,vrKa0_T9nXKeXw21vBkTDw_120_box0.jpg,WARINGSTOWN,National,Pole-mounted (in ground),Union Jack,5,2025-08-12 15:50:19.267952+00,Pat,false,,
512589d0-58f2-49ba-be84-4e20abe5ffa0,xmaTQLyi6nFX8G-5rEChlw_060_box0.jpg,BELFAST_CITY,National,Building-mounted,Ulster Banner,5,2025-08-14 13:47:21.821281+00,Pat,false,,
513f661f-85b7-475d-8b2b-eba55a1cdb73,Zd2NjVGbny5C_LtilN8CvA_300_box0.jpg,BELFAST_CITY,National,Lamppost-mounted,Union Jack,5,2025-08-12 15:59:48.772829+00,Pat,false,,
515559e7-28a2-486f-b212-a7e40ddb5411,RlanhDzCTk8YhDht7wzKXA_120_box0.jpg,BELFAST_CITY,National,Building-mounted,Union Jack,5,2025-08-14 11:11:11.508211+00,Pat,false,,
515da16a-aefb-444d-8cbe-7796d7502e71,MbKpz--YV-QW2t9Kxu4RLA_240_box0.jpg,NEWTOWNARDS,Proscribed,Building-mounted,Other Proscribed,5,2025-08-14 09:34:23.771347+00,Pat,false,,
51786eb0-8701-4892-a5ff-885f072985f5,8fLalOlBHh23h5kHAa4yHg_300_box0.jpg,LARNE,National,Building-mounted,Union Jack,5,2025-08-17 16:01:08.427272+00,May,false,,
5178e07d-91e8-42f0-b438-4772d884e6b9,PpoUIcuek9Xvr0Zag8BoWQ_180_box0.jpg,ANTRIM,National,Lamppost-mounted,Ulster Banner,5,2025-08-13 22:12:20.122607+00,May,false,,
51885644-18b1-4dff-bffa-2fe11dbd495e,Sz5Rxcc6edIZoFmEdoEWMw_060_box0.jpg,LIMAVADY,National,Lamppost-mounted,Irish Tricolor,5,2025-08-06 23:04:59.566487+00,May,false,,
51a84d98-8f3a-4fcc-888f-bac1b2e7c198,asH-RF-hIE9uDeyiAinp-Q_180_box0.jpg,BALLYMENA,National,Lamppost-mounted,Ulster Banner,5,2025-08-14 10:52:57.766794+00,Pat,false,,
51a9c18e-1d99-4db4-8d21-17144f26fef0,eDl1QvofoPVEMW5VJZH7kQ_180_box0.jpg,BELFAST_CITY,National,Lamppost-mounted,Ulster Banner,5,2025-08-13 22:50:21.405463+00,May,false,,
51c7d7f0-ce9b-483d-8cb3-03f547d510f3,KrqPzGT7cM7arTPeG5dGaA_180_box0.jpg,BELFAST_CITY,National,Building-mounted,Union Jack,5,2025-08-29 08:50:30.546335+00,May,false,,
51c98198-e7b5-4acf-844c-6da96e011e36,V3VT-0YhmJSGbCPOzl1KrA_060_box0.jpg,LISBURN_CITY,National,Lamppost-mounted,Union Jack,5,2025-08-14 10:22:37.850991+00,Pat,false,,
51d217e0-6eac-41e3-889d-1984deabaf15,6F4IzH-8bxhd0-Gx7MtKpg_180_box0.jpg,CRAIGAVON,National,Building-mounted,Union Jack,2,2025-08-14 11:08:17.05082+00,Pat,false,,
51e0b062-fa8d-440f-8a72-255b4a676568,B3E-_0E8528Y78e1_CQkPg_300_box0.jpg,GREENISLAND,National,Lamppost-mounted,Union Jack,5,2025-08-14 13:37:53.123062+00,Pat,false,,
51e342c7-cd62-4167-9b8d-5c0e25e74ce5,sLMGLAwHuqAmCxT-Sq7vYA_000_box0.jpg,LARNE,National,Lamppost-mounted,Ulster Banner,5,2025-08-14 10:20:34.1771+00,Pat,false,,
520fd78d-469b-4f85-b856-dc1425d545b0,_9NN5qTVsEMgfk0Oa0ei6w_180_box0.jpg,BELFAST_CITY,National,Building-mounted,Scottish Saltire,3,2025-08-17 16:01:40.434091+00,May,false,,
52188680-9782-44d8-82db-75c8ab88d9f9,T8F7QSFYCGVHDHX3HD7Ybw_300_box0.jpg,BELFAST_CITY,International,Lamppost-mounted,Other International,5,2025-08-28 20:16:10.031787+00,May,false,,
5228f34e-193b-40db-bbb3-6b34d635114e,5B3B7fvYInI_h8l54jvFOg_240_box0.jpg,BELFAST_CITY,National,Lamppost-mounted,Union Jack,5,2025-08-28 20:38:48.70375+00,May,false,,
522b56dd-9375-4fa2-bbfb-b660fc23a571,G6Cg23XThUwaYkKs0eMQ5g_300_box0.jpg,BELFAST_CITY,National,Lamppost-mounted,Union Jack,5,2025-08-28 19:50:31.557167+00,May,false,,
522dd445-85f8-49a7-9d09-86b08bd64c27,H4z9pQ49Ypwx47SW7skLqw_060_box0.jpg,BELFAST_CITY,National,Lamppost-mounted,Union Jack,5,2025-08-28 20:27:09.623295+00,May,false,,
5235d698-eba5-475f-80d5-d0b8db9851dd,bxGxoHLLFy2CDqtSG4S9tw_180_box0.jpg,METROPOLITAN_NEWTOWNABBEY,Review,,,,2025-08-11 18:25:05.624727+00,Pat,true,Complex case,
524672b9-ceba-4c58-9a56-480e42a77dae,9RDvEijkv2vxJypupkpK2A_300_box0.jpg,BELFAST_CITY,National,Lamppost-mounted,Union Jack,5,2025-08-29 08:24:07.169677+00,May,false,,
5257ce76-bd63-4ad1-92b2-7fb6f8ceac36,R4qmumPpxmg-KXoIYSTSlA_060_box0.jpg,BELFAST_CITY,National,Building-mounted,Union Jack,5,2025-08-29 08:42:20.207382+00,May,false,,
52588e0e-0248-471f-a6d0-05cfa2ba8320,BwCtYm4lKs3gewdI-IrP7w_000_box0.jpg,BALLYCLARE,National,Building-mounted,Union Jack,5,2025-08-14 13:47:37.333906+00,Pat,false,,
526ccd4f-3fb4-46e9-a9dd-a1fff86c70ac,wKzDvBAtsHDKcBE6RxBKFQ_000_box0.jpg,LISBURN_CITY,National,Lamppost-mounted,Ulster Banner,5,2025-08-17 14:29:05.837433+00,May,false,,
52702619-dfd9-49ec-bdab-a4eba32293f1,87jWYkvVwAcgAgTR2i_UXw_060_box0.jpg,BANGOR,National,Lamppost-mounted,Union Jack,5,2025-08-07 19:59:56.623305+00,May,false,,
527040aa-68a0-4faa-9010-422a01da105a,_bK-4zKx3eo-q_EO0BBBfA_240_box0.jpg,GREENISLAND,National,Building-mounted,Union Jack,5,2025-08-13 22:54:01.735436+00,May,false,,
527e9265-68d8-443e-a7fd-42a69698dc4a,yZBBbO3ldZ8Nu_CoHPoyRQ_240_box0.jpg,BALLYMENA,National,Lamppost-mounted,Ulster Banner,5,2025-08-28 19:50:39.0046+00,May,false,,
5294c835-9a9e-44d0-873d-7e525ade6a5d,A5qtGXtRiyaQO4rov5yZZg_180_box0.jpg,BELFAST_CITY,National,Building-mounted,Union Jack,5,2025-08-17 14:37:56.382676+00,May,false,,
52a07a4a-9015-4d1a-89fe-75e8da82cfd1,XjuOJfK03nQFhI2RmYrm2g_000_box0.jpg,BELFAST_CITY,National,Building-mounted,Union Jack,5,2025-08-29 08:43:56.686993+00,May,false,,
52a0a7b4-7569-4b73-883b-2c7cb401819c,Bkl2PUyVAWcfxfL97-BWtQ_300_box0.jpg,CARRICKFERGUS,National,Building-mounted,Union Jack,5,2025-08-22 22:17:02.042574+00,May,false,,
52b16370-14ab-4b1f-b2f2-f1b3ffd74327,jX5hczQNR8srWdlAsNH7MQ_180_box0.jpg,LISBURN_CITY,National,Lamppost-mounted,Union Jack,5,2025-08-17 14:35:20.978413+00,May,false,,
52b733e7-21d6-45e3-bcb5-6e31ce89f1ea,jWZ3REZFehjyqejI-Dnp2g_300_box0.jpg,CARRICKFERGUS,National,Lamppost-mounted,Union Jack,5,2025-08-28 20:27:15.567592+00,May,false,,
52d8367e-2901-4d76-a6fd-64fad31109d4,bx3s1jrD82breoNzd09FlQ_000_box0.jpg,WHITEHEAD,National,Lamppost-mounted,Union Jack,5,2025-08-13 22:28:42.505581+00,May,false,,
52db10c6-ee2a-49d4-9a02-2dde0d3f896f,qSW4RK-aKM9i5uH0khmnFg_240_box0.jpg,LISBURN_CITY,National,Pole-mounted (in ground),Union Jack,5,2025-08-17 15:35:39.609694+00,May,false,,
52db5404-5f2f-43c4-8251-1f7437a5c5d8,mKW0WJh4U5YfxHSrl3S57Q_180_box0.jpg,ANTRIM,National,Pole-mounted (in ground),Union Jack,5,2025-08-28 20:08:49.899829+00,May,false,,
52de8f78-fe33-43d8-afe8-448392fb7afb,vSnlwGWW2__JVP5U6reFtg_240_box0.jpg,METROPOLITAN_NEWTOWNABBEY,National,Building-mounted,Union Jack,5,2025-08-13 22:38:47.920575+00,May,false,,
52e1f759-131e-430e-b10e-70c40985dd41,g2oSCJMM8xsOjF8ZssPFkw_120_box0.jpg,METROPOLITAN_NEWTOWNABBEY,National,Pole-mounted (in ground),Ulster Banner,5,2025-08-24 10:10:43.736732+00,May,false,,
530724e0-aad3-4d73-b818-6ef53d944f21,PS9uizFxAwiSVk1KRFJCSg_060_box0.jpg,LISBURN_CITY,National,Lamppost-mounted,Union Jack,5,2025-08-29 08:47:35.406715+00,May,false,,
530acb54-5e6d-4866-bb14-7e6ca372cfea,B-V-wc264QEfxQkqAT9dGw_240_box0.jpg,CARRICKFERGUS,Review,,,,2025-08-06 22:53:25.779266+00,May,true,Unclear image,
533adb9f-bd14-4455-b9eb-761b87e6b708,Xyr0n39Ec_Qn399WJc0MCg_240_box0.jpg,LISBURN_CITY,National,Building-mounted,Union Jack,5,2025-08-17 15:06:35.251215+00,May,false,,
53461cef-2b69-4a1b-a644-5b1443d730d4,uEzzgu28EyihyB6yvOzA3A_000_box0.jpg,BANGOR,Sport,Lamppost-mounted,GAA,4,2025-08-07 19:56:22.239157+00,May,false,,
5348934e-9764-4f60-8a14-3fb1fbf24027,hSudhptuNmAHhUEmiIMHrA_120_box0.jpg,METROPOLITAN_NEWTOWNABBEY,Review,,,,2025-08-14 14:04:45.124929+00,Pat,true,Complex case,
5364d06c-35e8-4da9-bf4a-d55dccfac3e7,-hWjZCDJXsj2SJoWOEoXRQ_240_box0.jpg,LARNE,National,Lamppost-mounted,Union Jack,5,2025-08-14 13:58:54.410434+00,Pat,false,,
5369628a-2fcc-4975-9e8a-1f4c6bd051fb,gKSF9i7nORAj4d0sx1_snQ_060_box0.jpg,BELFAST_CITY,National,Lamppost-mounted,Scottish Saltire,5,2025-08-29 08:33:39.802928+00,May,false,,
53711e3e-9ec6-4379-85e0-7fb4ad1c8891,auXBuk5eE41Ph4l75Hi-VA_000_box0.jpg,METROPOLITAN_NEWTOWNABBEY,National,Lamppost-mounted,Scottish Saltire,5,2025-08-09 11:50:30.363148+00,Byron,false,,
5372c259-49ba-4dc1-9831-05330539d420,q-eSEkliH1tM9tIF93kVzg_180_box0.jpg,CARRICKFERGUS,National,Building-mounted,Union Jack,3,2025-08-14 10:10:05.565113+00,Pat,false,,
53778ac0-d71b-4938-89fa-852e0cab6047,aHC_ZuFO74Go_jEj6zkI7A_240_box0.jpg,BELFAST_CITY,National,Building-mounted,Union Jack,5,2025-08-17 18:24:12.004268+00,May,false,,
53786ec7-1177-4e93-81ba-bfe9ff0d26a5,ogDi0_wxXdClckb-l_iKVg_300_box0.jpg,CARRICKFERGUS,National,Building-mounted,Union Jack,5,2025-08-13 08:57:18.278769+00,Pat,false,,
53893c09-bc73-431e-9d9b-0ccf8cd912b8,KW9fDd81TzjL6WqfyCVmqQ_180_box0.jpg,METROPOLITAN_LISBURN,National,Building-mounted,Union Jack,5,2025-08-14 13:01:23.354025+00,Pat,false,,
53902c29-7834-4005-b0f7-43bca4c5a6c0,bqhpmGlbPPVlPqQLQp9kNA_120_box0.jpg,CARRICKFERGUS,National,Building-mounted,Union Jack,5,2025-08-28 19:55:24.744251+00,May,false,,
539753f1-6a43-44ad-9edd-6c8c5cdadc65,HZXlBAR9dtYDoC3j8IP4BA_000_box0.jpg,LIMAVADY,National,Lamppost-mounted,Ulster Banner,5,2025-08-07 20:02:24.257958+00,Byron,false,,
53a166a1-a3b9-4e90-8be8-43bb44d71730,4Qi7nMHTCvh5tzF4CxJSjQ_060_box0.jpg,BELFAST_CITY,National,Lamppost-mounted,Union Jack,5,2025-08-28 20:43:20.085015+00,May,false,,
53b3cf14-ec9f-4529-b424-b28caefe86cc,rTeZbQtCU5GvGvupM0qdtg_240_box0.jpg,BELFAST_CITY,Review,,,,2025-08-11 18:26:55.067259+00,Pat,true,Not a flag,
53cb995a-8665-4c33-8fcb-f95b5d52aadb,nt1Q59TBL5N8zv0gBOkbVw_120_box0.jpg,ANTRIM,Historical,Building-mounted,WW1 Commemorative,5,2025-08-13 21:58:09.645513+00,May,false,,
53e37c05-cfdd-4f3d-8e47-9bd7d57805c2,sBa7d_KiNTekLMXLBb_6vQ_240_box0.jpg,BANGOR,Review,,,,2025-08-08 09:03:49.610875+00,May,true,Unclear image,
53e46592-0b02-420d-a463-4ec73337e67b,a9FGQ_XqQkQVeu7DaB9W-A_120_box0.jpg,BALLYMENA,National,Pole-mounted (in ground),Union Jack,5,2025-08-14 09:43:42.493459+00,Pat,false,,
53e63d7e-6cb7-4d37-aa37-ee22f847bb8d,QRQWaSMBLudT_-NlE1NjBQ_240_box0.jpg,BELFAST_CITY,National,Lamppost-mounted,Union Jack,5,2025-08-28 20:45:21.720328+00,May,false,,
53e9352e-a8d2-416f-a909-477fff764350,_qsirQWdHTvpIrNFNWqoSQ_060_box0.jpg,NEWRY,National,Lamppost-mounted,Union Jack,5,2025-08-07 20:15:49.086271+00,Byron,false,,
53ebce5b-75a0-480c-9230-78261273a441,Uvw-fEyFFt4EQq6hIbYkJQ_180_box0.jpg,METROPOLITAN_LISBURN,National,Building-mounted,Union Jack,5,2025-08-17 17:04:13.520035+00,May,false,,
53f198d6-92b5-4425-bcc0-8c51759d5685,dnfit7fBNL5OC2ZQBOpWMQ_000_box0.jpg,BALLYCLARE,Sport,Lamppost-mounted,Supporters Club,5,2025-08-24 10:36:50.834507+00,May,false,,
54122709-49ae-4ea9-929e-5493f8ce8578,LolGr6dQrq70lhjJ9hmHcg_300_box0.jpg,BELFAST_CITY,Review,,,,2025-08-13 22:56:01.758861+00,May,true,Not a flag,
54206445-a75c-4665-96f5-d21c8148efee,r11oCMcoHawmnuioQqhfCw_300_box0.jpg,CRAIGAVON,Review,,,,2025-08-14 13:06:42.265138+00,Pat,true,Complex case,
5422d90f-604d-40c0-985c-af69e211d703,7_FqPr9lNObzAfVLyC6gcA_120_box0.jpg,BELFAST_CITY,National,Building-mounted,Union Jack,5,2025-08-17 17:04:33.635702+00,May,false,,
5432bf6a-81f2-4133-a6de-5b4ecbd61f01,L6eD-UlW8NygwOAsCRK5kQ_180_box0.jpg,NEWRY,National,Lamppost-mounted,Irish Tricolor,4,2025-08-07 20:17:06.0356+00,Byron,false,,
5445a9a7-2587-4d2e-adb2-f6a1716e8f3d,JGDGUaBm1TnQmF7DeL5sTg_060_box0.jpg,WARINGSTOWN,National,Lamppost-mounted,Union Jack,5,2025-08-14 13:10:37.91181+00,Pat,false,,
54541190-d652-4367-9863-97530c52f0a6,mKE5cWe5VhqxROkqj7otqQ_180_box0.jpg,BALLYCLARE,National,Building-mounted,Union Jack,5,2025-08-14 10:17:52.142211+00,Pat,false,,
5482c921-d29a-4f2a-86ef-9c8de8cce455,vyYI4k_0eROX3DWa4DZ2QA_060_box0.jpg,BANGOR,National,Building-mounted,Scottish Saltire,5,2025-08-07 20:22:18.051586+00,Byron,false,,
5483b297-57eb-4068-9bc2-ff18ece903dc,o2CX3wSWTWbB--eFWxpdfg_180_box0.jpg,BELFAST_CITY,National,Lamppost-mounted,Union Jack,5,2025-08-17 15:35:26.56506+00,May,false,,
549b3a6a-a537-401f-8b9f-39cbc195bfe1,z8WyAA34-B2Ecdgj_yGUlA_060_box0.jpg,NEWRY,National,Pole-mounted (in ground),Irish Tricolor,5,2025-08-07 09:06:00.043537+00,May,false,,
54ab8982-a509-49f1-998a-8a6ac389d10f,sOcgwjexTu0wtYOqM8pDyw_180_box0.jpg,METROPOLITAN_NEWTOWNABBEY,National,Lamppost-mounted,Union Jack,5,2025-08-08 09:34:16.971352+00,May,false,,
54af309c-5b91-489d-837a-25624a353877,ZShg24Kig2u9jpmzn5MwPw_240_box0.jpg,METROPOLITAN_NEWTOWNABBEY,Review,,,,2025-08-14 13:42:53.797719+00,Pat,true,Complex case,
54b65477-b411-4c6d-bd3b-7202cb746c95,mlIAqCk-luhzuSnU-N-kxg_060_box0.jpg,CARRICKFERGUS,Fraternal,Lamppost-mounted,Orange Order,5,2025-08-06 20:50:01.667245+00,May,false,,
54b6ff57-9aa2-4c14-bb0b-b588b61c23da,5w7-hGe9BjXz-ol7Bf2bSw_000_box0.jpg,HOLYWOOD,National,Lamppost-mounted,Union Jack,5,2025-08-14 12:35:04.842269+00,Pat,false,,
54bdc638-5295-42d1-8c0a-9736a3716614,JGDGUaBm1TnQmF7DeL5sTg_060_box0.jpg,WARINGSTOWN,National,Lamppost-mounted,Union Jack,5,2025-08-28 20:45:24.014842+00,May,false,,
54ceadbf-3444-45f2-a603-695b5d8d7f03,I31gSnUDvar6RwmSE8EZ6w_120_box0.jpg,BELFAST_CITY,National,Building-mounted,Union Jack,5,2025-08-13 22:13:43.74075+00,May,false,,
54e148f2-781f-49a5-b88e-781b91a0a725,weYZL1c54gxASzzk1c_17A_300_box0.jpg,ANTRIM,National,Lamppost-mounted,Union Jack,5,2025-08-14 10:57:35.230378+00,Pat,false,,
54eac88e-8562-489b-9939-e7cce113eef8,KAcZy_uKhcPegXDxWO1N7A_120_box0.jpg,BELFAST_CITY,National,Lamppost-mounted,Ulster Banner,5,2025-08-28 20:04:00.400769+00,May,false,,
5500c54d-160b-4cad-b0f9-3ea2cd05568d,GCvY7WONH8R8O0wY1VVK7A_060_box0.jpg,NEWRY,National,Lamppost-mounted,Irish Tricolor,5,2025-08-07 09:07:53.984092+00,May,false,,
5502cf1e-8fc1-4a08-9c4f-11efe977edeb,bzwWcsZ3TPMRVfqK_h42KA_240_box0.jpg,LISBURN_CITY,National,Building-mounted,Union Jack,5,2025-08-14 14:03:29.221295+00,Pat,false,,
55090d07-5e2b-4d8b-805a-5292488936af,Qopht4f9GhyXW2yYhA7vhw_120_box0.jpg,CARRICKFERGUS,National,Building-mounted,Union Jack,5,2025-08-14 12:43:20.642399+00,Pat,false,,
551446ce-85c3-4852-b6a4-bcaeac4aa8aa,r_pH1jDysvsMeWg82rLWCQ_240_box0.jpg,BANGOR,Review,,,,2025-08-09 11:41:28.515782+00,Byron,true,Not a flag,
55162df6-96f3-428f-9545-f01516529bf9,d8S-amHFKi1lzEzaHM5F6Q_300_box0.jpg,COOKSTOWN,National,Building-mounted,Union Jack,5,2025-08-14 12:44:04.984181+00,Pat,false,,
5535c292-bf4b-43c0-be4e-021abfe3e612,jKIFonheba4ZcDicgJy96Q_300_box0.jpg,HOLYWOOD,National,Building-mounted,Union Jack,5,2025-08-22 22:28:20.585933+00,May,false,,
553c7a93-5547-479c-b6a6-c82c3c7aaaf9,EXWquDtf6JMa2vs08TrYDQ_060_box0.jpg,CARRICKFERGUS,Review,,,,2025-08-06 22:53:33.723958+00,May,true,Unclear image,
553dfb98-c1c6-4191-8972-44ccbe07976c,R7crVx-NrrNeHcUm-EuvXw_120_box0.jpg,ANTRIM,National,Building-mounted,Union Jack,5,2025-08-17 16:57:32.957193+00,May,false,,
5548b118-0581-4333-ad9f-a434f9268d21,1JUiZGsiNn6VhxozX8YI4A_000_box0.jpg,BALLYMENA,National,Building-mounted,Union Jack,5,2025-08-13 16:22:35.32447+00,Pat,false,,
55492832-41cd-4fdd-82bb-a8c9a33cf6dd,EVZTUCHbIQXQZ-FAKiQJ9Q_300_box0.jpg,BELFAST_CITY,International,Building-mounted,Other International,5,2025-08-15 20:54:15.497217+00,May,false,,
555254d2-3263-49d8-975f-11d94ee9da08,wsYI0iP729LeZQ-6rCt9FA_120_box0.jpg,BELFAST_CITY,National,Building-mounted,Union Jack,5,2025-08-11 18:13:37.606758+00,Pat,false,,
555c4ce8-b375-4260-a6f5-c229765d2b90,4MGj2NjjCBy5uWvEnx2lfQ_240_box0.jpg,BANGOR,National,Lamppost-mounted,Ulster Banner,2,2025-08-08 08:27:10.292304+00,May,false,,
555f8da7-8e34-40b5-b889-d0ee016e9165,X26iZXdwizOg_GrWJag9hA_300_box0.jpg,COLERAINE,National,Building-mounted,Union Jack,5,2025-08-22 22:13:11.030697+00,May,false,,
5561463b-27bc-477a-b226-989d7e85f331,2BewwCNvt1Sz740f2Dq41A_180_box0.jpg,NEWRY,National,Lamppost-mounted,Irish Tricolor,5,2025-08-07 20:15:25.2671+00,Byron,false,,
556d3136-0c63-4466-a312-5a67a5b5129a,uCM1dMEmvXZdM7Eiq9op3Q_180_box0.jpg,LISBURN_CITY,Review,,,,2025-08-14 13:17:48.794796+00,Pat,true,Unclear image,
557774a1-9e22-49d3-9cbf-791a296386c5,-am2J-C0J3RwlTE--swDsA_300_box0.jpg,NEWRY,National,Pole-mounted (in ground),Union Jack,5,2025-08-17 17:04:24.262375+00,May,false,,
557bd799-1b2b-4fb2-98bb-65774e52ad83,3DSqv2qjs71IQZI9lNrxUg_300_box0.jpg,BALLYMONEY,National,Lamppost-mounted,Union Jack,5,2025-08-15 00:34:04.715355+00,May,false,,
559fde39-7a44-4958-a997-c96544013729,T8F7QSFYCGVHDHX3HD7Ybw_300_box0.jpg,BELFAST_CITY,Review,,,,2025-08-14 12:32:32.883214+00,Pat,true,Complex case,
55b3c7c4-88d1-4d37-b35d-d039796219c8,A-4L-cn-e2JKs137VTzhAA_060_box0.jpg,DUNGANNON,National,Pole-mounted (in ground),Union Jack,5,2025-08-17 18:22:46.680613+00,May,false,,
55d2746e-b0ea-4d32-ab9a-48662d009d69,hr8Lsx0HpfSScjymjitdEw_000_box0.jpg,BELFAST_CITY,Review,,,,2025-08-14 13:01:38.763659+00,Pat,true,Unclear image,
55e4f77c-bcdc-4655-8d72-e18f869a4e88,VFP2rgWquyetfggnaWq4nw_300_box0.jpg,BELFAST_CITY,National,Lamppost-mounted,Union Jack,5,2025-08-17 16:21:21.243756+00,May,false,,
55f7268b-46ed-4a9c-81f2-177d212878ca,-lr6IbBi1kcgUx08IcMIoA_240_box0.jpg,BALLYMENA,National,Building-mounted,Union Jack,5,2025-08-17 18:23:28.784565+00,May,false,,
55f8b7e7-f952-4a53-bd8e-3395cbf55e86,2WHLNheD6qRpGDSiYY-JvQ_000_box0.jpg,ANTRIM,National,Lamppost-mounted,Union Jack,5,2025-08-13 22:07:44.333908+00,May,false,,
55fd6f85-c1e5-4a56-a784-666d1d88a9aa,0HnjjbOtS8HYTP-YQWajaQ_060_box0.jpg,METROPOLITAN_NEWTOWNABBEY,National,Lamppost-mounted,Union Jack,5,2025-08-14 12:26:44.638778+00,Pat,false,,
56142250-6e4e-443e-af33-60beab65aa8c,ez9olZGKE-fY0KYLyQCtgQ_000_box0.jpg,BELFAST_CITY,National,Building-mounted,Union Jack,5,2025-08-12 15:25:41.049588+00,Pat,false,,
56274974-f39e-496a-ad11-514acb0863dc,mnWE17VmgHjlVZRQpl_g8g_060_box0.jpg,BANGOR,Review,,,,2025-08-07 20:21:03.115036+00,Byron,true,Not a flag,
5641a207-cd88-49f1-a0b7-a7778391e008,H2i2E41WJyAx5fZPBNAkrQ_120_box0.jpg,HILLSBOROUGH_AND_CULCAVY,National,Lamppost-mounted,Union Jack,5,2025-08-13 08:24:32.019188+00,Pat,false,,
5673f7cc-af85-480c-bfc1-b6f4a2455f1c,0ia_W566SV3nMRV1a4k4rw_120_box0.jpg,BALLYMENA,National,Building-mounted,Union Jack,5,2025-08-14 13:25:46.687246+00,Pat,false,,
5681866e-ee81-4f85-826c-c01d9370dbcb,ZqE6XB7TwgS2DNlvVFGVNQ_000_box0.jpg,BELFAST_CITY,International,Building-mounted,European Union,5,2025-08-13 22:06:08.634558+00,May,false,,
568b83ee-a182-4d4e-9a25-264ffea2aab7,dnfit7fBNL5OC2ZQBOpWMQ_000_box0.jpg,BALLYCLARE,Proscribed,Lamppost-mounted,Other Proscribed,5,2025-08-14 10:55:08.340566+00,Pat,false,,
56d28246-e721-4d7b-aabc-205c1dff6431,LAAPscEhNdUpMagFge2CLw_120_box0.jpg,LISBURN_CITY,National,Lamppost-mounted,Ulster Banner,5,2025-08-12 16:14:46.055323+00,Pat,false,,
56d9622a-b8ac-4ee2-a26a-944334c7202f,J1LmgV_zbMF3I8agrVtlMA_240_box0.jpg,ARMAGH,National,Lamppost-mounted,Union Jack,5,2025-08-29 08:13:37.496087+00,May,false,,
56e13114-d09e-43d2-8657-8674fce1bdf0,2jRbBQCB3Vyifrt0xZBgkQ_060_box0.jpg,DERRY_CITY,National,Lamppost-mounted,Irish Tricolor,5,2025-08-12 15:24:10.453781+00,Pat,false,,
56e3fb16-ebdd-4c40-a4d5-ebacef1d7096,UGJzPSjRvhgx_E6tBafO0Q_120_box0.jpg,BELFAST_CITY,National,Lamppost-mounted,Union Jack,5,2025-08-12 15:31:05.457935+00,Pat,false,,
56e6757c-fa20-4ab6-b2a4-93142ebd0887,MM-xuqolz3f4Eq_5P5cL4A_240_box0.jpg,BELFAST_CITY,National,Lamppost-mounted,Union Jack,5,2025-08-29 08:30:52.58943+00,May,false,,
56ebe523-b798-4823-9d00-4fb3b5aa7789,uJLcXCtoR-IL09vpFym1nQ_120_box0.jpg,CRAIGAVON,National,Building-mounted,Union Jack,5,2025-08-13 22:26:36.211234+00,May,false,,
56efd184-10b1-4c0b-b5f4-2fc56d9d30a8,Z1r67MMrHpxFsVHLJT6IgA_240_box0.jpg,METROPOLITAN_LISBURN,National,Building-mounted,Union Jack,5,2025-08-14 13:50:15.635402+00,Pat,false,,
56f2105d-9718-4ef9-9de5-29cb24ee3181,XyBJThdeUFagKTtbMryOFA_060_box0.jpg,ANTRIM,National,Lamppost-mounted,Union Jack,5,2025-08-28 20:29:52.634155+00,May,false,,
56f4ce29-638f-4d9c-8c63-a56435e08c43,p8IWVNLfyRnD22kLd2E8mg_120_box0.jpg,BELFAST_CITY,National,Lamppost-mounted,Ulster Banner,5,2025-08-11 18:23:56.817191+00,Pat,false,,
5725fd6f-bd9b-41a3-bef0-17c8916d6f62,VfQxlBzze81V6HSaMlXCbg_240_box0.jpg,ARMAGH,Sport,Building-mounted,Supporters Club,5,2025-08-14 09:27:10.81114+00,Pat,false,,
572b49eb-7dfb-40b5-910f-1c336b67f2ea,d-QUTa9eY8w2rldn2j95fw_300_box0.jpg,BELFAST_CITY,National,Building-mounted,Ulster Banner,5,2025-08-14 14:12:09.436485+00,Pat,false,,
5736feb1-edef-458f-a5a6-d8763a753960,WuGVJe_o1yUWpLwnPD65Fw_000_box0.jpg,LARNE,National,Building-mounted,Union Jack,5,2025-08-13 08:45:14.862343+00,Pat,false,,
5750daec-113e-4c0d-8bca-71f62ed16c3c,aHC_ZuFO74Go_jEj6zkI7A_240_box0.jpg,BELFAST_CITY,National,Building-mounted,Union Jack,5,2025-08-14 10:14:37.252366+00,Pat,false,,
5751f665-05b5-44fb-96fd-7966379aea88,KsMpX1b7ZsUW3D0vIPJeDA_000_box0.jpg,LISBURN_CITY,National,Lamppost-mounted,Union Jack,5,2025-08-24 10:07:59.315311+00,May,false,,
57648616-ad8b-4075-a7a4-ae5bc24aa140,S6FEoVL220aouhG-m5DrmA_240_box0.jpg,METROPOLITAN_NEWTOWNABBEY,National,Building-mounted,Union Jack,5,2025-08-08 10:20:25.691331+00,May,false,,
5779b849-bd4f-4fcd-851b-c78871487f9d,6EduhrqRiEHr24KwWAsd2g_180_box0.jpg,OMAGH_TOWN,National,Lamppost-mounted,Ulster Banner,5,2025-08-14 12:34:36.695454+00,Pat,false,,
57a3f00d-b5c4-4321-a027-0344f221f490,X-igguxcFHw4O5PlyUOm2w_180_box0.jpg,BELFAST_CITY,National,Lamppost-mounted,Union Jack,5,2025-08-28 20:40:06.672911+00,May,false,,
57a68d0e-637b-4376-9c7a-67194729dada,BGJCRY1iDy_w4AD1uWVwUw_180_box0.jpg,DUNGANNON,Fraternal,Pole-mounted (in ground),Red Hand Defenders,5,2025-08-15 00:48:47.53905+00,May,false,,
57acec1a-a4f3-4309-9d94-231a81b6d479,IFeqPrftMtl5XqIj9F0LLw_240_box0.jpg,BELFAST_CITY,National,Building-mounted,Union Jack,5,2025-08-14 09:32:08.606341+00,Pat,false,,
57c9a1c8-80dd-4aa9-9918-704234a4ac0b,cmVbfjZis6zNl__ldOPSSQ_240_box0.jpg,LARNE,National,Building-mounted,Union Jack,5,2025-08-28 19:48:58.554236+00,May,false,,
57d2b4fd-cfc1-471a-9d8e-29e6ca2e1cbb,Zot6f8JIEyoM0RAnuWGnuw_000_box0.jpg,BELFAST_CITY,National,Building-mounted,Union Jack,5,2025-08-12 15:12:55.218079+00,Pat,false,,
57e91538-7039-4387-b63b-c6fc4dd501b8,3bjHxxUHSZNChomBS8bOZw_000_box0.jpg,CARRICKFERGUS,National,Pole-mounted (in ground),Union Jack,5,2025-08-12 14:58:20.154509+00,Pat,false,,
580a1f07-7be7-446d-b463-ab6674579a94,-D6juZiMJt8fE4cG4r7Hog_300_box0.jpg,LISBURN_CITY,National,Lamppost-mounted,Union Jack,5,2025-08-13 22:49:37.042822+00,May,false,,
580dc706-19c9-4ccb-966d-d60f565bad7f,K-5vGlJB7zAJWHvtcQtn5g_240_box0.jpg,LISBURN_CITY,National,Lamppost-mounted,Scottish Saltire,5,2025-08-14 13:09:18.148177+00,Pat,false,,
58328e6f-0a3d-4d41-8cf2-b390eb999d3c,rsS77KN3Z4FcXxO_Tof-ig_180_box0.jpg,LISBURN_CITY,National,Lamppost-mounted,Scottish Saltire,5,2025-08-14 13:46:44.218116+00,Pat,false,,
583a203f-153c-45b7-b06d-628c6215e04e,OtbMwG6FHyDEVnMeaYCHgg_300_box0.jpg,BELFAST_CITY,National,Building-mounted,Ulster Banner,5,2025-08-15 20:52:44.222231+00,May,false,,
583d7a18-a055-465c-9eb2-5a481a7a6b98,mSANcfjAtWBUFFBMEVuJng_000_box0.jpg,GREENISLAND,National,Lamppost-mounted,Union Jack,5,2025-08-14 09:53:23.397528+00,Pat,false,,
58724859-79cb-4768-99e6-99b4d0a1f8ac,vTCUbbojeey38xPIYmWADQ_000_box0.jpg,DONAGHADEE,National,Pole-mounted (in ground),Union Jack,5,2025-08-28 20:46:05.726067+00,May,false,,
5891e81c-eb62-4423-901a-643633352731,SR7hrawSbdz0onfxf7NXcw_180_box0.jpg,MAGHERA,National,Lamppost-mounted,Irish Tricolor,5,2025-08-14 10:51:31.621448+00,Pat,false,,
58a5ba2b-d3af-4459-b9cb-8eced2820e9e,JypR-suL0899BrgrSbiTbA_300_box0.jpg,NEWRY,Review,,,,2025-08-07 20:17:14.866005+00,Byron,true,Unclear image,
58a6bfe2-9f5a-4d3e-bc5d-5f248ff72948,FsCPc7Z-DVvIBwn5lPUFiw_000_box0.jpg,METROPOLITAN_NEWTOWNABBEY,Fraternal,Lamppost-mounted,Red Hand Defenders,4,2025-08-08 09:34:35.601667+00,May,false,,
58c464d4-b173-445e-8604-0e9f8919a430,7QV12LjHnFVGOIaJMd6s8g_300_box0.jpg,BELFAST_CITY,National,Building-mounted,Ulster Banner,5,2025-08-14 12:52:11.575239+00,Pat,false,,
58c528ce-e767-4b94-8d93-2ad206b1e621,fovBIRJyoPjS4XC3U3View_180_box0.jpg,BELFAST_CITY,National,Building-mounted,Union Jack,5,2025-08-14 12:29:53.471551+00,Pat,false,,
58cd37c3-0d30-4e4e-8fb3-11e102f020b3,j4jNYrggIxnw68N9uRrzig_300_box0.jpg,BELFAST_CITY,International,Building-mounted,European Union,5,2025-08-13 22:09:59.132562+00,May,false,,
58e5f7d8-f711-4ea4-9974-d85ae0534a67,9ooVtQW5t_etE6qMlb14MQ_300_box0.jpg,METROPOLITAN_NEWTOWNABBEY,National,Lamppost-mounted,Union Jack,5,2025-08-17 17:04:43.77255+00,May,false,,
58e982d9-933d-4047-9568-a9cbb445bd25,fvpvaSShqRtvaKN2lnC3cg_060_box0.jpg,CARRICKFERGUS,Fraternal,Building-mounted,Orange Order,5,2025-08-07 19:58:27.028769+00,Byron,false,,
58f6dbd2-d6e8-43ba-9f0b-5d015184d7c1,vUI1gl2NA2wHeqlrQ9p9dw_300_box0.jpg,BELFAST_CITY,National,Lamppost-mounted,Union Jack,5,2025-08-28 20:45:10.31153+00,May,false,,
5900ec88-b0d0-496f-90f7-4706a1098430,UxHLdYGUMMXHbIYE_0o36Q_300_box0.jpg,MOIRA,National,Lamppost-mounted,Union Jack,5,2025-08-28 20:17:07.262931+00,May,false,,
5933b3d3-51e1-40b2-a065-6bb3e0d7c9be,jEz5QkbXJIKr1GdK55jyeQ_000_box0.jpg,WHITEHEAD,National,Pole-mounted (in ground),Ulster Banner,5,2025-08-29 08:28:27.689307+00,May,false,,
593facdd-ec47-44d2-af4e-58979293d2cd,-Aj4sGT-glK-lZNSAIdC_A_060_box0.jpg,CARRICKFERGUS,National,Lamppost-mounted,Union Jack,5,2025-08-14 13:22:07.807837+00,Pat,false,,
594b4e2c-4f93-4534-880f-09c814d3759d,eoRdo0EVsdLotsFltSf6Rw_060_box0.jpg,BELFAST_CITY,National,Lamppost-mounted,Union Jack,5,2025-08-13 22:08:15.967151+00,May,false,,
59670f27-5071-40f1-892b-c6e63c927bd8,b6UYHAYiPKqP8FlbpIw8Xw_120_box0.jpg,METROPOLITAN_NEWTOWNABBEY,National,Lamppost-mounted,Union Jack,5,2025-08-09 11:52:23.533294+00,Byron,false,,
596ad223-0a6f-4716-aabe-7e2656b1e1bd,MXssfyZIEKT6H3HeFvGsJg_000_box0.jpg,LIMAVADY,National,Lamppost-mounted,Union Jack,5,2025-08-07 20:02:28.18544+00,Byron,false,,
5990784e-f7ad-4445-b8da-09e0ffd1507f,yUVbbcfD5_deX0BzABe2UQ_000_box0.jpg,METROPOLITAN_NEWTOWNABBEY,Review,,,,2025-08-12 16:15:09.179022+00,Pat,true,Complex case,
59b2479d-0023-4c6d-8c68-477aeff3fe88,GmnTBUP3mu1biFNauEF45g_240_box0.jpg,LISBURN_CITY,National,Building-mounted,Ulster Banner,5,2025-08-29 08:27:33.759542+00,May,false,,
59b67b8f-c5ed-4607-91db-e3c0f2d55c74,Iagq8kVSkxPD0kHGQ41-ng_180_box0.jpg,LIMAVADY,National,Building-mounted,Union Jack,5,2025-08-28 20:50:33.776411+00,May,false,,
59b90ac1-b678-407d-bb7a-e595ba207635,Piuj8b6sm_tPIyFw-VG4Vg_180_box0.jpg,CARRICKFERGUS,National,Building-mounted,Union Jack,5,2025-08-12 15:24:01.915198+00,Pat,false,,
59be7280-9dcd-4dbb-ad06-a98a883c6193,Rdk7Z2cmkhwRer1b8IIfDw_000_box0.jpg,BANGOR,Review,,,,2025-08-08 09:08:25.255883+00,May,true,Unclear image,
59cdd510-90f6-4d44-927f-937b135229c6,SIVjcdg1xO1uN-YjK6XXkQ_060_box0.jpg,BELFAST_CITY,National,Building-mounted,Ulster Banner,5,2025-08-28 20:01:27.846303+00,May,false,,
59ce2417-209f-46c1-9109-ef45ce77e56f,JDf7dWv00CMqP4Jpvsc6dA_300_box0.jpg,BELFAST_CITY,National,Building-mounted,Union Jack,5,2025-08-28 20:48:48.626423+00,May,false,,
59d77161-b042-4069-80e4-8e444f5d8de7,gq0nFE7CYqm8fvBQRW1G0w_120_box0.jpg,CARRICKFERGUS,National,Building-mounted,Ulster Banner,5,2025-08-13 08:25:26.140617+00,Pat,false,,
59ea3801-183b-43a9-bb45-24051fb8efd5,T6eHmlIBko10jeZNFNlmCA_300_box0.jpg,CARRICKFERGUS,National,Lamppost-mounted,Ulster Banner,1,2025-08-06 22:57:06.496975+00,May,false,,
59f7883a-fb48-479b-aae8-f44526fde70e,MI-OqmhJEBFt8ShNnnueRw_120_box0.jpg,METROPOLITAN_NEWTOWNABBEY,National,Building-mounted,Union Jack,5,2025-08-14 12:26:39.981121+00,Pat,false,,
5a1fcc82-0eb2-4a58-9a55-fe55b29dea78,sR2X5ruE6-4O4t5Ub-FIOA_000_box0.jpg,BELFAST_CITY,National,Lamppost-mounted,Ulster Banner,5,2025-08-12 15:08:15.061759+00,Pat,false,,
5a2251b6-c490-4727-9dcf-2d964efab89a,-tjQLxmLZUl18bd12mO14A_000_box0.jpg,HILLSBOROUGH_AND_CULCAVY,National,Pole-mounted (in ground),Union Jack,5,2025-08-14 12:49:45.435059+00,Pat,false,,
5a2ce053-c72b-42dc-a8f6-d9faf7d6f6e7,NdcgHN2_eb-Fo6cLmpmqnA_060_box0.jpg,METROPOLITAN_NEWTOWNABBEY,National,Lamppost-mounted,Union Jack,5,2025-08-17 17:06:24.911028+00,May,false,,
5a2f247d-32f1-4fff-bac2-4ba6c1e8155f,8jncloVqECss14iabmGYNQ_180_box0.jpg,GREENISLAND,National,Lamppost-mounted,Union Jack,5,2025-08-14 13:05:21.159238+00,Pat,false,,
5a31d841-5a35-4437-94e6-1f3d4bd4fd99,ydL7SaK35uPGd7ulut52yA_180_box0.jpg,CARRICKFERGUS,Fraternal,Lamppost-mounted,Orange Order,1,2025-08-06 22:02:05.630007+00,May,false,,
5a327cb9-0066-4dc9-aac3-897066649c4a,3qpk4IJUsi7DWYwp8lhfwQ_240_box0.jpg,NEWRY,Military,Lamppost-mounted,Royal Irish Regiment,5,2025-08-07 09:10:33.268822+00,May,false,,
5a6a73a3-faa1-4d75-ba04-b2caaf7c5872,BQ72zpsXSpyApx2_gsuY0g_120_box0.jpg,BELFAST_CITY,Review,,,,2025-08-13 16:33:37.894064+00,Pat,true,Unclear image,
5a781556-6765-482e-936d-ae9c229df275,ptLozqU8uCtbCJW_D0Jrcw_000_box0.jpg,NEWRY,Review,,,,2025-08-07 09:08:16.458629+00,May,true,Unclear image,
5a7aefbf-0987-4712-97ca-43059c2b62ed,3Lt9ir1b7buRIW2ZXswkug_120_box0.jpg,BELFAST_CITY,National,Building-mounted,Ulster Banner,5,2025-08-28 20:08:00.201861+00,May,false,,
5a7c4aa1-daf0-49f6-abea-30a9b402d041,2EH5tiMYQhq3hUzVZOa7UA_300_box0.jpg,BANGOR,Fraternal,Pole-mounted (in ground),Orange Order,1,2025-08-08 09:05:25.848866+00,May,false,,
5a81889e-c1fc-49bd-9082-81b833d612e2,oQVAr6b-MaoB1VbvfGIEeg_180_box0.jpg,CARRICKFERGUS,National,Building-mounted,Union Jack,1,2025-08-06 22:56:23.835882+00,May,false,,
5aab2ac7-3488-4728-b2ea-cf5d5074d280,T4OkCnWWgNZ22EPAt1Ho8A_300_box0.jpg,NEWRY,National,Lamppost-mounted,Irish Tricolor,5,2025-08-07 09:08:11.292942+00,May,false,,
5ad651d2-5216-48c3-9464-f4678a930e4d,hFJNZcz9Q-8mcvhx1fKTJg_120_box0.jpg,ANTRIM,National,Lamppost-mounted,Union Jack,5,2025-08-14 14:13:01.651084+00,Pat,false,,
5aed66f5-40a3-4662-9625-0838c57e999d,fGWP0ycJjKWsfmfjEfK37A_000_box0.jpg,ARMAGH,National,Lamppost-mounted,Union Jack,5,2025-08-13 22:54:48.190517+00,May,false,,
5afe32ba-d916-4d7f-bf68-7a4a7fd02720,F8ciDl6sToGl1xvobN-kaQ_000_box0.jpg,DUNGANNON,Review,,,,2025-08-12 15:40:16.272299+00,Pat,true,Complex case,
5aff703f-16a4-4d08-9fdd-2cd5f9a333ed,jrj2k4C0BEoYOgMd4ApZCg_240_box0.jpg,METROPOLITAN_NEWTOWNABBEY,National,Pole-mounted (in ground),Union Jack,5,2025-08-12 15:59:59.584057+00,Pat,false,,
5b1d4ca0-d912-4f7e-8c20-31d318672841,LTqJnE0Junge1FXFX8pKGw_120_box0.jpg,METROPOLITAN_LISBURN,National,Lamppost-mounted,Union Jack,5,2025-08-13 22:36:16.109662+00,May,false,,
5b2f8750-fafc-4f0b-b0a3-411459fd5dbb,RlanhDzCTk8YhDht7wzKXA_120_box0.jpg,BELFAST_CITY,National,Building-mounted,Union Jack,5,2025-08-28 19:50:49.38607+00,May,false,,
5b3b23bb-dff5-4bbf-9011-7eabdf9d44b3,LH97fCsqHBGtzfXvsi9qrA_180_box0.jpg,LARNE,National,Lamppost-mounted,Union Jack,5,2025-08-29 08:21:11.353352+00,May,false,,
5b4e319c-b55c-4d97-9cdf-67c5f06c9b3e,hTch3JZZK1iLZSKU565IWQ_060_box0.jpg,CRAIGAVON,National,Lamppost-mounted,Union Jack,5,2025-08-15 20:53:53.466956+00,May,false,,
5b5737de-04b5-4864-ae6f-f66986ae9b59,VZ_wSWDHxckXFKJiHaOyaQ_180_box0.jpg,BELFAST_CITY,National,Building-mounted,Ulster Banner,5,2025-08-15 00:29:26.811592+00,May,false,,
5b728db8-8589-4565-956b-82617e5b5359,IoybPG8SYoncojEY210a4A_000_box0.jpg,BELFAST_CITY,National,Lamppost-mounted,Union Jack,5,2025-08-17 17:05:59.071052+00,May,false,,
5b72f938-a89f-424b-ba83-4caf7d179805,0pwEdBiqypljk98moyLdug_000_box0.jpg,WHITEHEAD,National,Lamppost-mounted,Union Jack,5,2025-08-14 12:50:25.714267+00,Pat,false,,
5b775878-2a7e-4bb6-add2-184941a62eab,qvS1LYUrMJilxJOMcCXmuw_180_box0.jpg,COOKSTOWN,National,Pole-mounted (in ground),Union Jack,5,2025-08-14 10:16:07.976112+00,Pat,false,,
5b96793f-115e-417a-9fae-dd32d83a4df5,N8w_mteaqTltQ_hr97ZjPA_120_box0.jpg,BELFAST_CITY,Review,,,,2025-08-12 15:23:48.184473+00,Pat,true,Unclear image,
5ba1e673-19db-4ccb-9465-a2c43749133e,0Z6Vkkc1a6h4ZJrQPScqHw_300_box0.jpg,GREENISLAND,National,Pole-mounted (in ground),Union Jack,5,2025-08-13 09:10:38.395176+00,Pat,false,,
5bb0c2e6-b88a-4078-b410-6439cef6e872,FNW3vRZ1e9wM3Ns_GpSh6g_180_box0.jpg,BELFAST_CITY,Proscribed,Building-mounted,Other Proscribed,1,2025-08-14 10:08:02.518853+00,Pat,false,,
5bb3021e-d4d9-43b8-b9ba-dbf675cfb164,k9nT4LHeuRFcw--S-dR7WA_300_box0.jpg,HILLSBOROUGH_AND_CULCAVY,National,Lamppost-mounted,Union Jack,5,2025-08-28 20:46:54.31661+00,May,false,,
5bd0b88c-52fe-4e08-8658-4c420c3e5e7f,3llG26luglOX6emmrbPHEw_180_box0.jpg,BELFAST_CITY,Fraternal,Building-mounted,Red Hand Defenders,5,2025-08-29 08:53:01.647344+00,May,false,,
5bd4e641-2f3d-4f50-88f8-58310245daea,C6GmRGaPLtmTkZCh2lvS9A_000_box0.jpg,BELFAST_CITY,National,Lamppost-mounted,Union Jack,5,2025-08-12 16:13:03.386796+00,Pat,false,,
5be1d10c-61bc-4a76-90d1-1da569eec9d2,EaXT7rKRTiGMLRXI-vc5Zg_000_box0.jpg,COOKSTOWN,National,Lamppost-mounted,Union Jack,5,2025-08-29 08:44:55.044845+00,May,false,,
5bfe4a70-765c-4e63-9b1b-1164d4660bfd,nAjH5xmsRpqTXzcYmjLaqg_060_box0.jpg,CRAIGAVON,National,Lamppost-mounted,Union Jack,5,2025-08-13 22:27:10.829654+00,May,false,,
5c1af212-8113-4ec9-a3cd-f720cfb21d07,KgLaQWaBPYHYB8aY0caeMg_060_box0.jpg,BELFAST_CITY,Proscribed,Bunting display,YCV,2,2025-08-14 12:18:23.418197+00,Pat,false,,
5c2ed0a1-1b3b-4edd-a4f8-9916380b418c,aIX-0dNPwPVF2zfHY29CUw_300_box0.jpg,BELFAST_CITY,National,Building-mounted,Union Jack,5,2025-08-14 09:35:05.029355+00,Pat,false,,
5c42bf6e-4a88-4d12-ae9e-e585b247fe84,laBaaumc6cycbAds02OvsA_180_box0.jpg,ARMAGH,National,Pole-mounted (in ground),Union Jack,5,2025-08-28 20:04:40.441771+00,May,false,,
5c485e97-dc23-4d12-85d0-2b15d5733098,lwhkprVqe4wTiFkJv3RSVg_000_box0.jpg,BALLYMENA,National,Pole-mounted (in ground),Union Jack,5,2025-08-22 22:07:32.810792+00,May,false,,
5c4c2d1f-a2d9-4aee-81c0-45f2cdc7aef0,jf6uO1lV4F2lUJVQWBZwgQ_060_box0.jpg,BELFAST_CITY,Proscribed,Lamppost-mounted,Other Proscribed,5,2025-08-17 18:23:57.831991+00,May,false,,
5c6e1189-27fd-46d2-a38f-3e6ef7dc94bd,v2-_GjgxXmcY4Xw6dVtWVw_060_box0.jpg,BELFAST_CITY,National,Building-mounted,Ulster Banner,5,2025-08-13 08:36:45.406849+00,Pat,false,,
5c88bee6-dae8-4d22-bc71-e7bee8901712,R0iYP5_W2oNt7-lXaz906w_060_box0.jpg,BELFAST_CITY,National,Building-mounted,Union Jack,5,2025-08-14 10:29:03.027172+00,Pat,false,,
5c9da2df-5185-4fe5-a462-84ee9e8044ae,IdlNixcBFfOaOoV3TdiKcg_180_box0.jpg,LISBURN_CITY,National,Building-mounted,Union Jack,5,2025-08-12 16:15:56.321825+00,Pat,false,,
5cc32300-a240-4331-ae42-855c16c9e30f,1V09x1X9c3GEud3oikHJRw_300_box0.jpg,BELFAST_CITY,National,Building-mounted,Union Jack,5,2025-08-28 20:36:22.533065+00,May,false,,
5cc69a8b-ca38-4033-9146-6ee0aeba826b,KCpxW7X-IbiOmHHV95cn9A_240_box0.jpg,BELFAST_CITY,Fraternal,Building-mounted,Royal Black Institution,5,2025-08-17 16:21:45.51057+00,May,false,,
5cc7b372-5208-4c3a-a4ea-3b25b472f42f,Jn_QcFiQ6ZdxqSWLHat-rw_240_box0.jpg,ARMAGH,National,Lamppost-mounted,Union Jack,5,2025-08-28 20:41:15.385841+00,May,false,,
5d02113b-0df9-4923-b801-a8c892367a5c,06m2935tRUr0qzhRp7wC8w_120_box0.jpg,BELFAST_CITY,National,Lamppost-mounted,Ulster Banner,5,2025-08-14 13:56:13.591016+00,Pat,false,,
5d0be430-d483-4d01-b9f3-c877c3aed9a7,aeHtdMUKaFrfD0N2n_eZhQ_240_box0.jpg,METROPOLITAN_NEWTOWNABBEY,National,Building-mounted,Union Jack,5,2025-08-24 10:10:51.16593+00,May,false,,
5d1c2dcb-0358-4dcb-9dc2-707f1cc85f96,B84MhtGOVL6-pVLGcIo5iA_060_box0.jpg,CARRICKFERGUS,National,Building-mounted,Union Jack,5,2025-08-13 22:54:13.767098+00,May,false,,
5d2313e2-6261-44fe-9baf-1f4f361eef82,Z8eOF9JzgEMsI-m2nK8UBg_240_box0.jpg,BELFAST_CITY,National,Lamppost-mounted,Ulster Banner,5,2025-08-13 22:40:58.817442+00,May,false,,
5d286eab-073f-4a23-8066-330b16c53fab,NSKw5WlrmjiM3kY0-3xQXw_180_box0.jpg,LARNE,Review,,,,2025-08-14 12:52:49.348869+00,Pat,true,Unclear image,
5d293cc8-c2ea-4a42-8fb6-9d69dc89574a,W5RenjM0guyleiVK1hqzNg_300_box0.jpg,METROPOLITAN_LISBURN,National,Building-mounted,Ulster Banner,5,2025-08-13 22:01:30.923813+00,May,false,,
5d329d17-cdc4-49e7-ac8e-1a4b71369c81,060vGuggxQXyU7H2TaHq8A_000_box0.jpg,BELFAST_CITY,National,Building-mounted,Ulster Banner,5,2025-08-14 11:07:28.678728+00,Pat,false,,
5d34b002-9fd5-43fb-8d5b-6469985e8a07,xHxSLjbXBqQBlKvcP4nEOA_120_box0.jpg,METROPOLITAN_CASTLEREAGH,National,Pole-mounted (in ground),Union Jack,5,2025-08-15 20:56:22.36905+00,May,false,,
5d56e098-0066-4ba3-bb9a-7c4501100c55,58lE5pELrwugEqKjaq0LPQ_000_box0.jpg,METROPOLITAN_LISBURN,National,Building-mounted,Union Jack,5,2025-08-12 15:49:51.878724+00,Pat,false,,
5d637147-fb4d-4ffd-b79d-c6e7f8230bcc,kky-btITgt6RfOzh8EIqIA_000_box0.jpg,BELFAST_CITY,National,Building-mounted,Union Jack,5,2025-08-14 13:21:27.124596+00,Pat,false,,
5d6f63e0-5f88-40d2-8c74-68f10482b1e3,Pcr0Hkl-7mnp7wDIsvPx1Q_300_box0.jpg,HOLYWOOD,National,Lamppost-mounted,Ulster Banner,5,2025-08-22 22:16:02.939793+00,May,false,,
5d81821a-45fe-46fb-abaa-dd7453cccb0b,h6TlBaDRAO4mnopAAORCow_060_box0.jpg,METROPOLITAN_NEWTOWNABBEY,National,Lamppost-mounted,Union Jack,5,2025-08-13 22:26:49.519295+00,May,false,,
5d8e075a-dc07-4985-8aa5-78cb46277f15,V7qHHLutxFF9tTSQed3kLQ_180_box0.jpg,CARRICKFERGUS,National,Building-mounted,Union Jack,5,2025-08-13 22:43:06.604367+00,May,false,,
5d8ed75c-fca4-49d4-9b9f-265f9c4ab946,bdqj7u-r1O9LY_bsndJUcQ_180_box0.jpg,BELFAST_CITY,National,Lamppost-mounted,Ulster Banner,5,2025-08-14 10:15:33.783557+00,Pat,false,,
5d91c9be-211c-417d-b88f-1fe8d4874836,TzRXXt3GCyZPJ_zmPR-1sA_300_box0.jpg,BELFAST_CITY,National,Building-mounted,Union Jack,5,2025-08-12 15:37:21.757859+00,Pat,false,,
5d999d92-a069-4eee-8e95-00e9815f56c6,XkndCnsFtP-hE6OC7bpWog_240_box0.jpg,NEWRY,National,Lamppost-mounted,Irish Tricolor,5,2025-08-07 20:19:00.790582+00,Byron,false,,
5d9cf712-645f-4466-a8a7-0723ae909c8c,Npe63dEAXuWfiOvPnNRBPw_120_box0.jpg,LARNE,National,Lamppost-mounted,Union Jack,5,2025-08-14 13:49:31.675035+00,Pat,false,,
5daafac6-454d-499d-99c1-6fc9f08b731f,idYFLmLU-vamyVXLSB7I1w_300_box0.jpg,BELFAST_CITY,National,Lamppost-mounted,Union Jack,5,2025-08-13 09:10:59.521754+00,Pat,false,,
5dbe12bc-debf-482e-8083-dd346cf9d50a,fb-IYOEXnfKdYnQstSpf6g_120_box0.jpg,BANGOR,National,Building-mounted,Ulster Banner,5,2025-08-09 11:37:43.250033+00,Byron,false,,
5dbf2b23-6fb4-4c0d-af55-54bcb5fffb38,ihxY4TzKoS-8EgXwIOZ8bw_180_box0.jpg,METROPOLITAN_NEWTOWNABBEY,National,Lamppost-mounted,Union Jack,5,2025-08-13 22:10:57.798002+00,May,false,,
5dd2b7c5-556c-4dd9-bc5a-7b77779311a3,MWYRxa9rzn0Cqg13y5WiTA_060_box0.jpg,BANGOR,Proscribed,Lamppost-mounted,UVF,3,2025-08-07 20:23:02.814907+00,Byron,false,,
5dd2bbe2-b14b-479d-b602-ac7444f38c89,X4197SxqyeaPkCOykHq1kQ_000_box0.jpg,LISBURN_CITY,National,Lamppost-mounted,Union Jack,5,2025-08-12 16:00:14.835234+00,Pat,false,,
5de4390f-4b80-4626-9587-46520348e4e8,aZSxa7hfl_kxJSU9IIm1Ow_120_box0.jpg,OMAGH_TOWN,Proscribed,Building-mounted,UVF,5,2025-08-15 20:58:39.062916+00,May,false,,
5df092bd-31e5-46d0-850a-732bc9aed41c,ZiJDauVFAOWljzxf98tZQQ_000_box0.jpg,ENNISKILLEN,National,Lamppost-mounted,Union Jack,5,2025-08-28 20:17:42.684426+00,May,false,,
5e15931d-e6b2-41f4-98fc-9a8cc63af7e0,KwAEnwqfxDRwBemXd7xnDw_000_box0.jpg,METROPOLITAN_NEWTOWNABBEY,National,Lamppost-mounted,Union Jack,5,2025-08-08 12:51:22.615191+00,May,false,,
5e244c29-fcf0-4f39-80a0-14d583e909dd,zSzaZcumz3dDkfy4MygYIw_180_box0.jpg,BALLYCLARE,National,Building-mounted,Union Jack,5,2025-08-17 15:51:01.116149+00,May,false,,
5e28581d-1805-46fd-85fd-6070c4435b5d,xgYDJvyBLIVP-IW1wYAehA_180_box0.jpg,METROPOLITAN_NEWTOWNABBEY,National,Lamppost-mounted,Union Jack,3,2025-08-09 11:52:44.531695+00,Byron,false,,
5e490f64-d1a3-4206-874d-50b424ac47be,LrXlNx-v6DRCA8s4XWo-Yw_240_box0.jpg,CARRICKFERGUS,National,Pole-mounted (in ground),Ulster Banner,5,2025-08-22 22:15:02.965128+00,May,false,,
5e4d2930-2e50-4944-877e-98a0aa88381c,lt5bLQJCJrP6tAPnR-avYA_000_box0.jpg,METROPOLITAN_LISBURN,National,Building-mounted,Union Jack,3,2025-08-14 10:29:21.326507+00,Pat,false,,
5e5f1c47-ba32-441c-a529-513d60f66e1a,U0ECbPWZNyFNv8GaTNID0g_180_box0.jpg,METROPOLITAN_CASTLEREAGH,National,Building-mounted,Union Jack,5,2025-08-29 08:47:22.820099+00,May,false,,
5e62f7bf-2bbf-4c1d-b187-c9212cbbedfa,sqIJmPoY7Wx0ZWCoLikK4g_060_box0.jpg,BELFAST_CITY,National,Lamppost-mounted,Ulster Banner,5,2025-08-17 17:02:57.018712+00,May,false,,
5e6a51f3-834d-4566-807c-cef5195652a8,1TszdCIzR4nJbzT6ktKj0w_120_box0.jpg,METROPOLITAN_CASTLEREAGH,National,Pole-mounted (in ground),Ulster Banner,5,2025-08-12 15:31:31.125077+00,Pat,false,,
5e758b2d-9eda-4a09-b55b-a4a608cb4307,v7HuEWHyD1ngfaLuHhdljQ_180_box0.jpg,BELFAST_CITY,National,Lamppost-mounted,Union Jack,5,2025-08-29 08:33:12.785918+00,May,false,,
5e76910a-c224-40eb-978e-22dd7accdd91,XqN2bE-1M-XkbEN-eoPWWg_120_box0.jpg,NEWRY,National,Lamppost-mounted,Irish Tricolor,5,2025-08-07 09:11:31.246272+00,May,false,,
5e7d9eac-9d15-45d3-8015-87dbb4d0a5a3,cfNsQWTpivUT5jTAnJ8nsA_060_box0.jpg,BALLYMENA,National,Building-mounted,Ulster Banner,5,2025-08-17 16:53:19.500207+00,May,false,,
5e7dc1a8-10c0-4f4c-b510-5a4618b3dd5a,299EPypdHlcKbNq_ysfFgw_060_box0.jpg,BALLYMENA,National,Pole-mounted (in ground),Ulster Banner,5,2025-08-13 08:33:57.60286+00,Pat,false,,
5e7fb263-f671-4f32-8cb2-5e6e12d17304,Z8s5LSJ9SdMD-hgZqYkCHA_120_box0.jpg,ANTRIM,Review,,,,2025-08-14 09:25:31.243832+00,Pat,true,Other,
5e943fba-1ffc-422a-a38c-9cc2a5c331e6,L8sN-SMZ60Vkb-R00bcFXA_180_box0.jpg,METROPOLITAN_LISBURN,National,Building-mounted,Union Jack,5,2025-08-29 08:21:05.440458+00,May,false,,
5ea5866f-49d9-4f61-8490-d4d91d741ec4,CvLNfmKxT83_XMyUEmld1g_240_box0.jpg,BELFAST_CITY,Review,,,,2025-08-13 08:41:21.064135+00,Pat,true,Unclear image,
5ecc2fc1-07dd-4056-b6ba-be413bd0a8b4,ywlbqQ9T0ozdULzBGFqcVA_000_box0.jpg,BELFAST_CITY,Review,,,,2025-08-13 09:10:28.444973+00,Pat,true,Unclear image,
5edba804-65b9-42d3-935e-17bfb034cec6,0G-E0yekvnDxA7_0_0vr3w_300_box0.jpg,CRAIGAVON,National,Lamppost-mounted,Union Jack,5,2025-08-12 15:47:30.105381+00,Pat,false,,
5edbf9e1-d2f4-43c4-9170-e6b9522fafc3,HvYpAKq_YkgtCN1y7ZwX0w_060_box0.jpg,BELFAST_CITY,National,Lamppost-mounted,Union Jack,5,2025-08-13 22:15:20.258809+00,May,false,,
5f046624-e882-43a7-bc41-34367d89383c,ttD-WAd9honZTZUBlRN6JA_240_box0.jpg,LISBURN_CITY,National,Lamppost-mounted,Union Jack,5,2025-08-14 13:59:36.312457+00,Pat,false,,
5f04fd49-e8f7-4654-aa5b-1d969d2aa5ce,RACPLCBK1nG8okop9qDD1A_000_box0.jpg,BANBRIDGE,National,Pole-mounted (in ground),Union Jack,5,2025-08-13 08:50:51.654785+00,Pat,false,,
5f0632d3-06d4-423f-8321-ed284deca943,bS7GFukLLtoFQSs2dMGGsw_120_box0.jpg,LARNE,National,Building-mounted,Union Jack,5,2025-08-12 16:10:49.78222+00,Pat,false,,
5f22fef6-2582-45b8-aef2-36c76766cc8a,Kh27EA2CiazfmxODI5frxA_300_box0.jpg,LARNE,National,Pole-mounted (in ground),Union Jack,5,2025-08-28 20:04:47.071887+00,May,false,,
5f3b5e79-ad2b-4b74-98df-21222143389e,PzkxjxrIhhIKCCNSQoyTEQ_240_box0.jpg,COOKSTOWN,Review,,,,2025-08-14 11:05:07.743035+00,Pat,true,Unclear image,
5f5bb67a-f581-4cf0-bacb-10eca220cefe,6nrh9857GWNMH3e7xgUWMg_180_box0.jpg,BELFAST_CITY,National,Building-mounted,Union Jack,5,2025-08-14 13:34:00.034139+00,Pat,false,,
5f6f8c86-f953-41da-a2a7-60fb68f5fe9f,EF6DQN2AYxurNirQ1sYXSw_060_box0.jpg,LARNE,National,Building-mounted,Ulster Banner,5,2025-08-11 18:19:54.098267+00,Pat,false,,
5fa6209b-a645-4c28-a411-d1779a7f8311,fwKQsiiFn03YXT7L-6ZRDg_000_box0.jpg,LISBURN_CITY,Review,,,,2025-08-14 09:44:26.496994+00,Pat,true,Complex case,
5fb01de6-00f6-4092-9f72-26f43b7543a5,9PJsSD3mHr1b3SNEkFy0-w_180_box0.jpg,BANGOR,National,Building-mounted,Union Jack,5,2025-08-09 11:45:09.738201+00,Byron,false,,
5ffc3dcc-f0d6-40d8-954d-7000755a7ccf,oCkg6o-4TYVLgDhFavzQKA_120_box0.jpg,METROPOLITAN_NEWTOWNABBEY,Review,,,,2025-08-08 12:35:50.889168+00,May,true,Unclear image,
6001678e-d56c-4d9e-ad40-8f1c27dc7a62,f_QsO2YWwXpI1_WBmMOQ-Q_180_box0.jpg,BELFAST_CITY,National,Lamppost-mounted,Union Jack,5,2025-08-17 15:07:00.751449+00,May,false,,
60212c12-3924-4c05-b5e4-464007d256ca,4Avi_Jv1st18GYdSrv01RA_180_box0.jpg,LISBURN_CITY,National,Lamppost-mounted,Union Jack,5,2025-08-14 09:53:08.470827+00,Pat,false,,
6035c21c-c909-4e39-b898-9abfb5a2ade1,ClycwfS70LRR86Tg3aJeyg_000_box0.jpg,LARNE,National,Building-mounted,Union Jack,5,2025-08-11 18:18:12.81797+00,Pat,false,,
6046ed2e-dd79-410a-b0de-60fdbc608c3d,nnJPf0nUX39DcjOEYUxzuA_120_box0.jpg,CARRICKFERGUS,National,Lamppost-mounted,Union Jack,4,2025-08-06 21:18:10.752073+00,May,false,,
604f326d-f3e2-4d91-8e03-2e701962bafe,LAVOofA2y_pMWcjCnDXtYQ_180_box0.jpg,CARRICKFERGUS,National,Lamppost-mounted,Ulster Banner,5,2025-08-29 08:38:45.99999+00,May,false,,
6064c48b-4749-4865-ad56-260418299268,ZEWtqYA-K4L0ahUNGojm8g_000_box0.jpg,ANTRIM,National,Lamppost-mounted,Union Jack,5,2025-08-13 16:33:01.672453+00,Pat,false,,
606aac39-8c8e-4352-b930-f878fde6ad53,nLCCtfNIH3hTAPHVASK2Zw_120_box0.jpg,NEWRY,National,Pole-mounted (in ground),Irish Tricolor,5,2025-08-07 09:05:02.350621+00,May,false,,
608473f0-75f4-4eb5-adf4-252acadbcb9c,V2mIXea8wz_qvm5U8464nw_060_box0.jpg,BELFAST_CITY,National,Lamppost-mounted,Union Jack,5,2025-08-13 22:16:23.470201+00,May,false,,
60918757-3276-4ef3-a23b-2c4e3612e688,hoMimCReXJWLtJ4F7pYa0A_060_box0.jpg,METROPOLITAN_NEWTOWNABBEY,National,Lamppost-mounted,Union Jack,5,2025-08-14 09:52:17.76548+00,Pat,false,,
60965b44-8191-4b1e-9bb4-218d0108051b,Z4ifmAC0bLLdZ5f4BUzsgQ_180_box0.jpg,BELFAST_CITY,National,Building-mounted,Union Jack,5,2025-08-22 22:06:11.990328+00,May,false,,
6096b2b6-0150-4ca7-beb5-b31dbba00959,Fvi5ROPndntVoBH5QBQL0Q_060_box0.jpg,BELFAST_CITY,National,Lamppost-mounted,Ulster Banner,5,2025-08-15 00:28:48.723959+00,May,false,,
60a9bd96-806e-4dfd-87e5-b5872ef73d2d,f5E0XgdQL4BcSw5_9pv6fQ_060_box0.jpg,NEWRY,Military,Lamppost-mounted,UDR,5,2025-08-07 09:03:56.530668+00,May,false,,
60aab070-13d3-4a39-982f-4d90b435f25e,1Hh4Hc92KZuHUl8zH5HawA_000_box0.jpg,BELFAST_CITY,Review,,,,2025-08-13 22:13:36.604574+00,May,true,Not a flag,
60afc976-4b4b-466c-8607-f2a2469033dc,mDgrMqNnjhA9CuKKNSeiTQ_180_box0.jpg,BALLYMENA,National,Lamppost-mounted,Ulster Banner,5,2025-08-28 19:51:18.840548+00,May,false,,
60bb060e-dcf9-4e2e-be24-56dc7900f28d,kxkLOfGSlwcoP9_nD5iwEQ_300_box0.jpg,BELFAST_CITY,National,Lamppost-mounted,Union Jack,5,2025-08-14 13:12:22.834039+00,Pat,false,,
60be51d2-ede3-46ce-b335-aa838ffd2cdb,GUwBcDANnhUssajmVB3zJQ_120_box0.jpg,METROPOLITAN_CASTLEREAGH,National,Building-mounted,Ulster Banner,5,2025-08-28 20:32:06.991026+00,May,false,,
60c7afba-944e-4504-924d-c4a94b93c0a5,le5VuorLlAT0p4BNqrXtKA_300_box0.jpg,BELFAST_CITY,National,Lamppost-mounted,Union Jack,5,2025-08-13 22:42:58.721502+00,May,false,,
60c82d4f-3c62-4b67-836e-b3e903bb0b75,jx8PKWsUu9bN6m1QSm0bog_060_box0.jpg,CRAIGAVON,Review,,,,2025-08-14 12:21:02.86456+00,Pat,true,Complex case,
60e2d0dd-8296-4fcf-b395-7547bc72df9d,0lgdw9-yA4mFhsQF_Nxvpw_000_box0.jpg,METROPOLITAN_NEWTOWNABBEY,Proscribed,Lamppost-mounted,UDA,5,2025-08-13 16:27:37.11567+00,Pat,false,,
60ee3fa3-0092-4fab-bd08-b26e2cc18d2d,_cd35Mm4NwN6FZS4_Ss6Rw_300_box0.jpg,METROPOLITAN_LISBURN,Fraternal,Building-mounted,Royal Black Institution,5,2025-08-22 22:16:49.483179+00,May,false,,
60f168b7-62e4-4d64-bc59-ca64a7c24b69,VoJd2NsucyFf4nWp_aZztg_120_box0.jpg,BELFAST_CITY,National,Building-mounted,Union Jack,5,2025-08-13 09:06:03.326114+00,Pat,false,,
60fc6096-5d4c-46d3-a0ca-2ad95c7c5d12,7t3wKXPaatcA7BGPvuDXbw_000_box0.jpg,LISBURN_CITY,National,Building-mounted,Union Jack,5,2025-08-12 15:06:02.489066+00,Pat,false,,
610b1a41-8e14-428e-88f4-c1a23736a3eb,USFcYozdPeH3ND2fwwcE2A_180_box0.jpg,METROPOLITAN_NEWTOWNABBEY,Proscribed,Lamppost-mounted,YCV,5,2025-08-29 08:39:47.463237+00,May,false,,
61102beb-f64b-4134-84ff-4a84fcfe17c4,Od6TfJ-R3MQsEEQlZM2XTg_180_box0.jpg,CARRICKFERGUS,National,Building-mounted,Union Jack,5,2025-08-06 20:50:35.028209+00,May,false,,
611189a5-7e2d-49bb-82c6-318cb7b7ddfe,-45HPN2pA1RYFfYN7V2K6Q_120_box0.jpg,BELFAST_CITY,National,Pole-mounted (in ground),Union Jack,5,2025-08-14 14:03:11.349038+00,Pat,false,,
611e6559-d537-4c09-909c-8cbbe803615f,Z2jadd2fUW5FnxeQ3mjq3Q_240_box0.jpg,BALLYMENA,National,Lamppost-mounted,Union Jack,5,2025-08-29 08:33:54.50853+00,May,false,,
613ca4da-40a2-4004-9af1-c2a233faa88e,oceNB1oLvTZGR7T5y7PPmA_300_box0.jpg,BALLYCLARE,National,Building-mounted,Union Jack,5,2025-08-15 20:56:59.969378+00,May,false,,
6140d37d-b7a3-4498-93c0-96bbdbc856bb,eQsxz4YLhqORxZWYWUxu5Q_240_box0.jpg,METROPOLITAN_NEWTOWNABBEY,Proscribed,Lamppost-mounted,Other Proscribed,5,2025-08-08 12:35:21.66338+00,May,false,,
6143b9cc-29a3-4668-9171-3df28d44c418,VsAFRlplOYzdKNdeU_x8Vw_060_box0.jpg,METROPOLITAN_NEWTOWNABBEY,National,Building-mounted,Union Jack,5,2025-08-14 12:31:06.755411+00,Pat,false,,
61570058-50f3-4e7f-8ec3-60542d238e5d,3ywwzIX_HDSECxpJdgTeEQ_060_box0.jpg,LISBURN_CITY,National,Lamppost-mounted,Union Jack,5,2025-08-14 09:53:04.18939+00,Pat,false,,
61621f4e-1bcd-41b0-b943-810904565aa2,Ngf3O6x39Eym6rqQFVexLg_120_box0.jpg,NEWRY,National,Pole-mounted (in ground),Irish Tricolor,3,2025-08-07 20:18:02.780808+00,Byron,false,,
6170f594-27f9-42e5-8287-a6bfc5cabfab,0Z6Vkkc1a6h4ZJrQPScqHw_300_box0.jpg,GREENISLAND,National,Pole-mounted (in ground),Union Jack,5,2025-08-17 15:05:45.426024+00,May,false,,
617e5708-9fda-46d5-a534-3fd3683e77e0,s0B9aL0aiXv-dpusK2m_QA_240_box0.jpg,BELFAST_CITY,National,Lamppost-mounted,Union Jack,5,2025-08-14 11:08:42.797899+00,Pat,false,,
6194fef6-b952-4875-82ad-267a2e2238fd,kItiy8uCndjyokDuwTewwg_180_box0.jpg,LISBURN_CITY,National,Pole-mounted (in ground),Union Jack,5,2025-08-13 22:50:47.319363+00,May,false,,
61991600-c677-41cc-abd8-0a4d0168e241,K23QPDqZ_siu1xVQue-ttQ_000_box0.jpg,CRAIGAVON,Proscribed,Building-mounted,UDA,5,2025-08-13 22:00:56.652929+00,May,false,,
61a2493c-ed3b-4c25-887f-3f3c59ce748e,0_BD8m5ulRdy0qL-XkwE2A_180_box0.jpg,CRAIGAVON,National,Lamppost-mounted,Union Jack,5,2025-08-17 15:50:54.147869+00,May,false,,
61b7c319-950a-4d83-b1e2-b94f60034eb2,OI3fqnFd5HDjnsw2_DGIhA_120_box0.jpg,BELFAST_CITY,National,Building-mounted,Union Jack,5,2025-08-13 22:49:00.940938+00,May,false,,
61c0819e-f7cf-4609-a792-a7b0ffb80c30,F1_oWKmu2rkZdcHk3nHwTw_240_box0.jpg,COLERAINE,Fraternal,Lamppost-mounted,Orange Order,5,2025-08-17 17:07:33.7742+00,May,false,,
61c10f1e-e00d-448e-9c52-4875e5a942ba,Hgfi2Roa-wOgjCyzRJXOVg_240_box0.jpg,ENNISKILLEN,National,Lamppost-mounted,Union Jack,5,2025-08-13 08:50:40.035902+00,Pat,false,,
61c1a912-12d9-48ab-8e57-21417ff57cac,ojGB9sKPUx-9llFFkYlqPw_120_box0.jpg,BELFAST_CITY,National,Pole-mounted (in ground),Union Jack,5,2025-08-17 14:28:14.997987+00,May,false,,
61c6bdd7-1459-4654-ad4b-efb932f220a5,jQiMwHbdpBPlrHhu7rRx5Q_300_box0.jpg,BELFAST_CITY,National,Building-mounted,Union Jack,5,2025-08-13 22:16:19.892398+00,May,false,,
61cfa05f-727e-4e40-a0b1-f498c6d16c61,qldpiwPfwYt9OrZNj48nHQ_120_box0.jpg,BALLYCLARE,National,Lamppost-mounted,Ulster Banner,5,2025-08-15 00:50:45.285227+00,May,false,,
61cfeedb-cda1-4f4a-8fa9-1e4fcf29a779,fivf_JSzo2q34kazxqCLUQ_060_box0.jpg,BELFAST_CITY,National,Building-mounted,Scottish Saltire,5,2025-08-17 15:48:44.01898+00,May,false,,
61da1714-5fed-4e44-888a-3f4e67035705,e7vj3OH_YDGe1GtdzA-uLg_300_box0.jpg,BELFAST_CITY,National,Building-mounted,Union Jack,5,2025-08-13 08:45:22.085158+00,Pat,false,,
61dbfb03-06af-4c88-9e20-5682a22bccf6,LNYdDex8M2NmV_ETVXGQqA_120_box0.jpg,GREENISLAND,Review,,,,2025-08-14 13:02:54.416844+00,Pat,true,Unclear image,
61e2e983-2b7f-4eb9-bb85-14d71b2c677c,2RMS9Qf7YS7j48vqQhTJ-Q_120_box0.jpg,BALLYMENA,National,Building-mounted,Union Jack,5,2025-08-14 10:36:46.097702+00,Pat,false,,
620b7d71-59ff-4f78-abee-28ca3e16c5d1,95ZRxoD2A4rMhkHSmi19iA_000_box0.jpg,BELFAST_CITY,National,Lamppost-mounted,Union Jack,5,2025-08-14 13:18:00.182819+00,Pat,false,,
621d5c15-0d35-4d64-9247-b231b13f8756,dluyisXC_aoqATTo2fkZDA_000_box0.jpg,BELFAST_CITY,National,Lamppost-mounted,Ulster Banner,5,2025-08-28 20:18:12.021053+00,May,false,,
6220c730-18c9-440b-84e5-fd27180afdb9,GRdgj8XJrA0zSq9i8VKN_w_000_box0.jpg,CARRICKFERGUS,National,Building-mounted,Union Jack,5,2025-08-11 18:25:16.696026+00,Pat,false,,
6234592d-b9c9-48cd-80b4-65796dc60c00,lfaZrQguKRD0doSu-qYq0g_060_box0.jpg,BANGOR,National,Building-mounted,Union Jack,5,2025-08-07 09:14:40.714211+00,May,true,Unclear image,
62367c50-b592-46b3-9f4d-849d8e295817,AviehDSrCasus9taJzEKwQ_120_box0.jpg,METROPOLITAN_LISBURN,National,Building-mounted,Union Jack,5,2025-08-14 13:17:16.584872+00,Pat,false,,
623d519f-a33c-4118-bb8b-7330aea6dd8c,O6JED7tSg8vnHTtmvr_7LA_000_box0.jpg,GREENISLAND,National,Building-mounted,Union Jack,5,2025-08-22 22:14:20.297557+00,May,false,,
6244ddba-00e0-4992-b8a9-29366da94e48,gmnsC0oJwraiioXqSfcqXA_000_box0.jpg,COOKSTOWN,Proscribed,Permanent installation,UVF,5,2025-08-13 22:40:29.124002+00,May,false,,
62476487-4e0e-442d-bef6-dbf1112be086,N4C81efgLX6zEdjchmIlYw_120_box0.jpg,BELFAST_CITY,National,Lamppost-mounted,Union Jack,5,2025-08-15 20:54:36.155826+00,May,false,,
6254bea4-e956-4c84-9f88-2e20152e9d8d,qKQksP89w64A24eHPF7UyQ_180_box0.jpg,BELFAST_CITY,National,Lamppost-mounted,Union Jack,5,2025-08-15 20:55:23.780196+00,May,false,,
625d3232-e36b-4470-9c71-0f9adf0d299e,4vbB8FVyby2-M5LU5N7Htw_060_box0.jpg,NEWRY,Review,,,,2025-08-07 20:11:10.398954+00,Byron,true,Not a flag,
6270c357-ddc6-4436-96e9-672dfcfff1ea,Kr3gPRZNWWow0EOOntEHmw_180_box0.jpg,BANGOR,National,Lamppost-mounted,Ulster Banner,3,2025-08-09 11:39:19.192958+00,Byron,false,,
6275d421-2ad4-4e3d-ba1b-eabd2753a0d3,DOavzrDdQUrPCa9CZqkldw_300_box0.jpg,DUNGANNON,National,Lamppost-mounted,Ulster Banner,5,2025-08-13 08:43:33.9156+00,Pat,false,,
6288c581-48c5-448c-91ee-df43d0e2f64b,JRD6LGaDvmeeOJJ_buX93w_180_box0.jpg,BELFAST_CITY,National,Pole-mounted (in ground),Irish Tricolor,5,2025-08-13 22:07:56.534564+00,May,false,,
628fa2ce-8d43-4d85-840d-1ea282f63cc4,Ls2MSclvTv93kxn8dpLypA_000_box0.jpg,BELFAST_CITY,Review,,,,2025-08-14 13:20:15.37005+00,Pat,true,Complex case,
6297d8d5-c79b-4179-8b13-a72031bf6c69,z_NJe6e-eNS3BsdvkPDtmg_000_box0.jpg,BANBRIDGE,National,Lamppost-mounted,Ulster Banner,5,2025-08-29 08:44:44.797453+00,May,false,,
62a56e3e-15c8-4167-a1e6-ed2154090293,JBBBkSAt9v5SVBDtK0yjPg_000_box0.jpg,NEWRY,National,Pole-mounted (in ground),Union Jack,5,2025-08-07 20:12:02.83453+00,Byron,false,,
62ae262e-4f4e-45cc-81d1-251311cc8765,aty70FysBfZmAB9d8u9VfA_180_box0.jpg,ARMAGH,National,Lamppost-mounted,Union Jack,5,2025-08-28 20:04:15.803069+00,May,false,,
62b71419-26d1-4965-ae2d-00f282924faa,MlSP45yNeQyTwXb8_I43HQ_120_box0.jpg,NEWRY,Review,,,,2025-08-07 09:05:48.338012+00,May,true,Unclear image,
62b9f53a-3ae2-4348-810e-9f5d4c7a250c,GeLAZSTiLIV-2dmHXIDO6w_300_box0.jpg,CARRICKFERGUS,National,Lamppost-mounted,Union Jack,2,2025-08-06 20:46:45.504648+00,May,false,,
62bafab3-1bd9-4aff-8a58-3ee95543f0f4,S7mOGEfrDZoGJP-tcQQUUQ_240_box0.jpg,LIMAVADY,National,Lamppost-mounted,Ulster Banner,5,2025-08-07 08:52:26.781857+00,May,false,,
62da29ee-5998-4f02-96ee-dbc1e3f49197,NCIBpl9JWE66CPx4LCfNJQ_120_box0.jpg,BANGOR,National,Lamppost-mounted,Union Jack,5,2025-08-14 13:07:47.088085+00,Pat,false,,
62fc8929-d3dc-4896-af71-de7003f15a75,cbXGfIN1b7HVl_LmXLJ_Yw_240_box0.jpg,NEWRY,National,Pole-mounted (in ground),Irish Tricolor,5,2025-08-07 09:07:10.496179+00,May,false,,
632eb4e5-3b32-4481-b325-9fa2ff98c7e4,CluybccKl9m2LFwVpHcRTg_180_box0.jpg,BELFAST_CITY,Review,,,,2025-08-14 10:40:28.122606+00,Pat,true,Unclear image,
6338d857-ea33-4a1a-8a3f-91053ddb58a8,L-gduS7EXL1NiVIzy6yOiw_180_box0.jpg,LARNE,Review,,,,2025-08-14 12:29:09.380381+00,Pat,true,Unclear image,
6340cddd-42b6-4cb7-b028-8233366e01ab,c1ogZ7_nY-bhLEOkb3E4nw_000_box0.jpg,BELFAST_CITY,National,Lamppost-mounted,Union Jack,5,2025-08-14 12:26:57.391811+00,Pat,false,,
634b6334-86cc-4625-811a-6ed850e81457,40mn10A209iDVgdmdzmvzQ_120_box0.jpg,CARRICKFERGUS,National,Building-mounted,Union Jack,5,2025-08-13 22:27:02.071718+00,May,false,,
63798dfd-6a36-47b0-a3bd-643615f4b4a1,-clKnLHG7a6hTQZ78IWy1Q_000_box0.jpg,METROPOLITAN_LISBURN,National,Lamppost-mounted,Union Jack,5,2025-08-14 13:15:48.707386+00,Pat,false,,
637c33e5-67e4-4e9a-9f57-150f81437329,H545O3Sx_zkmdTZHL6XC1A_240_box0.jpg,LISBURN_CITY,National,Lamppost-mounted,Ulster Banner,5,2025-08-29 08:42:56.371192+00,May,false,,
63800c9c-3fa8-4937-be1f-59aa9f427d64,XqN2bE-1M-XkbEN-eoPWWg_120_box0.jpg,NEWRY,National,Lamppost-mounted,Irish Tricolor,5,2025-08-07 20:19:31.997732+00,Byron,false,,
6392a996-5a45-4bcd-b6d0-c2bd03a7d80c,LNw-Byi1IM4ePwqUenB3FA_180_box0.jpg,BANGOR,National,Lamppost-mounted,Ulster Banner,5,2025-08-07 20:13:44.028609+00,May,false,,
6393e5df-0487-42d4-a12f-87a5838c19c9,emuoWpDZBoxfqnSkdkNHtA_120_box0.jpg,CRAIGAVON,National,Lamppost-mounted,Union Jack,5,2025-08-12 16:03:06.008015+00,Pat,false,,
639d85c8-1999-49c7-abdb-671b9a9f1139,0LHmugVNghTuJLf7W0Fllw_300_box0.jpg,BELFAST_CITY,National,Lamppost-mounted,Union Jack,5,2025-08-15 00:41:00.484371+00,May,false,,
63a19094-3d4d-495f-85e2-e5351ec4d34f,39kdJ1e569aELACFsN1s6Q_300_box0.jpg,BELFAST_CITY,National,Building-mounted,Union Jack,5,2025-08-17 17:05:43.566781+00,May,false,,
63a3acb2-e525-4255-89ac-bde696cf299f,opeURcTRVqIjJnZy3vzE5w_120_box0.jpg,LIMAVADY,National,Lamppost-mounted,Irish Tricolor,5,2025-08-06 23:06:15.299327+00,May,false,,
63a89805-6f77-41a0-a6a9-903a66e48960,M8h0AB34Au5GZSEwFmxdkQ_060_box0.jpg,BELFAST_CITY,National,Lamppost-mounted,Union Jack,5,2025-08-29 08:24:36.943626+00,May,false,,
63d563bc-1ebb-4d8a-9e1b-b43e07c50ae1,5B3B7fvYInI_h8l54jvFOg_240_box0.jpg,BELFAST_CITY,National,Lamppost-mounted,Union Jack,5,2025-08-14 12:59:41.247232+00,Pat,false,,
63dc730c-5e60-479b-afc1-5c326a6c612b,SjMP5rH9siflnX0-H1dnFw_120_box0.jpg,BALLYMENA,National,Building-mounted,Union Jack,5,2025-08-12 14:52:04.662685+00,Pat,false,,
63f8fdbd-711b-4f85-b2ba-204a2a6c32f4,g1BSGmi3-KCpRKQWUox8Jg_000_box0.jpg,LISBURN_CITY,National,Lamppost-mounted,Union Jack,5,2025-08-17 17:07:57.038245+00,May,false,,
6404312d-137c-4bac-833b-0c0e394539ec,Hh3fQMXlf_MwY_77bTRWWQ_180_box0.jpg,METROPOLITAN_NEWTOWNABBEY,National,Building-mounted,Union Jack,5,2025-08-13 16:34:23.149365+00,Pat,false,,
64113159-bded-4b5a-9515-5ed02c56e1d4,L-BuokMfBCU0kHNpRzqAiQ_000_box0.jpg,METROPOLITAN_NEWTOWNABBEY,Review,,,,2025-08-09 11:50:47.509282+00,Byron,true,Complex case,
6427c6e8-2a6d-4f66-b4af-d34c803e5f6b,pztT2VO_zwHtzPFJvYLFPg_180_box0.jpg,BALLYCLARE,National,Building-mounted,Union Jack,5,2025-08-14 10:36:38.62043+00,Pat,false,,
642c7f08-d0d8-4647-9677-4f1b14f50049,ErUMyhgv_pN95IKrb7nN_Q_180_box0.jpg,BELFAST_CITY,National,Building-mounted,Union Jack,5,2025-08-29 08:23:04.746332+00,May,false,,
64426b5c-beae-4ba3-9945-42c6e059d557,1zcbKiPPKy6Nan7RKIJt5Q_000_box0.jpg,OMAGH_TOWN,Review,,,,2025-08-29 08:38:39.428645+00,May,true,Unclear image,
64443277-4ffb-49cc-8341-82f1eb392dc0,i7KUu1v5-8ig--5blIQC9g_060_box0.jpg,BANGOR,Review,,,,2025-08-08 08:43:34.247184+00,May,true,Unclear image,
644cbb29-3031-4924-9f82-2a4e8bc7d77a,fKImNcR8FgeiFAL09Ta4lQ_240_box0.jpg,BANGOR,National,Lamppost-mounted,Union Jack,5,2025-08-09 11:39:22.290368+00,Byron,false,,
645879b3-cf0d-4fd3-89ff-adfb4982f0bd,vqxyDg5Smwk0JUDivX3W9w_180_box0.jpg,BALLYCLARE,National,Lamppost-mounted,Ulster Banner,5,2025-08-14 12:13:28.982702+00,Pat,false,,
64630de1-af8d-4a9c-9120-973765019391,QggLarqSNSVdxKxd_R1iZA_060_box0.jpg,CARRICKFERGUS,Sport,Lamppost-mounted,Supporters Club,5,2025-08-14 13:29:24.847727+00,Pat,false,,
646da57d-224f-4eee-b647-debb74fef3cf,G4CwZ-Jsfu9pTggvQcdmug_120_box0.jpg,BALLYCLARE,National,Building-mounted,Union Jack,5,2025-08-28 20:14:40.329146+00,May,false,,
6475c5f0-9d94-48ad-9748-e64cb71c06ed,laBaaumc6cycbAds02OvsA_180_box0.jpg,ARMAGH,National,Pole-mounted (in ground),Union Jack,5,2025-08-14 12:19:57.946602+00,Pat,false,,
64a2769b-c9b5-4f74-9eb8-2a4e1ee03cd0,_JcQTJl8M0jg2-tLyB6BGA_000_box0.jpg,BELFAST_CITY,Proscribed,Lamppost-mounted,UDA,5,2025-08-14 13:45:55.464254+00,Pat,false,,
64ab7ef6-c809-438a-b861-e911406ca9d9,X1DQFMnyRhYmi7rzWB3YCw_000_box0.jpg,BELFAST_CITY,National,Building-mounted,Union Jack,5,2025-08-28 20:24:16.758518+00,May,false,,
64bbe5a3-b77c-4939-b109-7094b4d39671,kN7WUTUpQdzYibmq-5_APg_180_box0.jpg,CRAIGAVON,National,Building-mounted,Ulster Banner,5,2025-08-12 15:33:51.791879+00,Pat,false,,
64c2f4d9-6e6a-4029-afde-3a5bc6bf0dd9,OxvO6TqkvEbtlha8t0FEWw_180_box0.jpg,BELFAST_CITY,National,Lamppost-mounted,Union Jack,5,2025-08-14 12:21:28.754054+00,Pat,false,,
64c669cf-f721-4c7b-a8af-93ea099a7636,hKDB9o8DpHUHh_i9ctHNPQ_240_box0.jpg,METROPOLITAN_NEWTOWNABBEY,National,Building-mounted,Union Jack,5,2025-08-22 22:09:41.515828+00,May,false,,
64cf62fb-2d25-4633-9e3d-0a42d362d70e,ohMvXcwQ0JHZnDI6CvOOVA_240_box0.jpg,BANGOR,Review,,,,2025-08-08 09:04:29.528691+00,May,true,Unclear image,
64cf88a5-4648-4ab8-b30f-4f91ec4149ea,KGBsUS1ILhd3-QvJxD_ILw_300_box0.jpg,LARNE,National,Lamppost-mounted,Ulster Banner,5,2025-08-15 20:58:15.513161+00,May,false,,
64e2bfcd-3b0f-485e-bf73-8cc6936f9018,tK14aLNqLrYUljoNQkN_LA_240_box0.jpg,CRAIGAVON,National,Building-mounted,Union Jack,5,2025-08-29 08:20:18.523413+00,May,false,,
64f497f0-3718-4aed-a595-92e7bb98e7f8,8fmilM76Bg93rotUZdfUfA_120_box0.jpg,BELFAST_CITY,National,Lamppost-mounted,Ulster Banner,5,2025-08-14 12:42:01.891811+00,Pat,false,,
64f813e4-6b38-4ef0-bec5-547194300a33,zSzaZcumz3dDkfy4MygYIw_180_box0.jpg,BALLYCLARE,National,Building-mounted,Union Jack,5,2025-08-13 16:32:12.866079+00,Pat,false,,
650ae84a-a09c-4edc-a409-2d1de08304b4,mXmjEtMwIC1FQygKKV4T7A_120_box0.jpg,COLERAINE,National,Building-mounted,Union Jack,5,2025-08-14 09:32:58.330575+00,Pat,false,,
650e34cd-43c2-48c4-9f4f-cd26b199443d,BocGhJ20nw0yr5-R3joYMw_180_box0.jpg,BELFAST_CITY,National,Lamppost-mounted,Union Jack,5,2025-08-14 11:07:45.02709+00,Pat,false,,
651ec71b-3cdd-4c94-bd48-730f9d53075a,4VTy_rO31jp18X1BDw6oXQ_300_box0.jpg,LARNE,National,Building-mounted,Union Jack,5,2025-08-17 14:28:08.309871+00,May,false,,
65220a8c-b8e8-432a-8c9d-68ed1d2703bf,aMjCPQg8vxeTE4Jv1r4jEw_180_box0.jpg,BELFAST_CITY,National,Building-mounted,Ulster Banner,5,2025-08-13 22:04:31.293667+00,May,false,,
6525b8d9-55d7-4f3e-a179-8c71faa4685d,ShAy58KpT4VBJTkW_o7JFg_120_box0.jpg,BELFAST_CITY,National,Lamppost-mounted,Union Jack,5,2025-08-15 00:38:46.998154+00,May,false,,
6540b865-591e-4769-8ab4-a937ead392de,3ha7jkkDcIDH5bEV4EhTyQ_000_box0.jpg,BELFAST_CITY,Proscribed,Lamppost-mounted,UVF,5,2025-08-13 22:07:40.065313+00,May,false,,
6586e83e-dd83-4e3f-8b2a-95446abab77d,6MtbUWCktjDhCcF_M8hRbQ_180_box0.jpg,BELFAST_CITY,National,Lamppost-mounted,Ulster Banner,5,2025-08-14 10:18:30.234771+00,Pat,false,,
658b5691-57f0-47a4-9248-1743b0338ff0,nQKhy9GoUNpbF62Y13MdEA_180_box0.jpg,ARMAGH,Sport,Building-mounted,Supporters Club,5,2025-08-17 17:02:14.118633+00,May,false,,
65a57e42-99e1-4feb-a826-130b65199381,bZB-Uyev9g5gGeBWOYK5SA_180_box0.jpg,LISBURN_CITY,National,Lamppost-mounted,Union Jack,5,2025-08-15 20:56:25.653707+00,May,false,,
65a8a215-89f5-4909-96c4-144e9174a71c,SucCV-i4J1meKGlItFLnzg_240_box0.jpg,CARRICKFERGUS,Bunting,Triangular bunting,Red/White/Blue Triangular Bunting,3,2025-08-06 22:47:46.734535+00,May,false,,
65ab56cb-31c0-4b31-aaec-6f830a55acfc,jGFs8lojPeRKteK6iVR2_Q_300_box0.jpg,BELFAST_CITY,National,Building-mounted,Union Jack,5,2025-08-29 08:25:03.401551+00,May,false,,
65c29cf1-f564-4203-9752-995824fba560,DQFxSddR9QrZliHUhcHPiA_060_box0.jpg,BANGOR,Review,,,,2025-08-09 11:44:56.250984+00,Byron,true,Not a flag,
65c58bce-1a61-4755-b645-655de543b133,cCrrTG-Rr40_NWvenz6cZg_240_box0.jpg,BELFAST_CITY,Review,,,,2025-08-14 09:31:39.484157+00,Pat,true,Unclear image,
65e92733-3308-4ddd-a400-fd781bf5c46a,rgldiQ2puwSxgvQMhdWZJA_060_box0.jpg,BALLYMENA,National,Building-mounted,Union Jack,5,2025-08-14 12:34:45.155035+00,Pat,false,,
661811a9-0cbd-4069-85ca-39a7b8625140,m2kCT1BZGHaHqjU9zTOdmg_300_box0.jpg,METROPOLITAN_NEWTOWNABBEY,National,Lamppost-mounted,Union Jack,5,2025-08-14 09:44:33.002524+00,Pat,false,,
661f9639-961e-441a-8f54-8ecc729d169c,YkYgebH5H6kqKolEIfK4fw_000_box0.jpg,BELFAST_CITY,National,Building-mounted,Union Jack,5,2025-08-12 15:06:40.986541+00,Pat,false,,
6631aaed-a5fa-4fe3-94e2-b8f4c63cc90a,RkzoH45TcP8qFI8PGoJAqw_000_box0.jpg,CARRICKFERGUS,Military,Lamppost-mounted,Royal Irish Regiment,3,2025-08-06 20:46:22.488215+00,May,false,,
6640a15c-fea0-4e62-93ca-18b38da3cfe7,zYWnmwET8CwP5EY6yCc-QQ_120_box0.jpg,LARNE,National,Building-mounted,Union Jack,5,2025-08-14 12:36:16.942667+00,Pat,false,,
6643dc10-546b-41eb-af9a-21847071cd45,XOzlYa7hjJteTDTbtDLbZA_240_box0.jpg,BANGOR,National,Building-mounted,Union Jack,5,2025-08-09 11:45:02.804375+00,Byron,false,,
665454a3-97e8-4077-a293-7bdc47546f71,T3GQ1ZWOdHa-X2ZusHeecw_000_box0.jpg,BELFAST_CITY,National,Lamppost-mounted,Union Jack,5,2025-08-28 19:44:38.177121+00,May,false,,
665cbed2-1066-4248-9ce9-d6c748ef5a6f,ij9Gwf1gTPaNltTUB1IF0Q_060_box0.jpg,WHITEHEAD,Military,Building-mounted,Parachute Regiment,5,2025-08-13 21:57:27.307698+00,May,false,,
6660d8c3-3de2-4e52-8a0e-7795ef231189,L8sN-SMZ60Vkb-R00bcFXA_180_box0.jpg,METROPOLITAN_LISBURN,National,Building-mounted,Union Jack,5,2025-08-14 13:35:50.209301+00,Pat,false,,
666ec652-5340-4e22-83d8-981915d62c5a,AMGEX1msFkUfg6QMzZMEXA_120_box0.jpg,BELFAST_CITY,National,Building-mounted,Ulster Banner,5,2025-08-13 08:28:29.708583+00,Pat,false,,
668865af-2dbf-4c50-a95a-328cd0c55930,4-K8hULcgHQRebD7-J6RZA_000_box0.jpg,WARINGSTOWN,Review,,,,2025-08-12 15:11:52.436547+00,Pat,true,Unclear image,
668b7504-29b8-428b-9559-089f4314e016,uORZ4JZ5N5sXo6fZgMLIqw_000_box0.jpg,CARRICKFERGUS,National,Lamppost-mounted,Union Jack,4,2025-08-06 20:49:06.448396+00,May,false,,
66a742a5-301d-4cdc-8276-aceed83d3189,V6CoBU7eYPN37a2sBxt7BQ_000_box0.jpg,BELFAST_CITY,National,Lamppost-mounted,Union Jack,5,2025-08-28 20:21:26.633665+00,May,false,,
66b40abb-7962-499d-b41d-da4c3d31f806,lmMh5gIIMXQ_bqGOSOQ_ZQ_240_box0.jpg,BALLYMENA,National,Building-mounted,Union Jack,5,2025-08-13 16:20:36.957962+00,Pat,false,,
66b5849c-a02f-4cf6-90d1-788f3854e746,4NwxltKHRQ80pardcZSI1Q_240_box0.jpg,BELFAST_CITY,National,Pole-mounted (in ground),Union Jack,5,2025-08-14 12:22:24.635146+00,Pat,false,,
66bdd03e-7b40-4e84-9ffd-48bf9791f17c,7Q7UxNy33BRW7qdRQOWJbA_300_box0.jpg,ARMAGH,National,Pole-mounted (in ground),Union Jack,5,2025-08-13 22:27:42.803478+00,May,false,,
66c86748-afb6-4b61-92d8-494996d081ec,JD4WeU9XgS30Sa3pM539kA_120_box0.jpg,BELFAST_CITY,National,Building-mounted,Union Jack,5,2025-08-17 15:47:06.151244+00,May,false,,
66f6ad24-186d-408b-8c52-2b53896e356d,xfCljhxuuFhocFrKQ_sdkA_300_box0.jpg,COOKSTOWN,National,Lamppost-mounted,Union Jack,3,2025-08-14 10:34:56.011917+00,Pat,false,,
66f6cc20-ca49-4421-8968-20d3f0c52def,fMnCrsluW4qM2rSkf1bKWQ_120_box0.jpg,CRAIGAVON,National,Lamppost-mounted,Ulster Banner,5,2025-08-14 09:42:29.539111+00,Pat,false,,
66fa0413-39fa-462a-90be-19203ae8dee2,wWjn-dlbS-2-33lLmni2Pg_240_box0.jpg,LISBURN_CITY,National,Lamppost-mounted,Union Jack,5,2025-08-12 16:00:33.379845+00,Pat,false,,
670ad530-f02a-4e23-a4cb-cb208c286366,1sEqTF56oaFfYuMr6gFIEw_180_box0.jpg,METROPOLITAN_NEWTOWNABBEY,National,Lamppost-mounted,Ulster Banner,5,2025-08-22 22:27:39.695069+00,May,false,,
6712a05b-6968-4a71-8fcf-30cb2a60b0fb,twKJH65ygQQh6jLqgCDdMg_240_box0.jpg,METROPOLITAN_LISBURN,International,Pole-mounted (in ground),Other International,5,2025-08-13 22:36:36.3358+00,May,false,,
6715233c-92d1-4f4c-92dd-dd41b2e20bfa,37XOKGCyUx27POPcYsenAw_180_box0.jpg,NEWRY,Review,,,,2025-08-07 09:07:57.195557+00,May,true,Unclear image,
671da739-cd62-4cac-9f6a-57042de12f7a,JLeMyEbbu-cXkySKk5briw_060_box0.jpg,ANTRIM,National,Building-mounted,Union Jack,5,2025-08-14 12:20:17.464041+00,Pat,false,,
6726124b-d153-4e38-a9d1-e25d67839c12,FXItDatZbEZYtHK4xxukcQ_180_box0.jpg,BELFAST_CITY,Sport,Building-mounted,Local Club,5,2025-08-11 18:08:10.268566+00,Pat,false,,
672f3c9d-7559-4962-88be-47c17c61946c,GXI9V9I58cS3KTfqbZq9gg_060_box0.jpg,LARNE,National,Lamppost-mounted,Union Jack,5,2025-08-12 15:13:32.452668+00,Pat,false,,
6733fa56-a47d-44b4-a5c4-826c96546573,fqOiDRZ5q9fks53P5p72jw_060_box0.jpg,COLERAINE,National,Lamppost-mounted,Ulster Banner,5,2025-08-14 14:13:35.439464+00,Pat,false,,
674f45f9-b2fa-4365-9372-d3e6cb657ec4,SlUMQgRZpJRAg5tAlq_u7A_000_box0.jpg,BALLYMENA,Review,,,,2025-08-14 11:14:23.018907+00,Pat,true,Unclear image,
675dc9ca-ad72-4398-9cd3-4125e4d35e02,jCXvPmfjmvlGL_nL_HJypg_120_box0.jpg,CRAIGAVON,National,Building-mounted,Union Jack,5,2025-08-12 15:13:02.07916+00,Pat,false,,
675f1285-9695-420b-8716-139947c54d39,gwRCyzjTi6zRNetpDhUbKg_000_box0.jpg,METROPOLITAN_NEWTOWNABBEY,National,Lamppost-mounted,Ulster Banner,5,2025-08-09 11:54:38.769845+00,Byron,false,,
6778d2d7-518e-45b6-9519-cadc7cde63a8,dBVoXZdpwWlDn7Cl7JGccA_060_box0.jpg,NEWRY,Review,,,,2025-08-07 08:59:18.928682+00,May,true,Not a flag,
67839154-8b3d-4d87-8c3e-5fb45a78cb0a,E4AWcufAFvmnhIu_dS69Xg_300_box0.jpg,LISBURN_CITY,National,Lamppost-mounted,Ulster Banner,5,2025-08-14 11:16:55.489401+00,Pat,false,,
67888769-4f71-47a3-8e68-5e2cba28b5db,y6mLTjtMLgOYntvlWEcL1g_300_box0.jpg,METROPOLITAN_NEWTOWNABBEY,National,Lamppost-mounted,Union Jack,5,2025-08-13 08:52:21.551567+00,Pat,false,,
679162c1-1526-4488-be82-7296d81f1183,y8abI53es2IBttpL3lUC7w_240_box0.jpg,CRAIGAVON,Review,,,,2025-08-14 13:57:54.736172+00,Pat,true,Complex case,
67a332c1-53ba-43ab-867e-3a29ce96e9ff,KBDBMxzq5eyCspmyDE-oVg_300_box0.jpg,CRAIGAVON,National,Building-mounted,Ulster Banner,5,2025-08-14 12:19:49.182151+00,Pat,false,,
67aeac87-2b6a-4659-aadb-4487826525a9,H_XrZn1qZdkoQfXh2e6ogA_300_box0.jpg,COOKSTOWN,National,Building-mounted,Ulster Banner,5,2025-08-14 09:34:56.352297+00,Pat,false,,
67b6c138-9bc9-4ad4-b06f-8b4819931574,5fgYAsXu5D6MLrTr6iwvZQ_120_box0.jpg,BELFAST_CITY,National,Lamppost-mounted,Ulster Banner,5,2025-08-14 11:06:03.967493+00,Pat,false,,
67c33beb-3f61-4105-9dd8-f33270de4a43,9tkblbI1B3lh2Rjg0KNwwg_240_box0.jpg,BALLYMENA,National,Building-mounted,Union Jack,5,2025-08-14 12:22:15.599717+00,Pat,false,,
67df759c-609e-4a6e-a849-23aac270e070,nqDr2Bm95UQWvPt9lRniRQ_120_box0.jpg,LIMAVADY,Bunting,Bunting display,Other Colored Bunting,5,2025-08-07 20:01:12.506654+00,Byron,false,,
67df7fdd-709c-4201-bc2f-449feaa8de02,6uyPI1ApmyXx8watUuhecw_240_box0.jpg,METROPOLITAN_CASTLEREAGH,National,Lamppost-mounted,Union Jack,5,2025-08-17 17:07:43.267601+00,May,false,,
67ed23d7-48e9-4e6d-a930-aba4899b0004,X-Ol4E5VYSY8sIF1xxoaTg_060_box0.jpg,BANGOR,National,Pole-mounted (in ground),Union Jack,3,2025-08-08 09:06:18.715661+00,May,false,,
67f04659-3be8-4827-8d7d-dcf93a224768,q6z7qf-QQgEG6bGiRgpwgg_300_box0.jpg,METROPOLITAN_NEWTOWNABBEY,National,Lamppost-mounted,Union Jack,5,2025-08-28 20:23:53.226389+00,May,false,,
68029c26-d7bd-4831-a038-ea87c0017adc,rwuvklRab6CUVQ1yRLRGJQ_300_box0.jpg,BELFAST_CITY,National,Building-mounted,Union Jack,5,2025-08-13 08:39:00.373199+00,Pat,false,,
6812533e-4764-4f91-8505-d7c71691c8d6,G8SuBqZIq6W7E9X7dXQSHQ_000_box0.jpg,BELFAST_CITY,National,Building-mounted,Union Jack,5,2025-08-28 20:04:11.55585+00,May,false,,
6812ae68-17d2-4af6-a1e9-ae722b54ed20,lFqjQgx6O3K7tV3bA7H7eQ_120_box0.jpg,BALLYCLARE,National,Lamppost-mounted,Union Jack,5,2025-08-13 22:51:37.107499+00,May,false,,
681b86d3-b4ed-4831-8a65-de14a974e6af,1zcbKiPPKy6Nan7RKIJt5Q_000_box0.jpg,OMAGH_TOWN,Review,,,,2025-08-14 13:56:33.626952+00,Pat,true,Complex case,
686467c1-6130-42c5-990d-315ecf90eb27,V5SnbfNr0_6BYht49Rg4MA_060_box0.jpg,MAGHERA,Review,,,,2025-08-22 22:28:30.415046+00,May,true,Not a flag,
68660990-01cb-4934-be2c-fcc5d8999623,R_755CLHUyxwvFHNXLAwiQ_180_box0.jpg,BELFAST_CITY,National,Building-mounted,Union Jack,5,2025-08-12 15:13:23.779022+00,Pat,false,,
686b4ffc-6db5-448a-83bd-e2bce2e2bc63,MeIRU4JtPPjGb2Yz414Liw_180_box0.jpg,BELFAST_CITY,National,Building-mounted,Union Jack,5,2025-08-13 22:47:38.550207+00,May,false,,
68938eb0-4f8e-43e6-89ae-eb962c0b8df7,5jfIo50KRF_lCkVaR1p4nQ_120_box0.jpg,BELFAST_CITY,National,Building-mounted,Union Jack,5,2025-08-14 09:18:47.740041+00,Pat,false,,
68992648-10eb-4177-aed5-f247adeec5fa,ipjmEo9-8pJLYMSs82WRTg_000_box0.jpg,NEWRY,Review,,,,2025-08-07 20:17:46.479812+00,Byron,true,Unclear image,
68b5f105-db93-4426-856c-1439a38a3f7f,Qn57wnZwdJW6lIUoZF8Gfg_300_box0.jpg,CARRICKFERGUS,Review,,,,2025-08-28 20:37:03.313328+00,May,true,Unclear image,
68beeef5-b4c9-4363-b88b-4c1d387030e0,qtlgD0_OWQ8dVy0_pxCjEg_300_box0.jpg,ANTRIM,National,Lamppost-mounted,Union Jack,5,2025-08-13 08:28:35.365323+00,Pat,false,,
68e16082-bf07-4f0d-9cf8-ef0260842019,m0KwvHgDCBVuxHg7AY2w_Q_300_box0.jpg,BELFAST_CITY,National,Lamppost-mounted,Union Jack,5,2025-08-28 20:09:13.050191+00,May,false,,
68f25431-6cfc-4121-9300-6a1562c65417,zrDAubJ2rLV4PZpKHKoDrw_120_box0.jpg,BELFAST_CITY,Review,,,,2025-08-14 12:33:01.589937+00,Pat,true,Unclear image,
68fbf850-ea6d-4a73-a758-03952a335d0f,ainUhdiDMbEnQPbsrmJ5Tg_000_box0.jpg,LISBURN_CITY,National,Lamppost-mounted,Union Jack,5,2025-08-13 09:11:05.169369+00,Pat,false,,
68ff32ad-4b4b-458b-8f03-40f3af98b274,gbQW4E8_kM084Uh1CgnGjw_060_box0.jpg,CRAIGAVON,National,Building-mounted,Union Jack,5,2025-08-17 16:47:07.663517+00,May,false,,
6902af99-64d9-485d-80e7-695899893161,nYfG6CtBuYmi5vPeTQM7ng_000_box0.jpg,GREENISLAND,Proscribed,Lamppost-mounted,Other Proscribed,5,2025-08-13 22:53:53.916529+00,May,false,,
690f5a6a-335f-440d-99bf-8afdfe9a3b19,kdpZRurbRtsaR19F-TsGnQ_240_box0.jpg,LISBURN_CITY,National,Lamppost-mounted,Union Jack,5,2025-08-29 08:45:37.808885+00,May,false,,
6924204a-b388-4145-8bf4-f737e3919628,LWv-R6GFi4eBzb7Zl0pL8w_240_box0.jpg,BELFAST_CITY,National,Lamppost-mounted,Union Jack,5,2025-08-29 08:50:48.442292+00,May,false,,
69546438-713b-43d0-b041-49f38814369c,vQK066uxvnoEBjy2EGepiA_300_box0.jpg,METROPOLITAN_NEWTOWNABBEY,National,Building-mounted,Union Jack,5,2025-08-14 14:05:51.208018+00,Pat,false,,
695bf52b-8139-4f6a-8aa8-bc6ac8ff764c,mSH_jBMvnaUDD2_k7c_f-g_060_box0.jpg,BELFAST_CITY,National,Lamppost-mounted,Ulster Banner,5,2025-08-14 13:58:49.887289+00,Pat,false,,
69671249-8b15-4684-8eea-c64799cc42e1,JoiZG54lmapbcCECPiPfHw_240_box0.jpg,BELFAST_CITY,Fraternal,Building-mounted,Apprentice Boys,5,2025-08-13 22:54:45.368632+00,May,false,,
696a6a5a-94c8-41ed-975f-3a2f6831611a,kTY4aF7AqDt-zfbiwKMdGA_240_box0.jpg,CRAIGAVON,National,Lamppost-mounted,Union Jack,5,2025-08-17 17:06:49.887948+00,May,false,,
698393c9-898f-425f-b662-89c8edd68fb4,q1jcFfaDzrafMHYCJXLvUg_060_box0.jpg,BELFAST_CITY,National,Building-mounted,Union Jack,5,2025-08-11 18:19:26.405795+00,Pat,false,,
6984d6e4-2f11-492a-ba6d-5ff3a10acaea,hB3sFPK0ayHB5wLRa-3Cow_120_box0.jpg,LISBURN_CITY,National,Building-mounted,Union Jack,5,2025-08-12 15:16:03.42002+00,Pat,false,,
699f3ab8-8414-4191-b8a1-425b46975d67,HbWKPaf1fm2WMQ471fzXJQ_180_box0.jpg,ANTRIM,National,Lamppost-mounted,Ulster Banner,5,2025-08-22 22:07:14.386874+00,May,false,,
69a3ff37-484c-4a69-b349-55d7fd4efb76,jBCi5p9XqzWT8eOYjSdN6A_180_box0.jpg,LISBURN_CITY,National,Building-mounted,Union Jack,5,2025-08-13 22:14:35.218227+00,May,false,,
69b946ba-b2fa-42c2-9cd5-e549ece14b92,ven9CXbxGng3N42A7RtUfA_240_box0.jpg,BELFAST_CITY,National,Lamppost-mounted,Ulster Banner,5,2025-08-13 22:10:46.281215+00,May,false,,
69c9b8df-65a5-4eaa-b173-632f96bbaced,wDy7QzBD1uk3i3-0rd5KOA_000_box0.jpg,BELFAST_CITY,National,Building-mounted,Union Jack,5,2025-08-17 15:34:35.143648+00,May,false,,
69cdaffa-80e3-4431-aa43-2225728c5731,3UhJEtDd7lgFd5mTHNBGTA_240_box0.jpg,CRAIGAVON,National,Lamppost-mounted,Union Jack,5,2025-08-14 13:37:49.270315+00,Pat,false,,
69d74dc6-8780-4897-9ea8-b909830fbc2a,3kbhczDBpB1egIaLj8gHPA_240_box0.jpg,LARNE,National,Lamppost-mounted,Union Jack,5,2025-08-28 20:33:21.692889+00,May,false,,
69d90f36-97e2-4be6-b346-8aa2328c1520,yFs-Kwk_kTukg9XTkl_ZvQ_300_box0.jpg,LARNE,National,Building-mounted,Union Jack,5,2025-08-28 20:08:34.371866+00,May,false,,
69e06719-cd8c-46f7-ba1e-4d24f8df346e,Wd9vXitNMbdQqzfJpD-Y2Q_000_box0.jpg,BALLYMENA,National,Building-mounted,Ulster Banner,5,2025-08-13 08:23:36.395307+00,Pat,false,,
69e69cdd-7d2b-427a-923d-3f64ac0e06a5,ndcuXh8EVqId9GyXJ9HYHQ_240_box0.jpg,CARRICKFERGUS,Review,,,,2025-08-06 22:04:34.17012+00,May,true,Unclear image,
69ee1713-0b13-47f8-b71b-82786832d0c1,E96l82WZO01p2VpUGsSV6A_000_box0.jpg,BALLYMENA,National,Building-mounted,Ulster Banner,5,2025-08-14 14:14:43.494238+00,Pat,false,,
69f032dd-a2ff-4ec3-a5e5-738f6894ad37,KcD0-sGlcq_n-fXGfZQ-yQ_240_box0.jpg,LARNE,National,Lamppost-mounted,Union Jack,5,2025-08-17 15:07:14.289458+00,May,false,,
69fcf866-0ff0-4eb0-a62f-f002dab0a5a8,9khjcYEjcJ_yUrhsr3ydmQ_120_box0.jpg,METROPOLITAN_NEWTOWNABBEY,National,Lamppost-mounted,Union Jack,5,2025-08-22 22:07:09.205713+00,May,false,,
6a02bfe4-ff3a-45cf-920b-49a541d10a4c,N4C81efgLX6zEdjchmIlYw_120_box0.jpg,BELFAST_CITY,National,Lamppost-mounted,Ulster Banner,5,2025-08-13 08:47:42.285567+00,Pat,false,,
6a148d64-4b4c-4a24-93e8-d3a11dce558b,Tb2wFW54lfQi9j4z706Hyg_240_box0.jpg,BANGOR,National,Pole-mounted (in ground),Union Jack,5,2025-08-14 11:15:26.058928+00,Pat,false,,
6a230928-f82a-4bd3-96d7-f5f20d9ad40e,yOx3GfTKKrDeiHSOck9Xbw_120_box0.jpg,BELFAST_CITY,National,Building-mounted,Union Jack,5,2025-08-12 15:18:09.012363+00,Pat,false,,
6a237aee-5c13-4738-9614-c1bb9f08d5f2,g2EMkcoOJdTZbBykeD5XpQ_120_box0.jpg,CRAIGAVON,National,Lamppost-mounted,Union Jack,5,2025-08-28 19:44:29.138218+00,May,false,,
6aa31dd0-bde3-4957-81e6-9905aca8ab5e,g5EO7IxU9WDfRRIpqMv81g_300_box0.jpg,LARNE,National,Lamppost-mounted,Union Jack,5,2025-08-12 16:15:41.839746+00,Pat,false,,
6aa9ae01-db1c-4d6c-b5b3-e6fc9e573d72,b8ZJUWeCBrIELXnsCuIY2A_000_box0.jpg,BELFAST_CITY,National,Building-mounted,Union Jack,5,2025-08-12 15:21:57.149589+00,Pat,false,,
6abf31ef-e6a0-4130-a7cc-71ca47ee0333,PYsyr9b09HOVXyCSwwqhMw_240_box0.jpg,BALLYMONEY,National,Building-mounted,Union Jack,5,2025-08-29 08:46:49.943481+00,May,false,,
6ac7d008-6cc0-4df4-8eb0-e71250e7ea21,0bqsOI6JXUD0dpaqCTA17w_000_box0.jpg,BELFAST_CITY,National,Lamppost-mounted,Ulster Banner,5,2025-08-28 19:43:44.95437+00,May,false,,
6acf7a22-733a-4ddb-a33f-8c4695c5e4fc,l95yFd_WyyJvYb5i17yytQ_060_box0.jpg,BELFAST_CITY,National,Lamppost-mounted,Irish Tricolor,5,2025-08-22 22:09:59.028463+00,May,false,,
6ad4e86c-3ba0-41f4-b1cf-44f3284c6583,E7wiDSCL3awx2Pyfc4hZ2A_120_box0.jpg,BELFAST_CITY,Review,,,,2025-08-14 11:12:53.701444+00,Pat,true,Complex case,
6ad947df-4866-4b01-bfdb-1e7e8163011c,KrZzhBB7AGjnorOAdLnFDQ_180_box0.jpg,BELFAST_CITY,National,Lamppost-mounted,Ulster Banner,5,2025-08-22 22:28:42.095576+00,May,false,,
6ae18da8-72c4-486a-b66b-18a27eaa0c00,fs9qWDKcS4KmZSuAnz9xcQ_180_box0.jpg,BELFAST_CITY,National,Building-mounted,Union Jack,5,2025-08-17 18:24:48.478065+00,May,false,,
6aebc3de-bd1c-4499-8b3b-c2cb887ce49f,mQplzEUyVjAEcsDyARp1mg_060_box0.jpg,ENNISKILLEN,National,Lamppost-mounted,Ulster Banner,5,2025-08-28 20:26:22.483736+00,May,false,,
6b0cc414-d894-4f39-b021-3db8fb684a2a,HBGzUqcfXivgTUUz34wg1Q_060_box0.jpg,LISBURN_CITY,National,Lamppost-mounted,Union Jack,5,2025-08-14 13:42:38.381283+00,Pat,false,,
6b17765b-38cd-4866-85f1-ebef74ad632c,iLJKNME1ItbjVKHRmhac7g_240_box0.jpg,METROPOLITAN_NEWTOWNABBEY,National,Pole-mounted (in ground),Union Jack,5,2025-08-14 13:29:49.989357+00,Pat,false,,
6b7101aa-93a8-46b6-b533-8b89c9154d66,nHMwi3kyFSOyyW5kM99deQ_000_box0.jpg,METROPOLITAN_NEWTOWNABBEY,National,Lamppost-mounted,Union Jack,5,2025-08-14 11:16:46.077764+00,Pat,false,,
6b7381f9-2d7f-45c2-8c0a-fa167ec5bee9,X26iZXdwizOg_GrWJag9hA_000_box0.jpg,COLERAINE,National,Building-mounted,Ulster Banner,5,2025-08-29 08:39:35.387143+00,May,false,,
6b8b6607-c9d1-4c2e-8ea0-578dc096edf4,qt8B85eMpX-AEVDMKNkExw_300_box0.jpg,CARRICKFERGUS,National,Lamppost-mounted,Union Jack,5,2025-08-14 12:45:52.086599+00,Pat,false,,
6b99dd7b-24c0-4e6d-975b-6562cc5ae94b,M9G8cisbO3MuplTzxsqb7Q_300_box0.jpg,GREENISLAND,National,Lamppost-mounted,Union Jack,5,2025-08-14 13:44:29.013736+00,Pat,false,,
6bab5eb6-64e3-4f22-bb88-9e905ba0f463,E8to9s4wtpnEn3GGMFPw3g_120_box0.jpg,LISBURN_CITY,Review,,,,2025-08-28 20:01:20.246912+00,May,true,Unclear image,
6bb914f0-124c-4bcd-90f0-fbd22009778d,Nz1i6aegOgvIefZSyUEu0Q_120_box0.jpg,MOIRA,National,Lamppost-mounted,Union Jack,5,2025-08-29 08:35:30.742036+00,May,false,,
6bbf6636-e7e6-4442-a149-153b66056a64,TurkvUffFmilRITUDLfwmw_060_box0.jpg,LISBURN_CITY,National,Lamppost-mounted,Union Jack,5,2025-08-14 09:46:23.16494+00,Pat,false,,
6be49e49-59d2-4f97-8f54-f4920a195af0,ctuCJyB25iDY3p21ktH0nQ_120_box0.jpg,CRAIGAVON,National,Lamppost-mounted,Union Jack,5,2025-08-12 15:44:33.342491+00,Pat,false,,
6be4a61e-ad5b-4204-927a-4f50b30afa68,APT_Z4AdsP_y3BrC2AfzPQ_180_box0.jpg,METROPOLITAN_NEWTOWNABBEY,National,Building-mounted,Union Jack,5,2025-08-14 12:11:58.99916+00,Pat,false,,
6bfd7701-7e04-4b37-8af6-d360d9d2e784,Ws1_N_pFbTbFs3-69mmPZw_120_box0.jpg,GREENISLAND,National,Lamppost-mounted,Union Jack,5,2025-08-28 20:14:26.260253+00,May,false,,
6c06279a-8014-4fb4-afc1-9dfba8d30e56,Zot6f8JIEyoM0RAnuWGnuw_000_box0.jpg,BELFAST_CITY,National,Building-mounted,Union Jack,5,2025-08-13 22:07:10.123649+00,May,false,,
6c1e338d-5478-4590-8c52-97841fe49e03,yD8bqMnIH7kd31uAYuW62g_000_box0.jpg,CRAIGAVON,Review,,,,2025-08-14 13:38:40.392459+00,Pat,true,Complex case,
6c26a88c-9d1e-41e0-9d10-d4d652bf19bf,_Hc7APjh6CG5RkKrUgRF6g_240_box0.jpg,PORTSTEWART,National,Pole-mounted (in ground),Union Jack,5,2025-08-13 22:28:54.496548+00,May,false,,
6c321731-ad9c-4ea6-a5a5-cd846b0a1f31,SU2FHMaIJWpYSRXJ3dNT8w_000_box0.jpg,BALLYMENA,National,Lamppost-mounted,Ulster Banner,5,2025-08-14 13:27:26.131927+00,Pat,false,,
6c3ac3cb-c3ea-4bf9-a61c-26fb6e037eab,k3dWSachG3trgcxLAf0QLg_000_box0.jpg,BANGOR,National,Building-mounted,Union Jack,5,2025-08-14 09:35:54.448491+00,Pat,false,,
6c3f5505-66ba-4335-bb6a-48094092dcaa,sR2X5ruE6-4O4t5Ub-FIOA_000_box0.jpg,BELFAST_CITY,National,Lamppost-mounted,Ulster Banner,5,2025-08-13 22:05:17.761258+00,May,false,,
6c563221-c2ed-43ab-932c-bd1754a4e9de,-4yrGYCzAKt4AHeIr2K03w_000_box0.jpg,COLERAINE,National,Building-mounted,Union Jack,5,2025-08-14 10:52:39.877801+00,Pat,false,,
6c7c2ff6-3a0c-4b56-ac16-51fb169604ef,37XOKGCyUx27POPcYsenAw_180_box0.jpg,NEWRY,National,Lamppost-mounted,Union Jack,4,2025-08-07 20:16:33.313857+00,Byron,false,,
6c8bd836-ca94-4e06-bf14-367c7a0fef7a,IQwCYQDnT0TJqtd0hbnLyA_240_box0.jpg,ANTRIM,National,Lamppost-mounted,Union Jack,5,2025-08-29 08:45:13.320837+00,May,false,,
6ca3a2a5-812b-4a0b-acd1-5c586225bd10,WoQYMA4NNnAgvKv4cUs50Q_120_box0.jpg,LARNE,National,Building-mounted,Ulster Banner,5,2025-08-28 20:25:30.915698+00,May,false,,
6ca80ffe-468c-4920-a44d-d3aa99219441,b9n7EN3je38mtR93ZC3yqA_300_box0.jpg,METROPOLITAN_NEWTOWNABBEY,Review,,,,2025-08-12 15:52:47.511254+00,Pat,true,Complex case,
6ca96e85-c2d5-4294-95c8-4c52e1430362,H_srYMFtfd_mVFATN3cYHA_240_box0.jpg,DERRY_CITY,National,Lamppost-mounted,Irish Tricolor,5,2025-08-14 13:18:46.850827+00,Pat,false,,
6ca9c378-2645-40dc-8fab-7cd13da68094,uO8j-nWgJjCEWqpYBqmI7A_240_box0.jpg,DUNGANNON,National,Pole-mounted (in ground),Irish Tricolor,5,2025-08-29 08:32:02.465064+00,May,false,,
6cd1f5b2-73a9-48f5-9526-a2d78f62bfae,epor1sGIQv3o9SAZKIwlog_060_box0.jpg,BELFAST_CITY,National,Lamppost-mounted,Union Jack,5,2025-08-17 18:24:04.641333+00,May,false,,
6ce06166-221e-4e0c-ba7c-1afcb6dcbb2b,fV_SlYu-9F37hK25dpiHgg_120_box0.jpg,METROPOLITAN_NEWTOWNABBEY,National,Lamppost-mounted,Ulster Banner,5,2025-08-09 11:50:19.6024+00,Byron,false,,
6ce667a3-11d1-40cf-9203-5e78f87a5ab1,hIzlMFAq_LLpAnfBlwG5Mg_240_box0.jpg,METROPOLITAN_NEWTOWNABBEY,National,Lamppost-mounted,Union Jack,5,2025-08-14 13:12:28.696517+00,Pat,false,,
6ceaaac9-2e0f-4c9e-b181-ff51a75d89c4,pw2XABM7nS2VPO7F5nR0aA_180_box0.jpg,DUNGANNON,National,Building-mounted,Union Jack,5,2025-08-17 18:23:05.473645+00,May,false,,
6cf84eb3-9646-4b57-a6d1-9825a935e59d,EA8U8HMH2rDIonnfRUaiBg_180_box0.jpg,CARRICKFERGUS,National,Lamppost-mounted,Ulster Banner,2,2025-08-06 20:48:50.202557+00,May,false,,
6cfb0c1c-3e49-4bcb-b4fe-7612423ae216,rt4k_lFul5Wb1KfOKYuXKg_180_box0.jpg,METROPOLITAN_NEWTOWNABBEY,National,Building-mounted,Union Jack,5,2025-08-17 16:45:46.137254+00,May,false,,
6d0f4f6f-e732-4ecb-b753-7d7d5b9ad87c,ihxY4TzKoS-8EgXwIOZ8bw_180_box0.jpg,METROPOLITAN_NEWTOWNABBEY,National,Pole-mounted (in ground),Union Jack,5,2025-08-12 15:23:27.195642+00,Pat,false,,
6d110e13-3fd7-4ceb-a5f9-ed95bcc802e8,I2_I_5W6dmipPysWColcTw_120_box0.jpg,LISBURN_CITY,National,Building-mounted,Union Jack,5,2025-08-28 20:27:02.09978+00,May,false,,
6d2f7260-7477-4a0d-b904-b03c7d9de6e0,A2srRb8toiqtFCcDUNHWRQ_000_box0.jpg,CRAIGAVON,National,Lamppost-mounted,Ulster Banner,5,2025-08-14 13:16:47.530026+00,Pat,false,,
6d48cd68-67f9-45e4-a79f-1b799ca608b0,PPvNm1SSRpAu_nqoZZtTqQ_180_box0.jpg,BELFAST_CITY,Review,,,,2025-08-29 08:16:48.843678+00,May,true,Not a flag,
6d523b9f-0547-4d18-98fe-a700c2742ec1,clkQ-yY5KRbbgKLGjQKrxg_120_box0.jpg,BELFAST_CITY,National,Building-mounted,Union Jack,5,2025-08-22 22:16:13.511014+00,May,false,,
6d61f48a-a941-4a31-b7f4-da20a3e875d4,Iw1YlPXDNDvFDWWoyb7HDQ_180_box0.jpg,LISBURN_CITY,National,Lamppost-mounted,Union Jack,5,2025-08-29 08:49:45.739051+00,May,false,,
6d6dd378-e5f0-46e4-8cfe-6c2393fab3c4,Ey810ChOHrEq2pr-vjJgLw_300_box0.jpg,BANGOR,Review,,,,2025-08-08 09:07:05.502382+00,May,true,Unclear image,
6d72f143-1f91-40d7-a413-6bd9a22a9d5f,vTCUbbojeey38xPIYmWADQ_300_box0.jpg,DONAGHADEE,National,Pole-mounted (in ground),Union Jack,5,2025-08-17 17:02:37.692092+00,May,false,,
6d876109-9e71-4b52-b3ee-b18582d6565e,A-4L-cn-e2JKs137VTzhAA_060_box0.jpg,DUNGANNON,National,Pole-mounted (in ground),Union Jack,5,2025-08-14 10:11:05.835251+00,Pat,false,,
6d93eba3-c4db-4810-8ffb-e3c01a44a10c,j-hwcplwMhJeznzKit15iQ_060_box0.jpg,DUNGANNON,National,Pole-mounted (in ground),Ulster Banner,5,2025-08-14 11:11:27.16006+00,Pat,false,,
6dcdaba5-0e5b-402b-817b-ec2df7fd9142,bEQnTBnkhPoWZN81reGALQ_120_box0.jpg,NEWTOWNARDS,National,Lamppost-mounted,Union Jack,5,2025-08-28 20:43:22.37418+00,May,false,,
6dce1b0c-37ef-42e3-b186-6bb8949f294e,VFP2rgWquyetfggnaWq4nw_300_box0.jpg,BELFAST_CITY,National,Lamppost-mounted,Union Jack,5,2025-08-14 09:18:53.514011+00,Pat,false,,
6de7b255-37e9-4f39-b056-9ef59a023ff9,_vrMHnkJlFVYdkTUUmtj1A_000_box0.jpg,METROPOLITAN_NEWTOWNABBEY,National,Pole-mounted (in ground),Union Jack,5,2025-08-12 15:27:07.612041+00,Pat,false,,
6de84dc9-2cc2-4322-ac51-44524d813ca2,MbKpz--YV-QW2t9Kxu4RLA_240_box0.jpg,NEWTOWNARDS,National,Temporary installation,Union Jack,5,2025-08-17 16:50:08.032324+00,May,false,,
6e074960-e8ef-426c-84bf-9aee82203bdd,XX6R2Nz8sI_rxQ1h1-FWjQ_180_box0.jpg,BELFAST_CITY,International,Lamppost-mounted,European Union,5,2025-08-29 08:50:43.892961+00,May,false,,
6e09d1f9-02b5-401c-8acc-aa87602a9fe6,4DapLdHKxAs44e_TXlRkFw_240_box0.jpg,CRAIGAVON,National,Building-mounted,Union Jack,5,2025-08-13 22:50:08.832582+00,May,false,,
6e0eba49-7c87-425b-a62c-7f89b7be669b,zAmBBwKoDj-teIXWqUYUXQ_120_box0.jpg,ARMAGH,National,Lamppost-mounted,Union Jack,5,2025-08-13 22:36:44.806383+00,May,false,,
6e2dd634-b187-4dcb-a012-bc205a96257b,fivf_JSzo2q34kazxqCLUQ_060_box0.jpg,BELFAST_CITY,National,Building-mounted,Scottish Saltire,5,2025-08-13 16:29:41.969835+00,Pat,false,,
6e34aee0-eb46-47c2-8e36-23c5f7ceac21,-_oQ_zPY3DmGX2kvsYuHng_180_box0.jpg,CARRICKFERGUS,National,Building-mounted,Union Jack,5,2025-08-22 22:09:28.457623+00,May,false,,
6e3b33b6-c0ac-489d-aab0-4cc8f2e89c1e,Cpmaomnd3yytTIKtxfKsaA_180_box0.jpg,BELFAST_CITY,National,Building-mounted,Union Jack,5,2025-08-14 13:37:23.101282+00,Pat,false,,
6e418e0d-d89e-4a28-9629-6e6c2a5b9898,DA8VF3p_Y4BevTXMe575Ew_060_box0.jpg,METROPOLITAN_LISBURN,National,Lamppost-mounted,Union Jack,5,2025-08-13 22:55:31.896989+00,May,false,,
6e46ffda-15af-432c-b167-fd0c3d1e3177,HlEMQY2Al2V4-GT5ncb8zQ_060_box0.jpg,CRAIGAVON,National,Building-mounted,Union Jack,5,2025-08-14 13:31:46.974093+00,Pat,false,,
6e4d6343-97dc-4c06-bd21-9659729c53c6,z0RRCbrJzWOEA_c5aHuvPQ_000_box0.jpg,METROPOLITAN_NEWTOWNABBEY,National,Lamppost-mounted,Union Jack,5,2025-08-28 20:52:20.237026+00,May,false,,
6e5283e7-d5a0-4c3b-8f4a-d8309d38efd9,8pUuSkZyuf1fqfD24wNX4g_300_box0.jpg,CRAIGAVON,National,Lamppost-mounted,Ulster Banner,5,2025-08-28 20:33:28.684009+00,May,false,,
6e5c3c4d-166d-4cf0-a4c8-3f2097810cf8,YJt3mPh9KKpc10X7DL9ekg_120_box0.jpg,BELFAST_CITY,National,Lamppost-mounted,Union Jack,5,2025-08-12 15:55:23.437931+00,Pat,false,,
6e5dda54-9666-4995-8670-8fb3df0b2c7b,nRJJhD4L2WxZh8RifrXqXg_000_box0.jpg,METROPOLITAN_LISBURN,National,Lamppost-mounted,Union Jack,5,2025-08-14 09:27:26.392252+00,Pat,false,,
6e67e80f-f535-461c-a999-555373f2d73f,kyLEIF57ltab8Avm1VpyLQ_240_box0.jpg,LARNE,National,Lamppost-mounted,Union Jack,5,2025-08-13 16:30:04.523538+00,Pat,false,,
6e6d250e-4cd5-422d-ba88-2dbd13939de8,CuQOBpKtbNeuRMGZaa-e7w_180_box0.jpg,LISBURN_CITY,National,Lamppost-mounted,Ulster Banner,5,2025-08-22 22:28:33.99447+00,May,false,,
6e9ae335-c088-42df-905d-53cb1ccd2f77,CzVOX-Y6ahlBRFTsKr8FRw_000_box0.jpg,CRAIGAVON,National,Lamppost-mounted,Union Jack,5,2025-08-14 13:56:53.500981+00,Pat,false,,
6e9d91ec-44ec-4386-851d-341733772034,xHxSLjbXBqQBlKvcP4nEOA_120_box0.jpg,METROPOLITAN_CASTLEREAGH,National,Pole-mounted (in ground),Union Jack,5,2025-08-13 08:49:26.03982+00,Pat,false,,
6ea795e9-107a-47f5-8370-31869b21d4df,tjdV2SMICT4nx7AEmnr99w_000_box0.jpg,METROPOLITAN_NEWTOWNABBEY,National,Lamppost-mounted,Union Jack,5,2025-08-13 22:12:09.799753+00,May,false,,
6eaf583e-f0f4-408f-8441-0e63ac769d3f,ZnrP_68-NzuQZYlSeeVTyA_180_box0.jpg,LIMAVADY,Review,,,,2025-08-07 08:51:01.513762+00,May,true,Unclear image,
6eb73565-1797-4584-8044-97086f3a95ed,Fh_K-JfNI_1nnQ27gP5WcQ_180_box0.jpg,BALLYMENA,National,Lamppost-mounted,Union Jack,5,2025-08-28 20:27:30.283361+00,May,false,,
6ebb7503-2ce5-422c-97a5-a9b514662127,OgGwufRhC3CosChgfd11aA_000_box0.jpg,COLERAINE,National,Building-mounted,Union Jack,5,2025-08-28 20:54:15.927473+00,May,false,,
6ec95c4e-ba09-4864-8fec-4edf641953fb,hQ50DVVFye1zEhbFQRa6_w_180_box0.jpg,NEWTOWNARDS,National,Lamppost-mounted,Union Jack,5,2025-08-15 00:26:54.291124+00,May,false,,
6ed61403-b10f-4717-9891-6534ff130493,zwdzIX8SjW6D27TumrxqeQ_180_box0.jpg,MOIRA,National,Lamppost-mounted,Ulster Banner,5,2025-08-14 12:42:31.368955+00,Pat,false,,
6ee82f9d-7efb-455c-b9cf-9f91db3a3e84,vhYNEdmpafJ4_L3dpq5Fhg_300_box0.jpg,BALLYMENA,Review,,,,2025-08-13 08:35:38.581108+00,Pat,true,Complex case,
6eec2664-7f5b-4bcd-b200-63afe6630b7e,UTM4JvORMOKkJ8-sv0ew9g_240_box0.jpg,BELFAST_CITY,National,Lamppost-mounted,Ulster Banner,5,2025-08-17 16:22:02.828967+00,May,false,,
6ef1e77b-10f3-463c-8471-cdb25b285dd8,W8-L8yau0iE7mt3Hb2PgZQ_240_box0.jpg,NEWRY,Review,,,,2025-08-07 20:13:03.579716+00,Byron,true,Complex case,
6ef54bdb-4586-4240-a6cb-6859eba9761c,1hlyW5gy965OQqlLxun6Qg_180_box0.jpg,HILLSBOROUGH_AND_CULCAVY,National,Lamppost-mounted,Union Jack,5,2025-08-13 22:28:26.877612+00,May,false,,
6efb6194-de96-4766-ab8c-7c0b1f79e5cc,Qn57wnZwdJW6lIUoZF8Gfg_300_box0.jpg,CARRICKFERGUS,Review,,,,2025-08-14 12:58:02.09139+00,Pat,true,Unclear image,
6f150a95-e205-4aa2-8be5-16de8178b99d,kp1r3ierasjqZgvp3ayETA_060_box0.jpg,METROPOLITAN_CASTLEREAGH,Proscribed,Building-mounted,UDA,5,2025-08-14 13:02:40.78296+00,Pat,false,,
6f254bcd-64e8-491b-946a-b77a91c32e08,wIDNrME_BoFf6-4ajRYjOQ_180_box0.jpg,BELFAST_CITY,National,Lamppost-mounted,Ulster Banner,5,2025-08-29 08:51:29.893889+00,May,false,,
6f40dad4-712a-4ff2-bd16-08f308284854,LUwK7DGKlmMoyyn5jZZjTA_000_box0.jpg,BELFAST_CITY,National,Lamppost-mounted,Ulster Banner,5,2025-08-28 20:23:33.646644+00,May,false,,
6f62c48f-076c-4665-a4ce-cb567370dc1a,6ZOMhtXUyAN0SiHYtGu8DQ_120_box0.jpg,BANGOR,National,Building-mounted,Union Jack,3,2025-08-09 11:38:54.163218+00,Byron,false,,
6f68b5e9-aa01-4b9a-90ac-8a6bc0e65ebf,W5RenjM0guyleiVK1hqzNg_300_box0.jpg,METROPOLITAN_LISBURN,National,Building-mounted,Ulster Banner,5,2025-08-12 15:03:32.662575+00,Pat,false,,
6f85b81c-889c-45fa-a84e-5332bc20c11e,YTSXIxEsIo-dRM_49qo0Kw_300_box0.jpg,LISBURN_CITY,National,Lamppost-mounted,Union Jack,5,2025-08-14 09:36:50.866432+00,Pat,false,,
6fae97b6-74b5-4015-8190-1468f869e1fa,REkz8UNWeBiGzw-ApXPIRA_180_box0.jpg,BELFAST_CITY,National,Lamppost-mounted,Union Jack,5,2025-08-13 22:43:28.368206+00,May,false,,
6fb88cf2-28ed-4f29-805f-7a0623c4722e,Q7Uwy9HFMQNkV3x5eVhTJQ_240_box0.jpg,LISBURN_CITY,National,Lamppost-mounted,Ulster Banner,5,2025-08-22 22:28:02.564552+00,May,false,,
6fbc863f-378d-4539-96ce-bd881b0ea640,MWYRxa9rzn0Cqg13y5WiTA_060_box0.jpg,BANGOR,Proscribed,Lamppost-mounted,UVF,5,2025-08-07 09:15:10.779687+00,May,false,,
6fc44d61-2206-4b4f-b95b-84c4668c652d,r11oCMcoHawmnuioQqhfCw_300_box0.jpg,CRAIGAVON,Sport,Lamppost-mounted,Supporters Club,5,2025-08-28 20:42:55.015837+00,May,false,,
6fd1e98e-96a5-4f44-bac5-82d17cfd96a2,2_n2uEcXAkpcZxQOL8Kl8g_240_box0.jpg,DONAGHADEE,National,Building-mounted,Union Jack,5,2025-08-14 13:00:50.431103+00,Pat,false,,
6fe9df4a-d3ab-4fa6-9828-05a4828ead0b,9JQ1tR5M_1uBXC2QWMTVHg_060_box0.jpg,CRAIGAVON,National,Lamppost-mounted,Union Jack,5,2025-08-17 14:38:20.852745+00,May,false,,
6ff2eb04-cd38-4108-a468-df104abd1c5d,Fr-Ql_PziuF6zAQuiM5muw_300_box0.jpg,CRAIGAVON,National,Lamppost-mounted,Union Jack,5,2025-08-17 15:51:47.236095+00,May,false,,
6ffa2314-41ea-4e4b-bdbc-523af4b6f373,mXzKn6b9AyKd8PiWDWrJrA_180_box0.jpg,MAGHERA,Sport,Lamppost-mounted,Supporters Club,5,2025-08-13 08:54:37.819828+00,Pat,false,,
7024067e-fac7-4ccd-9913-b6b911a880b4,9tkblbI1B3lh2Rjg0KNwwg_240_box0.jpg,BALLYMENA,National,Lamppost-mounted,Union Jack,5,2025-08-28 20:06:33.832638+00,May,false,,
70495ce9-69fd-45f7-8623-3a2040f018ed,KW9fDd81TzjL6WqfyCVmqQ_180_box0.jpg,METROPOLITAN_LISBURN,National,Lamppost-mounted,Union Jack,5,2025-08-28 20:39:44.484554+00,May,false,,
7051c6c3-24f5-4af9-b902-1ecd247b53c1,MMeYpRUOuw3lTUpnVjoOgg_060_box0.jpg,NEWTOWNARDS,National,Lamppost-mounted,Union Jack,5,2025-08-13 22:16:02.998843+00,May,false,,
7058b3e6-ed5d-4786-a397-4fd1250d4b62,fGWP0ycJjKWsfmfjEfK37A_000_box0.jpg,ARMAGH,National,Lamppost-mounted,Union Jack,5,2025-08-12 16:19:35.006402+00,Pat,false,,
7073a5de-c0e7-4d3d-96cb-9f61c5aa4c91,gvBB71ATpnQW06R2FS5SIg_300_box0.jpg,BANGOR,National,Building-mounted,Ulster Banner,5,2025-08-13 16:36:40.435842+00,Pat,false,,
7084567d-d5cd-41fb-a642-950c2f2ee152,uh2s_CENpEWjddYOPL5IdA_000_box0.jpg,BALLYMONEY,National,Lamppost-mounted,Union Jack,5,2025-08-13 22:14:04.26873+00,May,false,,
708d9021-0884-4dd8-9d00-a51a5bf94b16,GBnB5k-9VAD7twJtsotCFQ_180_box0.jpg,LISBURN_CITY,National,Building-mounted,Ulster Banner,5,2025-08-14 10:18:53.529044+00,Pat,false,,
709bce51-1eb2-4dfc-991a-046db04777d3,hxMxQ0QxzVt86PZZXqUuZg_120_box0.jpg,METROPOLITAN_LISBURN,National,Lamppost-mounted,Union Jack,5,2025-08-13 22:36:23.369776+00,May,false,,
70a0fd0b-5603-4ab8-8e02-a062f0142aa5,wZNsT8amMGIaRT11scVx3A_300_box0.jpg,BALLYCLARE,National,Building-mounted,Union Jack,5,2025-08-29 08:24:56.629059+00,May,false,,
70a5bbab-2d59-47a4-8bc0-1c99cb993307,h7Qzsqts5bdargAKQFj3rQ_060_box0.jpg,NEWRY,Sport,Permanent installation,Supporters Club,2,2025-08-07 09:01:53.997+00,May,false,,
70ab8bdb-7d12-4ff6-a3f5-b22c06c510e1,PsqeRMbHuwwreantfGSt5A_240_box0.jpg,ARMAGH,National,Lamppost-mounted,Union Jack,5,2025-08-13 22:55:13.447482+00,May,false,,
70b20263-fd50-4752-b61f-046473ab7944,i9gVdC7GVij8HijFM4uKGg_060_box0.jpg,BELFAST_CITY,Review,,,,2025-08-14 12:32:48.55898+00,Pat,true,Complex case,
70b6ce91-6d20-4b28-9d18-665828d3955f,WWSSjIjxm0iGbPdI3fDqjA_180_box0.jpg,LIMAVADY,National,Lamppost-mounted,Union Jack,5,2025-08-07 08:51:44.239734+00,May,false,,
70c12a17-95cc-401a-8fdb-c065ceea8b0e,h-5fPAVh-KRQVIPOLg1Xhg_300_box0.jpg,BELFAST_CITY,National,Building-mounted,Ulster Banner,5,2025-08-14 11:08:29.549631+00,Pat,false,,
70d08575-6187-4f0c-990c-32bdd80afed5,VkdU79mlmd5ctateeNdVng_300_box0.jpg,CARRICKFERGUS,National,Building-mounted,Ulster Banner,5,2025-08-06 20:50:43.837421+00,May,false,,
70d6b274-b58e-4918-b4b8-57a271cc93bc,rgldiQ2puwSxgvQMhdWZJA_060_box0.jpg,BALLYMENA,National,Building-mounted,Union Jack,5,2025-08-28 20:18:22.706256+00,May,false,,
70d8c413-4f21-4996-8570-c8b884555dba,v4MdPKXEeOVZYS070g0dwQ_120_box0.jpg,BELFAST_CITY,National,Lamppost-mounted,Union Jack,5,2025-08-13 22:55:47.188168+00,May,false,,
70e8bed9-fdd8-41da-bac7-14b9fbd95e57,4mC6VbBn8pH7oNlmdNivOQ_000_box0.jpg,METROPOLITAN_NEWTOWNABBEY,National,Lamppost-mounted,Scottish Saltire,5,2025-08-09 11:51:41.343526+00,Byron,false,,
70eb149d-fe76-4b4a-b6bc-e43f715b0afc,0q8NgtFUWFeqYnsu2ELJFA_300_box0.jpg,METROPOLITAN_NEWTOWNABBEY,National,Lamppost-mounted,Union Jack,5,2025-08-08 12:51:45.994933+00,May,false,,
70ff5332-f48f-490b-873c-aa0b34a0de79,Qw8E5tk0i8QyuaybQwmjXQ_060_box0.jpg,DERRY_CITY,National,Lamppost-mounted,Union Jack,5,2025-08-14 09:30:46.798623+00,Pat,false,,
71092e89-80d4-40e5-8c65-c3ae5868d8b7,UX5olA1LmJSdMor95O8IRw_300_box0.jpg,COLERAINE,Military,Building-mounted,Historical Units,5,2025-08-28 20:23:28.015274+00,May,false,,
711d5669-c683-4aa8-a4cc-08b9c6397e87,SHBQ6D_i1PWVqYP8tO1W2A_000_box0.jpg,LISBURN_CITY,National,Building-mounted,Union Jack,5,2025-08-14 13:46:07.487504+00,May,false,,
711e0b81-317f-4db0-8ae6-c099d4a9d49e,YpNcZ2EnsepNvuYSoLBD0w_240_box0.jpg,BALLYCLARE,Review,,,,2025-08-12 16:09:40.366802+00,Pat,true,Complex case,
7136cbd5-8ff6-414e-bef9-94566ec59f84,Nd05GSlx27zhMjqchxePPQ_120_box0.jpg,BELFAST_CITY,National,Lamppost-mounted,Ulster Banner,5,2025-08-14 12:53:36.619562+00,Pat,false,,
7139ed69-a1e5-4ace-943d-e44058a5328b,xpr2Z0wMUEIXK3cUiSCnPg_000_box0.jpg,BELFAST_CITY,National,Building-mounted,Union Jack,5,2025-08-12 15:43:33.974475+00,Pat,false,,
715ec9fe-2241-4091-a8d8-89c65ff7fd7c,VqVMLfKzqV1yAGTg2E6glA_300_box0.jpg,CARRICKFERGUS,National,Building-mounted,Union Jack,3,2025-08-07 19:58:05.877448+00,Byron,false,,
716273f5-6600-48d6-aa0f-5b2fb4fcdeee,Kgx_MG51jzttzgATzpPjuw_300_box0.jpg,BELFAST_CITY,National,Lamppost-mounted,Ulster Banner,5,2025-08-28 19:42:48.894572+00,May,false,,
716c62cc-d316-4f56-8360-1f0b5c3d35f8,KnqNZt7_eN27u65QTrmmuA_300_box0.jpg,DROMORE_BANBRIDGE,National,Building-mounted,Union Jack,5,2025-08-13 22:49:24.700383+00,May,false,,
7171eb9d-3593-4bfd-97ee-25d170d5f4b7,kAua2hP5vj4HFf4m-ry5Ww_000_box0.jpg,BELFAST_CITY,National,Building-mounted,Ulster Banner,5,2025-08-14 12:20:45.784501+00,Pat,false,,
7175e825-1597-42ff-a19b-054e9cff019a,FZ9CWBivjeUXwZjDS_EkLg_180_box0.jpg,BELFAST_CITY,Review,,,,2025-08-14 13:15:04.329305+00,Pat,true,Complex case,
718832f0-df08-419f-9967-37460fc048d6,i9gVdC7GVij8HijFM4uKGg_060_box0.jpg,BELFAST_CITY,Military,Building-mounted,Royal Irish Regiment,5,2025-08-28 20:16:54.144709+00,May,false,,
7199d47d-5c9a-486a-8399-410346b43b59,-mbA_yV9jyl-fBf9AHiIOg_180_box0.jpg,METROPOLITAN_NEWTOWNABBEY,National,Lamppost-mounted,Union Jack,5,2025-08-13 09:09:07.337422+00,Pat,false,,
719a2587-d067-4dfe-b4c3-c0af0e6e1bc9,RDwUbDfiUwBj2U4Jawpa3A_060_box0.jpg,BELFAST_CITY,National,Building-mounted,Union Jack,5,2025-08-17 18:22:07.703742+00,May,false,,
719a2f63-2779-47a0-9286-7abf189b648c,KuVwnfie2J70UaHaZCrpNg_300_box0.jpg,CRAIGAVON,National,Lamppost-mounted,Union Jack,5,2025-08-28 20:37:56.187004+00,May,false,,
719dd770-0404-40a5-b376-238f74ea70ac,HMzi1t0_4gfltzxqMssuQg_120_box0.jpg,COOKSTOWN,National,Pole-mounted (in ground),Union Jack,5,2025-08-11 17:45:40.858744+00,Pat,false,,
71a0a1df-996f-44ee-aaac-e74d1608040f,tudBUcU1nG1147tpiyyJSQ_000_box0.jpg,LISBURN_CITY,National,Lamppost-mounted,Ulster Banner,5,2025-08-29 08:31:06.368721+00,May,false,,
71aca94e-9818-4a09-957d-662fa0ad51cf,2YdMO9RoB0XHIgi2L5FcsQ_000_box0.jpg,LISBURN_CITY,National,Lamppost-mounted,Union Jack,5,2025-08-17 16:45:12.806581+00,May,false,,
71b59474-73c7-40d8-b418-38505605681f,_UXwNu3O0lmX3ZuduO7ssw_180_box0.jpg,BELFAST_CITY,National,Lamppost-mounted,Union Jack,5,2025-08-14 13:59:04.951751+00,Pat,false,,
71c1bffd-c5d5-4d14-8a13-440c7fe391ac,BZVx9YtHFTMKdkIkkqRp3w_120_box0.jpg,LISBURN_CITY,National,Lamppost-mounted,Ulster Banner,5,2025-08-28 20:48:34.703038+00,May,false,,
71cd1b3b-e20e-4bf1-b79d-d1ea7a04075a,TuEHg0bO28Qpe56TqkBVbw_180_box0.jpg,COOKSTOWN,Sport,Building-mounted,Local Club,5,2025-08-17 18:46:29.783046+00,May,false,,
71cdc66c-6db6-4617-83fc-dd5c84bd325b,ZShg24Kig2u9jpmzn5MwPw_240_box0.jpg,METROPOLITAN_NEWTOWNABBEY,Historical,Lamppost-mounted,Battle Standards,5,2025-08-29 08:26:33.592096+00,May,false,,
71ce00ae-a45c-4f16-9b8f-f866ad7545e7,4w4jEFghuBFEnwfjd4QXQQ_240_box0.jpg,BANGOR,National,Lamppost-mounted,Union Jack,3,2025-08-14 10:10:37.857913+00,Pat,false,,
71d80a5d-4801-45a5-96d1-3a74aa6f6e81,XjgWp8WFjQAkJYovO19NDA_120_box0.jpg,CRAIGAVON,National,Building-mounted,Ulster Banner,5,2025-08-17 17:08:03.093328+00,May,false,,
71dbf583-af4c-442b-894f-4a8e1ede31db,Zf20GlT7Idixix747_K2kA_180_box0.jpg,METROPOLITAN_LISBURN,National,Building-mounted,Union Jack,5,2025-08-12 16:09:58.685804+00,Pat,false,,
71dd9e4b-04ed-4dab-af00-9489c7b42dfe,gR9ZawktXxp-KSeGBmyYAQ_000_box0.jpg,METROPOLITAN_NEWTOWNABBEY,National,Building-mounted,Union Jack,5,2025-08-17 15:35:04.735403+00,May,false,,
71e9fb37-bd70-407d-a92c-b2f93a320b29,-hWjZCDJXsj2SJoWOEoXRQ_240_box0.jpg,LARNE,National,Lamppost-mounted,Union Jack,5,2025-08-29 08:40:56.290732+00,May,false,,
7212b126-1cb3-4da2-9fc7-5cbd0d04ebbd,efCo8eZYHLAYv-3SUoHAXw_000_box0.jpg,BELFAST_CITY,National,Lamppost-mounted,Ulster Banner,5,2025-08-12 16:10:07.858108+00,Pat,false,,
7222dac9-1452-4a79-a1cf-a2b28508a8dc,LolGr6dQrq70lhjJ9hmHcg_000_box0.jpg,BELFAST_CITY,National,Building-mounted,Scottish Saltire,5,2025-08-13 09:09:00.167113+00,Pat,false,,
72251000-bd34-47fe-9b74-90a0cb0a81e6,6y1WNausxfKNCnV9o078YQ_240_box0.jpg,LARNE,National,Lamppost-mounted,Union Jack,5,2025-08-28 20:53:12.000419+00,May,false,,
722ba415-7e02-4abb-951c-46e372821d39,4gYwEd3hwZBAlQ9pCw9lxg_000_box0.jpg,METROPOLITAN_NEWTOWNABBEY,National,Lamppost-mounted,Ulster Banner,5,2025-08-08 09:34:12.698878+00,May,false,,
72504d7c-3048-4126-babb-28321f8f638c,otCE89pJ229Yp1hyJB2RKw_000_box0.jpg,METROPOLITAN_NEWTOWNABBEY,National,Lamppost-mounted,Union Jack,5,2025-08-08 09:34:07.272822+00,May,false,,
72635034-2db8-4f1a-9ff7-a1616eebf212,2GX1DPniKG8DfAK36V4sBg_060_box0.jpg,METROPOLITAN_LISBURN,National,Building-mounted,Union Jack,5,2025-08-29 08:31:39.732208+00,May,false,,
726ec39f-b34a-4b93-8ffa-aa158e931011,qEs91a9WpIguf4GNwQHtfQ_240_box0.jpg,LIMAVADY,Review,,,,2025-08-07 08:54:16.084707+00,May,true,Unclear image,
727473c4-f612-4b40-8d1a-eb0ecfe09667,1citCSX274KKGyInXiWkUg_120_box0.jpg,LISBURN_CITY,National,Lamppost-mounted,Union Jack,5,2025-08-28 20:36:02.899599+00,May,false,,
727a675e-6a05-4135-924a-b2da53a0d4c6,ODkg_9hXo5_HUAOR4qPMug_180_box0.jpg,CARRICKFERGUS,National,Building-mounted,Ulster Banner,5,2025-08-14 10:13:26.209253+00,Pat,false,,
7286d2b0-ded8-4ff9-b3da-b388ba7f4a07,8F9dpRCwjJouvqGfa9sigQ_120_box0.jpg,CRAIGAVON,National,Lamppost-mounted,Union Jack,5,2025-08-14 13:56:58.172017+00,Pat,false,,
728854ac-9443-4e2e-93d1-5131ae591be8,_r_9Xv-3Ud_H5v3zRYZPrg_060_box0.jpg,METROPOLITAN_LISBURN,National,Building-mounted,Ulster Banner,5,2025-08-28 19:54:54.375583+00,May,false,,
728c2db9-472d-4a3b-b0af-1e0477a1528e,Vlm4emKNS2hxtVYoJGorfQ_060_box0.jpg,LARNE,National,Building-mounted,Union Jack,5,2025-08-15 20:51:22.717644+00,May,false,,
72a2d52e-fe56-44e3-9025-66ef915495f6,nc0HXdDH6DuyM9XV1CMe8A_120_box0.jpg,NEWRY,National,Building-mounted,Ulster Banner,4,2025-08-07 20:12:40.000197+00,Byron,false,,
72eed5de-6201-4298-9721-a5bdeaeef5a4,FZ9CWBivjeUXwZjDS_EkLg_180_box0.jpg,BELFAST_CITY,International,Building-mounted,European Union,5,2025-08-28 20:47:32.525865+00,May,false,,
72f28e32-9083-4cbc-9e59-39e04fe54024,Ff9cNbmlX37W5RtH3zIfRQ_120_box0.jpg,CARRICKFERGUS,National,Building-mounted,Union Jack,5,2025-08-11 18:26:44.954862+00,Pat,false,,
732214d9-b584-4e92-8046-cb6bdccff45f,JNSHp0Si1U32ENGy3sDRSg_120_box0.jpg,BALLYCLARE,National,Lamppost-mounted,Union Jack,5,2025-08-13 22:12:06.202793+00,May,false,,
7323d3f2-07d5-43a6-81a4-b5a8312b1ac4,qfuiUbiwTDv2q0w63-rSLg_060_box0.jpg,METROPOLITAN_LISBURN,National,Lamppost-mounted,Ulster Banner,5,2025-08-14 11:16:19.642384+00,Pat,false,,
732ec241-a6c9-469b-a94d-7dd6a56ab122,R5FrRUcxwr7YG5WJ9IvZLA_300_box0.jpg,LISBURN_CITY,National,Lamppost-mounted,Union Jack,5,2025-08-14 13:11:14.366074+00,Pat,false,,
73325ea4-fa1e-4518-805c-e759612a39e5,Ns4fEzawJdyjsvedLygpEg_300_box0.jpg,BELFAST_CITY,Review,,,,2025-08-14 10:39:26.013808+00,Pat,true,Unclear image,
733dabda-4d90-44dd-bdd7-73545ad451ac,TO86VRc4ErQMh5P8pHmXaQ_120_box0.jpg,METROPOLITAN_NEWTOWNABBEY,Sport,Lamppost-mounted,Supporters Club,5,2025-08-28 20:13:24.004436+00,May,false,,
736b1177-1f04-46d2-9db1-ee239596bc1c,M8h0AB34Au5GZSEwFmxdkQ_060_box0.jpg,BELFAST_CITY,National,Lamppost-mounted,Union Jack,5,2025-08-14 13:40:37.528127+00,Pat,false,,
738ba08f-af9d-46e8-8cba-45c3c8a1d0c4,CnOn_C5_nX9JutmAOy0bPg_240_box0.jpg,BALLYCLARE,National,Building-mounted,Union Jack,5,2025-08-17 17:07:38.962459+00,May,false,,
73a0b11b-9b67-4736-b454-3917ea5fe5a0,fMnCrsluW4qM2rSkf1bKWQ_120_box0.jpg,CRAIGAVON,National,Lamppost-mounted,Ulster Banner,5,2025-08-17 16:57:58.325869+00,May,false,,
73a27191-fd81-40dc-be21-b2767b07bf9e,uREiq4eXUra8Bu_ZSGlYOw_240_box0.jpg,BALLYCLARE,National,Building-mounted,Union Jack,5,2025-08-13 22:44:38.258013+00,May,false,,
73b02d20-103a-446d-a365-53622e3557cb,lN434oJWykKXkkgLzqOyKw_300_box0.jpg,LIMAVADY,National,Lamppost-mounted,Union Jack,2,2025-08-07 20:02:18.546253+00,Byron,false,,
73cdcbe3-8f00-45a3-89ad-241eadd16323,elyu-2AW9z2OpkA2rz7-Vw_240_box0.jpg,DERRY_CITY,National,Lamppost-mounted,Union Jack,5,2025-08-28 19:53:12.082025+00,May,false,,
73d4ff21-d6b9-4de1-9073-869a28fd257f,U1Lu65yR1J_Cqj4QFPjGhg_060_box0.jpg,BALLYCLARE,National,Building-mounted,Union Jack,5,2025-08-14 10:16:51.115411+00,Pat,false,,
73de55d9-6cee-4beb-a5f0-0efb0def9e1c,RDY1wK4Lve_dI84LO1rx5g_000_box0.jpg,BELFAST_CITY,National,Lamppost-mounted,Union Jack,5,2025-08-15 20:52:07.628401+00,May,false,,
73e63444-d16a-41b0-b449-2651dd8cdd67,HZXlBAR9dtYDoC3j8IP4BA_120_box0.jpg,LIMAVADY,Review,,,,2025-08-07 08:52:55.991804+00,May,true,Unclear image,
73fbd8de-c626-4b57-b145-0ea3a92f210e,lqxqrvUKTW4FlwG5FqErQQ_000_box0.jpg,DUNGANNON,National,Pole-mounted (in ground),Union Jack,5,2025-08-28 20:43:54.022175+00,May,false,,
74095b8a-a453-45d1-b6ef-e212c2d537d1,RZGbye5VcoYFmIefsJVpGA_120_box0.jpg,BALLYMENA,National,Lamppost-mounted,Union Jack,5,2025-08-17 15:48:52.727254+00,May,false,,
740eee1c-eeea-403d-9737-9e7ef6cd8e38,9ti8UPEwYPVr5gjMGfQW4Q_060_box0.jpg,BELFAST_CITY,National,Lamppost-mounted,Ulster Banner,5,2025-08-12 16:12:57.644106+00,Pat,false,,
74109919-586b-4241-91ea-6256cfdf99b3,g7nHOw0Rq-71lnhGmNzktQ_240_box0.jpg,BELFAST_CITY,National,Lamppost-mounted,Union Jack,5,2025-08-14 10:52:31.593866+00,Pat,false,,
741790d3-3095-4090-bd34-03f52ee9c09d,KCpxW7X-IbiOmHHV95cn9A_300_box0.jpg,BELFAST_CITY,Review,,,,2025-08-13 09:05:41.697312+00,Pat,true,Complex case,
7442bc1f-8831-456c-b8ff-260ea4cf4dde,noZymIrRNUdSgWUCconaXA_180_box0.jpg,METROPOLITAN_NEWTOWNABBEY,National,Lamppost-mounted,Union Jack,5,2025-08-09 11:52:26.523937+00,Byron,false,,
7448052e-3056-42b0-8df5-9e01111e8ecb,Gl0aq_rUmMFtbNdSYjiOcQ_240_box0.jpg,BELFAST_CITY,National,Lamppost-mounted,Union Jack,5,2025-08-13 22:28:22.488215+00,May,false,,
74600b73-daca-4b77-97c5-b27922a9b471,RrBBZCg0UTy_x2EewnOQxw_120_box0.jpg,BELFAST_CITY,National,Lamppost-mounted,Union Jack,5,2025-08-14 11:06:07.891699+00,Pat,false,,
74a899dd-c3b8-4e17-9a8e-2952f915f306,OZSdVrN02XVUlZ6mnkwKrA_000_box0.jpg,CARRICKFERGUS,International,Lamppost-mounted,Other International,5,2025-08-06 22:42:53.460478+00,May,false,,
74b8dd4d-e10f-4a53-a0ca-45fe4df8cfde,gJ3DHoMXLkXn7idY0PAC4Q_240_box0.jpg,BELFAST_CITY,National,Lamppost-mounted,Union Jack,5,2025-08-14 10:52:04.246615+00,Pat,false,,
74c21987-2831-40b9-9b54-b784d98e9c03,qvZOXzColiM75LqnbbO4Fg_240_box0.jpg,CRAIGAVON,National,Building-mounted,Union Jack,5,2025-08-14 13:02:11.925322+00,Pat,false,,
74c31bf9-262c-4a34-9677-573e695592a3,Ceh536QpDO1jo_BqfKGpwQ_000_box0.jpg,METROPOLITAN_NEWTOWNABBEY,National,Lamppost-mounted,Ulster Banner,5,2025-08-08 12:51:10.960866+00,May,false,,
74cc526a-699a-4685-a12e-07442850d08f,2Fh8Q0zU7NTfNW4v2NiRbQ_060_box0.jpg,LISBURN_CITY,National,Lamppost-mounted,Ulster Banner,5,2025-08-29 08:49:50.198969+00,May,false,,
74de08fc-cc00-4679-916a-794509f06ee5,3UhGLB4n36pJjlaPnMc8Kg_060_box0.jpg,BELFAST_CITY,National,Building-mounted,Union Jack,5,2025-08-13 22:13:09.740383+00,May,false,,
74e34241-b019-42f2-a57a-30380bf3997f,kN7WUTUpQdzYibmq-5_APg_180_box0.jpg,CRAIGAVON,National,Building-mounted,Ulster Banner,5,2025-08-13 22:14:59.887483+00,May,false,,
74ee143e-e68a-456e-944a-20b66299463e,XJ89tUiQPg_0Mcf_8YpmTQ_300_box0.jpg,LARNE,National,Building-mounted,Union Jack,5,2025-08-22 22:03:38.005758+00,May,false,,
74ee9e7f-2910-4c7b-a921-1c1e0fb94217,uO8j-nWgJjCEWqpYBqmI7A_240_box0.jpg,DUNGANNON,National,Pole-mounted (in ground),Irish Tricolor,5,2025-08-14 13:49:26.532302+00,Pat,false,,
74f4bc24-eb06-4a1b-93b2-72295cf10912,r77XVdKbnqe3rJ0itRU0gQ_000_box0.jpg,GREENISLAND,National,Lamppost-mounted,Union Jack,5,2025-08-12 16:18:23.685827+00,Pat,false,,
74f79ff4-c46d-40b9-a164-8e2c0769c44b,9Y0v46eHdRKGhocQs_bKNQ_180_box0.jpg,CRAIGAVON,National,Building-mounted,Union Jack,5,2025-08-14 14:04:09.051065+00,Pat,false,,
74fe0992-8526-4a34-b0fe-f54537321686,tTu635R2JyZYvyBmfpFKzg_240_box0.jpg,BELFAST_CITY,National,Building-mounted,Union Jack,5,2025-08-17 14:23:12.921017+00,May,false,,
7507c03f-7e8c-427d-9005-20f0976de370,2J8ywFJLyte0E9nHn07-mQ_180_box0.jpg,METROPOLITAN_NEWTOWNABBEY,National,Lamppost-mounted,Union Jack,5,2025-08-13 22:11:31.959576+00,May,false,,
750eb8d8-577b-4dea-be8e-5ef21ab456c5,iAACt8744vVMHj7Q-oSq7Q_240_box0.jpg,BELFAST_CITY,National,Building-mounted,Ulster Banner,5,2025-08-14 12:58:54.06244+00,Pat,false,,
754e7199-2912-46ed-8c19-85ece6a5c28f,aTLMer3RL0crVQGN5OZl1w_120_box0.jpg,BELFAST_CITY,National,Lamppost-mounted,Union Jack,5,2025-08-12 15:45:58.385007+00,Pat,false,,
7550b3ed-dcba-4d96-ace2-43f90f7651e0,Z4ifmAC0bLLdZ5f4BUzsgQ_240_box0.jpg,BELFAST_CITY,National,Pole-mounted (in ground),Union Jack,5,2025-08-13 09:04:59.687219+00,Pat,false,,
7554cd5a-a76f-4aeb-a3b0-b7b89e9703b1,MM-xuqolz3f4Eq_5P5cL4A_240_box0.jpg,BELFAST_CITY,National,Lamppost-mounted,Union Jack,5,2025-08-14 13:48:05.698245+00,Pat,false,,
75625110-069b-4d20-b009-73af8d24c1c3,6Xbt7f80sLxX5lx4svG5LA_060_box0.jpg,BELFAST_CITY,National,Building-mounted,Union Jack,5,2025-08-12 15:45:30.684569+00,Pat,false,,
75636571-f47c-4f21-9b39-90ef05f4b932,c1RWCD_3L-aqFXR-31CHSA_000_box0.jpg,METROPOLITAN_NEWTOWNABBEY,National,Lamppost-mounted,Union Jack,5,2025-08-08 12:51:19.679837+00,May,false,,
757a9b00-afa7-4883-b35b-0ace15daf697,fdP4V3VjuhZughMa-V3E5w_240_box0.jpg,BANGOR,National,Lamppost-mounted,Union Jack,5,2025-08-07 09:13:42.957896+00,May,false,,
7588969b-a67f-4c05-976f-8409464953bf,D-PFjWZmllg4ovARHOWPkA_000_box0.jpg,ANTRIM,Review,,,,2025-08-14 12:50:32.541802+00,Pat,true,Unclear image,
758a2033-06f8-4797-85b9-b70ae29a8a92,knhiBfT2xFxWlwoMOv_Tbg_000_box0.jpg,LISBURN_CITY,National,Pole-mounted (in ground),Union Jack,5,2025-08-13 22:46:37.812708+00,May,false,,
75a64662-f060-4287-a8b5-8bfe8db10e4c,8Hf9Ste0nzSBwzR60H-mhw_120_box0.jpg,COLERAINE,National,Pole-mounted (in ground),Union Jack,5,2025-08-12 15:48:24.416931+00,Pat,false,,
75b6528a-2b64-4c54-a860-06e9d5505c84,GSYsDXNhS-8vVy9cfA5fMw_300_box0.jpg,BELFAST_CITY,National,Lamppost-mounted,Union Jack,5,2025-08-13 08:39:44.237599+00,Pat,false,,
75f335bc-94e1-48c5-b4ce-641d11bf341a,tp6Lrg3H8PKJra9fbbQK4g_180_box0.jpg,GREENISLAND,National,Building-mounted,Union Jack,5,2025-08-11 18:12:44.880079+00,Pat,false,,
75f89c56-90aa-4a9d-98cd-ed0b7d4a6670,eIXRcCris7uSOuymMP0eHA_060_box0.jpg,MOIRA,National,Lamppost-mounted,Union Jack,5,2025-08-28 19:48:51.809668+00,May,false,,
7602749a-ff10-4ec9-8a97-c935e357f09d,NCVDMkN3l_Vna6Kt9kxNag_180_box0.jpg,CARRICKFERGUS,National,Building-mounted,Union Jack,5,2025-08-12 15:07:24.591166+00,Pat,false,,
7613f1dc-54a6-4212-a4da-28d0bf7d2ef2,FiQ5dND7rpHc6hm415wVUQ_000_box0.jpg,BELFAST_CITY,National,Building-mounted,Union Jack,5,2025-08-11 18:09:15.887061+00,Pat,false,,
762688fb-fdfd-4099-8345-6bbd64cf2462,KYzC5owmjfjJvSuPCWmWaQ_060_box0.jpg,LISBURN_CITY,National,Building-mounted,Union Jack,5,2025-08-22 22:15:25.794885+00,May,false,,
762c3754-56e2-40d9-ad8c-85a4d90d24ae,hKDB9o8DpHUHh_i9ctHNPQ_240_box0.jpg,METROPOLITAN_NEWTOWNABBEY,National,Building-mounted,Union Jack,5,2025-08-14 10:31:18.984107+00,Pat,false,,
763c6f56-4175-45aa-afa3-2d10d3e71cd6,FYhg0lFTrQf70PFv-4cg9A_120_box0.jpg,METROPOLITAN_NEWTOWNABBEY,National,Lamppost-mounted,Ulster Banner,5,2025-08-09 11:50:24.858766+00,Byron,false,,
764b9504-f93a-4f71-a2f6-e12fb5011ce7,7aJCo4HEl_Sb6gbMqTX-sg_180_box0.jpg,BELFAST_CITY,National,Pole-mounted (in ground),Union Jack,5,2025-08-14 13:47:55.170289+00,Pat,false,,
76580c5e-ddb2-40da-9fd0-abefeb5d1271,PauwjIzoHrPH_xBhGFbZEw_000_box0.jpg,CARRICKFERGUS,National,Building-mounted,Union Jack,5,2025-08-14 10:51:23.544469+00,Pat,false,,
766f0c57-b2c2-4818-9e86-69db88067483,u_JhFm2VZ2Q9WgfN68Vf6w_240_box0.jpg,BELFAST_CITY,Review,,,,2025-08-12 14:54:31.451925+00,Pat,true,Other,
76c77b14-60f0-4db8-9da6-d593cde8f8b9,Q7IUSk67GHjh4M54qzL-MQ_000_box0.jpg,BELFAST_CITY,National,Lamppost-mounted,Ulster Banner,5,2025-08-12 15:22:33.553977+00,Pat,false,,
76d2107e-196d-4e26-bc9e-886fa68c21ea,4w4jEFghuBFEnwfjd4QXQQ_060_box0.jpg,BANGOR,National,Lamppost-mounted,Union Jack,5,2025-08-07 20:22:50.252497+00,Byron,false,,
76dadeb4-5327-4730-a1f1-2fa0510f8c9e,G8SuBqZIq6W7E9X7dXQSHQ_300_box0.jpg,BELFAST_CITY,National,Building-mounted,Union Jack,5,2025-08-13 09:06:48.421649+00,Pat,false,,
76dcd6ea-966f-41e6-83ad-1965a6d80989,e-9J11kSdfOh6jyqpdaEvg_000_box0.jpg,BELFAST_CITY,National,Building-mounted,Union Jack,5,2025-08-13 22:43:58.922678+00,May,false,,
76f2582b-5d6a-4368-983a-d25a01386726,3d7068Ziqm6VLOFwelnyTg_120_box0.jpg,METROPOLITAN_NEWTOWNABBEY,National,Lamppost-mounted,Union Jack,5,2025-08-28 20:16:02.984856+00,May,false,,
7707a080-2d19-4f8e-b221-15fd2285f001,ybxWBBKtvvQcf_rwyLXsEQ_300_box0.jpg,COOKSTOWN,National,Building-mounted,Union Jack,5,2025-08-11 18:17:00.867418+00,Pat,false,,
771c667a-d2ea-441a-a843-f005f89d9c8f,v1sUHFVAAfxlqoiJ01BmXA_240_box0.jpg,METROPOLITAN_CASTLEREAGH,National,Lamppost-mounted,Union Jack,5,2025-08-14 13:05:54.687503+00,Pat,false,,
77280eb1-323f-48d4-9e9a-3532ae225f64,7XzULfae5wg0hvswyNoysQ_180_box0.jpg,BELFAST_CITY,National,Lamppost-mounted,Ulster Banner,5,2025-08-22 22:08:47.894434+00,May,false,,
77310ec6-bec2-400a-a597-5d5084024c77,YmHPzrPD989aA117ZfsW3w_300_box0.jpg,BELFAST_CITY,National,Lamppost-mounted,Union Jack,5,2025-08-28 20:30:15.742714+00,May,false,,
7733be3a-714c-49e8-9d04-3a10526a7055,I31fDTQdID3kI7pvIDuePg_240_box0.jpg,CRAIGAVON,National,Pole-mounted (in ground),Union Jack,5,2025-08-12 15:05:37.749576+00,Pat,false,,
773b8c3f-f651-497b-a46a-3052e3d7f385,8cwviRrGA-o2Cs2dhi21Nw_000_box0.jpg,LIMAVADY,Review,,,,2025-08-07 08:44:19.046495+00,May,true,Unclear image,
7743cc6d-6825-44b5-b8e2-ef9e41fd7934,2RzYcKxCxm3Pu8rX1vdfeg_180_box0.jpg,BALLYCLARE,Proscribed,Lamppost-mounted,UDA,5,2025-08-28 20:02:01.584247+00,May,false,,
7756d0cb-8c1b-40de-9c1a-c06243d8e34f,V3gwthHbXql7HbvXsjG4Tw_060_box0.jpg,METROPOLITAN_NEWTOWNABBEY,Review,,,,2025-08-09 11:50:09.697757+00,Byron,true,Not a flag,
775c945a-8dea-4be0-8e6a-779a916707da,kAua2hP5vj4HFf4m-ry5Ww_000_box0.jpg,BELFAST_CITY,National,Building-mounted,Ulster Banner,5,2025-08-28 20:05:20.156717+00,May,false,,
7769d04c-116d-4c44-90a4-08132ce70fff,ESxiB9a8MUBz819cChjrrQ_180_box0.jpg,WARINGSTOWN,National,Building-mounted,Union Jack,5,2025-08-13 22:06:48.391069+00,May,false,,
7769f55e-0a10-4686-8c9e-874086651c87,2gwGYMMRZnyN0OxmtiFWKQ_000_box0.jpg,BANGOR,National,Lamppost-mounted,Union Jack,5,2025-08-07 20:23:05.752886+00,Byron,false,,
7794a6a2-8659-4323-9fb0-9a02593c8497,rN-FXdXBsTeGY2etNGDTLQ_060_box0.jpg,LISBURN_CITY,National,Lamppost-mounted,Union Jack,5,2025-08-13 16:30:01.052236+00,Pat,false,,
779ed850-978c-40f1-8baf-d8c1f4f055be,yOx3GfTKKrDeiHSOck9Xbw_120_box0.jpg,BELFAST_CITY,National,Building-mounted,Union Jack,5,2025-08-13 22:10:07.175153+00,May,false,,
77a970f1-36ed-41cb-ad32-bb2241015a74,f7bcwdf0UqnFC48Hj82T_w_000_box0.jpg,BELFAST_CITY,National,Lamppost-mounted,Union Jack,5,2025-08-13 08:52:51.155479+00,Pat,false,,
77b59145-3dcb-4e80-b5bd-780eeb2cd035,J2lgX_Kix4iGEhW5d5YjNQ_240_box0.jpg,BELFAST_CITY,Review,,,,2025-08-14 12:46:38.799944+00,Pat,true,Complex case,
77c85ed6-cafa-444a-ab46-c729a0f42c54,fJZa7d0nsH_Z2JKQ1LUZSw_180_box0.jpg,BANGOR,Proscribed,Lamppost-mounted,Other Proscribed,2,2025-08-08 08:25:41.723472+00,May,false,,
77d3f48c-2ac0-4e1b-965f-9c4b33648dad,ICB7mrSgZWaL_mL0YTHRQw_180_box0.jpg,LARNE,Proscribed,Lamppost-mounted,Other Proscribed,5,2025-08-28 20:45:58.40137+00,May,false,,
77d44df9-8588-41c2-b9fd-ba523b8dc9ba,gKRrqJHKlgaxIQELyi5X3A_000_box0.jpg,BELFAST_CITY,National,Lamppost-mounted,Union Jack,5,2025-08-29 08:43:51.419576+00,May,false,,
77ddaec1-61dc-4035-88c1-5c63dba9abbb,FTDHoNGenPYbvcAX4O8jTw_180_box0.jpg,MAGHERA,Sport,Lamppost-mounted,Supporters Club,5,2025-08-28 20:51:16.798249+00,May,false,,
77ddd480-82ad-49a8-8fb1-6c726e1c2be7,A0lbOKNLlzGnQq9FubnszA_240_box0.jpg,BELFAST_CITY,National,Lamppost-mounted,Union Jack,5,2025-08-14 13:58:25.220646+00,Pat,false,,
77dfaf51-e04c-49fe-a8d3-54c980dc429c,_JcQTJl8M0jg2-tLyB6BGA_000_box0.jpg,BELFAST_CITY,Proscribed,Lamppost-mounted,UFF,5,2025-08-29 08:28:54.317232+00,May,false,,
77e01638-654c-4296-98b4-cc9770537f09,le5VuorLlAT0p4BNqrXtKA_300_box0.jpg,BELFAST_CITY,National,Lamppost-mounted,Union Jack,5,2025-08-12 16:02:00.299113+00,Pat,false,,
77ec9a05-47aa-47cb-b3a6-4b91bbb52219,g-tTnND3T48Z_m_KU079JQ_240_box0.jpg,CARRICKFERGUS,National,Building-mounted,Union Jack,5,2025-08-17 16:49:44.77692+00,May,false,,
77f29599-b704-4a6d-8e15-776717d70adb,_5VkCvq9uazVNjRG9TE2Xw_300_box0.jpg,BELFAST_CITY,National,Building-mounted,Ulster Banner,5,2025-08-28 19:49:57.043809+00,May,false,,
77f48e5e-f84a-4448-8e4c-2c310ee1e2a7,wUY-SOmpjOMHhpSQ7-i_Cg_240_box0.jpg,ARMAGH,National,Building-mounted,Union Jack,5,2025-08-29 08:46:20.071335+00,May,false,,
77f5c07c-1f0b-476c-b84c-6b22ca24d0c1,P6BApz3_WNWg8tlXVI_cZQ_300_box0.jpg,BELFAST_CITY,National,Building-mounted,Union Jack,5,2025-08-13 22:04:21.874863+00,May,false,,
77fa43d3-ff45-4bad-8ef8-f1e6a283ac68,bWhh0ajqWN-t4qsXFmJc-g_300_box0.jpg,CARRICKFERGUS,Review,,,,2025-08-06 22:44:42.276827+00,May,true,Unclear image,
7801d878-1ba5-411e-b38b-4eb8e7fddb60,sfCWKLpfBSKpOvLm1NCeSw_240_box0.jpg,BALLYMONEY,National,Lamppost-mounted,Ulster Banner,5,2025-08-15 00:32:19.54877+00,May,false,,
78023a8f-09ac-45fd-b252-28c306e8fcee,tTu635R2JyZYvyBmfpFKzg_240_box0.jpg,BELFAST_CITY,National,Building-mounted,Union Jack,5,2025-08-13 08:52:31.027518+00,Pat,false,,
7806edc5-d0da-4ce8-88d7-3fa2867c8cc3,11Vryawcc4uK3sIawyOD6A_060_box0.jpg,BANGOR,National,Lamppost-mounted,Union Jack,5,2025-08-07 20:21:19.004982+00,Byron,false,,
781b8c2e-5955-49b9-bbc1-98ea6216287e,vBHHY1-v6Pons39CCve5mg_180_box0.jpg,METROPOLITAN_NEWTOWNABBEY,National,Lamppost-mounted,Union Jack,5,2025-08-14 13:51:42.342289+00,Pat,false,,
78214d4c-ee86-48ba-959d-829676d4c53d,Idr7EAdyRboPNIVehrAVhw_180_box0.jpg,BELFAST_CITY,National,Lamppost-mounted,Union Jack,5,2025-08-14 10:20:22.992808+00,Pat,false,,
7821910b-0bb0-4641-9036-371e81ea2971,zMJstV263EfFfN_M5m2eOQ_000_box0.jpg,DERRY_CITY,National,Lamppost-mounted,Union Jack,5,2025-08-17 14:23:33.556231+00,May,false,,
7835f882-2474-421c-9690-1531d9203931,Kz5Vz18UMrBg14OrO_U_hg_120_box0.jpg,GREENISLAND,National,Building-mounted,Union Jack,5,2025-08-17 16:56:58.63+00,May,false,,
7839ce6d-ada6-4a3f-b987-eab323e40e1f,tB3DGJRTh2yMib6ws5FAjQ_120_box0.jpg,BELFAST_CITY,National,Lamppost-mounted,Union Jack,5,2025-08-13 16:29:47.103105+00,Pat,false,,
783bcd25-9af4-44e9-8f28-d1ac905fde0f,Fns9fY5oeoHKlE5pT6EBSA_120_box0.jpg,CRAIGAVON,Review,,,,2025-08-22 22:08:52.779966+00,May,true,Unclear image,
784508fa-3dc9-49e4-80ec-4ab8d393e286,OCq-Rkbdqjk-GWha9zW1sw_300_box0.jpg,ANTRIM,National,Lamppost-mounted,Union Jack,5,2025-08-29 08:17:39.420961+00,May,false,,
7857b3f8-1155-4db3-8966-c7654a16a4e9,Ky4QanO4jRBT4psQ7kShGQ_060_box0.jpg,COLERAINE,National,Building-mounted,Union Jack,5,2025-08-15 00:50:11.40124+00,May,false,,
7865d04d-0dce-47b4-b48d-87011f105c1b,r7G59qFpOsHcJn00Io4QSA_120_box0.jpg,CARRICKFERGUS,National,Building-mounted,Union Jack,5,2025-08-15 00:48:55.108361+00,May,false,,
786d493b-50d5-446e-84d4-680a72d3b9b9,Z8eOF9JzgEMsI-m2nK8UBg_240_box0.jpg,BELFAST_CITY,National,Lamppost-mounted,Ulster Banner,5,2025-08-12 15:59:34.782654+00,Pat,false,,
78995698-6c3c-40d9-8404-2eb3446e99de,_zDhzamPXL9YDaWB9Ppfug_180_box0.jpg,HILLSBOROUGH_AND_CULCAVY,National,Lamppost-mounted,Union Jack,5,2025-08-17 18:24:02.611889+00,May,false,,
78bedd9a-5cad-4946-a49d-0ffb50fa225a,QdFrYgIzUJYwPUQyIlGBRg_240_box0.jpg,COLERAINE,National,Pole-mounted (in ground),Union Jack,5,2025-08-14 12:46:47.055281+00,Pat,false,,
78c11e0b-4e5c-472c-8841-30d54fa3eb0f,KBDBMxzq5eyCspmyDE-oVg_300_box0.jpg,CRAIGAVON,National,Lamppost-mounted,Ulster Banner,5,2025-08-28 20:04:33.458976+00,May,false,,
78c56dcc-8c83-41d3-a507-4b4aa96f0ff2,nLCCtfNIH3hTAPHVASK2Zw_120_box0.jpg,NEWRY,National,Lamppost-mounted,Irish Tricolor,2,2025-08-07 20:14:24.256052+00,Byron,false,,
78cad6e3-6770-44d9-99d6-bea1b6b5169e,jhSKC_QPCKMpduI14x0YgA_060_box0.jpg,ANTRIM,Proscribed,Lamppost-mounted,UVF,5,2025-08-17 15:50:45.075251+00,May,false,,
78dc6dcb-7926-442e-82ce-d3fcabe958f5,rBRdP7fq_qHvruUs7SbHiQ_060_box0.jpg,BELFAST_CITY,National,Building-mounted,Ulster Banner,5,2025-08-14 14:12:40.504948+00,Pat,false,,
78e6f5d1-e816-45d0-975e-a0d9dffb3211,SYhYHSE5UusjuIs4hOCjhQ_000_box0.jpg,METROPOLITAN_CASTLEREAGH,National,Lamppost-mounted,Union Jack,5,2025-08-14 10:31:52.287067+00,Pat,false,,
78e7ac32-4307-4574-8191-9e565979a129,R3aGAsbl0gVX2Gygu3gsIg_060_box0.jpg,METROPOLITAN_NEWTOWNABBEY,National,Pole-mounted (in ground),Union Jack,5,2025-08-13 09:04:33.020573+00,Pat,false,,
78eac2c2-5f05-4857-ab89-bb752b428aa9,oozP4C4AUdimw8vUsfSjgQ_000_box0.jpg,BELFAST_CITY,National,Lamppost-mounted,Union Jack,5,2025-08-14 09:35:11.006119+00,Pat,false,,
78fa324b-14d6-41b0-adc7-64ed87725f9f,Dtx5M8gKQ1YhoH7Rr1xaZg_240_box0.jpg,BELFAST_CITY,National,Building-mounted,Irish Tricolor,5,2025-08-13 22:27:27.12319+00,May,false,,
78fe466f-2e54-481d-91a0-995dbb86a1f4,kXiUYvg9f5EJofQLQYH_hw_120_box0.jpg,BALLYMENA,National,Lamppost-mounted,Union Jack,5,2025-08-14 13:38:12.13463+00,Pat,false,,
79052463-c237-4da2-99c6-82fbaa692d7e,I7KnbSScOQbtOBoGvkfxbw_300_box0.jpg,METROPOLITAN_NEWTOWNABBEY,National,Building-mounted,Union Jack,5,2025-08-13 08:35:46.404926+00,Pat,false,,
79086423-5df5-45cd-ade7-44681a911d4d,qFN1UnMZThqOj59Ltb18OQ_300_box0.jpg,BELFAST_CITY,National,Lamppost-mounted,Union Jack,5,2025-08-11 18:23:22.38716+00,Pat,false,,
790b47f2-9834-42c9-ad55-4ed298bd089b,EVZTUCHbIQXQZ-FAKiQJ9Q_300_box0.jpg,BELFAST_CITY,Review,,,,2025-08-13 08:47:26.148559+00,Pat,true,Complex case,
7917df98-3bdc-4250-b87c-a547bf5efcbd,M1k_72RFtxrDourJ-0bZLQ_000_box0.jpg,BELFAST_CITY,National,Lamppost-mounted,Union Jack,5,2025-08-13 22:13:31.160363+00,May,false,,
795cb55d-44ce-4fee-bef6-f909ccac71ea,wXIjgoH-OUfzWr8NNKvVPw_240_box0.jpg,LARNE,National,Building-mounted,Union Jack,5,2025-08-28 20:11:25.55344+00,May,false,,
7965b9b3-d564-4b1c-ad2a-1c67bf9116a1,IrwEGyhw1owclbPA_NuN-w_240_box0.jpg,BELFAST_CITY,National,Building-mounted,Ulster Banner,5,2025-08-17 16:57:41.117879+00,May,false,,
797af5b1-96d2-4532-b311-f8c22a3d75da,8pUuSkZyuf1fqfD24wNX4g_120_box0.jpg,CRAIGAVON,National,Lamppost-mounted,Union Jack,5,2025-08-14 09:36:54.650649+00,Pat,false,,
798557a1-3d7a-4056-a57e-97093c4d827d,X7E-hkcpjQfJCk8Y8Z441w_180_box0.jpg,BELFAST_CITY,National,Lamppost-mounted,Union Jack,5,2025-08-13 22:27:12.881249+00,May,false,,
798b541a-c785-4d70-9199-ef126a96cf4e,U0ECbPWZNyFNv8GaTNID0g_180_box0.jpg,METROPOLITAN_CASTLEREAGH,National,Building-mounted,Union Jack,5,2025-08-14 14:06:24.510736+00,Pat,false,,
799dbd35-8fc2-4345-b224-004f5bdfb21d,YJt3mPh9KKpc10X7DL9ekg_120_box0.jpg,BELFAST_CITY,National,Lamppost-mounted,Union Jack,5,2025-08-13 22:37:07.967824+00,May,false,,
79ae5913-3b3e-42e2-a3e3-f96d0b267157,9MBCMtCqC9KO6GGfUQfFBA_120_box0.jpg,BELFAST_CITY,National,Building-mounted,Union Jack,5,2025-08-17 17:05:51.299126+00,May,false,,
79bf1a07-34a2-4e14-a280-177efd371642,lXDFjtJ51XitcGaipbi22Q_120_box0.jpg,CARRICKFERGUS,National,Building-mounted,Union Jack,5,2025-08-17 15:45:19.550894+00,May,false,,
79c3c0bf-a03f-479e-b020-8d18ebf39a1b,S7mOGEfrDZoGJP-tcQQUUQ_240_box0.jpg,LIMAVADY,National,Lamppost-mounted,Ulster Banner,4,2025-08-07 20:09:28.808271+00,Byron,false,,
79c66c77-003f-4b4b-8584-082dba602ec9,W-I0RdbVcyiYnJen84YZRw_240_box0.jpg,METROPOLITAN_NEWTOWNABBEY,National,Lamppost-mounted,Union Jack,5,2025-08-28 20:09:58.930071+00,May,false,,
79ce3486-dd50-4cc2-9198-8fa998833476,6qKlPnmu5pB9QheJTpVgrg_240_box0.jpg,ANTRIM,National,Lamppost-mounted,Union Jack,5,2025-08-28 19:50:17.397931+00,May,false,,
79d6bae2-9667-4f58-9474-4e5b1200c362,Q7IUSk67GHjh4M54qzL-MQ_000_box0.jpg,BELFAST_CITY,National,Lamppost-mounted,Ulster Banner,5,2025-08-13 22:10:28.953668+00,May,false,,
79d6dbba-c329-4290-9ca2-ea230b9b08a7,4YoVs8YBHntY8MgUMkTf9g_000_box0.jpg,METROPOLITAN_NEWTOWNABBEY,National,Building-mounted,Union Jack,5,2025-08-13 08:25:16.643301+00,Pat,false,,
79d8e45b-b110-4f40-9f44-b003a62d866b,kkvvYNk7fUQtrzGItVSg4A_060_box0.jpg,METROPOLITAN_NEWTOWNABBEY,Proscribed,Lamppost-mounted,UDA,2,2025-08-14 09:50:50.966168+00,Pat,false,,
79e14ba0-2ac7-4c65-a308-05d3340a2e2b,0s2aiszIrxw5ut4Txqb5KA_300_box0.jpg,LIMAVADY,National,Pole-mounted (in ground),Union Jack,5,2025-08-14 10:25:47.253401+00,Pat,false,,
79ec2393-7e68-4061-be41-675843a8f781,yq4qrIzq7EWrBEHqxdecJA_180_box0.jpg,CRAIGAVON,National,Building-mounted,Union Jack,5,2025-08-14 09:45:11.237126+00,Pat,false,,
79ec4068-e90a-44bd-bc4e-a4c79d275921,F4nOVc3RRgAE5_08as6VEA_000_box0.jpg,METROPOLITAN_NEWTOWNABBEY,National,Building-mounted,Union Jack,4,2025-08-09 11:53:28.134473+00,Byron,false,,
79f77b71-e8ea-43b1-87f9-f7e40f6869bd,Ub3wKeLUxBOO5m9lTZ7yog_060_box0.jpg,CRAIGAVON,National,Building-mounted,Union Jack,5,2025-08-14 12:42:12.174723+00,Pat,false,,
7a004d42-e862-4fd7-a35c-85ab860fa7ac,LYW7Zw8Y8Wb8-KV28CSo8g_000_box0.jpg,DROMORE_BANBRIDGE,National,Lamppost-mounted,Ulster Banner,5,2025-08-28 20:32:52.84122+00,May,false,,
7a07911e-4ffd-48af-8cab-04009512ef9d,BKCUQKNTkuHhJnPgOodiBw_180_box0.jpg,OMAGH_TOWN,National,Lamppost-mounted,Union Jack,5,2025-08-29 08:45:51.981975+00,May,false,,
7a0aeacc-a6d5-431e-867d-cddb3ebc43d6,ZEWtqYA-K4L0ahUNGojm8g_000_box0.jpg,ANTRIM,National,Lamppost-mounted,Union Jack,5,2025-08-17 15:51:52.701787+00,May,false,,
7a1ca730-e20c-4674-9e85-baad83a7ea96,UZMSIN6jMdZg1tTF9IDjEA_240_box0.jpg,NEWRY,Sport,Building-mounted,GAA,5,2025-08-12 15:41:05.610875+00,Pat,false,,
7a2b1c29-a363-44b4-a569-3bc0dfd8e63d,8UsZt4AuJ68gx8G63c7jhQ_120_box0.jpg,CARRICKFERGUS,National,Lamppost-mounted,Ulster Banner,5,2025-08-17 16:49:24.422192+00,May,false,,
7a2e1da5-0101-41e1-8edd-519143e0517b,rmjcEPVD2WdSJd-or3YrwQ_300_box0.jpg,CRAIGAVON,Proscribed,Building-mounted,YCV,5,2025-08-28 20:08:11.384201+00,May,false,,
7a304316-af9a-4854-8c02-cf0ed508efc5,IIgLdxPys2-OVMJbwdjSiA_240_box0.jpg,CARRICKFERGUS,National,Building-mounted,Union Jack,5,2025-08-13 08:37:24.699602+00,Pat,false,,
7a43aa81-46c4-472a-9bd5-16343f42aeb0,aTMgapw21Y3Q3Uzyi3Cdiw_060_box0.jpg,BELFAST_CITY,Review,,,,2025-08-14 10:18:39.731203+00,Pat,true,Unclear image,
7a4c14c6-72b9-4970-8e27-857317615868,cqWmjPFoV7aVnDzp3UHC-A_120_box0.jpg,METROPOLITAN_CASTLEREAGH,National,Pole-mounted (in ground),Union Jack,5,2025-08-11 18:22:46.610044+00,Pat,false,,
7a82cb68-b5b2-4077-a113-4368b264b8d2,i7KUu1v5-8ig--5blIQC9g_180_box0.jpg,BANGOR,Review,,,,2025-08-07 20:43:51.568826+00,May,true,Unclear image,
7a874da6-912a-4917-b204-afedff2d77d6,iXTeSDR6hGTzs-wB4OcWXQ_000_box0.jpg,CRAIGAVON,National,Building-mounted,Union Jack,5,2025-08-28 19:59:22.623644+00,May,false,,
7a88d777-a120-4607-8bf6-1e17e00515fe,Iagq8kVSkxPD0kHGQ41-ng_300_box0.jpg,LIMAVADY,National,Lamppost-mounted,Ulster Banner,1,2025-08-07 08:51:28.483496+00,May,false,,
7a8d7043-a0ba-4cf9-9e64-31ab2d60242b,G-LZfWFM7DTK9845TiYYbQ_180_box0.jpg,CARRICKFERGUS,National,Building-mounted,Union Jack,5,2025-08-14 13:30:05.682129+00,Pat,false,,
7aa110df-979e-4d93-8a31-d7879d26ac63,1BYvDQY2BoHVYLtgYe4-VA_300_box0.jpg,CARRICKFERGUS,National,Lamppost-mounted,Ulster Banner,5,2025-08-12 16:01:08.159832+00,Pat,false,,
7aa82343-ee56-4609-b692-0e915277bd2e,UXQ2OEWf33Hv0mTDQc-tUg_120_box0.jpg,BELFAST_CITY,National,Building-mounted,Union Jack,5,2025-08-28 20:48:09.342385+00,May,false,,
7aae6327-59c0-4c8d-b96b-676c420fbc12,XjgWp8WFjQAkJYovO19NDA_120_box0.jpg,CRAIGAVON,Review,,,,2025-08-14 10:07:06.586746+00,Pat,true,Complex case,
7ab26fbe-b2c4-4053-9cf8-016ba6db5928,enp73mHU2bEg44klR0rwMQ_300_box0.jpg,METROPOLITAN_CASTLEREAGH,National,Pole-mounted (in ground),Union Jack,5,2025-08-14 11:12:18.32763+00,Pat,false,,
7ab612a9-205d-4e76-82c3-61afca32ee06,pzWLFXhZ9qSsG7rFNWWYEQ_240_box0.jpg,DUNGANNON,National,Lamppost-mounted,Ulster Banner,5,2025-08-13 22:12:36.391331+00,May,false,,
7ad745e9-2f0d-4911-aed3-74fcdc8c5703,iUbp7LSKCgstzrHw2G8p-A_240_box0.jpg,CARRICKFERGUS,National,Building-mounted,Union Jack,5,2025-08-17 15:36:02.71743+00,May,false,,
7ae5f870-7ac3-49b6-9ad4-09d79c35fe70,yHHLoMWBs3EjrjZRdABIBw_120_box0.jpg,BALLYMENA,Review,,,,2025-08-14 13:49:09.42618+00,Pat,true,Complex case,
7af348e5-a93d-4f13-b1d6-a4ec96ab0469,YQKMCyiqBABAR1BrVmzMmA_000_box0.jpg,OMAGH_TOWN,National,Building-mounted,Ulster Banner,5,2025-08-28 20:01:14.002737+00,May,false,,
7af9eeb6-cc16-404e-88b8-cf404ad88fcb,060vGuggxQXyU7H2TaHq8A_000_box0.jpg,BELFAST_CITY,National,Building-mounted,Ulster Banner,5,2025-08-28 19:48:39.55649+00,May,false,,
7b126c36-b436-4437-9997-3149dde581c2,dXUkBoXkTpzARi7yXZ9Vlw_300_box0.jpg,BELFAST_CITY,National,Building-mounted,Union Jack,5,2025-08-13 22:43:33.575173+00,May,false,,
7b1729f5-3fa3-42bc-8d2f-d7d0fe3d7a41,-Tc13uFm-cMkeleGvUsQFw_120_box0.jpg,BALLYMONEY,National,Pole-mounted (in ground),Union Jack,5,2025-08-22 22:06:05.085036+00,May,false,,
7b1b3ffa-06fc-4c7d-82f7-bf5f16fb2c44,fpEZbhJw_BrhkY8ePvCDrg_120_box0.jpg,BELFAST_CITY,National,Lamppost-mounted,Union Jack,5,2025-08-28 20:43:46.797489+00,May,false,,
7b217494-4963-4023-870e-9ca5684b15af,u_JhFm2VZ2Q9WgfN68Vf6w_240_box0.jpg,BELFAST_CITY,International,Lamppost-mounted,European Union,5,2025-08-13 21:57:44.914272+00,May,false,,
7b21f38c-7f61-4124-98a9-945d8e94e563,vyYI4k_0eROX3DWa4DZ2QA_060_box0.jpg,BANGOR,National,Building-mounted,Scottish Saltire,5,2025-08-07 09:14:32.222677+00,May,false,,
7b253f9e-0f61-484b-ae0c-06869438b734,u7ufOmXk4d--SWHRwnWVIQ_060_box0.jpg,BELFAST_CITY,National,Building-mounted,Union Jack,5,2025-08-12 16:00:42.102458+00,Pat,false,,
7b31395d-6767-470a-995a-639bafe43da3,8i_dUmcaWYerdy2g1KjwvQ_060_box0.jpg,ENNISKILLEN,National,Lamppost-mounted,Union Jack,5,2025-08-14 12:43:06.047485+00,Pat,false,,
7b320b8b-dc5f-4b7a-af98-08fc56c6ac75,b6UYHAYiPKqP8FlbpIw8Xw_120_box0.jpg,METROPOLITAN_NEWTOWNABBEY,National,Lamppost-mounted,Union Jack,5,2025-08-08 10:21:25.444324+00,May,false,,
7b3e54ba-afd6-4f49-833c-f96012abff45,d7m-S8EiGEWBZlvIJJENww_060_box0.jpg,ANTRIM,National,Lamppost-mounted,Union Jack,5,2025-08-29 08:52:40.346226+00,May,false,,
7b432ecd-09db-403d-8e48-f424db6dd457,641LB9-GVv6hfucou7oIFA_120_box0.jpg,ENNISKILLEN,National,Lamppost-mounted,Union Jack,5,2025-08-15 00:31:44.438384+00,May,false,,
7b76eb18-9ba6-4318-af05-1f5b050c4bbe,hK-T36GBWHkDSv7fdW1Gfw_240_box0.jpg,BELFAST_CITY,National,Pole-mounted (in ground),Union Jack,5,2025-08-14 12:56:54.573487+00,Pat,false,,
7b7819ef-676e-4913-81da-ba51e58e29b5,t6KvGiXlIPT7moCK8h_zzg_180_box0.jpg,METROPOLITAN_CASTLEREAGH,National,Building-mounted,Union Jack,5,2025-08-13 22:40:17.368025+00,May,false,,
7b81f5c1-5698-4f58-b24f-30265677c2b8,WSEWu1ntzytoZNDNmui4NA_060_box0.jpg,METROPOLITAN_NEWTOWNABBEY,National,Lamppost-mounted,Union Jack,5,2025-08-13 22:17:01.109172+00,May,false,,
7b83e70b-9ee7-43f1-822a-2ac0c3bf15cf,A6BaNH0GItIdkk2WuABLnw_180_box0.jpg,OMAGH_TOWN,National,Lamppost-mounted,Union Jack,5,2025-08-15 20:52:59.681538+00,May,false,,
7b8d79d2-f73b-4408-82ff-c839948419ad,n22PT8gAup3jjCi6aOx2ew_060_box0.jpg,WHITEHEAD,National,Pole-mounted (in ground),Union Jack,5,2025-08-14 13:43:21.751062+00,Pat,false,,
7ba0e670-3e8f-4b2d-9fa4-08c51dc1be81,EQSj9ejfRWDjCIbeZG780A_180_box0.jpg,CARRICKFERGUS,National,Building-mounted,Ulster Banner,5,2025-08-13 08:42:20.454563+00,Pat,false,,
7bab2836-95d7-492b-8924-fd273499276f,tPViJI3-JycgODjtrRfy-A_180_box0.jpg,METROPOLITAN_NEWTOWNABBEY,Review,,,,2025-08-09 11:52:09.962133+00,Byron,true,Complex case,
7bb66f48-89d1-4e15-9be0-bf65919b2a62,g2oSCJMM8xsOjF8ZssPFkw_120_box0.jpg,METROPOLITAN_NEWTOWNABBEY,Review,,,,2025-08-14 10:51:39.050619+00,Pat,true,Unclear image,
7bb8fd25-ebf0-4a8a-8e46-6bd649cb30b5,TrO8bKZbWUipVfaB_ZK5qQ_120_box0.jpg,BALLYMENA,Fraternal,Lamppost-mounted,Orange Order,5,2025-08-14 13:37:32.577648+00,Pat,false,,
7bc2f41a-da01-457b-ba0c-223b4d758414,G4uhzYCnabJUAVH6jnVq6A_180_box0.jpg,BELFAST_CITY,National,Lamppost-mounted,Ulster Banner,5,2025-08-28 20:38:54.609568+00,May,false,,
7bd49b94-a8f8-4046-9284-f2be8b20fbf1,piczNHkwJEzFN1R4BFKqzQ_000_box0.jpg,BELFAST_CITY,National,Building-mounted,Irish Tricolor,5,2025-08-13 22:13:28.210063+00,May,false,,
7bd4b0d4-0c00-4146-b8c9-aa3d86d7682b,T_IRit4mgB-owlHrs8aBNw_300_box0.jpg,LISBURN_CITY,National,Pole-mounted (in ground),Union Jack,5,2025-08-11 18:19:11.741139+00,Pat,false,,
7bd6251c-20e9-45f7-b7c5-43e7c5feaa83,idYFLmLU-vamyVXLSB7I1w_300_box0.jpg,BELFAST_CITY,National,Lamppost-mounted,Union Jack,5,2025-08-17 15:06:04.172741+00,May,false,,
7bfb6227-2c66-4905-98f6-92bf317d170a,E1cK7FdbsZwxRExRIjMNFg_060_box0.jpg,BELFAST_CITY,National,Lamppost-mounted,Union Jack,5,2025-08-14 12:34:05.075174+00,Pat,false,,
7bfd8d07-03df-40ab-8657-21c48a545c70,6tr2UA8sMr5iape7Y1n-sw_000_box0.jpg,BELFAST_CITY,National,Building-mounted,Union Jack,5,2025-08-14 10:07:14.780441+00,Pat,false,,
7c0781a1-acde-4540-b0ea-5b5dbc424c37,5AT8-B0YFgjclsLYpOpu-w_240_box0.jpg,DROMORE_BANBRIDGE,National,Pole-mounted (in ground),Union Jack,5,2025-08-13 08:24:15.550014+00,Pat,false,,
7c0f4ac2-dd0f-405b-bd18-f7b41b2820bb,kFwKyZQlXGdeW5MoBGFt4A_000_box0.jpg,METROPOLITAN_LISBURN,National,Lamppost-mounted,Union Jack,5,2025-08-13 22:42:48.294365+00,May,false,,
7c12788a-e823-4d36-bef6-92011a34e512,mKE5cWe5VhqxROkqj7otqQ_180_box0.jpg,BALLYCLARE,National,Building-mounted,Union Jack,5,2025-08-17 18:43:31.272505+00,May,false,,
7c2bb079-bab2-477f-94c5-ff593edad187,xINl2AqhVGBHWDlM-TPhVA_000_box0.jpg,LARNE,National,Lamppost-mounted,Union Jack,5,2025-08-13 22:01:46.897442+00,May,false,,
7c37ee0a-b24e-4661-a770-b4283a7d0d31,bN95HU88_Mf1iVNKPb13TA_180_box0.jpg,LISBURN_CITY,International,Pole-mounted (in ground),Other International,5,2025-08-22 22:14:45.087764+00,May,false,,
7c422f1c-816f-4277-b2b4-0f741015f451,kRYtnLCjupvN7nNs0BRzvw_120_box0.jpg,CARRICKFERGUS,National,Pole-mounted (in ground),Union Jack,5,2025-08-11 17:46:16.571258+00,Pat,false,,
7c536b78-23bc-468f-9e85-4b9d24fb7ca4,XJB-72fquvf_AHphoJ8bIw_240_box0.jpg,LISBURN_CITY,National,Building-mounted,Union Jack,5,2025-08-14 10:26:29.509067+00,Pat,false,,
7c65abe5-89e8-4ac2-9ea5-64753fc535c8,NdcgHN2_eb-Fo6cLmpmqnA_060_box0.jpg,METROPOLITAN_NEWTOWNABBEY,National,Pole-mounted (in ground),Ulster Banner,5,2025-08-14 09:52:08.986008+00,Pat,false,,
7c6c18d9-9c70-4f34-a9cc-f9bf58f644b6,Nj57pfs-Gov4z_P1q154Hw_300_box0.jpg,CARRICKFERGUS,National,Lamppost-mounted,Ulster Banner,2,2025-08-06 21:18:51.06542+00,May,false,,
7c6ea8eb-eff5-401a-a20d-3030a1ca67c7,fq2W_jfPm-bsOmOb5Vpbbg_180_box0.jpg,BELFAST_CITY,National,Building-mounted,Union Jack,5,2025-08-11 17:45:16.353782+00,Pat,false,,
7c7300a0-ee1e-49f8-8ba9-00ce5d0fff31,IoODIba-7P9fXrbhFUM8Xw_120_box0.jpg,METROPOLITAN_CASTLEREAGH,National,Lamppost-mounted,Union Jack,5,2025-08-13 08:43:26.740615+00,Pat,false,,
7c73e17a-7ea9-459c-bfaf-859f3c488f13,8JxVD1nCF8e00VT7JlfMIw_180_box0.jpg,LISBURN_CITY,National,Lamppost-mounted,Ulster Banner,5,2025-08-13 22:44:14.875014+00,May,false,,
7c77703d-6a48-4e90-9e44-8e4141ab724e,WFoDggt1Xs4wwjLIQ2KAww_120_box0.jpg,BELFAST_CITY,National,Lamppost-mounted,Union Jack,5,2025-08-22 22:08:19.593272+00,May,false,,
7c8cf5f6-30fd-49d0-8181-5ff05139f48f,USFcYozdPeH3ND2fwwcE2A_180_box0.jpg,METROPOLITAN_NEWTOWNABBEY,Review,,,,2025-08-14 13:57:44.98704+00,Pat,true,Complex case,
7c956264-be8b-486c-ba7c-e477dbfd3641,VD91zQlpJqdwux6YzZkNNg_120_box0.jpg,BANGOR,Bunting,Triangular bunting,Red/White/Blue Triangular Bunting,5,2025-08-08 09:09:41.472706+00,May,false,,
7ca28d83-5d45-4220-9a9e-be8e0edbfbb0,6G5c4EdCAdyuiuGUCSVshA_060_box0.jpg,BELFAST_CITY,National,Lamppost-mounted,Union Jack,5,2025-08-15 20:52:33.469524+00,May,false,,
7ca88a92-8a35-4c33-b5ed-17e844b06bbe,LRBA6kXybHDDZEJNUZQHhQ_060_box0.jpg,BANGOR,International,Pole-mounted (in ground),Palestinian,1,2025-08-08 09:04:22.604531+00,May,false,,
7cab438c-8692-4ed4-82de-30aee5aa8248,HGjH1CPIqLd2Ib9WVHsvmg_120_box0.jpg,BELFAST_CITY,National,Lamppost-mounted,Ulster Banner,5,2025-08-15 00:27:44.533114+00,May,false,,
7cbd4d83-fc76-4478-a642-9e11b25c7733,HGjH1CPIqLd2Ib9WVHsvmg_120_box0.jpg,BELFAST_CITY,National,Lamppost-mounted,Ulster Banner,5,2025-08-13 08:26:17.098325+00,Pat,false,,
7cd85589-16f1-4dcf-8c71-de7c4592f539,B1Iig_mtDeWNzy3TkMHm8g_060_box0.jpg,METROPOLITAN_NEWTOWNABBEY,National,Lamppost-mounted,Ulster Banner,5,2025-08-11 09:53:18.150385+00,May,false,,
7cf46c69-a4de-4129-8789-a9cbd10ba85d,kwwTAPjFR98x9fmvsjrXvQ_180_box0.jpg,BELFAST_CITY,National,Lamppost-mounted,Union Jack,5,2025-08-13 22:37:24.773446+00,May,false,,
7d03060c-f436-4603-9588-6fedada2bda9,ZnrP_68-NzuQZYlSeeVTyA_180_box0.jpg,LIMAVADY,National,Lamppost-mounted,Union Jack,4,2025-08-07 20:08:25.039578+00,Byron,false,,
7d0ca7a7-d98b-4dab-894a-53e929cc3989,i7KUu1v5-8ig--5blIQC9g_120_box0.jpg,BANGOR,National,Lamppost-mounted,Union Jack,5,2025-08-09 11:46:26.414503+00,Byron,false,,
7d35e87f-4d35-4965-86a4-d25a8ded253a,UHL7iAlpJNIArvJwqMXm2Q_240_box0.jpg,CARRICKFERGUS,National,Lamppost-mounted,Union Jack,2,2025-08-07 19:57:22.412543+00,Byron,false,,
7d3a2396-27ed-475b-84fa-17d46180b2b4,IhOnZdizpB0Y-nSfAYkKDg_120_box0.jpg,CRAIGAVON,National,Building-mounted,Union Jack,5,2025-08-13 09:06:22.030664+00,Pat,false,,
7d446c15-3999-4759-9d98-85af5335faee,rLL4M1yXXik91NrcpvGPnw_300_box0.jpg,BELFAST_CITY,National,Building-mounted,Union Jack,5,2025-08-12 15:47:15.275092+00,Pat,false,,
7d539b83-47f7-47cf-ab8b-03d0e9f4d8a7,OwspkefUmZfmxq7HtlfuOg_300_box0.jpg,BELFAST_CITY,National,Lamppost-mounted,Union Jack,5,2025-08-13 22:16:07.494504+00,May,false,,
7d601c53-2533-4c5a-87e2-376643513f37,_5VkCvq9uazVNjRG9TE2Xw_300_box0.jpg,BELFAST_CITY,National,Building-mounted,Ulster Banner,5,2025-08-14 11:09:53.630131+00,Pat,false,,
7d6b01e0-54d9-4714-b2c6-149f58a3606e,t3HmGAe8AwWslYtM1YPKTw_060_box0.jpg,CARRICKFERGUS,National,Lamppost-mounted,Union Jack,5,2025-08-06 20:50:06.592146+00,May,false,,
7d8afc9c-d5c9-4378-bb9b-68194e95e471,Xf0wHyrihmTpsCZMSIYTqg_180_box0.jpg,CARRICKFERGUS,National,Building-mounted,Union Jack,5,2025-08-13 08:50:59.768516+00,Pat,false,,
7d989dce-73de-4cac-94ed-9eb960b9b96f,H4r7pYBN7vCT1b2SLxu8LA_120_box0.jpg,BELFAST_CITY,National,Lamppost-mounted,Union Jack,5,2025-08-28 20:48:58.187265+00,May,false,,
7da8aad4-976b-4800-966e-8fe1c3a47c60,_yYSRfvX_WWLStkvkDgugA_240_box0.jpg,METROPOLITAN_NEWTOWNABBEY,National,Lamppost-mounted,Union Jack,5,2025-08-12 16:11:42.000439+00,Pat,false,,
7dab1dfc-fccf-44ec-a973-fd8d141a41c8,qcGWxBytk1kgk7lKrIGI7Q_180_box0.jpg,PORTSTEWART,National,Pole-mounted (in ground),Union Jack,5,2025-08-17 16:56:10.215965+00,May,false,,
7dc7a4b4-68e0-4126-b1a9-e65f5658c745,JD4WeU9XgS30Sa3pM539kA_120_box0.jpg,BELFAST_CITY,National,Building-mounted,Union Jack,5,2025-08-13 16:28:00.341993+00,Pat,false,,
7de24cca-3f82-4343-bbdc-7a4fa8544eb0,gRnczYpsbuxrvO94TM9y1Q_000_box0.jpg,METROPOLITAN_NEWTOWNABBEY,National,Building-mounted,Union Jack,5,2025-08-13 16:35:23.182265+00,Pat,false,,
7deaaf50-ee23-4a26-934f-08612c5bc4de,1mbEatxJUjiciEwf-NMGtg_120_box0.jpg,LISBURN_CITY,National,Building-mounted,Union Jack,5,2025-08-13 16:33:31.148551+00,Pat,false,,
7dee0879-3971-4bee-b236-46df5a6b40d3,kf-FunO3jDTVjxOsfYwRbA_240_box0.jpg,BELFAST_CITY,National,Lamppost-mounted,Union Jack,5,2025-08-15 20:53:02.671706+00,May,false,,
7df0e70c-f09f-476f-86ca-2766df62a51a,8laRr-uc2kdYh81Xikz2ZQ_120_box0.jpg,GREENISLAND,Proscribed,Pole-mounted (in ground),UFF,5,2025-08-22 22:06:30.851065+00,May,false,,
7e0118d4-16f6-49ab-b7af-ae124292b9d7,CJ89aP1l3TdcWt12as8e0A_060_box0.jpg,BELFAST_CITY,National,Lamppost-mounted,Ulster Banner,5,2025-08-29 08:50:13.69891+00,May,false,,
7e16b5ac-56b0-499b-9254-adb63e358ca3,fb-IYOEXnfKdYnQstSpf6g_120_box0.jpg,BANGOR,National,Temporary installation,Ulster Banner,5,2025-08-07 19:59:41.622294+00,May,false,,
7e41f9c8-0aaf-4783-bcdb-9ff639f2c6e4,tidR3aDbj_cSWpjP4Gcinw_120_box0.jpg,BANGOR,National,Lamppost-mounted,Union Jack,5,2025-08-09 11:40:47.459279+00,Byron,false,,
7e493b98-f6f6-4271-9ae2-cb3feb7d299b,MmRQ3DT1qHzIUlkqJr-tlA_000_box0.jpg,PORTRUSH,National,Lamppost-mounted,Ulster Banner,5,2025-08-14 13:09:49.992626+00,Pat,false,,
7e4c4750-037c-49b7-a4d7-3889a3d5a919,6uyPI1ApmyXx8watUuhecw_240_box0.jpg,METROPOLITAN_CASTLEREAGH,National,Lamppost-mounted,Union Jack,5,2025-08-14 10:06:29.300654+00,Pat,false,,
7e5d8be6-0a8b-4744-a380-83181b8ee0b2,6Xbt7f80sLxX5lx4svG5LA_060_box0.jpg,BELFAST_CITY,National,Pole-mounted (in ground),Union Jack,5,2025-08-13 22:28:35.744433+00,May,false,,
7e67158f-63e1-455e-9c64-1fb2d2c60195,6at8Vcv9AMTYUk2U0hJbww_060_box0.jpg,ARMAGH,National,Lamppost-mounted,Union Jack,5,2025-08-14 10:50:36.063954+00,Pat,false,,
7e70e9f6-adff-4b52-b7f3-ac712b1b9202,g7nHOw0Rq-71lnhGmNzktQ_240_box0.jpg,BELFAST_CITY,National,Lamppost-mounted,Union Jack,5,2025-08-24 10:11:31.217795+00,May,false,,
7e777e2b-f426-4c7c-aabf-04a8baa73e34,uBMd3j2A3hO8YaIR7r-htg_180_box0.jpg,LISBURN_CITY,National,Building-mounted,Union Jack,5,2025-08-12 16:20:02.493866+00,Pat,false,,
7e7e1e0d-f1d1-40d2-a4e8-d89164152696,oErtrxYC76lbkDmG23vqvA_240_box0.jpg,BELFAST_CITY,Review,,,,2025-08-13 16:35:54.063616+00,Pat,true,Complex case,
7e8025c8-b70c-4c8f-90b8-2b0259f888b0,lN434oJWykKXkkgLzqOyKw_300_box0.jpg,LIMAVADY,Military,Lamppost-mounted,UDR,2,2025-08-06 23:05:44.714301+00,May,false,,
7e86492d-ecab-43e0-8926-350e43a85f0e,X_j2f0rV5gERq72h9oOcCg_060_box0.jpg,DERRY_CITY,National,Lamppost-mounted,Ulster Banner,5,2025-08-13 08:26:34.306093+00,Pat,false,,
7e8676dc-b121-4d02-96f1-91bd2cd220bc,hH1juZT8VEdbKFr8kLfofQ_000_box0.jpg,METROPOLITAN_NEWTOWNABBEY,National,Pole-mounted (in ground),Union Jack,5,2025-08-11 18:12:37.432333+00,Pat,false,,
7e8ecf17-58ff-4df7-8c76-49659d23ef18,Zf20GlT7Idixix747_K2kA_180_box0.jpg,METROPOLITAN_LISBURN,National,Building-mounted,Union Jack,5,2025-08-13 22:44:44.312835+00,May,false,,
7e97befa-202d-4474-89b0-346ed7c5d9ca,_EnLmyk1ww0PYUGbADE6Kw_120_box0.jpg,BALLYMENA,National,Lamppost-mounted,Union Jack,5,2025-08-28 20:42:42.038625+00,May,false,,
7eda587c-93ab-453d-85e7-fa3673cb3120,aTMgapw21Y3Q3Uzyi3Cdiw_060_box0.jpg,BELFAST_CITY,Review,,,,2025-08-17 18:46:42.128229+00,May,true,Unclear image,
7ee5faa6-eea7-45cb-b660-f4ee7fdb4298,0idkI8zYv5qXXRFvKbO6OA_300_box0.jpg,METROPOLITAN_LISBURN,National,Building-mounted,Union Jack,5,2025-08-14 13:58:18.704038+00,Pat,false,,
7ef13163-3c1e-44e1-8e64-f18c59a23d2f,YcExpI8SfkDDCiVGOHHjUw_300_box0.jpg,BALLYCLARE,National,Lamppost-mounted,Ulster Banner,5,2025-08-17 16:54:42.934742+00,May,false,,
7ef4b863-441c-41e0-98e2-33a21674fef0,cfNsQWTpivUT5jTAnJ8nsA_060_box0.jpg,BALLYMENA,National,Building-mounted,Union Jack,5,2025-08-14 09:36:13.346146+00,Pat,false,,
7f0565ae-c8a8-45c7-ae62-c2c176641c9a,RYbJdl3twHOGJVmfSmgsFw_000_box0.jpg,METROPOLITAN_NEWTOWNABBEY,National,Lamppost-mounted,Scottish Saltire,5,2025-08-09 11:53:49.814124+00,Byron,false,,
7f46ae50-6d4c-4019-87e2-dfb11d92f789,Kh27EA2CiazfmxODI5frxA_300_box0.jpg,LARNE,National,Building-mounted,Union Jack,5,2025-08-14 12:20:07.766916+00,Pat,false,,
7f520679-ea9b-4d8a-986a-bbdb490fa687,E4AWcufAFvmnhIu_dS69Xg_300_box0.jpg,LISBURN_CITY,National,Lamppost-mounted,Ulster Banner,5,2025-08-28 19:54:41.172922+00,May,false,,
7f57a90e-9eba-4cf4-8eca-580737b0d974,H_XrZn1qZdkoQfXh2e6ogA_300_box0.jpg,COOKSTOWN,National,Building-mounted,Ulster Banner,5,2025-08-17 16:51:24.105033+00,May,false,,
7f61a9e5-9d51-4594-93e2-cd38811b3935,oAUhib6OpY4QGlpxvL2TtA_120_box0.jpg,BELFAST_CITY,National,Lamppost-mounted,Union Jack,5,2025-08-12 15:07:29.774034+00,Pat,false,,
7f6406f7-509a-48e5-9fc8-e3af5e612604,LRnFs8fX-ITNBqKPjDtxXA_120_box0.jpg,MAGHERAFELT,National,Lamppost-mounted,Union Jack,5,2025-08-28 19:44:23.983314+00,May,false,,
7f6d8d9d-0037-447d-9f89-09b8eec33b41,aff1LuzQp1ClLqOGzN19Hw_120_box0.jpg,METROPOLITAN_NEWTOWNABBEY,National,Lamppost-mounted,Union Jack,5,2025-08-13 08:43:57.208598+00,Pat,false,,
7f901ce4-9833-4114-b4d1-0169cbbdcaa3,A455eSYGl7pkYjzn_1Svwg_300_box0.jpg,CARRICKFERGUS,Review,,,,2025-08-06 21:18:56.537876+00,May,true,Unclear image,
7fbf5695-a4cb-4819-aa2c-164fd1ab0003,7WjrTQmGacdainpDrj1IYQ_000_box0.jpg,BELFAST_CITY,National,Building-mounted,Ulster Banner,5,2025-08-13 22:46:56.662197+00,May,false,,
7fc2641d-a0a0-4450-aa92-203b6a1620b0,lqxqrvUKTW4FlwG5FqErQQ_000_box0.jpg,DUNGANNON,National,Pole-mounted (in ground),Union Jack,5,2025-08-14 13:08:37.927769+00,Pat,false,,
7fd2dbe6-f9bb-49d9-83a5-651bbec04710,NSmQ_e22pJz5KNC09Xclpg_060_box0.jpg,BELFAST_CITY,National,Lamppost-mounted,Ulster Banner,5,2025-08-28 20:05:59.739085+00,May,false,,
7feddca1-7787-4a1a-bc0f-ec337c1b0c3b,Al62TsnHO-kd_YR3kLhvaQ_180_box0.jpg,BANGOR,National,Building-mounted,Union Jack,5,2025-08-09 11:38:26.947875+00,Byron,false,,
7fef5a7f-8412-4aae-b180-d6f69e8ee5a1,x1-kKhlZyxV40YoBWmINTg_060_box0.jpg,BANGOR,National,Lamppost-mounted,Union Jack,5,2025-08-09 11:39:25.084703+00,Byron,false,,
7ff49dd6-ed9e-4699-b04a-60b2a254e32d,YUV4eKnYDR7TbfgCnZSg8Q_000_box0.jpg,BELFAST_CITY,National,Pole-mounted (in ground),Ulster Banner,5,2025-08-13 08:33:24.477256+00,Pat,false,,
7ff775e2-3b09-471a-95a3-d3bab4bca3b2,2RQQ3t1w3Ym_L6FHwKuFGw_180_box0.jpg,OMAGH_TOWN,National,Lamppost-mounted,Union Jack,5,2025-08-22 22:05:35.774511+00,May,false,,
7ffe4295-f944-4619-b58e-920fa7d2eaf0,D_1IZCuBExfUzvZmX5AtxQ_060_box0.jpg,BELFAST_CITY,National,Building-mounted,Union Jack,5,2025-08-14 09:31:10.120445+00,Pat,false,,
80023b46-9302-40dd-b5b8-4f1f053a131f,fq2W_jfPm-bsOmOb5Vpbbg_000_box0.jpg,BELFAST_CITY,National,Building-mounted,Union Jack,5,2025-08-11 18:06:53.195263+00,Pat,false,,
80063069-8001-465d-9895-c6ac74e4cadd,va9JcnB4kvsqHvPy2LGRZg_240_box0.jpg,CARRICKFERGUS,National,Lamppost-mounted,Union Jack,2,2025-08-06 20:50:21.413938+00,May,false,,
800793d4-df37-466e-91b1-85af443e6c85,22kKzxMo7AIXVjUh_BAaUQ_000_box0.jpg,CRAIGAVON,National,Lamppost-mounted,Union Jack,5,2025-08-12 15:24:48.335827+00,Pat,false,,
804e7c18-ef00-4922-ae00-71e03787a4fd,01lSGcIBiDaIs-ERW2yHCQ_300_box0.jpg,CARRICKFERGUS,National,Lamppost-mounted,Ulster Banner,5,2025-08-07 19:59:14.26325+00,Byron,false,,
80554d72-b7a3-44b3-ab02-4f87192c5291,oCclPFYebbmvJje29lIfxQ_060_box0.jpg,BELFAST_CITY,National,Lamppost-mounted,Ulster Banner,5,2025-08-28 20:41:51.814306+00,May,false,,
807ae40e-eb01-4858-8c47-a9e794b74dc7,qKQksP89w64A24eHPF7UyQ_180_box0.jpg,BELFAST_CITY,National,Lamppost-mounted,Union Jack,5,2025-08-13 08:48:23.64348+00,Pat,false,,
808105ca-c7b0-4d80-a1ce-aba570bf3b11,bxrhAewo821oIoc46Nr3LA_240_box0.jpg,GREENISLAND,National,Building-mounted,Ulster Banner,5,2025-08-17 16:52:36.849641+00,May,false,,
808a471b-8a4f-4be5-a694-a85153ab6c00,Fj9wGNnxbw2wwX9_xo-obQ_300_box0.jpg,BELFAST_CITY,National,Lamppost-mounted,Union Jack,5,2025-08-14 11:04:59.805273+00,Pat,false,,
80a21105-cc85-400b-b766-f78d84ff3aaa,p8cwL_c4PsOKFU67JtoHJQ_180_box0.jpg,BELFAST_CITY,National,Lamppost-mounted,Union Jack,5,2025-08-14 13:19:43.89609+00,Pat,false,,
80af644f-aacb-4f45-861a-91e75f351ab9,CJRNWorBEfMd4RkIAP8QPQ_300_box0.jpg,NEWRY,National,Lamppost-mounted,Irish Tricolor,4,2025-08-07 20:18:47.718487+00,Byron,false,,
80b0cb64-98a2-442f-a963-62f84cd218a8,IQwCYQDnT0TJqtd0hbnLyA_240_box0.jpg,ANTRIM,National,Lamppost-mounted,Union Jack,5,2025-08-14 14:03:34.068842+00,Pat,false,,
80b3266e-57c0-4924-908b-01fde3c86f35,KcZQWyYGMvCdP5rm2V_rNw_000_box0.jpg,LARNE,Review,,,,2025-08-28 20:36:57.458851+00,May,true,Unclear image,
80bffb52-db67-47f2-9d89-1794fdb289f1,BDp9mN72kLewX1XWtWcFAg_000_box0.jpg,BALLYCLARE,Review,,,,2025-08-14 13:12:01.206193+00,Pat,true,Not a flag,
80c4bd67-252e-4913-95d2-f3467310c905,iURITOK4YZ07plJ7lnHrpw_300_box0.jpg,LISBURN_CITY,National,Lamppost-mounted,Ulster Banner,5,2025-08-28 19:54:26.53428+00,May,false,,
80d0c1d4-c064-4810-90cc-7a177b4c7a8f,W6XW1dk0RNPF1IY7ZXuRpw_180_box0.jpg,METROPOLITAN_NEWTOWNABBEY,Proscribed,Lamppost-mounted,UFF,5,2025-08-29 08:29:50.206103+00,May,false,,
80d35d74-4e41-445c-be35-da82f5955665,3ldc7_exl6LkU1opZW3pyA_240_box0.jpg,ARMAGH,Review,,,,2025-08-12 16:21:28.633184+00,Pat,true,Complex case,
80d7c34d-288a-476c-a532-52075ba48b16,Gl0aq_rUmMFtbNdSYjiOcQ_240_box0.jpg,BELFAST_CITY,National,Lamppost-mounted,Union Jack,5,2025-08-12 15:45:02.29291+00,Pat,false,,
80da0a01-279e-4335-9bb1-997b02d9ada6,7_0Gg3L7zadwJOl7W5Zomg_000_box0.jpg,METROPOLITAN_NEWTOWNABBEY,National,Building-mounted,Ulster Banner,5,2025-08-08 12:33:43.312518+00,May,true,Other,
80ddbe38-bf59-4e88-a00a-63ea9cd6f570,YA6UsP3la4Olcnmg8UftJA_000_box0.jpg,BALLYCLARE,Proscribed,Lamppost-mounted,UDA,5,2025-08-14 13:30:41.202303+00,Pat,false,,
80e70e0d-9b9f-4537-bcac-93160b2371ae,CJ89aP1l3TdcWt12as8e0A_060_box0.jpg,BELFAST_CITY,National,Lamppost-mounted,Union Jack,5,2025-08-14 14:10:52.305722+00,Pat,false,,
80f0eebf-1189-464a-8671-54d15acab1d3,8GAmGVvggXqfDRNXg0kRLw_120_box0.jpg,CRAIGAVON,Review,,,,2025-08-14 12:12:09.565868+00,Pat,true,Complex case,
810da5f4-e878-4613-98a8-472903aad70b,EK9W0dtlnWXVmt3tUiKi6Q_000_box0.jpg,DUNGANNON,Sport,Pole-mounted (in ground),GAA,5,2025-08-13 16:25:59.383527+00,Pat,false,,
8119ec68-1a66-4962-b331-2570777075ec,s6A_S2JLjmjjSkHxlG42FA_180_box0.jpg,BELFAST_CITY,National,Lamppost-mounted,Union Jack,5,2025-08-11 19:00:49.221042+00,Pat,false,,
811bbc47-4979-4092-8c41-87cbf1ec89fa,R6hFf2XrWfVwpVBycLROvA_000_box0.jpg,OMAGH_TOWN,National,Pole-mounted (in ground),Irish Tricolor,5,2025-08-14 14:06:02.721342+00,Pat,false,,
811d2ed8-ade8-48a9-af81-1a9534947c66,6abhbEkB_P3uhQIMQjJLrA_120_box0.jpg,LARNE,National,Lamppost-mounted,Union Jack,5,2025-08-28 20:36:00.461498+00,May,false,,
812acbd0-d383-497d-b7fa-9d471b98e386,wX_l-ceP1sakuxRm2dc1zw_120_box0.jpg,LARNE,National,Lamppost-mounted,Ulster Banner,5,2025-08-14 12:29:44.64137+00,Pat,false,,
81350d9a-f1ed-42eb-b3b2-708817608066,lmWmJ3u8jrexQJB7OOnflQ_060_box0.jpg,METROPOLITAN_LISBURN,National,Lamppost-mounted,Union Jack,5,2025-08-28 20:41:55.332695+00,May,false,,
8137e917-d9c3-4381-bbfc-2e6438a1913e,4cxIlBnvLy9WNi42RJj4iQ_120_box0.jpg,HILLSBOROUGH_AND_CULCAVY,National,Lamppost-mounted,Ulster Banner,5,2025-08-13 22:45:00.826438+00,May,false,,
813d8349-e3d7-4e92-b3a9-f786d207b4ce,8cexVK0YIzs98HLwR8yNdQ_000_box0.jpg,ANTRIM,Review,,,,2025-08-14 14:13:45.089784+00,Pat,true,Not a flag,
814ff920-65af-4ef9-8237-5b19e2caa4f8,_cd35Mm4NwN6FZS4_Ss6Rw_300_box0.jpg,METROPOLITAN_LISBURN,Review,,,,2025-08-14 10:37:49.830732+00,Pat,true,Complex case,
815509a1-3cb0-4b0e-8087-6ad8bcec7cec,7aAWw-6nAYTzCB03bwiHDQ_300_box0.jpg,CRAIGAVON,National,Lamppost-mounted,Union Jack,5,2025-08-14 10:22:57.012561+00,Pat,false,,
815b8d4f-a114-405a-99a6-f7b25267757d,QPG2F1mSzjy39bfENomu5g_300_box0.jpg,METROPOLITAN_NEWTOWNABBEY,National,Pole-mounted (in ground),Ulster Banner,5,2025-08-08 17:53:11.073325+00,May,false,,
81635c09-3fda-4e02-b3d7-8d17ac07d082,7pT3OvcWbtk3vPca0QoPGQ_120_box0.jpg,BELFAST_CITY,National,Building-mounted,Ulster Banner,5,2025-08-14 09:35:36.093828+00,Pat,false,,
816b24ff-8092-4965-9e1e-6ce2744d8582,pw2XABM7nS2VPO7F5nR0aA_180_box0.jpg,DUNGANNON,National,Building-mounted,Union Jack,5,2025-08-14 10:11:29.18266+00,Pat,false,,
81720082-5a73-4d59-9a0f-f226165521ff,HZXlBAR9dtYDoC3j8IP4BA_120_box0.jpg,LIMAVADY,National,Lamppost-mounted,Union Jack,3,2025-08-07 20:09:45.090492+00,Byron,false,,
8190da6b-b998-40c8-b6e2-400e3038caf2,elyu-2AW9z2OpkA2rz7-Vw_240_box0.jpg,DERRY_CITY,National,Lamppost-mounted,Union Jack,5,2025-08-14 11:14:28.267546+00,Pat,false,,
81989b76-8a57-4642-b483-db2ea47631b9,ztx1Zg1nHzriX0h3RPGzrQ_000_box0.jpg,COLERAINE,Proscribed,Lamppost-mounted,UDA,5,2025-08-24 10:11:19.257819+00,May,false,,
8198aa71-04d8-4474-bae0-a2d03657aace,ktAT2kvtAHUyybEvcAhzkQ_180_box0.jpg,BELFAST_CITY,National,Lamppost-mounted,Union Jack,5,2025-08-14 12:48:55.625503+00,Pat,false,,
81a6e029-6dd2-4242-b16c-f5a8757278a0,xMdFWadcEjavNCo-EGINtw_180_box0.jpg,BALLYMENA,National,Building-mounted,Ulster Banner,5,2025-08-29 08:26:57.355853+00,May,false,,
81a769dc-8627-4118-847a-76c096a6ca61,INlt_cowgNdIjE5UKkj4sQ_060_box0.jpg,BELFAST_CITY,National,Building-mounted,Union Jack,5,2025-08-13 16:23:01.525233+00,Pat,false,,
81b497d7-3800-4590-b0b5-30eedfe63847,tPbwdrAAGLGLDvJJ3_Ni0Q_240_box0.jpg,BELFAST_CITY,National,Lamppost-mounted,Ulster Banner,5,2025-08-13 22:28:57.857384+00,May,false,,
81b8bf72-ae9c-44c3-9e58-c91c289726a5,1WuCizErB0Iwn525JKwwRA_000_box0.jpg,ANTRIM,National,Lamppost-mounted,Union Jack,5,2025-08-29 08:47:44.661315+00,May,false,,
81e1af0c-ad5c-44ff-8eb4-f14d651f3f45,SlNZaTymMnJIXaQe1SdHmw_240_box0.jpg,BELFAST_CITY,National,Lamppost-mounted,Union Jack,5,2025-08-29 08:53:36.614461+00,May,false,,
81eee88d-0c4b-415e-b15e-1724eab80e87,rF-4vtJM6r-Zn3PPYBGZ7w_000_box0.jpg,BELFAST_CITY,National,Building-mounted,Union Jack,5,2025-08-11 18:16:22.611041+00,Pat,false,,
81f3173c-3053-449c-997d-42044f7ead57,zu-UBg6SBFF73S0SZiN9BA_300_box0.jpg,BELFAST_CITY,Review,,,,2025-08-13 08:57:10.318844+00,Pat,true,Complex case,
81f5d861-a6ad-41ed-b451-dfb9028df7f0,eaGZ97vdXSznaQ_eA9hWIw_000_box0.jpg,METROPOLITAN_CASTLEREAGH,National,Building-mounted,Ulster Banner,5,2025-08-12 15:28:28.049921+00,Pat,false,,
81f6af42-041f-4957-a196-95092a6a09c4,J2lgX_Kix4iGEhW5d5YjNQ_240_box0.jpg,BELFAST_CITY,National,Building-mounted,Union Jack,5,2025-08-28 20:25:53.207192+00,May,false,,
81fcc2ed-1089-4296-8522-55985d94245e,_r_9Xv-3Ud_H5v3zRYZPrg_000_box0.jpg,METROPOLITAN_LISBURN,National,Building-mounted,Union Jack,5,2025-08-28 20:41:44.594147+00,May,false,,
822d7166-e799-4c70-b4ab-a11d0ac3f441,fdGzIgFfK7hks7vXTe5wxg_120_box0.jpg,BALLYMONEY,National,Pole-mounted (in ground),Ulster Banner,5,2025-08-17 17:06:21.479076+00,May,false,,
82312466-15e7-4874-8a2d-d2010fdd5b15,tP1ryRQf2RD5TeKNpvQMLA_060_box0.jpg,LISBURN_CITY,National,Building-mounted,Union Jack,5,2025-08-13 22:07:05.496718+00,May,false,,
82362d27-a81d-47e7-a1ff-47796956c051,RACPLCBK1nG8okop9qDD1A_000_box0.jpg,BANBRIDGE,National,Pole-mounted (in ground),Union Jack,5,2025-08-15 20:57:24.249628+00,May,false,,
823cb83d-917e-463e-97f6-99eb3a3f9e20,7HN88L259wTuM6xQ_ER_ag_120_box0.jpg,BALLYNAHINCH,National,Pole-mounted (in ground),Union Jack,5,2025-08-13 22:31:13.229+00,May,false,,
823e8ecf-4396-4b28-9813-16b7a8eb3a1b,Vcw3v4LShz8WZZExlKv40g_240_box0.jpg,LISBURN_CITY,National,Building-mounted,Union Jack,5,2025-08-13 16:22:12.20268+00,Pat,false,,
824e3122-dc1f-4945-bd33-d6675f6a2653,22XbNxpXwGzvO5i0LOt4YA_000_box0.jpg,METROPOLITAN_NEWTOWNABBEY,National,Lamppost-mounted,Scottish Saltire,3,2025-08-08 10:20:04.231565+00,May,false,,
8285d343-78fd-42b4-84f7-8b030683cb6d,4F4Xn0AkU3GjB-amWgGn4g_120_box0.jpg,BELFAST_CITY,Review,,,,2025-08-29 08:37:59.84559+00,May,true,Not a flag,
829b4eaf-1717-42c0-a2b1-f9946eb793f1,YM2pXzPLBuER-1QJh9-Esw_180_box0.jpg,CRAIGAVON,National,Lamppost-mounted,Union Jack,5,2025-08-13 22:02:26.596445+00,May,false,,
82adceec-66df-4d01-94bb-bccc5caa53e0,Ydl3Uc3R_f6nzSZ-pr6izw_000_box0.jpg,COLERAINE,National,Lamppost-mounted,Ulster Banner,5,2025-08-12 15:58:21.267429+00,Pat,false,,
82b3b78e-3a3e-447e-8c52-710e5ea64065,MSzXJrfJNEZ8FUMM-bAM_g_180_box0.jpg,MAGHERAFELT,National,Lamppost-mounted,Ulster Banner,5,2025-08-28 20:19:24.348687+00,May,false,,
82b60a0a-c33b-451d-9d69-4cd8269e937a,SlsXr0heqQDFBs01W7Rhfg_120_box0.jpg,METROPOLITAN_NEWTOWNABBEY,Proscribed,Lamppost-mounted,Other Proscribed,3,2025-08-08 10:19:35.513035+00,May,false,,
82c21a22-e48c-4f46-9442-03c9e8445a51,10XDtQ_gJpKPqtVNCUJdGA_120_box0.jpg,BELFAST_CITY,National,Building-mounted,Union Jack,5,2025-08-11 18:24:44.111943+00,Pat,false,,
82d53f29-0b47-4d0c-baf3-1796e873ae05,ywlbqQ9T0ozdULzBGFqcVA_000_box0.jpg,BELFAST_CITY,Review,,,,2025-08-17 14:41:04.94986+00,May,true,Unclear image,
82f46a9e-a2c4-4653-80d3-afdacbe1535e,tp35k1288hvwgjPPoki7VA_120_box0.jpg,NEWRY,National,Building-mounted,Irish Tricolor,4,2025-08-07 20:16:58.883281+00,Byron,false,,
830b8651-5822-4b5d-80a5-b931a8077e4e,J-JzYWpjVsLVojfc1L1x5g_120_box0.jpg,BELFAST_CITY,National,Pole-mounted (in ground),Ulster Banner,5,2025-08-15 00:49:44.180563+00,May,false,,
83121524-a230-4774-bcb7-2a827853c915,3-FGyvMln_tLsmPrW2UQDQ_000_box0.jpg,METROPOLITAN_NEWTOWNABBEY,National,Lamppost-mounted,Union Jack,5,2025-08-17 17:05:24.696042+00,May,false,,
831a9f08-52eb-4880-8b80-1c7c4290a8e8,jKIFonheba4ZcDicgJy96Q_300_box0.jpg,HOLYWOOD,National,Building-mounted,Union Jack,5,2025-08-14 10:39:40.357389+00,Pat,false,,
8322791e-b273-415d-b743-07db8bbe41af,TrO8bKZbWUipVfaB_ZK5qQ_120_box0.jpg,BALLYMENA,Review,,,,2025-08-29 08:22:09.255334+00,May,true,Unclear image,
83278ca3-791a-4adc-a8f0-3b4aa35c0a3e,jhbnkgVLNncvDeX0m7Nh-Q_120_box0.jpg,BELFAST_CITY,National,Lamppost-mounted,Union Jack,5,2025-08-14 10:09:31.368368+00,Pat,false,,
8329f7d4-5146-4335-9469-53329b5a0b1f,I2_I_5W6dmipPysWColcTw_120_box0.jpg,LISBURN_CITY,National,Building-mounted,Union Jack,5,2025-08-14 12:48:14.952728+00,Pat,false,,
83355e41-047a-4828-a8d2-628954986d83,Cpmaomnd3yytTIKtxfKsaA_000_box0.jpg,BELFAST_CITY,National,Building-mounted,Union Jack,5,2025-08-28 20:22:01.729819+00,May,false,,
834f78b2-fa3e-43e4-aca5-7a9da8476a69,ffKJuK58zaqdnTbdr2ESWw_180_box0.jpg,BELFAST_CITY,National,Building-mounted,Union Jack,5,2025-08-22 22:14:02.570233+00,May,false,,
83579227-3706-4332-af82-a70a571a8c30,Bnjh0WphJ0mDbNOK09y0eA_300_box0.jpg,BELFAST_CITY,National,Lamppost-mounted,Union Jack,5,2025-08-13 22:13:50.003312+00,May,false,,
8358a397-1c74-4747-9e38-962a2aeb03e0,aHlOSoWC-H1AuwPqXEVVWQ_060_box0.jpg,BELFAST_CITY,National,Building-mounted,Union Jack,5,2025-08-12 15:31:39.389355+00,Pat,false,,
835f21a9-5167-4c77-8f5e-e74ca9d23ecd,wiuFYGCuAq8CwpWn-p2JWg_060_box0.jpg,BELFAST_CITY,National,Building-mounted,Ulster Banner,5,2025-08-14 09:33:09.519214+00,Pat,false,,
838e4ba7-6399-40cf-ad35-c141ef6d422d,DLwYyg8hB8qaaMKi-SGYSQ_240_box0.jpg,BELFAST_CITY,National,Lamppost-mounted,Union Jack,5,2025-08-15 00:50:51.528649+00,May,false,,
83939712-fd0f-42ca-9227-ecbf9cc19a16,W3RZ3szy8ttmc09PgrBQ_w_300_box0.jpg,ARMAGH,National,Pole-mounted (in ground),Union Jack,5,2025-08-28 19:42:00.639133+00,May,false,,
83aec571-efda-46a0-a16d-f53cf2611af7,1ybga4MzL0Yf2KkoxVUuqQ_300_box0.jpg,NEWRY,National,Pole-mounted (in ground),Irish Tricolor,5,2025-08-07 09:02:05.730041+00,May,false,,
83b174ab-ae99-47a0-b391-5623354fcf91,JAOZw8Zp0eRqJe6g7mIUpQ_300_box0.jpg,BANGOR,Proscribed,Lamppost-mounted,YCV,4,2025-08-07 19:59:17.73411+00,May,false,,
83bc88a1-a348-405c-aedf-9156d755748b,G8SuBqZIq6W7E9X7dXQSHQ_300_box0.jpg,BELFAST_CITY,National,Building-mounted,Union Jack,5,2025-08-17 14:37:21.253375+00,May,false,,
83c164fe-188d-493d-b014-76f404532ce3,NkAFg7_TU4XZE4Ozs4PWeA_240_box0.jpg,MAGHERAFELT,Review,,,,2025-08-14 13:06:56.950065+00,Pat,true,Complex case,
83c58b15-592d-4a46-858f-083491358b36,wLClW6lG7wp0SB3kvHAOcg_000_box0.jpg,RANDALSTOWN,National,Pole-mounted (in ground),Union Jack,5,2025-08-14 09:31:01.891508+00,Pat,false,,
84199a93-dda2-4a12-acfe-4145eb54f7d3,-GRzfmYlqPhjHBs6cCOrXA_300_box0.jpg,NEWRY,National,Lamppost-mounted,Irish Tricolor,5,2025-08-07 20:11:53.717271+00,Byron,false,,
842c75b4-ea96-4f6b-a742-270748b6b553,EugRdM3EnILtjQJnGiNviw_060_box0.jpg,COLERAINE,International,Lamppost-mounted,Other International,5,2025-08-13 22:14:42.864299+00,May,false,,
842e23f8-b333-4693-b019-f15f856046f4,Nz1i6aegOgvIefZSyUEu0Q_120_box0.jpg,MOIRA,National,Lamppost-mounted,Union Jack,5,2025-08-14 13:53:12.738645+00,Pat,false,,
84318747-72b6-4592-adc4-dcdc819e41d2,ux2aFcA_rD1ljV3K5d-vOA_000_box0.jpg,BELFAST_CITY,National,Building-mounted,Ulster Banner,5,2025-08-12 16:19:45.143702+00,Pat,false,,
84345bde-e774-4fe3-9c4d-89802ab08cfa,IsHDKayWM1NqB_xKpD7d6Q_000_box0.jpg,WARINGSTOWN,National,Pole-mounted (in ground),Union Jack,5,2025-08-11 18:24:36.5496+00,Pat,false,,
844bcb23-b4ed-4541-b0f0-0e23626654fb,NHSPi4Hbj0YiC1W1TuJGOQ_240_box0.jpg,BELFAST_CITY,National,Lamppost-mounted,Union Jack,5,2025-08-12 15:44:20.056038+00,Pat,false,,
844e33fe-f9b9-4e31-b6b7-1c04078647e2,eqS9H-5hKaCkuHnels7R3w_060_box0.jpg,DOWNPATRICK,International,Pole-mounted (in ground),Other International,5,2025-08-28 20:43:43.501237+00,May,false,,
844eabdb-576e-449b-874d-edfea92b6f27,KgNA-0ozHG3bB2p3u0CGeQ_300_box0.jpg,LISBURN_CITY,National,Lamppost-mounted,Union Jack,5,2025-08-12 15:43:03.177509+00,Pat,false,,
84508298-f1e1-499b-8b01-10ccfc5a193e,zjkyOfFEgF4boggxBEFUjg_300_box0.jpg,BELFAST_CITY,National,Lamppost-mounted,Union Jack,5,2025-08-13 08:47:47.485666+00,Pat,false,,
845c0e2f-9694-4fd0-96a7-d289701ce30c,dkFxGaa5T6RTK4vBpg4lmg_060_box0.jpg,METROPOLITAN_CASTLEREAGH,National,Lamppost-mounted,Ulster Banner,5,2025-08-29 08:40:44.735817+00,May,false,,
845e499a-c5a2-4fc3-b273-713539b3160a,PQ6pxzSGbjks3H02CiJgEQ_300_box0.jpg,CRAIGAVON,National,Pole-mounted (in ground),Union Jack,5,2025-08-12 15:22:44.737589+00,Pat,false,,
84677d3c-bff5-4e11-b279-4fde20e6ff71,IW4o9J9RZKFc5HJsn9MlXQ_180_box0.jpg,BELFAST_CITY,National,Lamppost-mounted,Union Jack,5,2025-08-29 08:51:25.189281+00,May,false,,
8473f160-151b-4b0b-a325-514029073dfa,t7Xocm8Hy2WgXqL8_bsnVg_180_box0.jpg,BALLYMENA,National,Pole-mounted (in ground),Ulster Banner,5,2025-08-28 20:10:55.12712+00,May,false,,
8480850e-bb2b-4069-ad20-631d518d1012,WKGIcvfbBGYUW_aHk7kzww_060_box0.jpg,BALLYMENA,Review,,,,2025-08-14 12:33:27.119595+00,Pat,true,Other,
8489d8ab-48da-42bf-9f35-60a561edc24d,q16ScF1z2Gn6yILroHAh8Q_060_box0.jpg,BELFAST_CITY,National,Lamppost-mounted,Ulster Banner,5,2025-08-15 00:34:29.797757+00,May,false,,
84ac0f4f-35b7-4604-8ec3-a33316e9a0b8,NmqSWElmM7i6I--EIugWMw_300_box0.jpg,BELFAST_CITY,International,Building-mounted,Other International,5,2025-08-11 18:27:54.531616+00,Pat,false,,
84c18c26-e416-4996-a644-663ea8ae695f,ms6aitqFIIvNfWUYWSIhPw_000_box0.jpg,BALLYMENA,National,Building-mounted,Union Jack,5,2025-08-17 15:45:24.493483+00,May,false,,
84c41741-a2ec-4b4f-af70-a9be4a07971b,9uWh5DayURhQTeX_fcZJOQ_120_box0.jpg,BELFAST_CITY,National,Lamppost-mounted,Union Jack,5,2025-08-14 15:07:57.583247+00,May,false,,
84f17c53-97bc-462d-afde-854174613064,gGMdv-hw6qYkdBE4Va1B3A_000_box0.jpg,GREENISLAND,National,Lamppost-mounted,Union Jack,5,2025-08-13 22:14:21.467475+00,May,false,,
84fdae6a-dfe2-40ae-a026-c5ed32eaf7c9,CIB2w-jQigxX2-vnGwYkfQ_240_box0.jpg,CRAIGAVON,National,Building-mounted,Union Jack,5,2025-08-12 15:00:20.191853+00,Pat,false,,
850790c2-d33a-440d-af70-335130de87bc,mvJuOgGz2FZV7LtUm4qm2g_060_box0.jpg,METROPOLITAN_LISBURN,National,Building-mounted,Union Jack,5,2025-08-12 15:05:26.107808+00,Pat,false,,
850e5dbd-830e-4883-b343-dac6bd7b514e,9Rf2iBQpU_gmoa2iNvHbwQ_120_box0.jpg,BALLYMENA,National,Lamppost-mounted,Union Jack,5,2025-08-12 15:17:01.423023+00,Pat,false,,
85691233-1eca-4680-8511-cb29e32138ab,QdFrYgIzUJYwPUQyIlGBRg_240_box0.jpg,COLERAINE,National,Pole-mounted (in ground),Union Jack,5,2025-08-28 20:26:03.145206+00,May,false,,
856e138e-db4a-4c2c-b337-1e2be70343f0,oErtrxYC76lbkDmG23vqvA_240_box0.jpg,BELFAST_CITY,Proscribed,Building-mounted,Other Proscribed,5,2025-08-17 16:17:44.935385+00,May,false,,
8571fbee-8bf8-4092-96cd-011f3d2ea6a9,kFRL5RQ-xnhIbINe8xEnyg_300_box0.jpg,BELFAST_CITY,National,Lamppost-mounted,Union Jack,5,2025-08-15 20:56:12.268156+00,May,false,,
858cf515-d8e3-46a6-b69f-a5be540892df,yyp37AjzTwSwL5zNoqNO5w_000_box0.jpg,BELFAST_CITY,Review,,,,2025-08-28 20:37:16.565322+00,May,true,Unclear image,
858d006b-ceaa-4e4f-aa3d-99cc9012f558,cTEo5H-GkZ4eN066PHtf5g_120_box0.jpg,BELFAST_CITY,National,Building-mounted,Union Jack,5,2025-08-12 15:15:11.428451+00,Pat,false,,
8591b4ea-a504-48a8-8ced-ae49171135ee,hNpcdggohcRgXCV7DrMc1w_300_box0.jpg,BELFAST_CITY,National,Building-mounted,Union Jack,5,2025-08-17 18:25:01.132923+00,May,false,,
85a2eec7-ecf9-47fc-a9e0-4c01c582f5e1,xpr2Z0wMUEIXK3cUiSCnPg_000_box0.jpg,BELFAST_CITY,National,Building-mounted,Union Jack,5,2025-08-13 22:27:34.709027+00,May,false,,
85a63394-ef34-4d82-831a-6be0914a82aa,JAOZw8Zp0eRqJe6g7mIUpQ_120_box0.jpg,BANGOR,National,Lamppost-mounted,Union Jack,5,2025-08-14 13:57:23.986145+00,Pat,false,,
85aa33e7-2fba-4412-bb5d-f8c40cb98f5c,BUwmvTVL2ssnK1KaMlGlYw_240_box0.jpg,LISBURN_CITY,National,Lamppost-mounted,Union Jack,5,2025-08-28 20:12:25.013912+00,May,false,,
85ad408d-69d1-4131-a1e0-260a14e72544,uLmFM-qahv-duhStEpO7lA_300_box0.jpg,CARRICKFERGUS,National,Building-mounted,Union Jack,3,2025-08-07 19:57:48.540454+00,Byron,false,,
85be05c1-f171-4b0f-9153-ba04d51fea63,AEd-7u2cclUYiIGkpISQXg_060_box0.jpg,LISBURN_CITY,National,Lamppost-mounted,Union Jack,5,2025-08-14 13:40:41.604825+00,Pat,false,,
85c10c21-83f5-4a30-bb39-645706175aab,7aAWw-6nAYTzCB03bwiHDQ_300_box0.jpg,CRAIGAVON,National,Lamppost-mounted,Union Jack,5,2025-08-22 22:05:15.456643+00,May,false,,
85d33c55-1c94-46be-a66e-dbc0afccb797,B1Iig_mtDeWNzy3TkMHm8g_240_box0.jpg,METROPOLITAN_NEWTOWNABBEY,National,Building-mounted,Union Jack,5,2025-08-09 11:53:45.236292+00,Byron,false,,
85da7300-0330-4a0c-94d4-4d9cef03c749,7RJg5Z_aOpLRUD8Dv8ubVA_000_box0.jpg,BELFAST_CITY,National,Building-mounted,Union Jack,5,2025-08-13 16:35:30.871539+00,Pat,false,,
85dfb1c1-2f82-4d07-82be-bd2a6b90a053,7ADZzSE8_5KDXmovqQzkqA_060_box0.jpg,BELFAST_CITY,Review,,,,2025-08-14 12:37:19.395962+00,Pat,true,Complex case,
85f63325-612a-4979-9a86-74df89862207,gDmjomLZySyLU7HkX6pCNg_300_box0.jpg,LARNE,National,Building-mounted,Union Jack,5,2025-08-28 20:27:48.182408+00,May,false,,
85f9012d-a13b-41c3-9dce-f3db8f4b31c5,yg2P-zeMgesQy_LJKxHomA_180_box0.jpg,NEWRY,National,Lamppost-mounted,Irish Tricolor,5,2025-08-07 09:06:43.32107+00,May,false,,
85ffc2bd-d8a1-406f-bf14-7378c00da8f2,7K3NkzV9m1COyp1MQPQ2Sg_300_box0.jpg,BELFAST_CITY,National,Lamppost-mounted,Ulster Banner,5,2025-08-17 16:20:20.937809+00,May,false,,
8601aca4-66ea-4da0-8ccf-2f92e184d1e7,vp8H6zD3DIdtpNrnVVbDUQ_180_box0.jpg,BALLYMENA,National,Building-mounted,Union Jack,5,2025-08-14 09:29:38.321404+00,Pat,false,,
8608dc2a-06a8-4b46-b01b-6855ee4188e8,njig9PNUn24SIRk6rJTGSw_120_box0.jpg,LARNE,National,Lamppost-mounted,Ulster Banner,5,2025-08-28 20:39:05.279334+00,May,false,,
8609db30-d6b8-4ce6-a53b-ebf7812c5985,H7sy4aoM6wwg0gGCXOel5w_060_box0.jpg,METROPOLITAN_NEWTOWNABBEY,National,Building-mounted,Union Jack,5,2025-08-14 09:29:30.148122+00,Pat,false,,
86130fbd-3992-45d9-9290-3fb40ac307ad,Z4ifmAC0bLLdZ5f4BUzsgQ_240_box0.jpg,BELFAST_CITY,National,Pole-mounted (in ground),Union Jack,5,2025-08-17 14:35:31.302042+00,May,false,,
8620e4ec-da19-448b-b29e-4bc16c955598,SbJyalNU6FM2mN75FBAw0A_060_box0.jpg,BELFAST_CITY,National,Lamppost-mounted,Ulster Banner,5,2025-08-14 10:09:38.719755+00,Pat,false,,
86294d01-285d-4534-8218-61b44ae7b5e2,0bHUNcvcWEo5m5WhdvNsiw_060_box0.jpg,CRAIGAVON,National,Building-mounted,Union Jack,5,2025-08-17 16:17:50.954382+00,May,false,,
86552d07-c46f-46ee-a435-653b4aea6db2,d7m-S8EiGEWBZlvIJJENww_060_box0.jpg,ANTRIM,National,Lamppost-mounted,Union Jack,5,2025-08-14 14:14:16.6601+00,Pat,false,,
865f1fe3-f6fc-4723-a492-2fa9087a0aaf,Dr2DB-jFD_yybWB_lU-bJw_120_box0.jpg,METROPOLITAN_NEWTOWNABBEY,Review,,,,2025-08-14 10:32:38.082394+00,Pat,true,Complex case,
866f06ff-d1fc-4ba1-8d87-69925925f635,tu49PAukKNkhW96dLjRBWA_120_box0.jpg,BELFAST_CITY,National,Lamppost-mounted,Union Jack,5,2025-08-12 15:46:44.788255+00,Pat,false,,
86836f3a-a82b-4a4f-ad34-a9428ace0717,Px6bolOxW3UMmKdGJ8os2Q_180_box0.jpg,BELFAST_CITY,National,Building-mounted,Union Jack,5,2025-08-17 14:27:36.605413+00,May,false,,
8699b109-c2b5-4c70-848c-966cbf68e94a,SBY-Q2xw_-MUhHDvbQrZow_000_box0.jpg,GREENISLAND,National,Lamppost-mounted,Union Jack,5,2025-08-14 10:23:35.952694+00,Pat,false,,
869ea2b4-39ec-4664-821a-8807714200df,UxHLdYGUMMXHbIYE_0o36Q_300_box0.jpg,MOIRA,National,Lamppost-mounted,Union Jack,5,2025-08-14 12:33:17.626032+00,Pat,false,,
86a50d72-4e75-4239-a9b8-a96d049a9622,Bxc4LCd0pEEAr0YhLYQa_w_180_box0.jpg,BELFAST_CITY,National,Lamppost-mounted,Ulster Banner,5,2025-08-13 22:47:29.326597+00,May,false,,
86a7a3d1-c76a-4039-8a03-7998f6393db0,XRXQQUQYKFGa15FeuC-bJg_240_box0.jpg,METROPOLITAN_NEWTOWNABBEY,National,Building-mounted,Union Jack,5,2025-08-13 08:26:09.617472+00,Pat,false,,
86c69806-5898-47e1-bb86-6eedf3a1459c,ApLR27j_44JL6OBRiqx2lA_180_box0.jpg,CARRICKFERGUS,National,Building-mounted,Union Jack,5,2025-08-15 00:31:52.177145+00,May,false,,
86cac950-47c3-435b-b6c2-bb5c4f590ef1,8HdhKKO-kHzFQ-w5wgc2_g_180_box0.jpg,BELFAST_CITY,National,Lamppost-mounted,Union Jack,5,2025-08-28 20:18:35.398478+00,May,false,,
86d74c7f-5eea-47d1-b68f-d86396899589,YjAdSPCB4VZMXIjsiC0rqA_240_box0.jpg,BELFAST_CITY,National,Lamppost-mounted,Union Jack,5,2025-08-13 08:29:34.073272+00,Pat,false,,
86db3c54-25da-4ae3-9fea-cb823b0eb764,T3GQ1ZWOdHa-X2ZusHeecw_000_box0.jpg,BELFAST_CITY,National,Lamppost-mounted,Union Jack,5,2025-08-14 11:05:39.656663+00,Pat,false,,
86dec4d8-e2e1-492c-8b15-014946510c74,qumZ_2hvSxuCXF8IQtA4mw_300_box0.jpg,BELFAST_CITY,National,Lamppost-mounted,Union Jack,5,2025-08-14 09:24:13.175647+00,Pat,false,,
86e17a30-22c7-48d0-93bb-a9683472f40f,tklSlLQY64deQ__uz-1Flw_240_box0.jpg,BALLYMENA,National,Lamppost-mounted,Union Jack,5,2025-08-17 17:01:22.927411+00,May,false,,
86ea7d94-b17a-4514-8fd3-d51822716bb0,6UgxMTqY9_Mm4kB9iVXK3A_120_box0.jpg,METROPOLITAN_NEWTOWNABBEY,National,Building-mounted,Union Jack,5,2025-08-12 15:48:43.387121+00,Pat,false,,
86f058cf-7c52-44ce-8a1f-17cfb2001a8b,1sUg69Y3dG7AtA6QEhJxWg_180_box0.jpg,BELFAST_CITY,Proscribed,Building-mounted,Other Proscribed,5,2025-08-14 10:10:27.289545+00,Pat,false,,
8707b871-e8e8-429a-be12-d68eecac636d,ytZGW4KUF5Koc9wLhGuglg_000_box0.jpg,ANTRIM,National,Lamppost-mounted,Union Jack,5,2025-08-14 09:30:41.986456+00,Pat,false,,
873f0e43-cc33-445a-ac74-97fa760f52b6,4Wi1ao143T8L18MGTLPdsA_180_box0.jpg,COOKSTOWN,National,Building-mounted,Union Jack,5,2025-08-13 21:57:10.801895+00,May,false,,
8751b3e8-3899-41fb-a3b4-b8f41e73e014,ogDi0_wxXdClckb-l_iKVg_300_box0.jpg,CARRICKFERGUS,National,Building-mounted,Union Jack,5,2025-08-17 14:28:44.90305+00,May,false,,
875b5030-c32c-4545-9999-cddca134dbc5,cDpGFy43yzL3aWcxZCaong_120_box0.jpg,NEWRY,National,Lamppost-mounted,Irish Tricolor,5,2025-08-07 09:11:14.451033+00,May,false,,
876073b5-03ec-4595-8665-39061edf02b8,tllFQCT5oX4q77_Wf4wlpg_300_box0.jpg,BELFAST_CITY,National,Lamppost-mounted,Union Jack,5,2025-08-14 13:42:16.739039+00,Pat,false,,
876e2a6c-2a82-497e-85df-f9d299149743,W-I0RdbVcyiYnJen84YZRw_240_box0.jpg,METROPOLITAN_NEWTOWNABBEY,National,Lamppost-mounted,Union Jack,5,2025-08-14 12:26:52.020967+00,Pat,false,,
876fdc3e-9c65-469b-822b-d817f16397b9,eUSLxnANol_GtZlW8noazQ_000_box0.jpg,METROPOLITAN_LISBURN,National,Building-mounted,Union Jack,5,2025-08-28 20:44:19.570471+00,May,false,,
8772b662-40b8-47a7-aff0-5056741fc234,Fff0v7Xust-bscHQi89DMA_000_box0.jpg,BELFAST_CITY,National,Lamppost-mounted,Union Jack,5,2025-08-14 14:01:24.497785+00,Pat,false,,
878e40ca-66ac-4155-b475-681359cee958,oCkg6o-4TYVLgDhFavzQKA_120_box0.jpg,METROPOLITAN_NEWTOWNABBEY,Review,,,,2025-08-09 11:54:29.48052+00,Byron,true,Complex case,
878fde77-3ff1-4858-af27-dc95c173a3f1,pIta1ZgcADY9E018ZjMvBw_120_box0.jpg,LARNE,National,Lamppost-mounted,Union Jack,5,2025-08-28 20:03:49.890233+00,May,false,,
87929a60-1b2f-479b-86a8-9ac544a50b44,8UsZt4AuJ68gx8G63c7jhQ_000_box0.jpg,CARRICKFERGUS,National,Lamppost-mounted,Union Jack,5,2025-08-06 22:45:31.238979+00,May,false,,
87947936-74eb-4f28-b014-1e4c981e6b1f,sOdpE3Z8GUIaQH33VkDwzQ_300_box0.jpg,BELFAST_CITY,National,Building-mounted,Union Jack,5,2025-08-12 15:06:23.443682+00,Pat,false,,
879554ae-2b38-4876-8732-0c331abeae77,mBIiID5rZMvX1IHEQTUIAQ_120_box0.jpg,BELFAST_CITY,National,Pole-mounted (in ground),Union Jack,5,2025-08-28 20:26:46.410754+00,May,false,,
87a4695e-0f66-47f5-b19e-cd93ad7d1e14,AUkvp2-EoFwq71BPpCE3ag_180_box0.jpg,BELFAST_CITY,National,Lamppost-mounted,Union Jack,5,2025-08-14 10:36:12.032522+00,Pat,false,,
87afd3de-170a-4391-8bd1-d8779c2fed05,HnMmRHl0i5E3s8hGqOyAKw_240_box0.jpg,BELFAST_CITY,National,Lamppost-mounted,Union Jack,5,2025-08-12 15:45:44.864183+00,Pat,false,,
87b1b8bd-9ec2-4475-96ab-b066cad69805,SMTG8goY64VtSv5OUYEtmg_240_box0.jpg,BELFAST_CITY,Review,,,,2025-08-14 12:58:37.101091+00,Pat,true,Complex case,
87b542af-fc19-434d-8d11-5477e4e7c9f4,4-K8hULcgHQRebD7-J6RZA_000_box0.jpg,WARINGSTOWN,National,Pole-mounted (in ground),Union Jack,5,2025-08-13 22:06:36.520665+00,May,false,,
87c0b193-c594-4688-8fca-1fff0ec69a2e,5ds3s8GXWrw1F2IR0cnq8g_120_box0.jpg,METROPOLITAN_NEWTOWNABBEY,Sport,Pole-mounted (in ground),Supporters Club,5,2025-08-28 20:44:10.951091+00,May,false,,
87d18d72-f106-4865-8f4e-f53b943ffa2b,B4AA_tbS1EgQDE4YaF3wVw_180_box0.jpg,ANTRIM,National,Building-mounted,Union Jack,5,2025-08-12 16:20:23.778567+00,Pat,false,,
87d66f48-405a-4463-837b-3e865387a529,9WDMiTQG6bWeNTbaxj6FQw_240_box0.jpg,BELFAST_CITY,Review,,,,2025-08-28 20:28:34.837012+00,May,true,Not a flag,
87e04e58-caac-4d6f-ba44-e294660816ae,uiwgyrHUXrn-S3Nsxyheow_060_box0.jpg,LISBURN_CITY,National,Lamppost-mounted,Ulster Banner,5,2025-08-15 20:54:31.521828+00,May,false,,
87ef539e-ec7f-41d9-b44a-9d36acb426b1,9SDQ193Mczg00woNiyDPaA_180_box0.jpg,LARNE,National,Building-mounted,Union Jack,5,2025-08-14 09:35:24.766997+00,Pat,false,,
88176cc5-dc60-4c75-965f-7dedc80275e8,MphVpv6-Ti6WikhnvmEejQ_060_box0.jpg,ANTRIM,National,Lamppost-mounted,Union Jack,5,2025-08-28 20:53:37.332874+00,May,false,,
88246499-8158-42db-a86a-7888ef56d812,WF3TpjaTIV6_5Cz58GcGng_060_box0.jpg,LIMAVADY,National,Lamppost-mounted,Union Jack,5,2025-08-29 08:47:10.477975+00,May,false,,
88424239-e72a-41fa-9ce2-9ac386bf9ab1,C6GmRGaPLtmTkZCh2lvS9A_000_box0.jpg,BELFAST_CITY,National,Lamppost-mounted,Ulster Banner,5,2025-08-13 22:48:08.67974+00,May,false,,
884b1701-a428-4238-9354-7ddf291e5207,m2kCT1BZGHaHqjU9zTOdmg_300_box0.jpg,METROPOLITAN_NEWTOWNABBEY,National,Lamppost-mounted,Union Jack,5,2025-08-17 17:01:19.664926+00,May,false,,
886e2c7c-3ac6-48c0-8394-e33a4415af92,BUwmvTVL2ssnK1KaMlGlYw_240_box0.jpg,LISBURN_CITY,National,Lamppost-mounted,Union Jack,5,2025-08-14 12:29:14.003787+00,Pat,false,,
887ed1d4-90f1-4807-8e40-09accde30e04,4RZPMI1n0ej29NRgrOXU5g_000_box0.jpg,LISBURN_CITY,National,Building-mounted,Union Jack,5,2025-08-12 14:59:47.15349+00,Pat,false,,
888be89e-9655-4c57-8b04-41299ccf86d1,L6eD-UlW8NygwOAsCRK5kQ_180_box0.jpg,NEWRY,National,Lamppost-mounted,Irish Tricolor,5,2025-08-07 09:08:41.680864+00,May,false,,
8898dd30-fb92-4fff-81c3-dbc9981a68cd,BZ3jOLBTgxjGlZb8xiH0rQ_300_box0.jpg,BELFAST_CITY,National,Building-mounted,Union Jack,5,2025-08-13 22:48:19.997945+00,May,false,,
889d88c9-7238-45ef-96a4-ac8f52cf5b4f,bN95HU88_Mf1iVNKPb13TA_180_box0.jpg,LISBURN_CITY,International,Building-mounted,Other International,5,2025-08-14 10:34:14.505901+00,Pat,false,,
88c9126c-7457-4ffa-9842-52c3defdc99c,4w4jEFghuBFEnwfjd4QXQQ_060_box0.jpg,BANGOR,National,Lamppost-mounted,Union Jack,5,2025-08-07 09:14:57.341503+00,May,false,,
88f7b094-9c7b-467d-b354-9ebab3fd6445,Jn_QcFiQ6ZdxqSWLHat-rw_240_box0.jpg,ARMAGH,National,Lamppost-mounted,Union Jack,5,2025-08-14 13:02:59.445305+00,Pat,false,,
8911c879-76e0-474e-8111-8e867687ec46,XVRfMcFHMn0fUw93Ihx6_Q_060_box0.jpg,BELFAST_CITY,National,Lamppost-mounted,Union Jack,5,2025-08-15 00:32:13.809435+00,May,false,,
8914ce6b-3d4e-4e7c-9931-1f36e661c30d,7_0Gg3L7zadwJOl7W5Zomg_000_box0.jpg,METROPOLITAN_NEWTOWNABBEY,National,Building-mounted,Ulster Banner,3,2025-08-09 11:53:17.764355+00,Byron,false,,
891b2ea8-f147-46e1-bfac-3f0c9c46d9b1,ZLcnO1DeR6v7jbDblAXhHw_300_box0.jpg,NEWRY,National,Lamppost-mounted,Irish Tricolor,5,2025-08-07 20:19:06.378329+00,Byron,false,,
892bf346-7715-4987-8560-9bc55c964af8,zSjV2Onu1yHv1nJTrsfVCg_180_box0.jpg,BELFAST_CITY,National,Lamppost-mounted,Union Jack,5,2025-08-29 08:29:23.965146+00,May,false,,
8934f5a4-dc30-427e-bfa2-493a7aeccef5,AUkvp2-EoFwq71BPpCE3ag_180_box0.jpg,BELFAST_CITY,National,Lamppost-mounted,Union Jack,5,2025-08-22 22:15:35.690666+00,May,false,,
894652e1-95d6-4dfa-beed-a3cfd0454a21,lUcBgPB1DJ9KOLQXO7yZ7Q_060_box0.jpg,BELFAST_CITY,National,Lamppost-mounted,Union Jack,5,2025-08-29 08:37:22.810406+00,May,false,,
8964d372-4be4-41bc-bd05-32897d42027c,k8COcn8GV-u4eUdUQYFYlg_000_box0.jpg,LARNE,National,Building-mounted,Union Jack,5,2025-08-15 00:40:43.143003+00,May,false,,
8988b961-f5a6-4779-baf1-3ec38a3f57ce,SFJYOnxwQZoyxBLjq7kksw_120_box0.jpg,GREENISLAND,National,Building-mounted,Union Jack,5,2025-08-14 14:05:02.022447+00,Pat,false,,
898b40a4-485d-4ac9-8576-11af1da577cc,PQ6pxzSGbjks3H02CiJgEQ_300_box0.jpg,CRAIGAVON,National,Temporary installation,Union Jack,5,2025-08-13 22:10:38.149803+00,May,false,,
89a37606-d882-4f9c-b395-8243ce93c90a,35DGKXm0MShfgp9FYCCUNA_180_box0.jpg,BELFAST_CITY,National,Lamppost-mounted,Union Jack,5,2025-08-22 22:15:40.054085+00,May,false,,
89b24654-83e3-48c0-9fa9-195a13f89773,RbAe3P-nTOMOn-DgzsiYmQ_000_box0.jpg,METROPOLITAN_LISBURN,National,Lamppost-mounted,Union Jack,5,2025-08-22 22:16:56.05309+00,May,false,,
89b6f870-6630-487d-8c86-27cb584b6270,95rKI-p68-MBXGgLoSdeCQ_180_box0.jpg,BELFAST_CITY,National,Lamppost-mounted,Union Jack,5,2025-08-22 22:27:56.952682+00,May,false,,
89c4df18-106b-4563-82f4-2a21d0701234,KBgV3eFFB3CoLTxKleGJIg_060_box0.jpg,BALLYCLARE,Sport,Lamppost-mounted,Supporters Club,5,2025-08-29 08:18:15.246975+00,May,false,,
89faa03f-4466-4202-bd16-db561368da75,1GfifGVGhb6gCNmZByV1vg_300_box0.jpg,BELFAST_CITY,National,Building-mounted,Union Jack,5,2025-08-28 20:50:39.084878+00,May,false,,
89ffcd6c-6a24-4deb-8ff6-679b7ceb2006,HnMmRHl0i5E3s8hGqOyAKw_240_box0.jpg,BELFAST_CITY,National,Lamppost-mounted,Union Jack,5,2025-08-13 22:28:44.673467+00,May,false,,
8a094851-f73b-494d-9484-025935b45174,2vMmXgFTqk39AA7PErS2OA_240_box0.jpg,BELFAST_CITY,National,Pole-mounted (in ground),Union Jack,5,2025-08-12 15:03:09.401484+00,Pat,false,,
8a121ef8-bd3c-4116-8727-5b6e9631a426,CvImcDxLEztMrgb3_pWMHQ_180_box0.jpg,BELFAST_CITY,National,Lamppost-mounted,Ulster Banner,5,2025-08-28 20:50:19.022432+00,May,false,,
8a18d265-3e8a-4470-a904-cfcee1bd84a9,Dr9frYaqRBusvfb5EVUGKg_300_box0.jpg,BALLYCLARE,National,Lamppost-mounted,Union Jack,5,2025-08-29 08:47:39.65134+00,May,false,,
8a44c32e-edb0-4dbd-9d0b-8203ba5d4768,mR3CiJwySHVA8eo_MyqZlg_300_box0.jpg,CARRICKFERGUS,National,Pole-mounted (in ground),Union Jack,5,2025-08-14 12:33:47.157334+00,Pat,false,,
8a4542eb-f07e-4864-bbf7-3237b169d2a4,f7bcwdf0UqnFC48Hj82T_w_000_box0.jpg,BELFAST_CITY,National,Lamppost-mounted,Union Jack,5,2025-08-17 14:23:36.464497+00,May,false,,
8a4cf50a-4975-469f-bdd4-11205e4750c0,8WEZhrx_nGaktYcqCnMJcA_000_box0.jpg,BELFAST_CITY,National,Lamppost-mounted,Ulster Banner,5,2025-08-11 18:25:46.164703+00,Pat,false,,
8a4e8352-e00f-4424-bce0-1b31e0bdf82f,F4nOVc3RRgAE5_08as6VEA_000_box0.jpg,METROPOLITAN_NEWTOWNABBEY,National,Building-mounted,Union Jack,5,2025-08-08 12:33:52.864109+00,May,false,,
8a7c2f88-995b-4f16-817a-cd567dc59e65,1C431guatp31WoaIbTT5vQ_120_box0.jpg,BALLYMENA,National,Building-mounted,Union Jack,5,2025-08-12 16:11:02.49388+00,Pat,false,,
8a814041-5976-40e9-bd7a-7fb211437879,eCeK180lV8XY3xcXuvEd_w_120_box0.jpg,METROPOLITAN_NEWTOWNABBEY,National,Lamppost-mounted,Union Jack,5,2025-08-14 14:02:32.883145+00,Pat,false,,
8aa559b4-b187-4bb5-9228-0a05355a21e8,7LujzmRE7KUwGqGP1yQeXQ_000_box0.jpg,BELFAST_CITY,National,Building-mounted,Union Jack,5,2025-08-28 20:06:49.885034+00,May,false,,
8ac6c630-ce0a-49ba-a718-a5cc3f72ebad,lza7tLWbRxoJ3dVyqzJrxg_000_box0.jpg,BELFAST_CITY,National,Lamppost-mounted,Irish Tricolor,5,2025-08-14 12:36:08.986375+00,Pat,false,,
8ad3c057-cec0-405f-984b-d87a1917d024,2WHLNheD6qRpGDSiYY-JvQ_000_box0.jpg,ANTRIM,National,Lamppost-mounted,Union Jack,5,2025-08-12 15:14:01.987644+00,Pat,false,,
8adca4d2-c0d3-475e-a688-d204cf8e462f,wCEqP4skIJrGDuQEZ8HECg_240_box0.jpg,LISBURN_CITY,National,Lamppost-mounted,Union Jack,5,2025-08-14 10:30:11.375477+00,Pat,false,,
8b05766e-5f98-4610-ab29-f345475d6de7,3q9uTmCx-T5fKzX6YIi2-w_120_box0.jpg,METROPOLITAN_NEWTOWNABBEY,National,Building-mounted,Union Jack,5,2025-08-14 12:31:56.677352+00,Pat,false,,
8b265763-bf25-462c-a14e-d9352a7debd1,tAGbwGWWWKidAGmyvu-cTQ_240_box0.jpg,BALLYMENA,Fraternal,Lamppost-mounted,Royal Black Institution,5,2025-08-28 19:43:37.66362+00,May,false,,
8b3fc61f-0bda-44f1-aa13-5fad28c0e6e8,Fr-Ql_PziuF6zAQuiM5muw_300_box0.jpg,CRAIGAVON,National,Lamppost-mounted,Union Jack,5,2025-08-13 16:32:57.592134+00,Pat,false,,
8b44c630-2d54-4f46-a4e9-030ef5171117,q16ScF1z2Gn6yILroHAh8Q_060_box0.jpg,BELFAST_CITY,National,Lamppost-mounted,Ulster Banner,5,2025-08-13 08:30:26.748035+00,Pat,false,,
8b472e52-9aa6-4e44-9b61-840905b55fed,YdqUeFhHKRNZl3JWOHqoFw_240_box0.jpg,METROPOLITAN_LISBURN,National,Building-mounted,Union Jack,5,2025-08-11 18:15:07.001576+00,Pat,false,,
8b49f83e-83ce-421f-a4f0-daefacb86642,VynrffH2Z3wwUUHyzUkZwA_060_box0.jpg,CARRICKFERGUS,National,Lamppost-mounted,Union Jack,5,2025-08-17 15:41:30.677341+00,May,false,,
8b5fdb32-7676-4a27-871b-abdf9dca9c8f,HYs-xvwjJh3bUN7O6C6Kuw_240_box0.jpg,COMBER,Fraternal,Pole-mounted (in ground),Orange Order,5,2025-08-12 16:20:38.315425+00,Pat,false,,
8b718224-dedc-4139-ba57-d01807a67bd2,1-Px-QnkJ-fpsMKJXqOIIA_240_box0.jpg,CARRICKFERGUS,National,Building-mounted,Union Jack,5,2025-08-12 16:20:16.368091+00,Pat,false,,
8b771f04-ff10-43fb-a8de-e1d9bb9aa5b2,2EDYk5GqL1ulnr56b7RHGw_000_box0.jpg,BELFAST_CITY,National,Building-mounted,Ulster Banner,5,2025-08-17 16:00:57.802785+00,May,false,,
8b8a1c55-dffd-45ed-aac6-ffce07022217,jo-b5cGSuLxFXK01LScROQ_240_box0.jpg,LIMAVADY,Review,,,,2025-08-17 16:56:14.091538+00,May,true,Not a flag,
8b9895e4-9bae-4f79-9abd-ac858abdc1a3,CvImcDxLEztMrgb3_pWMHQ_180_box0.jpg,BELFAST_CITY,National,Lamppost-mounted,Ulster Banner,5,2025-08-14 13:20:22.729841+00,Pat,false,,
8b9b4f03-0948-486b-95ef-b0fde262f63f,jwQU0r9RVwSscEauiLtnXg_180_box0.jpg,BELFAST_CITY,National,Building-mounted,Union Jack,5,2025-08-13 09:05:25.177564+00,Pat,false,,
8bbb83ba-3822-4b53-9a3f-088873e113ab,n1wwo79Ke8SIoX4qCCQuhw_300_box0.jpg,GREENISLAND,National,Pole-mounted (in ground),Union Jack,5,2025-08-17 14:27:58.489981+00,May,false,,
8bcee2ff-297a-4574-aa8f-94953d3fe42b,EehFai27YseJAPoqao0E3A_060_box0.jpg,MAGHERAFELT,National,Building-mounted,Union Jack,5,2025-08-12 16:22:54.236318+00,Pat,false,,
8bd719a7-ea4d-4c2a-8efb-9938abb417b0,PKksdGl82yFZlVSyg6GR2Q_300_box0.jpg,BELFAST_CITY,National,Building-mounted,Union Jack,5,2025-08-12 15:55:32.667401+00,Pat,false,,
8c01e8c9-7317-4caa-b227-c74b008da57f,wbZ5497G3bmNSO2QZ5ckPg_300_box0.jpg,BELFAST_CITY,National,Lamppost-mounted,Union Jack,5,2025-08-28 20:36:30.128077+00,May,false,,
8c0b3670-fbea-4ce5-a6ae-dad4f0ddb3ba,3QT4yG3Wqyn5Xp0zzm0gpA_000_box0.jpg,CARRICKFERGUS,International,Building-mounted,Other International,5,2025-08-12 15:28:56.580682+00,Pat,false,,
8c219e93-936d-42f1-b3a9-33280b8b5fa1,KwGjPxiIAbks9QnU_dDbtQ_000_box0.jpg,BELFAST_CITY,Review,,,,2025-08-13 08:53:13.819214+00,Pat,true,Complex case,
8c263a13-fa48-48a5-b58a-2f84ea42ea19,baVOpqc3aLrgLOLvvydvzQ_060_box0.jpg,CARRICKFERGUS,Proscribed,Lamppost-mounted,UVF,5,2025-08-14 13:39:24.129286+00,Pat,false,,
8c392c8c-a409-4744-98ab-6d423918e064,JAOZw8Zp0eRqJe6g7mIUpQ_240_box0.jpg,BANGOR,Review,,,,2025-08-08 09:09:46.007142+00,May,true,Unclear image,
8c4a5b5f-a5c1-4616-a868-1de265c9b2a1,phMHDrRAHga0_I2jpvH8ng_000_box0.jpg,BALLYMENA,National,Building-mounted,Union Jack,5,2025-08-11 18:16:38.963902+00,Pat,false,,
8c5252a5-7dac-4696-a986-53988a329512,7Wr9i1JRZMFi4YCl8VSMDQ_120_box0.jpg,BELFAST_CITY,National,Lamppost-mounted,Union Jack,5,2025-08-15 00:51:38.898292+00,May,false,,
8c663afc-ee90-4de5-b89b-8339f76d213e,qvZOXzColiM75LqnbbO4Fg_240_box0.jpg,CRAIGAVON,National,Building-mounted,Union Jack,5,2025-08-28 20:40:20.885771+00,May,false,,
8c727d51-8d8d-40c8-9c83-95ba8ab191d4,sUwBMoZyNsCRr_OcaZdoiA_240_box0.jpg,BANGOR,Review,,,,2025-08-07 19:53:56.886274+00,May,true,Unclear image,
8c741586-24a3-4645-8a52-e73b35ca66ec,mR3CiJwySHVA8eo_MyqZlg_300_box0.jpg,CARRICKFERGUS,National,Building-mounted,Union Jack,5,2025-08-28 20:17:31.555239+00,May,false,,
8c74ac08-ac93-4eda-899d-61ba1868040f,nqDr2Bm95UQWvPt9lRniRQ_120_box0.jpg,LIMAVADY,Bunting,Bunting display,Other Colored Bunting,5,2025-08-06 22:59:54.993831+00,May,false,,
8c800a17-72c7-4414-9999-ce194078b8e5,HTBM4TAHW5RrMI0zOwF7GA_000_box0.jpg,METROPOLITAN_NEWTOWNABBEY,National,Lamppost-mounted,Union Jack,5,2025-08-28 20:37:29.302197+00,May,false,,
8c85b3b4-2b3e-4aff-a90c-157fc7db084d,rLL4M1yXXik91NrcpvGPnw_300_box0.jpg,BELFAST_CITY,National,Building-mounted,Union Jack,5,2025-08-13 22:29:19.633921+00,May,false,,
8c920839-27c0-4337-95b0-e03e71e539c4,IVZRoGGM8oaYwvX_9iTkoA_000_box0.jpg,BELFAST_CITY,National,Building-mounted,Union Jack,5,2025-08-13 08:33:46.167291+00,Pat,false,,
8c9fa7ad-ddd1-42ca-a1b4-556f4d7be261,iAGhk-yexcXqAg6XgTc95Q_120_box0.jpg,METROPOLITAN_NEWTOWNABBEY,National,Lamppost-mounted,Union Jack,5,2025-08-08 12:34:50.832013+00,May,false,,
8ca59388-4e86-4dd0-b95e-5a8672a43a6c,XjuOJfK03nQFhI2RmYrm2g_000_box0.jpg,BELFAST_CITY,National,Building-mounted,Union Jack,5,2025-08-14 14:02:28.275272+00,Pat,false,,
8cb80c52-0be7-4a1e-863f-1aeea044d122,TjFUTmqTTyCvBO0bmkjeGw_300_box0.jpg,LIMAVADY,Proscribed,Lamppost-mounted,UDA,1,2025-08-07 08:41:19.477155+00,May,false,,
8ccb7a94-6d2e-4229-8eda-b5791e2ee0e4,c1RWCD_3L-aqFXR-31CHSA_000_box0.jpg,METROPOLITAN_NEWTOWNABBEY,National,Lamppost-mounted,Union Jack,5,2025-08-09 11:55:09.930691+00,Byron,false,,
8ccba8f5-c75b-4c34-94ce-98f772b56d89,D0y4oIDR49xSon3ZOSSGbQ_240_box0.jpg,CRAIGAVON,National,Building-mounted,Union Jack,5,2025-08-13 22:41:28.181998+00,May,false,,
8cdb8574-4849-4008-8f03-cacb9ec9cdf5,iLJKNME1ItbjVKHRmhac7g_240_box0.jpg,METROPOLITAN_NEWTOWNABBEY,National,Building-mounted,Ulster Banner,5,2025-08-29 08:15:43.805263+00,May,false,,
8cdf9ec2-ce9a-4f3f-84a5-f187939c46c7,SlNZaTymMnJIXaQe1SdHmw_240_box0.jpg,BELFAST_CITY,National,Lamppost-mounted,Union Jack,5,2025-08-14 14:15:19.73216+00,Pat,false,,
8ce265df-b08e-4e97-bbcc-5287ae99f9d2,k8lPsSwC2fBsDNfjvQkIkQ_300_box0.jpg,BELFAST_CITY,National,Lamppost-mounted,Ulster Banner,5,2025-08-14 14:00:48.465993+00,Pat,false,,
8cfb63e2-c7c5-48ee-9a43-a53a96e8b4d6,NNzRIawWoSvJCb-9Fbezbg_240_box0.jpg,BELFAST_CITY,National,Lamppost-mounted,Ulster Banner,5,2025-08-22 22:15:32.762429+00,May,false,,
8cffe15c-0c68-461d-b8f6-a95ac3cc86ed,74ew9IFkyrk44QtfsSIk5Q_000_box0.jpg,ANTRIM,National,Pole-mounted (in ground),Ulster Banner,3,2025-08-14 10:41:49.26372+00,Pat,false,,
8d2a2595-f0fc-4cb1-addc-760c6309d55e,mGwDRITw9acQ7ACsChj94Q_000_box0.jpg,LISBURN_CITY,National,Building-mounted,Union Jack,5,2025-08-13 22:08:24.383334+00,May,false,,
8d357cff-d56f-4ed7-83ac-7dd31119d60d,3DSqv2qjs71IQZI9lNrxUg_300_box0.jpg,BALLYMONEY,National,Lamppost-mounted,Union Jack,5,2025-08-13 08:30:03.011822+00,Pat,false,,
8d3954c8-cc37-4653-bf84-91bc6acf7ed2,H8bp-pbbf4jlDWgRLFqWKA_120_box0.jpg,METROPOLITAN_NEWTOWNABBEY,Review,,,,2025-08-09 11:54:24.082955+00,Byron,true,Complex case,
8d41f7f2-25d6-4a1d-9723-3bf410597ad6,IoODIba-7P9fXrbhFUM8Xw_120_box0.jpg,METROPOLITAN_CASTLEREAGH,National,Lamppost-mounted,Union Jack,5,2025-08-15 20:51:27.071132+00,May,false,,
8d43f9cd-6b39-4c6b-9f7e-3861457037ee,L-dr3qWlG6pHXhTTaMJ5tA_120_box0.jpg,BELFAST_CITY,National,Building-mounted,Union Jack,5,2025-08-12 15:53:58.485155+00,Pat,false,,
8d4a94bd-8e5e-4c43-b7a3-1b65e3513bbe,iAGhk-yexcXqAg6XgTc95Q_120_box0.jpg,METROPOLITAN_NEWTOWNABBEY,National,Lamppost-mounted,Union Jack,5,2025-08-09 11:53:53.330396+00,Byron,false,,
8d5a27c7-4526-44a9-bd53-ca2e0753270e,hoMimCReXJWLtJ4F7pYa0A_300_box0.jpg,METROPOLITAN_NEWTOWNABBEY,National,Building-mounted,Union Jack,5,2025-08-28 20:38:59.48997+00,May,false,,
8d67be8d-57fa-42dc-a38f-da34ee86ef8d,3KSTvckSkMOU_kqsPQ-zRw_240_box0.jpg,BELFAST_CITY,National,Lamppost-mounted,Union Jack,5,2025-08-13 22:12:15.041266+00,May,false,,
8d751f21-7bde-4e57-8136-c59b5585145d,yUCQ_x587GIiz7Qxdp-v7w_120_box0.jpg,BELFAST_CITY,National,Lamppost-mounted,Ulster Banner,5,2025-08-29 08:33:19.255472+00,May,false,,
8d775295-d9ec-40af-9505-fb7cef275ac8,NoXYT7nSxfPYMYmsDMOtLw_180_box0.jpg,COLERAINE,Fraternal,Lamppost-mounted,Orange Order,5,2025-08-12 15:32:34.388836+00,Pat,false,,
8d7bdccc-e636-4cc3-b540-d8a70352dd7a,8xeg1VKCHyBxp8dlFoUMjw_060_box0.jpg,BELFAST_CITY,National,Building-mounted,Union Jack,5,2025-08-14 12:53:09.818269+00,Pat,false,,
8d88fdbf-448a-439c-b35e-d47a708c8ba4,SAjblzALOr8jguBWWVKpGQ_000_box0.jpg,BELFAST_CITY,National,Building-mounted,Union Jack,2,2025-08-14 09:42:46.037018+00,Pat,false,,
8d8d155d-1b0d-4347-aaba-3ac74df41752,x2fNkBoe8mGmA1Y-XaLySg_180_box0.jpg,BELFAST_CITY,National,Lamppost-mounted,Union Jack,5,2025-08-29 08:49:00.848197+00,May,false,,
8da7850a-cd68-49b9-9610-969d8cf3f7be,hK-T36GBWHkDSv7fdW1Gfw_000_box0.jpg,BELFAST_CITY,National,Lamppost-mounted,Ulster Banner,5,2025-08-14 10:12:27.10481+00,Pat,false,,
8dc8f889-0529-4bc0-8a1f-fc9eba961ae1,IxogBOXqFsyZD5yzPXT5sg_180_box0.jpg,CARRICKFERGUS,Review,,,,2025-08-14 14:04:27.21018+00,Pat,true,Complex case,
8dd41a47-043e-4086-9c06-2c8bae661e94,YteKhiDJG0PgQnouzJbYdQ_240_box0.jpg,LISBURN_CITY,National,Lamppost-mounted,Union Jack,5,2025-08-17 16:23:14.089747+00,May,false,,
8dd80c0b-09ea-4c80-aea8-bc9b7d0a280b,3d7068Ziqm6VLOFwelnyTg_120_box0.jpg,METROPOLITAN_NEWTOWNABBEY,National,Lamppost-mounted,Union Jack,5,2025-08-14 12:32:10.446951+00,Pat,false,,
8de4fe2d-a557-455c-ae35-ef2f8a490dd8,GkxwlRc1EOq2LlFKV3CFcA_120_box0.jpg,METROPOLITAN_CASTLEREAGH,National,Pole-mounted (in ground),Union Jack,5,2025-08-13 16:28:18.396189+00,Pat,false,,
8df7e389-1475-4de5-a7ab-179966a82fb3,eVpyesdpT2i8Dv99LSvHIA_060_box0.jpg,NEWTOWNARDS,National,Permanent installation,Union Jack,5,2025-08-28 19:41:35.599089+00,May,false,,
8e2e5558-36f1-4a36-9477-9d51eef155ef,F8ciDl6sToGl1xvobN-kaQ_000_box0.jpg,DUNGANNON,Review,,,,2025-08-13 22:16:44.091581+00,May,true,Unclear image,
8e3e8abf-be75-4543-be16-c88b1fd0dff2,vkYscVB9ZcHm8vKOQXmv2Q_240_box0.jpg,TANDRAGEE,National,Lamppost-mounted,Union Jack,5,2025-08-14 13:41:12.788674+00,Pat,false,,
8e5c4a89-76f6-46c8-8015-4af777a0c858,PnhQwzZ-RazBBwdrduZEKA_180_box0.jpg,CARRICKFERGUS,National,Building-mounted,Union Jack,5,2025-08-15 00:30:00.145021+00,May,false,,
8e81068a-2a9e-4d95-83bd-03baecc203bc,F0TQiD-6IqvrCyd_PAsx6Q_240_box0.jpg,BALLYMENA,National,Lamppost-mounted,Ulster Banner,5,2025-08-28 20:11:33.267725+00,May,false,,
8e902bdc-9bb1-4d2f-a89d-55870fa9d169,m5L2Er7Id-PmWBHiI7zjWg_060_box0.jpg,BELFAST_CITY,National,Lamppost-mounted,Union Jack,5,2025-08-13 08:48:36.046353+00,Pat,false,,
8eaca93b-338f-4bb2-8483-d965efc96880,qzyLH7PzM6ZJ0zi3V1AGKg_120_box0.jpg,BALLYCLARE,National,Pole-mounted (in ground),Union Jack,5,2025-08-14 13:36:53.46376+00,Pat,false,,
8eb607f0-e427-4acb-a9e4-472c1c330d2d,hIzlMFAq_LLpAnfBlwG5Mg_240_box0.jpg,METROPOLITAN_NEWTOWNABBEY,National,Building-mounted,Union Jack,5,2025-08-28 20:46:44.990153+00,May,false,,
8ec438f5-76d1-40cd-a1af-993d1910f6b5,Podt44KmBTOfOxxDBx2vMw_180_box0.jpg,BELFAST_CITY,National,Building-mounted,Union Jack,5,2025-08-14 09:27:20.637308+00,Pat,false,,
8ef9050c-9aec-4059-967d-04b83b210d2d,DTKAtE_7OSwue51YWQs0KA_240_box0.jpg,LIMAVADY,National,Lamppost-mounted,Ulster Banner,1,2025-08-07 08:44:15.458036+00,May,false,,
8effa94b-39f7-4b11-89ea-90935b443e10,P28haxfX9fSVIOkT7DpCnw_240_box0.jpg,LARNE,National,Building-mounted,Union Jack,5,2025-08-24 10:08:14.42999+00,May,false,,
8f17763b-3b8d-42aa-bdc5-5553c215941c,MyDWVF7DUdrFqjU5q8krMw_180_box0.jpg,LARNE,Review,,,,2025-08-11 18:27:35.41108+00,Pat,true,Complex case,
8f261b54-800f-4851-a9b5-45784216b9b7,X7E-hkcpjQfJCk8Y8Z441w_180_box0.jpg,BELFAST_CITY,National,Lamppost-mounted,Union Jack,5,2025-08-12 15:42:51.255535+00,Pat,false,,
8f2d60fd-d70b-4c07-b83b-d5b50305592f,5ZOKWef4K6rBaSQvW085yw_300_box0.jpg,LARNE,National,Lamppost-mounted,Union Jack,5,2025-08-28 20:24:03.007591+00,May,false,,
8f371d3c-4c32-4869-adb7-af8ffcfdf3a1,XPOic4goukXqani5wEnBFA_180_box0.jpg,BELFAST_CITY,Fraternal,Building-mounted,Orange Order,3,2025-08-14 10:27:30.55167+00,Pat,false,,
8f40ad73-8322-42f0-bb7c-29d16334416e,h6TlBaDRAO4mnopAAORCow_060_box0.jpg,METROPOLITAN_NEWTOWNABBEY,National,Lamppost-mounted,Union Jack,5,2025-08-12 15:41:46.237735+00,Pat,false,,
8f46af30-79fc-44ab-b9a7-77f75336853e,dBVoXZdpwWlDn7Cl7JGccA_060_box0.jpg,NEWRY,Review,,,,2025-08-07 20:11:26.238874+00,Byron,true,Not a flag,
8f47f830-312a-4aac-a191-887c11f8c2a1,-w0f6oMruooeqfVKlL9uRg_240_box0.jpg,COOKSTOWN,Review,,,,2025-08-15 20:53:48.794301+00,May,true,Unclear image,
8f4b9bc2-8c13-41f0-8b06-4a2dae2e560f,JDf7dWv00CMqP4Jpvsc6dA_300_box0.jpg,BELFAST_CITY,National,Building-mounted,Union Jack,5,2025-08-14 13:17:30.603529+00,Pat,false,,
8f5947bc-005f-475c-badd-14415f565327,3Re4pekjT8KnbktrR8TSzg_300_box0.jpg,BALLYCLARE,National,Lamppost-mounted,Ulster Banner,5,2025-08-13 08:37:47.383691+00,Pat,false,,
8f815bf5-fa42-4ebd-9835-2435e3e3b343,Qhph6rO9cfmAy8C67LPN_A_300_box0.jpg,METROPOLITAN_LISBURN,National,Lamppost-mounted,Union Jack,5,2025-08-13 16:30:09.245856+00,Pat,false,,
8f96e2a7-3ca2-4546-84e2-1b49a7908d87,Z4ifmAC0bLLdZ5f4BUzsgQ_180_box0.jpg,BELFAST_CITY,National,Pole-mounted (in ground),Union Jack,5,2025-08-14 10:24:17.953268+00,Pat,false,,
8f9dcd49-d9e4-44c4-8af4-8abaeaba03b3,9ti8UPEwYPVr5gjMGfQW4Q_060_box0.jpg,BELFAST_CITY,National,Lamppost-mounted,Ulster Banner,5,2025-08-13 22:48:00.948062+00,May,false,,
8fa643c8-85e8-4ff5-9654-abc05ac97e0b,L_U_4jqq33Oi9OWN6EBVGw_300_box0.jpg,BELFAST_CITY,National,Building-mounted,Union Jack,5,2025-08-14 09:34:33.497171+00,Pat,false,,
8fc864bf-a3a5-431d-bc25-6c5ec69048c4,vmATmVvY-lj_Byut9KYnRw_180_box0.jpg,DUNGANNON,National,Pole-mounted (in ground),Ulster Banner,5,2025-08-12 14:59:15.347392+00,Pat,false,,
8fcf6c11-85d6-4c92-93ba-7bd60598f381,XVRfMcFHMn0fUw93Ihx6_Q_060_box0.jpg,BELFAST_CITY,National,Lamppost-mounted,Union Jack,5,2025-08-13 08:29:06.793538+00,Pat,false,,
8fd077ff-b64c-4bbf-bc4c-118d21a055d2,BtMml6kWPXVfj57fQ_Qavg_120_box0.jpg,BELFAST_CITY,National,Building-mounted,Ulster Banner,5,2025-08-13 22:08:13.35747+00,May,false,,
8ff5b353-6d37-48cb-8df1-e96827de3d67,LtE5yUvEv_EWf_QTIwwz_Q_240_box0.jpg,BELFAST_CITY,National,Building-mounted,Union Jack,5,2025-08-12 15:34:02.194967+00,Pat,false,,
9000192a-e0c3-4046-bb66-b9ba1e39d0cd,Z9gOUrsxDuvrfdxHqZpKfQ_180_box0.jpg,METROPOLITAN_NEWTOWNABBEY,Review,,,,2025-08-13 16:33:49.778071+00,Pat,true,Complex case,
903012d7-8569-49b9-aed3-c39934bb205f,Imu20noSvhRLwuBARwHTKw_120_box0.jpg,COLERAINE,Fraternal,Lamppost-mounted,Orange Order,5,2025-08-14 10:54:34.27686+00,Pat,false,,
9034a3fc-ba23-4882-9337-a9feb934f751,LTmAGh5Y3jGS2xBjZxNhYQ_300_box0.jpg,BELFAST_CITY,National,Permanent installation,Union Jack,5,2025-08-29 08:36:41.725763+00,May,false,,
9065e831-bdd3-42ce-8869-679ee7ae5cd1,8G5d7UhyFel2YE2JvU3IeA_240_box0.jpg,CARRICKFERGUS,National,Lamppost-mounted,Union Jack,5,2025-08-12 15:45:53.779027+00,Pat,false,,
90669c0e-a07d-462f-81dd-4c8672731a13,FdFnPhotn-Q-ET8y8MiWbQ_240_box0.jpg,METROPOLITAN_NEWTOWNABBEY,National,Lamppost-mounted,Ulster Banner,5,2025-08-08 10:20:18.722885+00,May,false,,
907e4e36-1748-4802-a661-fe8915a973e9,BwMjRO7MmAU_Ph32dB6YuQ_180_box0.jpg,LARNE,National,Building-mounted,Union Jack,5,2025-08-28 20:52:25.666952+00,May,false,,
908037f3-d3d0-4d7c-a449-66a21a6ba49d,pzfqCM4Q8Aiy7NZRPmFTOg_000_box0.jpg,METROPOLITAN_NEWTOWNABBEY,National,Lamppost-mounted,Ulster Banner,5,2025-08-14 13:26:15.305446+00,Pat,false,,
908a60eb-bbf9-4cc4-877a-a8a7cc272e69,qUgR04czUp0vI5nzaWu1fg_120_box0.jpg,BELFAST_CITY,National,Lamppost-mounted,Ulster Banner,5,2025-08-17 17:08:40.76049+00,May,false,,
908bbb67-2326-41f4-9939-0d6b95f88e7c,ImDximmS6TuDihoHUvVs3g_000_box0.jpg,LIMAVADY,National,Lamppost-mounted,Union Jack,4,2025-08-07 20:10:01.728756+00,Byron,false,,
90988d33-2cfa-4489-aaec-d2a1434ee15c,XDLR4XAc-s29bvpKK8mnQg_000_box0.jpg,METROPOLITAN_CASTLEREAGH,Review,,,,2025-08-17 14:24:30.859829+00,May,true,Unclear image,
909efe4b-8703-463b-99eb-a9e32a1077d5,BIwYIA6uSPuxVPo-_TVAdA_240_box0.jpg,CARRICKFERGUS,International,Lamppost-mounted,Other International,1,2025-08-06 22:53:52.136884+00,May,false,,
90a6e8d5-8114-4a7e-a5cc-39ea552cf76c,HeEca0rtijhnQIPip3BZuw_000_box0.jpg,BELFAST_CITY,National,Building-mounted,Irish Tricolor,5,2025-08-13 08:55:59.160003+00,Pat,false,,
90b54f7c-3899-4325-acfe-6feeb7d8f00a,I0zf11fcobL3RgoTATS-hw_120_box0.jpg,OMAGH_TOWN,National,Lamppost-mounted,Ulster Banner,5,2025-08-14 09:18:10.427057+00,Pat,false,,
90e2829f-74c8-46e5-9073-5b3870cca4c8,xve1fmS4D0TRoOZSc9q2XA_180_box0.jpg,METROPOLITAN_CASTLEREAGH,National,Lamppost-mounted,Union Jack,5,2025-08-13 08:36:17.35055+00,Pat,false,,
90e76344-a540-43ba-8f7e-3bf3182057af,1jM5z339FQbkYe9wZV0lIA_000_box0.jpg,LIMAVADY,Review,,,,2025-08-07 08:54:19.340835+00,May,true,Unclear image,
90ecc5c0-72b3-4205-bb3a-49f6f53fb4ce,sTAn40TG-U7xP5FHg-eVXg_180_box0.jpg,METROPOLITAN_NEWTOWNABBEY,National,Pole-mounted (in ground),Union Jack,5,2025-08-28 20:52:45.729673+00,May,false,,
90ed70f9-0f1b-4614-baa9-cf2e18801fe7,NIr17urFJ5dhirdcUFWi0g_300_box0.jpg,BALLYMONEY,National,Lamppost-mounted,Union Jack,5,2025-08-12 16:16:41.672214+00,Pat,false,,
90fab9b9-80da-4a13-8dfc-0c9ecf2840a7,RDGUi-HoLOIzevDnCx_TVw_000_box0.jpg,METROPOLITAN_NEWTOWNABBEY,National,Lamppost-mounted,Ulster Banner,5,2025-08-14 10:30:27.067424+00,Pat,false,,
91027ccb-1b4f-46ee-990f-ee57bec565cb,7Knkj9eLunHLCwnS4SVlrg_060_box0.jpg,NEWRY,Review,,,,2025-08-07 20:18:14.370693+00,Byron,true,Unclear image,
91047cba-f5e5-443f-930d-4c7b993dbb0c,b8h_JpIj240I0EQL29Ap9Q_060_box0.jpg,CRAIGAVON,Fraternal,Building-mounted,Orange Order,5,2025-08-13 22:09:47.031892+00,May,false,,
91047db2-7363-435e-ba34-3c735e8a6e60,6fBX0PV7cOejAKiRgnTtqw_120_box0.jpg,BELFAST_CITY,Review,,,,2025-08-13 22:06:31.651724+00,May,true,Unclear image,
91092ea1-d4a2-4531-bbe5-babd7a4d99ed,3ckO2rTXrkSEZkOAWwY5NQ_240_box0.jpg,CARRICKFERGUS,National,Lamppost-mounted,Union Jack,5,2025-08-06 22:54:24.297467+00,May,false,,
912034cf-8784-4752-aa10-06fd0410ae60,-pjqE0pmJXe4NgGh7GedUw_000_box0.jpg,BANGOR,Sport,Pole-mounted (in ground),Northern Ireland Football,1,2025-08-08 09:09:15.924692+00,May,false,,
9120d3aa-3d3a-47f0-a228-4f3af785f56d,hS4NooGqRSFEgMiRMHmwLw_180_box0.jpg,OMAGH_TOWN,Review,,,,2025-08-12 15:09:18.530212+00,Pat,true,Complex case,
91244c5f-eddc-47dc-8106-837827787f7e,fxmge6VK0jhkUWMUJaTKSg_000_box0.jpg,BANGOR,National,Lamppost-mounted,Union Jack,3,2025-08-09 11:44:04.607589+00,Byron,false,,
913909a3-c716-4246-b1a7-9b0b1b24acc1,C5v8vyM2FUo07w9xpsy3Sg_180_box0.jpg,BALLYCLARE,National,Lamppost-mounted,Union Jack,5,2025-08-28 20:10:19.671442+00,May,false,,
913acc7b-d190-498e-a8e6-52ec51f1446e,-r-11fE4q9hq4cK2NrPShw_120_box0.jpg,WHITEHEAD,National,Lamppost-mounted,Union Jack,5,2025-08-14 12:54:28.5052+00,Pat,false,,
91873d2c-ccab-4f06-afc9-2b20ed62428c,u7ufOmXk4d--SWHRwnWVIQ_060_box0.jpg,BELFAST_CITY,National,Building-mounted,Union Jack,5,2025-08-13 22:42:15.6702+00,May,false,,
91bf02a4-941a-40ce-8a48-856cc7e2832e,APgmkiAxyQSy7xn7oapZKw_000_box0.jpg,CARRYDUFF,National,Lamppost-mounted,Union Jack,5,2025-08-28 20:43:57.68143+00,May,false,,
91c0106b-1f6c-42d5-8924-9662ecd6a81c,kxkLOfGSlwcoP9_nD5iwEQ_300_box0.jpg,BELFAST_CITY,National,Lamppost-mounted,Union Jack,5,2025-08-28 20:46:37.883889+00,May,false,,
91c4f404-7fb8-4c56-a1dc-c413e92d7b59,YjKxfbADfBjhfF7ls804qg_000_box0.jpg,METROPOLITAN_CASTLEREAGH,National,Pole-mounted (in ground),Union Jack,5,2025-08-13 09:07:49.691276+00,Pat,false,,
91d9ee67-0f7a-4267-a569-42658f47e921,5cAc1UbZziwM767yk4iCTA_240_box0.jpg,LISBURN_CITY,National,Lamppost-mounted,Ulster Banner,5,2025-08-28 20:19:46.721937+00,May,false,,
91e778d2-c29e-4e7f-8c59-2c83dfa50173,kEa7DJjlc97tPHu5q_5EqA_240_box0.jpg,BELFAST_CITY,National,Lamppost-mounted,Union Jack,5,2025-08-28 20:08:27.802512+00,May,false,,
92186392-3c7d-4edc-b7b1-5784937a0dcf,lTyNapdory-SnG03hSqhBg_240_box0.jpg,COOKSTOWN,National,Lamppost-mounted,Ulster Banner,5,2025-08-14 13:21:02.105152+00,Pat,false,,
921a2142-71ff-4907-9281-7842c9282c39,4qSUAQm5vd5BSgMlpHIriA_240_box0.jpg,BELFAST_CITY,National,Lamppost-mounted,Union Jack,5,2025-08-29 08:47:55.039771+00,May,false,,
92263517-b7fc-4f5e-9246-3e3ae6b19ca2,tiBHDodS2LB9gnp0UyaSFw_000_box0.jpg,BELFAST_CITY,National,Lamppost-mounted,Ulster Banner,5,2025-08-14 12:17:13.017799+00,Pat,false,,
924547bf-91e2-468d-bf49-3b24b34a2af3,cAsW6OX4B0UKKYpFyNEDxw_300_box0.jpg,DUNGANNON,International,Lamppost-mounted,Israeli,5,2025-08-28 20:18:59.2151+00,May,false,,
92552d2b-fd7a-49af-9fca-4c9549ebc30a,SxwcBWFwJC6lK9A1okA5hQ_000_box0.jpg,HOLYWOOD,Fraternal,Building-mounted,Royal Black Institution,5,2025-08-17 18:21:50.703063+00,May,false,,
92556c68-bd0b-4c8d-abe6-f561fe7697b1,PZLbNIK38bOmw76TDhTLFw_180_box0.jpg,LIMAVADY,Review,,,,2025-08-07 08:51:59.223833+00,May,true,Unclear image,
926d745b-9aa3-420d-b3f3-691854435f3e,Tqhlq6mUx7IVYS0todyH3A_060_box0.jpg,METROPOLITAN_NEWTOWNABBEY,National,Building-mounted,Union Jack,5,2025-08-13 16:34:34.084069+00,Pat,false,,
92728ba2-d5dc-4ade-b899-5a893fce306b,dbqkuyo38AxWy0KG2MzUNQ_240_box0.jpg,LISBURN_CITY,National,Lamppost-mounted,Union Jack,5,2025-08-12 15:23:53.248255+00,Pat,false,,
927bf5f0-eb6f-4c4f-884d-fdab8fdd0097,OZO3Y_J1wJSkUwow47zXPA_180_box0.jpg,METROPOLITAN_LISBURN,National,Building-mounted,Union Jack,5,2025-08-17 17:07:51.213364+00,May,false,,
927e8ee7-bd70-4263-879b-f98f63442edd,bHoDGXLAb8fQueNWQ4ISJQ_000_box0.jpg,BANGOR,Review,,,,2025-08-08 09:06:27.478714+00,May,true,Unclear image,
92a9f170-31bf-4ceb-9f68-d4b2aeb66c80,ifpmSqbHsVgfuTwjZgs56g_240_box0.jpg,COLERAINE,National,Building-mounted,Union Jack,5,2025-08-28 20:37:25.572202+00,May,false,,
92b7b283-0dd2-4f15-ba12-227121674712,8_BwaSBaVc4O1d_OOTRVMQ_180_box0.jpg,BANGOR,Review,,,,2025-08-08 09:03:52.989803+00,May,true,Unclear image,
92d89acf-0da0-4f0a-8f31-3f3b5282570c,By2dUTBTO_clGNBfIHQ-BA_300_box0.jpg,BELFAST_CITY,National,Lamppost-mounted,Union Jack,5,2025-08-14 13:41:31.321636+00,Pat,false,,
92fa1556-b2c9-4d9d-98af-149b8394e2ae,DIwIEXqyJtY-neuUvApDiQ_300_box0.jpg,CARRICKFERGUS,National,Building-mounted,Union Jack,5,2025-08-06 22:47:11.926425+00,May,false,,
9308ffd4-7795-492d-ac3a-9ab6ab0a05dc,S6FEoVL220aouhG-m5DrmA_240_box0.jpg,METROPOLITAN_NEWTOWNABBEY,National,Building-mounted,Union Jack,5,2025-08-09 11:51:51.84162+00,Byron,false,,
932a5fd6-a2b2-443e-995f-263bac938495,L9sMj6MKCV6QeLiABKaLaQ_060_box0.jpg,BELFAST_CITY,National,Building-mounted,Union Jack,5,2025-08-14 13:48:14.531143+00,Pat,false,,
93330de4-c75b-4b87-bdb7-dc54521e401b,tB3DGJRTh2yMib6ws5FAjQ_120_box0.jpg,BELFAST_CITY,National,Lamppost-mounted,Union Jack,5,2025-08-17 15:48:46.933899+00,May,false,,
9349f576-8080-4cb2-b6e4-52599964f018,FhtdF7kbnxfVAS26a4EFPw_180_box0.jpg,METROPOLITAN_NEWTOWNABBEY,National,Building-mounted,Union Jack,5,2025-08-13 21:57:54.255478+00,May,false,,
9358772a-a23f-4cf4-a512-43d9bd2d1839,uCZaQ7q4LvemX5NDKWENAg_060_box0.jpg,CARRICKFERGUS,National,Lamppost-mounted,Ulster Banner,5,2025-08-15 00:33:48.679591+00,May,false,,
93634585-d607-4dc5-b18b-93c22176c1a1,JiYjb5sg3GVLeHCi1LicBQ_060_box0.jpg,BELFAST_CITY,International,Building-mounted,European Union,5,2025-08-15 00:37:02.183453+00,May,false,,
93664fc5-ccac-495a-bcd1-5c88a4ff082c,h1PcvOdjzTJpcHHoNX4ihw_240_box0.jpg,LISBURN_CITY,National,Building-mounted,Union Jack,5,2025-08-28 20:21:53.103361+00,May,false,,
937a1f91-c71d-4d1e-9809-6c4959b79a00,PZLbNIK38bOmw76TDhTLFw_000_box0.jpg,LIMAVADY,National,Lamppost-mounted,Ulster Banner,2,2025-08-07 20:03:33.680736+00,Byron,false,,
937d92b7-7ee8-4def-9fb8-13342bc2e8cb,eomomfkGoYiLE8JfgFxHag_300_box0.jpg,BELFAST_CITY,Review,,,,2025-08-13 16:24:10.402289+00,Pat,true,Complex case,
93a476af-bf6e-4f67-bb7a-402fe96887a0,GCnnQA6OPSk5KwlIpuEf9Q_240_box0.jpg,BELFAST_CITY,National,Lamppost-mounted,Ulster Banner,5,2025-08-29 08:22:16.637199+00,May,false,,
93cca3e3-635b-4759-bc87-d3a8f9af39fe,6tGA7kq8i2CfjgkMoJevSg_240_box0.jpg,CRAIGAVON,Review,,,,2025-08-14 11:04:52.542738+00,Pat,true,Unclear image,
93cf3833-f9ae-4c52-97d9-892b1c36dd7e,m9krq5S5JNek4T7kPhXSFQ_240_box0.jpg,CRAIGAVON,National,Pole-mounted (in ground),Union Jack,5,2025-08-14 10:51:04.154681+00,Pat,false,,
93d2e49f-ef38-4ba8-9fe6-32b57fe52713,LOVKymA8CD-AzZc8ScE-YA_180_box0.jpg,BELFAST_CITY,National,Lamppost-mounted,Ulster Banner,5,2025-08-14 12:46:06.22013+00,Pat,false,,
9405e4c5-2ba2-442f-a88e-570083c13a64,m6QcClYp7aqlAmJ9dxVi7g_120_box0.jpg,BALLYMENA,National,Lamppost-mounted,Union Jack,5,2025-08-17 18:23:17.598822+00,May,false,,
9411328b-43f6-4572-a184-580110db31f0,zKH31SNl2-mHbNgy88U5jw_000_box0.jpg,LISBURN_CITY,National,Lamppost-mounted,Union Jack,5,2025-08-14 13:44:34.248069+00,Pat,false,,
942bba18-a769-4587-91be-6c99c02b54af,KgEb__Wbf5WgVqstWMcoQw_300_box0.jpg,OMAGH_TOWN,National,Building-mounted,Union Jack,5,2025-08-22 22:08:15.84529+00,May,false,,
942dc177-6c71-4093-ae2d-91e2d3ec45ec,6S7jzAtnT-wm-eR2Bs_kqA_000_box0.jpg,METROPOLITAN_NEWTOWNABBEY,Proscribed,Lamppost-mounted,UDA,5,2025-08-14 12:41:52.938278+00,Pat,false,,
9430d1f9-d0a9-4dc4-9822-53df235cbf46,gvBB71ATpnQW06R2FS5SIg_300_box0.jpg,BANGOR,National,Building-mounted,Ulster Banner,5,2025-08-17 16:18:51.503462+00,May,false,,
94320ece-7780-47ca-b176-c07ff8fbee4d,KE_w450h4icmSwlRy5a0Rw_180_box0.jpg,CARRICKFERGUS,National,Building-mounted,Ulster Banner,2,2025-08-06 22:46:56.250721+00,May,false,,
943e03c8-9943-448a-99db-41e23635803a,bR8uCAcESzGdnqBc03ubxw_060_box0.jpg,CARRICKFERGUS,National,Window display,Union Jack,2,2025-08-06 22:45:04.072458+00,May,false,,
94444044-6461-4573-bf37-4755b5ef25c6,d0zormCU5WJrFUhl0d8wTQ_060_box0.jpg,DUNGANNON,National,Building-mounted,Ulster Banner,5,2025-08-17 17:08:24.524373+00,May,false,,
9444723f-e819-4d7b-9084-945283ea25b3,B1Iig_mtDeWNzy3TkMHm8g_240_box0.jpg,METROPOLITAN_NEWTOWNABBEY,National,Building-mounted,Union Jack,5,2025-08-08 12:34:33.335215+00,May,false,,
945b5362-c6e5-4a49-bee8-3a15f45d581f,Px6bolOxW3UMmKdGJ8os2Q_180_box0.jpg,BELFAST_CITY,National,Building-mounted,Union Jack,5,2025-08-13 08:55:42.59145+00,Pat,false,,
9461c143-51d8-4696-800d-10a83c2c17ee,d_8lNY8LEadQYCVzBvHljw_120_box0.jpg,LISBURN_CITY,National,Lamppost-mounted,Union Jack,5,2025-08-29 08:15:51.688813+00,May,false,,
94660b4a-5b90-4a81-a378-4ffdb73961d5,7aJCo4HEl_Sb6gbMqTX-sg_180_box0.jpg,BELFAST_CITY,National,Building-mounted,Union Jack,5,2025-08-29 08:30:44.00933+00,May,false,,
9470231b-103e-42da-9856-3715e193b633,1Tlpsi_5gn3eSfaAAozT8Q_240_box0.jpg,DUNGANNON,Sport,Pole-mounted (in ground),GAA,5,2025-08-14 12:28:13.834849+00,Pat,false,,
9496ea60-c712-41ad-83f3-f036245f8cea,LG3wYck6dspbf1lPiSJ2bA_060_box0.jpg,METROPOLITAN_NEWTOWNABBEY,Review,,,,2025-08-09 11:50:34.255751+00,Byron,true,Not a flag,
94b23b62-5be5-4f4c-a2f0-edeafbc15032,JAOZw8Zp0eRqJe6g7mIUpQ_120_box0.jpg,BANGOR,Review,,,,2025-08-29 08:39:24.524028+00,May,true,Unclear image,
94b2919e-e10b-4d61-bd76-793f1ad2cce5,BNgtQ-xHekHfd4iNWXaghg_180_box0.jpg,METROPOLITAN_NEWTOWNABBEY,National,Lamppost-mounted,Union Jack,5,2025-08-17 14:39:36.822129+00,May,false,,
94b6018a-0d5a-49f5-aa82-924683ae0a6b,M_JSfgT52RMu5ZI-hRyxBg_060_box0.jpg,BELFAST_CITY,National,Building-mounted,Union Jack,5,2025-08-13 21:57:33.524099+00,May,false,,
94bb0584-8a02-4483-bcda-eca1c952c24d,mnWE17VmgHjlVZRQpl_g8g_060_box0.jpg,BANGOR,Sport,Lamppost-mounted,Supporters Club,2,2025-08-07 09:13:36.646238+00,May,false,,
94d194c5-0c21-4348-b019-43de71d7230d,pCgazH9EAGlEqM3K6lxXhQ_000_box0.jpg,BELFAST_CITY,National,Building-mounted,Union Jack,5,2025-08-14 13:26:47.745535+00,Pat,false,,
94d26c04-d9cf-4e83-a60a-ce95bef776ba,YAf7jlDiyFVcmZ27m_Vunw_300_box0.jpg,BELFAST_CITY,National,Lamppost-mounted,Ulster Banner,5,2025-08-28 20:51:52.33978+00,May,false,,
94ebd518-8c00-40c5-89fa-6ff3c473de0f,O8vrgSd_GzN7EIp_FLUlfw_060_box0.jpg,NEWRY,National,Lamppost-mounted,Irish Tricolor,3,2025-08-07 20:17:22.620578+00,Byron,false,,
94fb6447-bf6e-4197-a823-defa870d74f8,YQKMCyiqBABAR1BrVmzMmA_000_box0.jpg,OMAGH_TOWN,National,Building-mounted,Ulster Banner,5,2025-08-14 12:14:03.331883+00,Pat,false,,
951bcfdf-d133-423a-9e7f-bf161fe84b6a,DBznJ_LgG36wmDBWaPvmlw_180_box0.jpg,METROPOLITAN_NEWTOWNABBEY,National,Lamppost-mounted,Union Jack,5,2025-08-09 11:51:55.07414+00,Byron,false,,
95234632-1af6-43bc-8953-8766384f5d16,UTkEHaaGcrJql9ebb6Kk1Q_120_box0.jpg,METROPOLITAN_NEWTOWNABBEY,Review,,,,2025-08-13 08:41:36.229223+00,Pat,true,Complex case,
95318eee-7219-416d-ac2e-22d44dda1a26,dtbbRGRBFipVC89wEO2MlQ_180_box0.jpg,METROPOLITAN_CASTLEREAGH,National,Building-mounted,Union Jack,5,2025-08-28 20:26:52.700151+00,May,false,,
953b4e28-a4b1-405b-bfa8-a10878a2ef17,zvAUsy21KAm4ZnH8Af3Eag_000_box0.jpg,MAGHERAFELT,National,Building-mounted,Union Jack,5,2025-08-28 20:52:52.597179+00,May,false,,
953cccf5-1272-4be3-a60a-45875d0eb28a,RPekuEy9wIUifML5iGrOXg_180_box0.jpg,CRAIGAVON,National,Building-mounted,Union Jack,5,2025-08-15 00:28:15.22231+00,May,false,,
955309d8-b79a-4c86-86ab-efbff19dbe5c,H4r7pYBN7vCT1b2SLxu8LA_120_box0.jpg,BELFAST_CITY,National,Lamppost-mounted,Union Jack,5,2025-08-14 13:17:55.090164+00,Pat,false,,
955a6070-ace0-4341-97dd-557840e8ddb5,Zd2NjVGbny5C_LtilN8CvA_300_box0.jpg,BELFAST_CITY,National,Lamppost-mounted,Union Jack,5,2025-08-13 22:41:09.200153+00,May,false,,
955f436c-f8fb-49e4-b0b1-fe4f5fcd51f5,BcqsxuuXni9AobCbWuqgsw_300_box0.jpg,COLERAINE,National,Lamppost-mounted,Union Jack,5,2025-08-29 08:48:27.562117+00,May,false,,
95622bb8-66c3-44fe-88b0-2f5cfde54f27,c8CoOOXfQQWweHCiFPyuCQ_060_box0.jpg,BANGOR,National,Lamppost-mounted,Union Jack,5,2025-08-09 11:44:47.662942+00,Byron,false,,
9564b468-8b67-4f98-af77-c45777e01125,kNRHg9OfBZi2speG2g4vlA_060_box0.jpg,LARNE,National,Pole-mounted (in ground),Union Jack,5,2025-08-13 08:24:44.019565+00,Pat,false,,
95aaec82-db31-4f4c-b37d-27efa46fb071,EPFWwF4vIW6M8lb6Qk_gGQ_000_box0.jpg,ARMAGH,National,Lamppost-mounted,Union Jack,5,2025-08-12 15:33:24.200987+00,Pat,false,,
95bebb95-1969-4b14-a56a-4d101f2e8cd0,jwQU0r9RVwSscEauiLtnXg_180_box0.jpg,BELFAST_CITY,National,Building-mounted,Union Jack,5,2025-08-17 14:36:06.810756+00,May,false,,
95c24565-47e4-428f-844a-2d236cebfb73,ITs-tYfS4lTGBfGOSJLNPA_060_box0.jpg,BELFAST_CITY,National,Lamppost-mounted,Union Jack,5,2025-08-17 14:23:38.141683+00,May,false,,
95c2969f-7113-4d13-997f-b00bc748adb9,qIp5UcscPxnHxp2oX3rJEQ_120_box0.jpg,LARNE,National,Lamppost-mounted,Ulster Banner,5,2025-08-17 15:46:58.865922+00,May,false,,
95caf3e9-f0bd-4f66-92bd-bbb40ce2c444,Q8xc3RDNKeJ5wraVPybtdA_060_box0.jpg,CARRICKFERGUS,National,Lamppost-mounted,Union Jack,5,2025-08-06 22:46:28.061912+00,May,false,,
95e294be-a0c8-4d31-986f-065ad58cbf28,KDNcQirqegL4SafS0OdbcA_180_box0.jpg,CRAIGAVON,National,Lamppost-mounted,Ulster Banner,5,2025-08-13 22:42:45.658128+00,May,false,,
9606005b-e110-4b6d-9d0d-3def2e824925,2Fh8Q0zU7NTfNW4v2NiRbQ_060_box0.jpg,LISBURN_CITY,National,Lamppost-mounted,Ulster Banner,5,2025-08-14 14:10:11.003698+00,Pat,false,,
960701c6-3779-4481-aa47-236a3bc6acf8,z0RRCbrJzWOEA_c5aHuvPQ_000_box0.jpg,METROPOLITAN_NEWTOWNABBEY,National,Lamppost-mounted,Union Jack,5,2025-08-14 13:25:51.269347+00,Pat,false,,
960b35f1-8497-4308-a9f9-fc27245bc4bd,0LHmugVNghTuJLf7W0Fllw_300_box0.jpg,BELFAST_CITY,National,Lamppost-mounted,Union Jack,5,2025-08-13 08:37:30.337528+00,Pat,false,,
96129a02-4ae8-468b-8a24-f60eb2f5b123,A7PeLrtCHxHaqCSUI2FZ1A_060_box0.jpg,LISBURN_CITY,National,Lamppost-mounted,Ulster Banner,5,2025-08-14 13:47:46.289841+00,Pat,false,,
963b2f1c-e163-41e0-91bb-695b26c05bbe,j8g75kyRe6orgab2rDe_lw_180_box0.jpg,BELFAST_CITY,National,Building-mounted,Union Jack,5,2025-08-13 22:51:16.582304+00,May,false,,
965a3392-6354-483a-a31b-732dcf4f2637,jYzgdsXL7O7ajcmEpR732Q_060_box0.jpg,COLERAINE,Sport,Pole-mounted (in ground),Supporters Club,5,2025-08-28 20:09:06.223244+00,May,false,,
966caa8f-285b-4150-ad66-cc68449d1685,aTLMer3RL0crVQGN5OZl1w_120_box0.jpg,BELFAST_CITY,National,Lamppost-mounted,Union Jack,5,2025-08-13 22:28:49.836002+00,May,false,,
96756402-0be8-4244-9bcf-9cc00bc0d3f8,ehcZMfOGw3qsSeOmv5T4Ng_120_box0.jpg,METROPOLITAN_NEWTOWNABBEY,National,Lamppost-mounted,Union Jack,5,2025-08-15 20:57:10.625253+00,May,false,,
9677706c-7c2e-4ed8-b92d-b37ddbe981a8,BocGhJ20nw0yr5-R3joYMw_180_box0.jpg,BELFAST_CITY,National,Lamppost-mounted,Union Jack,5,2025-08-28 19:48:49.207243+00,May,false,,
968dc1a0-d78f-483a-a4de-6ab63541e4bf,UNtG8pB2Knue73iWcoS6iA_240_box0.jpg,LARNE,Proscribed,Lamppost-mounted,UDA,5,2025-08-17 16:56:50.727468+00,May,false,,
968e8c97-713e-47b0-a634-667cf6d34289,_GQfiqvWxXt9VP8Fu4aUQQ_120_box0.jpg,BELFAST_CITY,National,Lamppost-mounted,Union Jack,5,2025-08-17 15:35:08.655416+00,May,false,,
96ac28cd-e59c-45a8-98e0-d0a72ac250d0,_VihkeTx1yFaUxtoG1s1rA_300_box0.jpg,BELFAST_CITY,Review,,,,2025-08-14 14:13:15.719302+00,Pat,true,Complex case,
96b5509b-d50f-41d6-8c34-574aaad102d8,3rdD53D5SIHHmSNnuS1cEQ_000_box0.jpg,CARRICKFERGUS,National,Building-mounted,Ulster Banner,3,2025-08-14 10:33:52.820291+00,Pat,false,,
96bba4c0-1651-46c3-879c-a230b26cc5e8,JAOZw8Zp0eRqJe6g7mIUpQ_240_box0.jpg,BANGOR,Review,,,,2025-08-09 11:48:42.709478+00,Byron,true,Unclear image,
96be80cd-c868-4196-8f76-cb485c06ddf7,4YoVs8YBHntY8MgUMkTf9g_000_box0.jpg,METROPOLITAN_NEWTOWNABBEY,National,Building-mounted,Union Jack,5,2025-08-15 00:26:32.358647+00,May,false,,
96be8ffa-e921-49f3-89f4-c537c3f47cce,8i_dUmcaWYerdy2g1KjwvQ_060_box0.jpg,ENNISKILLEN,National,Lamppost-mounted,Union Jack,5,2025-08-28 20:23:49.842508+00,May,false,,
96d8b9e4-c742-4b85-82aa-7853a877e255,fDpklVM0yvdk2VT2DPOEEw_060_box0.jpg,DUNGANNON,National,Lamppost-mounted,Union Jack,5,2025-08-12 15:51:34.717475+00,Pat,false,,
96df7b30-57c7-4752-a150-32c1e5692eb7,DnI84sMtAJtI6vA9ufy08Q_180_box0.jpg,CARRICKFERGUS,National,Building-mounted,Union Jack,5,2025-08-13 08:25:58.318573+00,Pat,false,,
96e0d23b-acfe-45fe-b1a3-bf440ff99168,mRBmpcrrsit_v0fkLi-vpg_240_box0.jpg,BELFAST_CITY,National,Building-mounted,Union Jack,5,2025-08-13 09:10:46.664807+00,Pat,false,,
96ec6653-4b91-4ac0-8a32-819b3d3c4a3c,KLBGG6cFQr-u-srX7CY3LA_120_box0.jpg,BELFAST_CITY,National,Lamppost-mounted,Ulster Banner,5,2025-08-22 22:07:56.062985+00,May,false,,
96ecfb2e-527d-46c4-b832-92f2d24de87a,0ct1AAsPRKNRQML_brtfkg_240_box0.jpg,METROPOLITAN_CASTLEREAGH,National,Pole-mounted (in ground),Union Jack,5,2025-08-17 15:36:15.083659+00,May,false,,
96ed3aa5-3b43-4f8d-b73a-154d49955df7,3A3vMlVg0k_uWIyi5F28Jg_300_box0.jpg,BALLYMENA,National,Building-mounted,Union Jack,5,2025-08-17 16:22:38.468764+00,May,false,,
9707ebb0-e18f-4f25-acec-5c4d1080bd87,C9WcoYSoK5t416iBz--XUA_060_box0.jpg,ARMAGH,National,Lamppost-mounted,Union Jack,5,2025-08-17 14:25:44.248622+00,May,false,,
9710ef63-60fb-4575-a27b-8e0d9e0c5c02,QxHlDAMxqeeB4ITFt4KLLg_060_box0.jpg,BELFAST_CITY,National,Lamppost-mounted,Union Jack,5,2025-08-29 08:29:39.606507+00,May,false,,
9718c473-cc23-43c2-a056-e86815f227ee,9aaTvC_niWinzq9dVueqcg_240_box0.jpg,BELFAST_CITY,National,Building-mounted,Union Jack,5,2025-08-12 16:00:29.453949+00,Pat,false,,
97367df4-e96e-4e3c-8d08-246508a52f0d,1ptb-FoX75f_MC3UcDRgwA_060_box0.jpg,CRAIGAVON,National,Lamppost-mounted,Union Jack,5,2025-08-13 16:32:53.798792+00,Pat,false,,
9738a7b8-5998-492a-b419-8f690b861447,KBOkDu2V088cDf0mNuEiHw_060_box0.jpg,BELFAST_CITY,National,Building-mounted,Union Jack,5,2025-08-14 11:16:29.784019+00,Pat,false,,
973b2a55-2a7c-4b35-97ca-d0c4e1c0b29d,CBsbpCeE8uv8Qu8fiAtwow_180_box0.jpg,LISBURN_CITY,National,Building-mounted,Union Jack,5,2025-08-13 22:14:08.521396+00,May,false,,
973c823d-fa9f-4d1d-ad24-a7737bd68644,_doYlhvnGtsCPmITC78zZg_180_box0.jpg,BELFAST_CITY,Review,,,,2025-08-14 13:10:28.071535+00,Pat,true,Unclear image,
973e6f78-d360-4873-8c32-0d960804d011,4L3z0MRekBlvfyfrh6pkOA_000_box0.jpg,BANGOR,Review,,,,2025-08-28 19:45:19.903627+00,May,true,Not a flag,
9754dc81-8ccd-4cec-9360-215937dda5ca,EVGnW1cPIucIkLO0kLQSqg_240_box0.jpg,CRAIGAVON,National,Lamppost-mounted,Union Jack,5,2025-08-28 20:32:31.207573+00,May,false,,
9763d11f-86ca-4583-94ab-f71cf44cb6fa,GBnB5k-9VAD7twJtsotCFQ_180_box0.jpg,LISBURN_CITY,National,Building-mounted,Ulster Banner,5,2025-08-17 18:46:49.900038+00,May,false,,
976577f4-4fad-4b6a-954c-bb69af0d2241,T4OkCnWWgNZ22EPAt1Ho8A_300_box0.jpg,NEWRY,National,Lamppost-mounted,Irish Tricolor,3,2025-08-07 20:16:42.712029+00,Byron,false,,
978123ac-8997-4a65-9550-8356a165d146,8cexVK0YIzs98HLwR8yNdQ_000_box0.jpg,ANTRIM,Military,Permanent installation,Parachute Regiment,5,2025-08-29 08:52:08.62826+00,May,false,,
97825f1a-9f5e-41fb-8c63-7878a1e258de,BFoHE3W19OSInMT9b7mdGw_240_box0.jpg,BELFAST_CITY,Proscribed,Lamppost-mounted,UVF,5,2025-08-14 10:20:17.35518+00,Pat,false,,
978f6792-46c6-42c0-90ae-08b3654cb339,m7NCQi_aR5jDA10o5Kyvag_240_box0.jpg,BELFAST_CITY,National,Lamppost-mounted,Union Jack,5,2025-08-13 22:14:30.46031+00,May,false,,
979c97d7-02fd-4e6d-90e6-a7673d87bbc7,jGFs8lojPeRKteK6iVR2_Q_300_box0.jpg,BELFAST_CITY,National,Building-mounted,Union Jack,5,2025-08-14 13:41:04.40483+00,Pat,false,,
979ca47f-bc07-4581-8aed-bf3dca8bda33,MZq-GPkQ-iI9KN3gHK0Usw_240_box0.jpg,BANGOR,National,Lamppost-mounted,Union Jack,5,2025-08-28 20:43:26.074613+00,May,false,,
97af582b-e051-4956-af02-108d88eff15c,BHyDqdPeylJOa6QZCLBC0A_300_box0.jpg,LISBURN_CITY,National,Building-mounted,Union Jack,5,2025-08-11 18:10:59.641684+00,Pat,false,,
97f91849-c07c-4632-8bd1-aa548d9f1508,8A-bFtY06NA-vA1Gu1-5xg_000_box0.jpg,METROPOLITAN_NEWTOWNABBEY,National,Pole-mounted (in ground),Union Jack,5,2025-08-12 16:15:28.785489+00,Pat,false,,
980542bc-8b34-4491-8e32-d37c24b2f4e0,x2fNkBoe8mGmA1Y-XaLySg_180_box0.jpg,BELFAST_CITY,National,Lamppost-mounted,Union Jack,5,2025-08-14 14:08:55.8986+00,Pat,false,,
9806bbb3-39c4-4cd2-8a38-025ac5cb82fd,wRhn6nSYN9pHjmjIobIzhw_120_box0.jpg,CARRICKFERGUS,National,Lamppost-mounted,Union Jack,5,2025-08-17 15:40:31.821217+00,May,false,,
980a12fc-e3a8-49df-96ac-5512a9b0065a,2icaFDIh0AlGhd8wOFImWw_000_box0.jpg,DOWNPATRICK,International,Building-mounted,Other International,5,2025-08-28 20:07:39.972239+00,May,false,,
981e68a6-b198-4dcb-891d-26ae983f8cf5,6qKUzPHbVhysy-RJooOX6Q_240_box0.jpg,BELFAST_CITY,National,Building-mounted,Union Jack,5,2025-08-14 10:23:45.966426+00,Pat,false,,
9829620b-3d77-4813-95f9-0825515a9340,KgEb__Wbf5WgVqstWMcoQw_300_box0.jpg,OMAGH_TOWN,National,Building-mounted,Union Jack,5,2025-08-14 10:28:41.070535+00,Pat,false,,
983ee4a2-bff9-4bdc-88a5-f7386b527fdd,AGAmZSbP1iApWN5J5fCjzw_120_box0.jpg,BANGOR,Review,,,,2025-08-09 11:43:46.678925+00,Byron,true,Unclear image,
98417e52-c207-4848-8986-09d40ecdee9c,ux2aFcA_rD1ljV3K5d-vOA_000_box0.jpg,BELFAST_CITY,National,Building-mounted,Ulster Banner,5,2025-08-13 22:54:55.129488+00,May,false,,
98435d82-bbe4-4ca9-8708-79a12df2e191,J7y2JBqaivPym8z0Ray60w_000_box0.jpg,BANGOR,Proscribed,Lamppost-mounted,UDA,2,2025-08-07 20:20:47.364117+00,Byron,false,,
9844aa59-5bb5-45bf-9ac2-6837fa6ac0bd,7a2zyCPCOGnpZcIGbnpKQA_240_box0.jpg,CARRICKFERGUS,National,Building-mounted,Union Jack,5,2025-08-13 08:48:51.202907+00,Pat,false,,
98731ca2-e6b1-4197-84d8-e0e4d8d4bc19,e-9J11kSdfOh6jyqpdaEvg_000_box0.jpg,BELFAST_CITY,National,Building-mounted,Union Jack,5,2025-08-12 16:03:24.809914+00,Pat,false,,
9883e24b-3f2f-4b9e-a8dd-f1d390e237d5,di4Kwui50RnjOrfjNSI27w_120_box0.jpg,BELFAST_CITY,National,Building-mounted,Irish Tricolor,5,2025-08-28 20:42:34.016345+00,May,false,,
9884a90f-5ec0-4e1c-aecf-00be0e0eecfd,YkYgebH5H6kqKolEIfK4fw_000_box0.jpg,BELFAST_CITY,National,Building-mounted,Union Jack,5,2025-08-13 22:04:05.184871+00,May,false,,
988d0140-95ab-4087-9f83-dde0ff51d619,yeI5y5O_5XxVqTDm9iIDHQ_240_box0.jpg,METROPOLITAN_CASTLEREAGH,International,Pole-mounted (in ground),Other International,5,2025-08-24 10:09:08.166325+00,May,false,,
988ee95d-53aa-4f8c-9e1b-352ea614b101,Ir8rKYp0z_ixlqDfO-3L4A_000_box0.jpg,METROPOLITAN_NEWTOWNABBEY,National,Lamppost-mounted,Union Jack,5,2025-08-15 00:30:58.191517+00,May,false,,
9894398e-8ab4-4c39-84e9-e7ff44cfabf2,LhA2eq0XFIc1v48j7SabZw_180_box0.jpg,CARRICKFERGUS,National,Lamppost-mounted,Ulster Banner,5,2025-08-13 22:16:28.231346+00,May,false,,
98bb0299-1e40-41ec-890f-1540d9883428,GnlYcaV4FDmPVwM56SOtag_120_box0.jpg,ARMAGH,National,Building-mounted,Ulster Banner,5,2025-08-14 10:58:14.692259+00,Pat,false,,
98c00af5-2049-440c-8030-70f6203735b4,TEZezrDtaJIpCLMqzfEtPg_120_box0.jpg,METROPOLITAN_CASTLEREAGH,Review,,,,2025-08-12 15:26:52.171722+00,Pat,true,Complex case,
98c75d53-2f45-4828-ab8b-47ee7ae9c452,qcGWxBytk1kgk7lKrIGI7Q_180_box0.jpg,PORTSTEWART,National,Pole-mounted (in ground),Union Jack,5,2025-08-14 09:38:17.757595+00,Pat,false,,
98d1b898-ff53-4e21-8dad-26743a479ace,dluyisXC_aoqATTo2fkZDA_000_box0.jpg,BELFAST_CITY,Review,,,,2025-08-14 12:34:31.466231+00,Pat,true,Other,
98d72514-fe06-4544-a250-753ea50eb74b,boXart5Oyr4hMpbb3skwzQ_300_box0.jpg,BELFAST_CITY,National,Building-mounted,Union Jack,5,2025-08-14 13:03:21.906605+00,Pat,false,,
98da44c4-6a06-4c08-9bdb-b75007f5de4c,6cGltw66HHr8RB8PmzzHhw_120_box0.jpg,CARRICKFERGUS,National,Building-mounted,Union Jack,5,2025-08-06 22:45:12.851452+00,May,false,,
98e77ec1-9448-4527-a5e9-34e4024f7386,dRYEW46C4FWR-7lDzIN8Qw_120_box0.jpg,BALLYCLARE,National,Lamppost-mounted,Ulster Banner,5,2025-08-28 20:47:22.57314+00,May,false,,
98f30ac7-171f-462a-b3fc-8a0ee8eba8fc,d-QUTa9eY8w2rldn2j95fw_300_box0.jpg,BELFAST_CITY,National,Building-mounted,Ulster Banner,5,2025-08-29 08:51:00.957593+00,May,false,,
99020068-0109-4828-b478-0568a412ceb0,rkaVLIZx3tC622rIlKIJkQ_120_box0.jpg,BELFAST_CITY,National,Building-mounted,Union Jack,5,2025-08-15 00:34:24.592605+00,May,false,,
9902aa54-0965-4b9e-97d3-f29bddb2d27a,6MjDusisZkaCiYf0rvW_ew_120_box0.jpg,BALLYCLARE,National,Building-mounted,Union Jack,5,2025-08-13 08:50:30.867168+00,Pat,false,,
990bdc71-26f2-4200-82b1-eeb2b50922ab,sTAn40TG-U7xP5FHg-eVXg_180_box0.jpg,METROPOLITAN_NEWTOWNABBEY,National,Lamppost-mounted,Union Jack,5,2025-08-14 13:26:19.536623+00,Pat,false,,
992656ec-0a81-4e91-a81b-6f1172f10027,2EaNtK23mnDuAxCZ0zVlcQ_000_box0.jpg,METROPOLITAN_NEWTOWNABBEY,National,Lamppost-mounted,Union Jack,5,2025-08-14 10:23:01.808779+00,Pat,false,,
9939c972-f541-4a3b-a418-a026c306bbb0,yeI5y5O_5XxVqTDm9iIDHQ_240_box0.jpg,METROPOLITAN_CASTLEREAGH,International,Building-mounted,Other International,5,2025-08-14 10:50:30.960526+00,Pat,false,,
996582c5-6335-486b-b25b-afed23ab7821,tjdV2SMICT4nx7AEmnr99w_000_box0.jpg,METROPOLITAN_NEWTOWNABBEY,National,Lamppost-mounted,Union Jack,5,2025-08-12 15:25:48.323008+00,Pat,false,,
99a74f9e-84ac-4927-8625-e2a73839fc3f,YmnLKwyE35xIDGcWl8Yb4g_000_box0.jpg,LISBURN_CITY,National,Building-mounted,Union Jack,5,2025-08-28 20:08:23.294174+00,May,false,,
99b42646-0861-4c01-add8-49164913bfc7,YjAdSPCB4VZMXIjsiC0rqA_240_box0.jpg,BELFAST_CITY,National,Lamppost-mounted,Union Jack,5,2025-08-15 00:33:40.28752+00,May,false,,
99c417e0-bc3e-4ce7-aabf-6d05a84036f2,HQbuCIFRw-PoCgUs1C58kA_000_box0.jpg,BELFAST_CITY,National,Building-mounted,Union Jack,5,2025-08-29 08:13:20.512809+00,May,false,,
9a0f79c8-b3f7-43b5-8154-4a8238a5823d,jhSKC_QPCKMpduI14x0YgA_060_box0.jpg,ANTRIM,Proscribed,Lamppost-mounted,UVF,5,2025-08-13 16:31:43.944389+00,Pat,false,,
9a1f1acd-9fff-4bf8-aab3-e98ae19e85be,6ZOMhtXUyAN0SiHYtGu8DQ_120_box0.jpg,BANGOR,National,Lamppost-mounted,Union Jack,5,2025-08-07 20:43:37.721451+00,May,false,,
9a3bb5be-ef76-497a-911b-9194ae8f9591,6-zC7Kx50fEkR8RSKYging_180_box0.jpg,CRAIGAVON,National,Lamppost-mounted,Union Jack,5,2025-08-13 08:40:31.543286+00,Pat,false,,
9a3ef6b0-a47c-4fe8-a2cd-4792c1244b7c,8pUuSkZyuf1fqfD24wNX4g_120_box0.jpg,CRAIGAVON,National,Lamppost-mounted,Union Jack,5,2025-08-17 16:54:25.59075+00,May,false,,
9a407bb7-3903-4dc5-96c6-cfc8106183e0,77BFOEtUrn_WAFhwFmkMbQ_000_box0.jpg,BELFAST_CITY,National,Lamppost-mounted,Union Jack,5,2025-08-29 08:13:32.807033+00,May,false,,
9a44f4d1-3d2b-4f91-8277-c819312db164,fbRnRjUFrnD7opYcdIQWgw_240_box0.jpg,LIMAVADY,Review,,,,2025-08-07 20:09:36.008285+00,Byron,true,Not a flag,
9a50204b-3568-4749-9018-c208db6ed789,NVJXlMhL8KG17tCor7OHcA_180_box0.jpg,BALLYMENA,National,Lamppost-mounted,Union Jack,5,2025-08-28 20:16:13.430411+00,May,false,,
9a50857c-645b-45cb-8485-421ab047c2b9,OTLu2KFQC7EnP3sus7DVDw_000_box0.jpg,CRAIGAVON,National,Building-mounted,Union Jack,5,2025-08-14 12:36:33.398896+00,Pat,false,,
9a607b0c-a004-4fa1-9148-becfbade9a44,ZBBxQEQ2sj_DzYGtWeuASQ_060_box0.jpg,CARRICKFERGUS,National,Lamppost-mounted,Ulster Banner,3,2025-08-06 22:44:37.89444+00,May,false,,
9a72a29a-368e-494b-9a7c-02929a8e8fa1,XhDWlAn44lF1eaMc2wYd8w_180_box0.jpg,BELFAST_CITY,National,Pole-mounted (in ground),Ulster Banner,5,2025-08-15 20:56:34.724365+00,May,false,,
9a98701a-50d9-4d62-b5eb-cce66b255d97,ICB7mrSgZWaL_mL0YTHRQw_180_box0.jpg,LARNE,Review,,,,2025-08-14 13:11:22.686558+00,Pat,true,Complex case,
9aa25799-769b-403c-a431-8b5ba8176ca7,0Uvr2YHJqh_oA6JIFyEaFg_180_box0.jpg,BELFAST_CITY,National,Lamppost-mounted,Union Jack,5,2025-08-17 14:25:08.132755+00,May,false,,
9aa50bd9-e6fe-47a6-81fb-6f097ca39b2b,YJt3mPh9KKpc10X7DL9ekg_180_box0.jpg,BELFAST_CITY,National,Lamppost-mounted,Union Jack,5,2025-08-28 20:21:38.419829+00,May,false,,
9aa5ccd1-1b68-4c38-9523-6c3ce0827239,fSl__Eq_IybmVur__YRMXA_120_box0.jpg,BANGOR,National,Lamppost-mounted,Union Jack,5,2025-08-17 18:43:08.892196+00,May,false,,
9ab03910-f9af-47c4-b969-2e67080bd876,fDxQ4BsFSYsmDFUOIxuaVA_060_box0.jpg,BELFAST_CITY,National,Lamppost-mounted,Union Jack,5,2025-08-29 08:42:01.499604+00,May,false,,
9ac3454a-8bc9-4a17-896e-d03f04afe0c0,ZZlXz4Smdyr5vtEATzhgDQ_180_box0.jpg,BELFAST_CITY,National,Lamppost-mounted,Union Jack,5,2025-08-14 10:06:43.391172+00,Pat,false,,
9ac4de4f-aaab-4366-8a60-ac3a7db9177d,B7XxRImHSn8t--_McgaHKg_180_box0.jpg,DROMORE_BANBRIDGE,National,Lamppost-mounted,Ulster Banner,5,2025-08-17 15:21:30.149055+00,May,false,,
9ac9b2de-2a19-400d-9867-8574c26ce06c,ba3iMGLjK6T4OA8KZJnYfQ_000_box0.jpg,COALISLAND,National,Lamppost-mounted,Irish Tricolor,5,2025-08-14 13:44:42.9303+00,Pat,false,,
9af7fff1-9235-4a10-a4d2-c7a4c102c922,7K8JS4W8pNQF2EXfdtZDVg_240_box0.jpg,LIMAVADY,National,Lamppost-mounted,Ulster Banner,2,2025-08-07 20:09:56.836263+00,Byron,false,,
9afa6736-4916-4192-aa43-ae2b64f9f925,UJvpKqC1sp0TkBcuihNFAQ_000_box0.jpg,CRAIGAVON,Sport,Building-mounted,Supporters Club,5,2025-08-13 22:39:44.963164+00,May,false,,
9b047f2d-1188-4e86-8785-b443df3e2b05,qIwSaOAThVGQNc2gpFUmOQ_060_box0.jpg,METROPOLITAN_CASTLEREAGH,National,Lamppost-mounted,Union Jack,5,2025-08-28 20:26:08.242856+00,May,false,,
9b12001d-7918-4fcb-aeec-f9e16d0d4e48,QTGPvr1AM0JJDw3EMlenxg_000_box0.jpg,METROPOLITAN_LISBURN,National,Lamppost-mounted,Ulster Banner,5,2025-08-14 11:03:46.590625+00,Pat,false,,
9b1a029c-4caf-452d-bf6a-07b33cd720d8,wWGSyFy5YQc48fKuGKKRdQ_180_box0.jpg,BELFAST_CITY,Proscribed,Lamppost-mounted,Other Proscribed,5,2025-08-29 08:42:48.45527+00,May,false,,
9b37b8b3-e8ee-4264-8549-6bd9209ea305,R5DSzW15zjqL-pVPWnYztA_180_box0.jpg,LIMAVADY,Review,,,,2025-08-06 22:59:37.147712+00,May,true,Other,
9b72a1e3-c152-40da-b5dd-ef975928675d,nQKhy9GoUNpbF62Y13MdEA_180_box0.jpg,ARMAGH,Sport,Lamppost-mounted,GAA,5,2025-08-14 09:44:51.964425+00,Pat,false,,
9b928bc6-caf9-4d9c-98f1-71c5170636a7,_2lf3_t9B4DAbr95_B--lw_240_box0.jpg,METROPOLITAN_CASTLEREAGH,Fraternal,Building-mounted,Royal Black Institution,5,2025-08-28 19:50:27.370812+00,May,false,,
9ba41287-daed-4633-9af9-70561a6e43c5,-lRKi9JQScPF5JrlIC-cgQ_120_box0.jpg,BELFAST_CITY,National,Building-mounted,Irish Tricolor,5,2025-08-12 16:02:20.336325+00,Pat,false,,
9ba64ac3-8de7-44f6-bdaf-96bef9f68c54,0qAkinK2iPZ6PnztA9EprQ_000_box0.jpg,METROPOLITAN_CASTLEREAGH,National,Lamppost-mounted,Union Jack,5,2025-08-13 22:47:12.775262+00,May,false,,
9bb87c07-f397-4483-bc5c-74982a0a01f6,4X9cX6OEGRo5BXQmsSCP3Q_180_box0.jpg,OMAGH_TOWN,National,Lamppost-mounted,Union Jack,5,2025-08-28 20:21:23.327721+00,May,false,,
9bbbfccd-4ea8-4151-84de-ad55de1b7993,EQSj9ejfRWDjCIbeZG780A_120_box0.jpg,CARRICKFERGUS,National,Building-mounted,Union Jack,5,2025-08-28 20:28:50.069415+00,May,false,,
9bf20c9e-4e3e-4a1d-b854-d80090f4a7d9,pBWDPH4xUtBGAzI3xdlSlA_240_box0.jpg,BELFAST_CITY,National,Building-mounted,Union Jack,5,2025-08-11 18:16:30.657242+00,Pat,false,,
9bf29dbf-111d-4d08-8ce2-c9ec79a7150d,e_BmVbGSrHBvSBldkbRXLg_060_box0.jpg,BANGOR,Proscribed,Lamppost-mounted,UFF,1,2025-08-07 09:16:53.738074+00,May,false,,
9bf46f5f-44e8-4c6b-9053-04ae5b5a56c7,eZcX7y-81eEpnggzFr8Riw_120_box0.jpg,BALLYMENA,Fraternal,Lamppost-mounted,Royal Black Institution,5,2025-08-17 18:43:02.51787+00,May,false,,
9bfd26c0-a21f-4325-9467-f135a790a533,8laRr-uc2kdYh81Xikz2ZQ_060_box0.jpg,GREENISLAND,Proscribed,Building-mounted,UVF,5,2025-08-24 10:07:44.45054+00,May,false,,
9c06d077-4dfa-4cc7-94a6-29ae458b39e6,TQZBnHTZORxBi2QS6SMQzw_120_box0.jpg,BELFAST_CITY,National,Pole-mounted (in ground),Union Jack,5,2025-08-11 18:26:01.39207+00,Pat,false,,
9c217894-d5d0-4b95-8d7a-c1cd66ca4986,ipjmEo9-8pJLYMSs82WRTg_000_box0.jpg,NEWRY,Review,,,,2025-08-07 09:09:20.053763+00,May,true,Unclear image,
9c26b279-c6a7-485f-858c-514c9d3e2ee9,Begcp5m5x1JMQCEQk2i4DQ_240_box0.jpg,CRAIGAVON,Sport,Pole-mounted (in ground),Supporters Club,5,2025-08-22 22:17:35.997277+00,May,false,,
9c2c7f23-9033-4f63-b7c5-a2e013c38244,YofzfXZ71gCDOop8Sxc9_w_180_box0.jpg,BELFAST_CITY,Review,,,,2025-08-12 14:53:16.264549+00,Pat,true,Complex case,
9c5482d6-d684-41a3-8e00-6a5272df34fc,BwMjRO7MmAU_Ph32dB6YuQ_180_box0.jpg,LARNE,National,Building-mounted,Union Jack,5,2025-08-14 13:25:57.836539+00,Pat,false,,
9c602320-ec80-452a-8f83-14176a3a8a4e,7oZRNJ88a_xSChKRpFUwYg_120_box0.jpg,LISBURN_CITY,National,Building-mounted,Union Jack,5,2025-08-12 15:36:51.63664+00,Pat,false,,
9c75ce69-2bcc-4424-98cf-c85cad5e58da,FIv04HGleI8biOTFWjjknQ_120_box0.jpg,BELFAST_CITY,National,Building-mounted,Union Jack,5,2025-08-13 22:32:52.207129+00,May,false,,
9c7a40d0-3420-45a8-959a-36114c802180,9zB9Dpp9cKsNCTqcWWysBA_240_box0.jpg,HILLSBOROUGH_AND_CULCAVY,National,Lamppost-mounted,Union Jack,5,2025-08-29 08:40:38.821374+00,May,false,,
9c7ce15a-20f9-481d-a7d2-cf03e27390d8,Ro27TtuLC35LJLDnW49GFw_300_box0.jpg,METROPOLITAN_NEWTOWNABBEY,National,Lamppost-mounted,Union Jack,5,2025-08-13 08:55:47.993526+00,Pat,false,,
9c7ddc15-3f6c-4343-a768-58001bee7334,yq4qrIzq7EWrBEHqxdecJA_180_box0.jpg,CRAIGAVON,National,Building-mounted,Union Jack,5,2025-08-17 17:02:28.558023+00,May,false,,
9c81c07f-4eb1-4267-bea0-808b2a07744f,Dr9frYaqRBusvfb5EVUGKg_300_box0.jpg,BALLYCLARE,National,Lamppost-mounted,Union Jack,5,2025-08-14 14:07:00.478831+00,Pat,false,,
9c9fb944-4e6a-404c-b745-c728c295208a,-PL5626I3dKKM7BCNE6h4A_240_box0.jpg,BALLYMENA,National,Lamppost-mounted,Union Jack,5,2025-08-28 19:55:36.536004+00,May,false,,
9ca317cf-a2c3-4d25-bf1f-1139e2b581cd,GkxwlRc1EOq2LlFKV3CFcA_120_box0.jpg,METROPOLITAN_CASTLEREAGH,National,Pole-mounted (in ground),Union Jack,5,2025-08-17 15:47:18.518011+00,May,false,,
9ca40674-f07e-475e-b794-c8b9522bcdec,K-65Pjxc7SPYf6tbRKO7OQ_300_box0.jpg,CRAIGAVON,National,Lamppost-mounted,Union Jack,5,2025-08-22 22:16:07.745208+00,May,false,,
9cb06e5d-17f2-4da0-90f5-24e8a9c12ad6,KsMpX1b7ZsUW3D0vIPJeDA_000_box0.jpg,LISBURN_CITY,National,Lamppost-mounted,Union Jack,5,2025-08-14 10:49:33.292211+00,Pat,false,,
9cb16c37-07a1-4d44-a35a-93eaf1cdaa1a,jX5hczQNR8srWdlAsNH7MQ_180_box0.jpg,LISBURN_CITY,National,Lamppost-mounted,Union Jack,5,2025-08-13 09:04:47.792889+00,Pat,false,,
9cd4c781-a474-4c17-b3ac-ba033f18b7e4,sU84z8YEJinl7R_EA0h7VA_300_box0.jpg,BELFAST_CITY,National,Pole-mounted (in ground),Union Jack,5,2025-08-15 20:52:19.555103+00,May,false,,
9cd97967-cd45-436a-9cdf-0c8f8a10c91b,TxhOSWzeOps0lUKG2ZG88A_300_box0.jpg,NEWRY,National,Pole-mounted (in ground),Irish Tricolor,5,2025-08-07 20:11:21.322335+00,Byron,false,,
9ce17e2d-cd97-424d-ba0a-36f5c4d9fca1,uiwgyrHUXrn-S3Nsxyheow_060_box0.jpg,LISBURN_CITY,National,Building-mounted,Ulster Banner,5,2025-08-13 08:47:34.20274+00,Pat,false,,
9cf067aa-348f-4127-83fe-3dc612de22a3,G4uhzYCnabJUAVH6jnVq6A_180_box0.jpg,BELFAST_CITY,National,Lamppost-mounted,Ulster Banner,5,2025-08-14 12:59:48.649421+00,Pat,false,,
9d0cb274-7f43-4db0-b463-8d3d53ee1f70,Cc1Ye4YZEFsmIALX3Vqv3w_240_box0.jpg,ARMAGH,National,Lamppost-mounted,Union Jack,5,2025-08-12 16:03:30.015001+00,Pat,false,,
9d237dea-dd47-4622-b5e7-b74459a1bf37,iFg5gNsnyUjaObGqQd0SWw_120_box0.jpg,BELFAST_CITY,National,Building-mounted,Union Jack,5,2025-08-14 10:12:56.020822+00,Pat,false,,
9d341f70-e936-468c-82bc-91969564affd,61p5y2wmg00u0Zn6UW0foA_120_box0.jpg,METROPOLITAN_NEWTOWNABBEY,National,Building-mounted,Union Jack,5,2025-08-14 14:15:14.439648+00,Pat,false,,
9d351c82-90c4-43ad-b3fb-d17a367a80f3,DTKAtE_7OSwue51YWQs0KA_240_box0.jpg,LIMAVADY,National,Lamppost-mounted,Ulster Banner,4,2025-08-07 20:08:14.162633+00,Byron,false,,
9d373636-afdd-43f7-b9b8-d90a13be320a,EehFai27YseJAPoqao0E3A_060_box0.jpg,MAGHERAFELT,National,Lamppost-mounted,Union Jack,5,2025-08-14 09:21:39.322182+00,May,false,,
9d3813b5-2fb4-4987-afa7-6200c7a8552f,4QI1ppf1l9b8bv2eR00mbw_120_box0.jpg,METROPOLITAN_NEWTOWNABBEY,National,Lamppost-mounted,Union Jack,5,2025-08-28 19:44:31.357652+00,May,false,,
9d4b6cb5-e2e7-49de-91ae-135fabbc560d,Bt6zsyKgHK3j13VpS-e-dw_240_box0.jpg,ANTRIM,National,Building-mounted,Ulster Banner,5,2025-08-12 15:27:32.667612+00,Pat,false,,
9d5afc73-1bbb-42fc-947d-4294455e01d9,Kz5Vz18UMrBg14OrO_U_hg_120_box0.jpg,GREENISLAND,Historical,Building-mounted,WW1 Commemorative,5,2025-08-14 09:41:27.718455+00,Pat,false,,
9d696c74-f329-4fab-a0a4-1485eee41ec5,nC3C0z3h2vZHWAM7poUzeA_180_box0.jpg,BELFAST_CITY,National,Lamppost-mounted,Union Jack,5,2025-08-14 09:28:20.93418+00,Pat,false,,
9d6d79c8-f9d2-4edf-930e-a885adcb7ec6,APPqBy7jP53YNbDdQjtusA_180_box0.jpg,CARRICKFERGUS,National,Window display,Union Jack,5,2025-08-06 20:48:36.34163+00,May,false,,
9d76a3bc-6459-40e9-8cef-6eca7f86a1cf,hNpcdggohcRgXCV7DrMc1w_300_box0.jpg,BELFAST_CITY,National,Building-mounted,Union Jack,5,2025-08-14 10:16:28.873814+00,Pat,false,,
9d772c3f-431d-4a69-ae4f-929198a84280,DuYyrf4E40IMMPfLTLTWUw_300_box0.jpg,CARRICKFERGUS,Fraternal,Building-mounted,Orange Order,5,2025-08-14 10:53:13.048829+00,Pat,false,,
9d801b02-d943-46d5-8af9-56d65ddd10e2,PXu9aKS6X4pE8TiYTstdHg_240_box0.jpg,CARRICKFERGUS,Review,,,,2025-08-07 19:59:38.016407+00,Byron,true,Unclear image,
9d8a30f8-7513-4802-adef-8d4be2375581,v_pTARl6yQ5_BTa_MaX-hg_120_box0.jpg,CARRICKFERGUS,Review,,,,2025-08-06 22:04:09.452774+00,May,true,Unclear image,
9d9f6424-0618-423a-b777-43d56252eda1,I31fDTQdID3kI7pvIDuePg_240_box0.jpg,CRAIGAVON,National,Pole-mounted (in ground),Union Jack,5,2025-08-13 22:02:51.101622+00,May,false,,
9db3db89-e54e-4b3a-94d6-074db81bb46f,J2mAlq4zgxrmRTpmAz8_9w_180_box0.jpg,BELFAST_CITY,National,Lamppost-mounted,Union Jack,5,2025-08-14 13:00:35.473812+00,Pat,false,,
9db5980c-0d30-4bbd-8c81-63eecd2019f3,HvMNPY05qstAU8QjhUkTwg_060_box0.jpg,BALLYMENA,Review,,,,2025-08-11 18:10:29.067723+00,Pat,true,Unclear image,
9dc2d072-7d11-4bfb-b2d4-df326576860c,L8kSmtvlO7D7wgz0kgHKLw_120_box0.jpg,BELFAST_CITY,National,Lamppost-mounted,Ulster Banner,5,2025-08-28 19:42:32.301077+00,May,false,,
9dc3c6f8-e085-4077-92fd-bf0049ccc4f9,zwdzIX8SjW6D27TumrxqeQ_180_box0.jpg,MOIRA,National,Lamppost-mounted,Ulster Banner,5,2025-08-28 20:23:11.870657+00,May,false,,
9de5b77e-6feb-4d15-a8c5-e5dd8e71e467,qldpiwPfwYt9OrZNj48nHQ_120_box0.jpg,BALLYCLARE,National,Lamppost-mounted,Ulster Banner,5,2025-08-13 08:40:26.076111+00,Pat,false,,
9e0d0b8c-f570-49c4-9745-0cc439e699de,Qhph6rO9cfmAy8C67LPN_A_300_box0.jpg,METROPOLITAN_LISBURN,National,Lamppost-mounted,Union Jack,5,2025-08-17 15:49:01.808733+00,May,false,,
9e28474e-4db1-483f-8f72-336ea172298d,9JQ1tR5M_1uBXC2QWMTVHg_060_box0.jpg,CRAIGAVON,National,Lamppost-mounted,Union Jack,5,2025-08-13 09:07:37.773814+00,Pat,false,,
9e382ce6-3ea5-4d60-ba75-9f29b64d0d40,BHyDqdPeylJOa6QZCLBC0A_180_box0.jpg,LISBURN_CITY,National,Building-mounted,Union Jack,5,2025-08-14 09:52:54.837955+00,Pat,false,,
9e55d1da-4c86-4754-ad82-1c7dcb1be97d,efCo8eZYHLAYv-3SUoHAXw_000_box0.jpg,BELFAST_CITY,National,Lamppost-mounted,Ulster Banner,5,2025-08-13 22:44:50.999455+00,May,false,,
9e594c32-f408-42fa-9cc0-53238aeb6c82,uCZaQ7q4LvemX5NDKWENAg_060_box0.jpg,CARRICKFERGUS,National,Building-mounted,Ulster Banner,5,2025-08-13 08:29:48.333846+00,Pat,false,,
9e64dfdc-f989-481b-ab0f-f67860f09792,9QQxKrfdUo6_-2RzzN_T2g_180_box0.jpg,LISBURN_CITY,National,Building-mounted,Union Jack,5,2025-08-17 16:54:58.134655+00,May,false,,
9e65605d-f5f3-4663-9469-8e92cab04c99,hiP-zUAavUPIAEiXAu481w_120_box0.jpg,COLERAINE,National,Building-mounted,Scottish Saltire,5,2025-08-14 14:09:31.415127+00,Pat,false,,
9e666ada-8278-455f-8a63-065a56294261,siUB1hPnUF9ImfdnFORf-Q_000_box0.jpg,METROPOLITAN_CASTLEREAGH,National,Lamppost-mounted,Union Jack,5,2025-08-22 22:05:11.639795+00,May,false,,
9e695a02-f455-4b25-9261-5d8e4af6fdd8,X4197SxqyeaPkCOykHq1kQ_000_box0.jpg,LISBURN_CITY,National,Lamppost-mounted,Union Jack,5,2025-08-13 22:41:32.448061+00,May,false,,
9e75f124-1b72-4874-8bcb-bc255327cca2,to-9gbBCFphyLzIUgV7rQw_240_box0.jpg,METROPOLITAN_LISBURN,National,Lamppost-mounted,Union Jack,5,2025-08-28 19:49:02.365798+00,May,false,,
9ea2417f-3852-47da-8865-fca3e2a1a9fe,M_JSfgT52RMu5ZI-hRyxBg_060_box0.jpg,BELFAST_CITY,National,Building-mounted,Union Jack,5,2025-08-12 14:53:52.435759+00,Pat,false,,
9ea8a157-e73b-4f65-ab37-a3f4b98f1b52,0ia_W566SV3nMRV1a4k4rw_120_box0.jpg,BALLYMENA,National,Building-mounted,Union Jack,5,2025-08-28 20:52:16.638438+00,May,false,,
9eb0c527-5611-4128-ac7b-695dd79816c6,B84MhtGOVL6-pVLGcIo5iA_060_box0.jpg,CARRICKFERGUS,Review,,,,2025-08-12 16:18:42.914046+00,Pat,true,Other,
9ed74329-6b84-498e-91ce-c772a476d77e,1IS80XevCKpt93eKP9OqiQ_300_box0.jpg,BANGOR,Review,,,,2025-08-08 09:05:38.411655+00,May,true,Unclear image,
9ef821ee-5af1-42dd-a078-b497184ce885,5ZOKWef4K6rBaSQvW085yw_300_box0.jpg,LARNE,National,Lamppost-mounted,Union Jack,5,2025-08-14 12:43:55.67329+00,Pat,false,,
9f0115ba-9a49-4951-9944-36b4cac8a213,VD91zQlpJqdwux6YzZkNNg_120_box0.jpg,BANGOR,Bunting,Triangular bunting,Red/White/Blue Triangular Bunting,5,2025-08-09 11:48:36.599392+00,Byron,false,,
9f10805f-7336-4c13-ae69-9529cf294570,piwITtO6vckQajIQMs-Ryg_180_box0.jpg,BELFAST_CITY,National,Building-mounted,Union Jack,5,2025-08-11 18:08:18.950609+00,Pat,false,,
9f27ab33-bb76-4205-8a73-acb1388b947c,RlT_Pbosmfdzwy9vwexBpQ_300_box0.jpg,CARRICKFERGUS,National,Building-mounted,Union Jack,5,2025-08-15 00:49:31.97813+00,May,false,,
9f45907c-7014-4bc0-893b-9ab226314073,DCGkHfjUpJo40NYShdR2lw_300_box0.jpg,CRAIGAVON,National,Lamppost-mounted,Ulster Banner,5,2025-08-13 22:02:59.580928+00,May,false,,
9f4906cc-aac6-4255-9b9c-19b2b1351ff1,rVqOUA_OrhAIR4BsO_qFgA_000_box0.jpg,BELFAST_CITY,National,Lamppost-mounted,Ulster Banner,5,2025-08-28 20:15:58.910072+00,May,false,,
9f4c8551-2ee0-4a2d-ae60-c3b7a43df094,1JUiZGsiNn6VhxozX8YI4A_000_box0.jpg,BALLYMENA,National,Building-mounted,Union Jack,5,2025-08-17 15:35:14.158536+00,May,false,,
9f4de064-48dc-4bf2-95dc-011179c9e337,5vJJo8ywb6PLqFW28Wh1Ag_000_box0.jpg,BANGOR,National,Building-mounted,Union Jack,3,2025-08-09 11:48:03.474826+00,Byron,false,,
9f55981e-8cc7-4221-8896-b4380e6a7b8c,objG_tE7XT3jut9DsQcI8g_060_box0.jpg,LISBURN_CITY,National,Lamppost-mounted,Union Jack,5,2025-08-17 16:46:52.051552+00,May,false,,
9f74a0a2-8a36-445f-ae55-75f144b3ec06,zK8eiunFXEiUH9b6uluYSA_300_box0.jpg,BALLYCLARE,National,Building-mounted,Union Jack,5,2025-08-13 22:51:34.501379+00,May,false,,
9f97e809-ac06-46cc-b022-3e42915ae3d9,X64JX3M_c7K_1nvetEsHHg_000_box0.jpg,CARRICKFERGUS,National,Building-mounted,Union Jack,5,2025-08-13 08:45:31.05781+00,Pat,false,,
9fa77f99-435f-4420-a96e-4c3d991ec8ad,mQplzEUyVjAEcsDyARp1mg_060_box0.jpg,ENNISKILLEN,National,Lamppost-mounted,Ulster Banner,5,2025-08-14 12:47:34.888825+00,Pat,false,,
9fcfe949-9d77-4e14-98f3-cdf96c33e9bd,OMFnzSO1UZZjUi8wdQOmiA_300_box0.jpg,BELFAST_CITY,National,Lamppost-mounted,Union Jack,5,2025-08-28 19:41:16.385822+00,May,false,,
9fd2d906-60e3-49d8-80c5-80a423880b1d,KE5haWVgHlZ6RNNOtHCC9w_120_box0.jpg,BELFAST_CITY,Review,,,,2025-08-13 16:26:47.558951+00,Pat,true,Complex case,
9fe8bc20-4bac-4df8-85a0-b7fc05366f59,hKK-6yTbY_F4T6AHa-IOHA_180_box0.jpg,BELFAST_CITY,National,Building-mounted,Union Jack,5,2025-08-12 15:35:13.084341+00,Pat,false,,
9ff89b50-c64d-46a7-917e-6e5e03449e7c,1-Px-QnkJ-fpsMKJXqOIIA_240_box0.jpg,CARRICKFERGUS,National,Building-mounted,Union Jack,5,2025-08-13 22:55:18.226153+00,May,false,,
9ffb0d19-7fa7-40b3-b3e3-d1e1faeb9966,XJB-72fquvf_AHphoJ8bIw_120_box0.jpg,LISBURN_CITY,National,Building-mounted,Union Jack,5,2025-08-28 20:30:22.166212+00,May,false,,
a001062c-3855-4040-9512-f11bf556a490,Yl6wcOIly_PLZycI-x4wnQ_240_box0.jpg,BELFAST_CITY,National,Lamppost-mounted,Union Jack,5,2025-08-17 15:40:23.456371+00,May,false,,
a0348412-22ec-4221-bbce-1e1bbad8c004,YpNcZ2EnsepNvuYSoLBD0w_240_box0.jpg,BALLYCLARE,Proscribed,Lamppost-mounted,UVF,5,2025-08-13 22:44:29.676011+00,May,false,,
a045488f-09cb-4ec9-86ec-a4613e5438b1,kPP5yc0ZYKRMAal8PypvNA_000_box0.jpg,BELFAST_CITY,National,Building-mounted,Union Jack,5,2025-08-29 08:53:27.260307+00,May,false,,
a05a231f-feb5-4e33-84e3-76f9fab61741,relejEp8ZyXZXZ7MtE-A5g_000_box0.jpg,BELFAST_CITY,National,Lamppost-mounted,Union Jack,5,2025-08-14 14:04:14.256029+00,Pat,false,,
a05ad947-79f6-41af-91d9-37aee0fa7c05,pP8WDGdREONOQWKRYgn57g_060_box0.jpg,BELFAST_CITY,National,Building-mounted,Union Jack,5,2025-08-13 22:04:16.070193+00,May,false,,
a0737886-efc2-43a3-9756-956be49f4c90,ODkg_9hXo5_HUAOR4qPMug_180_box0.jpg,CARRICKFERGUS,National,Building-mounted,Ulster Banner,5,2025-08-17 18:23:37.628278+00,May,false,,
a07397e3-b46e-4ddb-9f37-89cec657ae6d,zKH31SNl2-mHbNgy88U5jw_000_box0.jpg,LISBURN_CITY,National,Lamppost-mounted,Union Jack,5,2025-08-29 08:28:00.814052+00,May,false,,
a074e6a8-09f3-47de-84e6-62e0f656b2ec,07ZpMUIHox95Lt9OIn3JrQ_000_box0.jpg,CARRICKFERGUS,Proscribed,Building-mounted,UFF,2,2025-08-06 22:58:49.353151+00,May,false,,
a07e1f6e-f64f-4ad3-a19c-54c25422d89d,Ndyl8rp7h5Wcph_i8alrMA_300_box0.jpg,LISBURN_CITY,National,Building-mounted,Union Jack,5,2025-08-12 15:15:56.326297+00,Pat,false,,
a07f0b9b-cad5-4f13-9413-e25becf2fad2,2e74wQsEEo7d20jzv9jT5w_240_box0.jpg,BELFAST_CITY,National,Lamppost-mounted,Union Jack,5,2025-08-14 10:25:51.499678+00,Pat,false,,
a08e305b-ca20-4b02-8d68-333ba1838980,bLkZcZxz4sqDDpShwQph4Q_060_box0.jpg,ANTRIM,National,Lamppost-mounted,Union Jack,5,2025-08-17 16:58:32.800459+00,May,false,,
a095aef5-9f18-4f6b-b746-fdd190d4f2ba,B0A5O3Hg6pq27Ws4y3LmBA_300_box0.jpg,BELFAST_CITY,National,Pole-mounted (in ground),Union Jack,5,2025-08-29 08:43:31.123952+00,May,false,,
a0982bc1-abb7-4570-beed-524e9c1b9cac,fovBIRJyoPjS4XC3U3View_180_box0.jpg,BELFAST_CITY,National,Building-mounted,Union Jack,5,2025-08-28 20:13:07.535747+00,May,false,,
a0b8b248-ead0-44d6-b0ad-ac74250fbee6,35P6R-VxvF5hccu0oW01HQ_000_box0.jpg,METROPOLITAN_NEWTOWNABBEY,Review,,,,2025-08-17 14:37:29.159532+00,May,true,Not a flag,
a0cb3d2f-fd19-492c-bc20-c1c665ecef9e,UCttwdHY4bSauEHeNpHE7A_120_box0.jpg,BELFAST_CITY,National,Building-mounted,Union Jack,5,2025-08-14 12:28:58.046214+00,Pat,false,,
a0cce17c-0eee-4291-9f02-c794cc2e9d6d,hFmzzDzCmOAxHwOgMF41Lw_000_box0.jpg,RANDALSTOWN,Review,,,,2025-08-14 09:28:34.833719+00,Pat,true,Other,
a0d1fae5-0f92-4b4b-bf79-83c7996edef6,BdonoJ9jXHUpWjI4Iqwmdg_060_box0.jpg,BELFAST_CITY,National,Building-mounted,Union Jack,5,2025-08-28 19:55:18.793232+00,May,false,,
a0d8e841-3714-4bd3-b318-3bdaa66444e7,DhKisZxDPMO_hBkX5GU-Uw_060_box0.jpg,ENNISKILLEN,National,Lamppost-mounted,Ulster Banner,5,2025-08-12 15:06:30.373195+00,Pat,false,,
a0e3284a-6a8c-4a81-9e53-479d6d90144e,n8fbqLVliSjB5bpsHNYLsg_000_box0.jpg,BELFAST_CITY,National,Lamppost-mounted,Union Jack,5,2025-08-22 22:15:14.813828+00,May,false,,
a0f07081-5899-416e-a4e0-d12f6f423cf6,MTcrAkOiYPzBPc-KEqQKEw_000_box0.jpg,BALLYMONEY,National,Lamppost-mounted,Union Jack,5,2025-08-29 08:50:17.511307+00,May,false,,
a0f8dcbb-dbcc-4341-b8fb-384e9b77c995,f5exGmzRn75OO5BwcqzTug_240_box0.jpg,BELFAST_CITY,Review,,,,2025-08-14 12:19:41.537404+00,Pat,true,Other,
a11c4b9f-ba40-4790-a9a7-3cd10c7ac9ff,mA3Ws43eSQjbwK9h6EyaLg_180_box0.jpg,BELFAST_CITY,Review,,,,2025-08-12 16:00:53.52427+00,Pat,true,Complex case,
a11f103d-48e4-4b3d-a845-00c567a87227,npD3_ftZX8cfxGgygv-jTg_300_box0.jpg,CARRICKFERGUS,National,Building-mounted,Union Jack,5,2025-08-28 19:41:21.861365+00,May,false,,
a125cddd-6808-4443-a7bc-4ce63f0e0667,goEJ-1XEIGwcOAlVfth3Lw_000_box0.jpg,CRAIGAVON,Review,,,,2025-08-14 13:11:46.961492+00,Pat,true,Complex case,
a130650e-003e-4571-b4e8-d36f01cdd32d,hRWBcoCiEO6AHzuECZ4J8w_300_box0.jpg,LISBURN_CITY,National,Pole-mounted (in ground),Union Jack,5,2025-08-15 00:33:59.397763+00,May,false,,
a13d632a-67da-44c1-954f-e4cf19d9d033,o2CX3wSWTWbB--eFWxpdfg_180_box0.jpg,BELFAST_CITY,National,Lamppost-mounted,Ulster Banner,5,2025-08-13 16:22:43.119639+00,Pat,false,,
a143c86b-4f81-4e91-9f47-b32ef63e352a,5Nm2vs2Uo0MyGioTBn4zvw_060_box0.jpg,BELFAST_CITY,National,Lamppost-mounted,Union Jack,5,2025-08-14 09:51:27.37187+00,Pat,false,,
a14c7631-7858-4f45-a25e-aeef3a419572,eZcX7y-81eEpnggzFr8Riw_120_box0.jpg,BALLYMENA,Review,,,,2025-08-14 10:17:01.532356+00,Pat,true,Complex case,
a15bfe9a-dc50-4165-b383-20eb577fdd8b,Yl6wcOIly_PLZycI-x4wnQ_240_box0.jpg,BELFAST_CITY,National,Lamppost-mounted,Union Jack,5,2025-08-13 16:24:48.163305+00,Pat,false,,
a168066d-5645-4c40-b482-fc3ded34d348,VnXbWHlz7NtasdO3ENJZ3w_000_box0.jpg,LISBURN_CITY,National,Building-mounted,Union Jack,5,2025-08-28 20:19:12.15262+00,May,false,,
a1685b35-0649-475f-9ee6-6ba3c8b750c4,tP4CMYHekRdrmrJU8sZn-w_120_box0.jpg,ANTRIM,National,Lamppost-mounted,Union Jack,5,2025-08-28 20:23:41.885097+00,May,false,,
a16914f9-3399-4757-abc3-da14abf8cb9d,dNt8n7PCmDMBKRVRq3N6YA_240_box0.jpg,BELFAST_CITY,National,Building-mounted,Union Jack,5,2025-08-11 17:45:50.570244+00,Pat,false,,
a16942ea-7fcd-461b-96e5-ffb803233b14,bwyYLBDxX54V3wWyejK4xQ_240_box0.jpg,COLERAINE,International,Lamppost-mounted,Other International,5,2025-08-13 22:35:51.473173+00,May,false,,
a16fe826-965e-424c-8f25-4ef5d987d3e8,cmZQvHdqjt6F-NyyzAZ7tw_180_box0.jpg,BELFAST_CITY,National,Lamppost-mounted,Ulster Banner,5,2025-08-28 20:24:35.68526+00,May,false,,
a190d94e-4106-4ef8-a301-6e8962bfeccc,Bn4B57u2Ka0hKeKn13MUOg_240_box0.jpg,BELFAST_CITY,National,Pole-mounted (in ground),Union Jack,5,2025-08-14 13:55:30.343676+00,Pat,false,,
a193369f-a4eb-4ab8-9efd-901940735e39,3ha7jkkDcIDH5bEV4EhTyQ_000_box0.jpg,BELFAST_CITY,Proscribed,Pole-mounted (in ground),UVF,5,2025-08-12 15:13:54.758567+00,Pat,false,,
a19a7b5a-0fd1-487a-9076-97b570195796,0G-E0yekvnDxA7_0_0vr3w_300_box0.jpg,CRAIGAVON,National,Lamppost-mounted,Union Jack,5,2025-08-13 22:30:47.170244+00,May,false,,
a1a0c3de-b5ef-49b3-8498-754b9ec280a0,ZWEy8LjpVQgGY4m69QjwtQ_300_box0.jpg,LISBURN_CITY,National,Lamppost-mounted,Union Jack,5,2025-08-13 08:40:18.07492+00,Pat,false,,
a1afc98d-71df-4991-9b84-f680f1a881a2,77BFOEtUrn_WAFhwFmkMbQ_000_box0.jpg,BELFAST_CITY,National,Lamppost-mounted,Union Jack,5,2025-08-14 13:29:03.044914+00,Pat,false,,
a1b79cf5-517f-45e7-9d7e-86b14fd86184,W3luWS_nZOqtJF57KLBRLQ_180_box0.jpg,BELFAST_CITY,National,Building-mounted,Union Jack,5,2025-08-15 20:50:21.353757+00,May,false,,
a1b9bef8-f729-4e3b-a378-a267c1cb7537,qCROtSl7f36357F35AZOKg_000_box0.jpg,BELFAST_CITY,National,Building-mounted,Union Jack,5,2025-08-13 21:56:14.374978+00,May,false,,
a1d62f0e-4825-4e69-a92c-7bed5bf37306,6YCWyDyv1CvasyXqpOXMNw_240_box0.jpg,BALLYMENA,National,Lamppost-mounted,Union Jack,5,2025-08-13 22:08:01.348569+00,May,false,,
a1dd3177-548f-4c7f-aff9-c6e72afa5bad,vkYscVB9ZcHm8vKOQXmv2Q_240_box0.jpg,TANDRAGEE,National,Lamppost-mounted,Union Jack,5,2025-08-29 08:25:08.235225+00,May,false,,
a1e1c8d6-af65-47c2-bdc5-eed4d0cc3c40,YteKhiDJG0PgQnouzJbYdQ_240_box0.jpg,LISBURN_CITY,National,Lamppost-mounted,Union Jack,5,2025-08-14 09:27:47.191883+00,Pat,false,,
a1e8d9b4-17fc-4abd-a392-f7240f43a137,CmhtFurFCyjtWL5EVHO1xg_060_box0.jpg,BELFAST_CITY,Review,,,,2025-08-13 08:55:19.253379+00,Pat,true,Complex case,
a2012665-3266-4b30-b9a6-e771a9a00b4a,4evZ_cuMR0CRcP6c4UHxfQ_120_box0.jpg,LISBURN_CITY,National,Lamppost-mounted,Ulster Banner,5,2025-08-14 13:15:57.105962+00,Pat,false,,
a212a25d-e2cd-463d-9456-6dc6f888aa12,fwKQsiiFn03YXT7L-6ZRDg_000_box0.jpg,LISBURN_CITY,Fraternal,Building-mounted,Royal Black Institution,5,2025-08-17 17:01:13.123058+00,May,false,,
a21a2f74-a991-403a-b0cb-1d339874afac,PXu9aKS6X4pE8TiYTstdHg_240_box0.jpg,CARRICKFERGUS,International,Building-mounted,Other International,1,2025-08-06 22:57:42.202803+00,May,false,,
a23f81e6-7992-42aa-9947-9afc7b581108,p1s89HWAaOqsuLJnJOLF5w_300_box0.jpg,METROPOLITAN_NEWTOWNABBEY,National,Lamppost-mounted,Ulster Banner,5,2025-08-09 11:54:45.6635+00,Byron,false,,
a25ca4ed-e927-46e4-8373-eaca4e91ee6a,MSzXJrfJNEZ8FUMM-bAM_g_180_box0.jpg,MAGHERAFELT,National,Pole-mounted (in ground),Ulster Banner,5,2025-08-14 12:36:00.410172+00,Pat,false,,
a260a913-3f15-4008-80bd-3ee852946cad,IIgLdxPys2-OVMJbwdjSiA_240_box0.jpg,CARRICKFERGUS,National,Building-mounted,Union Jack,5,2025-08-15 00:40:57.049845+00,May,false,,
a2612ba3-eaf0-4db8-ad49-d9601b3f676b,YkzfMNcdskZMPRUsRQ_N1A_000_box0.jpg,CARRICKFERGUS,National,Building-mounted,Union Jack,5,2025-08-14 14:02:40.393261+00,Pat,false,,
a26c80fd-746d-426a-a548-f74b564369b6,TkgglyUj0-PlcrB6nZChxA_300_box0.jpg,METROPOLITAN_LISBURN,National,Building-mounted,Union Jack,5,2025-08-29 08:50:53.998578+00,May,false,,
a28a1507-285e-4bb2-9872-6f60a1f7ccee,4Wi1ao143T8L18MGTLPdsA_180_box0.jpg,COOKSTOWN,National,Building-mounted,Union Jack,5,2025-08-12 14:53:24.05517+00,Pat,false,,
a2bd279a-f358-40ea-ab04-bd97d152e1a8,mYZm5QgRkpMeZ6IDUMod2A_000_box0.jpg,BELFAST_CITY,Review,,,,2025-08-13 08:40:12.087315+00,Pat,true,Complex case,
a2c3eb2d-8bbc-4ec4-a31a-5bd47b0206b4,86a5qt7Zm5j4splCd0fItg_300_box0.jpg,BALLYMENA,National,Lamppost-mounted,Ulster Banner,5,2025-08-28 20:20:18.607549+00,May,false,,
a2cdbdc5-159f-435b-ae97-13929ed0a821,xvgcyyjXh_41NncZXDi7mg_120_box0.jpg,LIMAVADY,Sport,Lamppost-mounted,Local Club,5,2025-08-07 08:39:02.021976+00,May,false,,
a2d29a45-1faf-468f-97a1-49eed939c346,ba3iMGLjK6T4OA8KZJnYfQ_000_box0.jpg,COALISLAND,National,Lamppost-mounted,Irish Tricolor,5,2025-08-29 08:28:12.562045+00,May,false,,
a2d55d36-d438-490b-b653-4a8b50736073,7QV12LjHnFVGOIaJMd6s8g_300_box0.jpg,BELFAST_CITY,National,Building-mounted,Ulster Banner,5,2025-08-28 20:31:08.487819+00,May,false,,
a2f62eb8-04e3-4879-9d75-78578536f6a1,QxYiB-RLXFUt9Q-6Haaamw_000_box0.jpg,METROPOLITAN_LISBURN,National,Building-mounted,Union Jack,5,2025-08-17 14:23:27.566436+00,May,false,,
a3133a74-fc74-4a27-b56e-91a7c8fd87a1,qt8B85eMpX-AEVDMKNkExw_300_box0.jpg,CARRICKFERGUS,National,Lamppost-mounted,Union Jack,5,2025-08-28 20:25:23.562829+00,May,false,,
a3193efc-f22e-4198-b25c-1a3e12320da6,IFeqPrftMtl5XqIj9F0LLw_240_box0.jpg,BELFAST_CITY,National,Building-mounted,Union Jack,5,2025-08-17 16:47:23.234876+00,May,false,,
a376dd49-b58e-4d19-8a78-506f64a4e7c1,SU2FHMaIJWpYSRXJ3dNT8w_000_box0.jpg,BALLYMENA,National,Lamppost-mounted,Ulster Banner,5,2025-08-28 20:53:52.910617+00,May,false,,
a38054ef-3cc4-4c72-8175-1765bd59c38e,MlSP45yNeQyTwXb8_I43HQ_120_box0.jpg,NEWRY,National,Lamppost-mounted,Union Jack,2,2025-08-07 20:14:32.962824+00,Byron,false,,
a3813f6f-f2fa-4152-a538-ba60c2a2a41d,Fw-zMbkBy9KpOyMGhdJpeQ_120_box0.jpg,METROPOLITAN_NEWTOWNABBEY,National,Building-mounted,Union Jack,5,2025-08-29 08:27:41.592023+00,May,false,,
a386cf17-239e-4b00-a6bb-84e761668c2f,eomomfkGoYiLE8JfgFxHag_300_box0.jpg,BELFAST_CITY,Sport,Temporary installation,Local Club,5,2025-08-17 15:39:46.540761+00,May,false,,
a38d6a8b-7d2c-4a61-900f-290389002988,kFwKyZQlXGdeW5MoBGFt4A_000_box0.jpg,METROPOLITAN_LISBURN,National,Lamppost-mounted,Union Jack,5,2025-08-12 16:01:30.117607+00,Pat,false,,
a397ba68-a219-4b01-bbd9-7688aabf1b3b,D0y4oIDR49xSon3ZOSSGbQ_240_box0.jpg,CRAIGAVON,National,Building-mounted,Union Jack,5,2025-08-12 16:00:08.117919+00,Pat,false,,
a3a2ddba-68fb-4745-914f-cc019e05c03a,Y-587GdP1aWGOEBmAexvBA_300_box0.jpg,CARRICKFERGUS,Fraternal,Building-mounted,Orange Order,5,2025-08-13 22:34:07.485614+00,May,false,,
a3a8d760-2e60-419a-ab37-05655b712a5e,tPbwdrAAGLGLDvJJ3_Ni0Q_240_box0.jpg,BELFAST_CITY,National,Lamppost-mounted,Ulster Banner,5,2025-08-12 15:46:37.733487+00,Pat,false,,
a3c0ad35-2ff3-4928-915d-2ae03199115d,Fns9fY5oeoHKlE5pT6EBSA_120_box0.jpg,CRAIGAVON,Review,,,,2025-08-14 10:29:51.060024+00,Pat,true,Complex case,
a3c35d02-0ef1-4e00-a4e8-550ff8388d9d,4o2klSr7meuS8hVbfrdF7Q_000_box0.jpg,CRAIGAVON,Review,,,,2025-08-12 16:03:01.124511+00,Pat,true,Unclear image,
a3d0d7e6-9146-4791-83ba-24c91476aea8,9zB9Dpp9cKsNCTqcWWysBA_240_box0.jpg,HILLSBOROUGH_AND_CULCAVY,National,Lamppost-mounted,Union Jack,5,2025-08-14 13:58:32.97501+00,Pat,false,,
a3d2ce50-ef9e-4ac6-b899-e454ea20acb5,KE_w450h4icmSwlRy5a0Rw_120_box0.jpg,CARRICKFERGUS,National,Building-mounted,Union Jack,5,2025-08-14 13:31:13.897189+00,Pat,false,,
a3d3b5aa-fc79-4471-9fb1-fd02a5e4ea67,qXQ72Chy1MPIdzTW-xuPEw_120_box0.jpg,CRAIGAVON,National,Building-mounted,Union Jack,5,2025-08-13 22:16:14.646596+00,May,false,,
a3ddef16-03bb-4d84-a08f-09ef1b69d99e,wPjABYkKGtUIe10bL2FURA_240_box0.jpg,BELFAST_CITY,National,Lamppost-mounted,Union Jack,5,2025-08-17 17:03:43.83925+00,May,false,,
a3ef5ac5-ad15-412c-ba98-2abe15a13ce9,rI510WnbVT2EohIkgwcBCw_240_box0.jpg,BALLYMENA,Review,,,,2025-08-12 16:12:00.31161+00,Pat,true,Unclear image,
a4011df2-d7f8-47d8-a332-77e69b621dcb,jbNer8xj8jI1ixdEtor8vQ_000_box0.jpg,LISBURN_CITY,National,Lamppost-mounted,Union Jack,5,2025-08-29 08:36:09.44227+00,May,false,,
a41a12c5-39a9-4772-81e1-5b2b7ad259db,KAwXTTiZlI5-oTvEdYnw3g_000_box0.jpg,GREENISLAND,National,Lamppost-mounted,Union Jack,5,2025-08-17 16:57:03.480736+00,May,false,,
a41dcef7-7093-424a-9fb6-87d60bdf8d15,ZPgHMYe4FEABpUzqC0sNkw_000_box0.jpg,COOKSTOWN,Sport,Pole-mounted (in ground),Local Club,5,2025-08-29 08:22:47.153316+00,May,false,,
a43a7249-ee08-4f3e-b39e-eef39254034e,JHddQbMsDubeoJ50i6JFig_120_box0.jpg,NEWRY,National,Building-mounted,Irish Tricolor,5,2025-08-07 20:14:58.525924+00,Byron,false,,
a44c067a-0c31-4e95-827f-28651ca62397,p3Io7kBlDrIUm6_xvouW7w_240_box0.jpg,CARRICKFERGUS,National,Lamppost-mounted,Ulster Banner,2,2025-08-06 22:05:04.489673+00,May,false,,
a45fa69d-7794-4833-b8de-60d47c762ec9,Ru_WYclSsQ4xKAwQ0vNwjg_000_box0.jpg,METROPOLITAN_CASTLEREAGH,National,Lamppost-mounted,Ulster Banner,5,2025-08-14 13:50:03.476029+00,Pat,false,,
a4601c54-a255-4a5f-9c99-e92977ac2536,auXBuk5eE41Ph4l75Hi-VA_000_box0.jpg,METROPOLITAN_NEWTOWNABBEY,National,Lamppost-mounted,Scottish Saltire,5,2025-08-08 09:37:07.562583+00,May,false,,
a466a038-3383-4c1a-9581-c9c21bce5c08,3KAIU2wtZCCcUc9ZW0vXRA_000_box0.jpg,BALLYCLARE,National,Building-mounted,Ulster Banner,5,2025-08-28 20:54:06.62723+00,May,false,,
a4a344d8-807d-48ad-9443-09c823000ae6,SbJyalNU6FM2mN75FBAw0A_060_box0.jpg,BELFAST_CITY,National,Lamppost-mounted,Ulster Banner,5,2025-08-17 18:22:01.679458+00,May,false,,
a4ad2150-646a-4a50-a0a2-282b3478e3c2,-Ik8_Iq2GJRfMQ0nMHeFig_000_box0.jpg,BELFAST_CITY,National,Pole-mounted (in ground),Union Jack,5,2025-08-29 08:53:53.272582+00,May,false,,
a4ca8716-ce8b-4186-b15c-355b0b5bf978,tAGbwGWWWKidAGmyvu-cTQ_240_box0.jpg,BALLYMENA,National,Lamppost-mounted,Union Jack,2,2025-08-14 11:04:30.289725+00,Pat,false,,
a4cc5b23-3d7b-45bf-8fba-ee73fd2f7aae,GQMbE8OHlwSeWyJqugIqng_300_box0.jpg,BELFAST_CITY,National,Lamppost-mounted,Union Jack,5,2025-08-28 20:20:10.812214+00,May,false,,
a4d59994-970e-47c5-8d78-21df3f485c73,4o2klSr7meuS8hVbfrdF7Q_000_box0.jpg,CRAIGAVON,National,Building-mounted,Ulster Banner,5,2025-08-13 22:43:43.649902+00,May,false,,
a4d7ea92-bdbe-43df-a206-b56680dd88f8,01lSGcIBiDaIs-ERW2yHCQ_240_box0.jpg,CARRICKFERGUS,National,Building-mounted,Union Jack,5,2025-08-24 10:11:26.374881+00,May,false,,
a4e2f1a0-a6c6-4edf-9c1e-e46a47f2da38,7vcwWa9zosRvKd6jk-6Npw_240_box0.jpg,BALLYMENA,National,Building-mounted,Union Jack,5,2025-08-28 20:39:40.42047+00,May,false,,
a4f4d579-c5be-4b6d-ba6e-5da1b61e92d4,u92OKKFf5Dhl4HJc6tGh6g_180_box0.jpg,LIMAVADY,Review,,,,2025-08-07 20:02:40.053285+00,Byron,true,Not a flag,
a50e7e0f-4593-4636-a4f9-96a99280b015,LG3wYck6dspbf1lPiSJ2bA_060_box0.jpg,METROPOLITAN_NEWTOWNABBEY,Sport,Permanent installation,Local Club,3,2025-08-08 09:38:56.440474+00,May,false,,
a51abf6e-c18e-477d-aa75-d7306d2d3305,stZoxroT0QTYqFlCQAC0ag_180_box0.jpg,BELFAST_CITY,National,Lamppost-mounted,Union Jack,5,2025-08-14 12:57:08.540037+00,Pat,false,,
a531f865-9a3e-4e54-ac21-78227a44fcda,SATnS-SMrcIRGxZ3yKusHw_120_box0.jpg,CARRICKFERGUS,National,Building-mounted,Ulster Banner,5,2025-08-17 14:23:02.130722+00,May,false,,
a53ed4f9-03e9-4f7c-9fe2-341ed0761f71,1IkWNcVhqUehFRsOJhqE6w_060_box0.jpg,LIMAVADY,National,Lamppost-mounted,Ulster Banner,5,2025-08-07 20:08:29.666231+00,Byron,false,,
a56e398c-61e2-4e45-89e9-a6f5a0d5c1e0,rN-FXdXBsTeGY2etNGDTLQ_060_box0.jpg,LISBURN_CITY,National,Lamppost-mounted,Union Jack,5,2025-08-17 15:48:57.042033+00,May,false,,
a57d81c6-852a-4c1e-8392-439576452427,12k9EdPsKYPExBQ4zEoMwQ_180_box0.jpg,LISBURN_CITY,National,Lamppost-mounted,Ulster Banner,5,2025-08-14 13:58:10.844494+00,Pat,false,,
a58acaef-0609-471e-9978-407d7485fe91,HAMbVZxvISaE9W3Lc1bNLw_120_box0.jpg,BELFAST_CITY,National,Lamppost-mounted,Union Jack,5,2025-08-13 22:28:46.571555+00,May,false,,
a5904189-b2f0-4a88-b5cd-f08ff0f68d71,PZLbNIK38bOmw76TDhTLFw_000_box0.jpg,LIMAVADY,National,Lamppost-mounted,Ulster Banner,5,2025-08-07 08:41:25.945828+00,May,false,,
a59387f9-505f-4381-b4d8-09e5eb0b3535,_HlVaJfSgQ2W6ZHXHJAL7w_300_box0.jpg,METROPOLITAN_NEWTOWNABBEY,National,Building-mounted,Union Jack,5,2025-08-13 08:47:56.701718+00,Pat,false,,
a59e8498-5082-4ce9-8c15-8eb1dbef7198,MgdlC3ADkXRlsOzn57aqEg_000_box0.jpg,BELFAST_CITY,National,Building-mounted,Union Jack,5,2025-08-28 20:09:24.929263+00,May,false,,
a5b101af-6ab8-4f67-9e64-76144a75ca13,B-deFugL7wrFnfsM9qjJmw_120_box0.jpg,BANGOR,National,Lamppost-mounted,Union Jack,5,2025-08-09 11:41:30.928575+00,Byron,false,,
a5bf9c74-7aa2-4a07-a907-a0f421f314f9,cFuPid_-WmfTJ52AuNNFoA_300_box0.jpg,BELFAST_CITY,National,Lamppost-mounted,Ulster Banner,5,2025-08-14 14:07:32.962057+00,Pat,false,,
a5e5c77c-f86d-467b-8f4c-5124e9f92e0f,7Jfc6jQ-CGpDVoO5W8ulbg_300_box0.jpg,BALLYMENA,National,Building-mounted,Union Jack,5,2025-08-14 14:05:14.254052+00,Pat,false,,
a5f81a86-aed7-48f6-bf63-d598910c9fc3,y0x7Q0vgc6V9i06JQkwa2w_240_box0.jpg,LIMAVADY,Review,,,,2025-08-07 08:54:04.829811+00,May,true,Unclear image,
a5ff6341-daa4-4972-bc02-7315cfb77e8c,Imu20noSvhRLwuBARwHTKw_120_box0.jpg,COLERAINE,Fraternal,Lamppost-mounted,Orange Order,5,2025-08-24 10:13:46.401237+00,May,false,,
a6169d9f-ab22-46fd-ba23-6a0d3624190d,0bHUNcvcWEo5m5WhdvNsiw_060_box0.jpg,CRAIGAVON,National,Pole-mounted (in ground),Union Jack,5,2025-08-13 16:36:03.181802+00,Pat,false,,
a61b0d69-eb25-4ddf-8e55-97422ab942ff,vxgoyBjN8uL8BftPayaCiA_060_box0.jpg,ARMAGH,National,Lamppost-mounted,Union Jack,5,2025-08-13 08:42:09.950391+00,Pat,false,,
a62563a3-feaa-441e-b24a-2a528198c5c2,3-FGyvMln_tLsmPrW2UQDQ_000_box0.jpg,METROPOLITAN_NEWTOWNABBEY,National,Lamppost-mounted,Union Jack,5,2025-08-14 09:50:56.347783+00,Pat,false,,
a6411af3-e609-4ed9-bf45-0b50d148ae89,ovSvMSQfxljCBFoTqlgo-w_300_box0.jpg,BELFAST_CITY,National,Building-mounted,Union Jack,5,2025-08-14 10:08:18.916201+00,Pat,false,,
a66991b4-1a20-4109-804f-30d078e65602,cq7s4IJ5fYD8quVrl7PtiQ_240_box0.jpg,WARRENPOINT,Sport,Building-mounted,GAA,5,2025-08-14 12:26:32.391675+00,Pat,false,,
a66dfc0c-bd10-41c9-b86e-55af0c246e44,HrxLXIq679aclMbi-BDmcg_300_box0.jpg,METROPOLITAN_NEWTOWNABBEY,National,Lamppost-mounted,Ulster Banner,5,2025-08-12 16:22:17.730249+00,Pat,false,,
a673f9df-7df1-4fcb-98fc-a5439c94b661,_ShQoJIVoN8bajJg-wPPpw_060_box0.jpg,CRAIGAVON,National,Lamppost-mounted,Irish Tricolor,5,2025-08-14 10:32:19.10475+00,Pat,false,,
a6741383-c491-4066-8677-bac85ec3d08b,h95QgQD__XAZ0r8pGlIYBQ_180_box0.jpg,METROPOLITAN_NEWTOWNABBEY,National,Lamppost-mounted,Union Jack,5,2025-08-08 10:16:31.439288+00,May,false,,
a68bdbe5-4626-4ccb-a38b-34f9e00b3f36,XKfUgodY0tS_seHcwoWRXQ_120_box0.jpg,CARRICKFERGUS,National,Lamppost-mounted,Ulster Banner,5,2025-08-06 22:51:06.504904+00,May,false,,
a6a35a7b-c45a-4729-b859-092fe43a1b83,K5BT7F7qPL-fD2F_cm9lsQ_300_box0.jpg,METROPOLITAN_NEWTOWNABBEY,National,Lamppost-mounted,Union Jack,5,2025-08-12 15:33:39.902057+00,Pat,false,,
a6a6f21d-bec6-499c-bb2a-3e83565e32a5,h0KFIlTjdOiCp6PjpS2eww_000_box0.jpg,BELFAST_CITY,Review,,,,2025-08-14 14:11:28.856137+00,Pat,true,Complex case,
a6cd4f39-c72e-4969-89ea-ae7227800fc7,cB5iG8C8AbyfjGs0V7DPtg_060_box0.jpg,BELFAST_CITY,Proscribed,Lamppost-mounted,YCV,5,2025-08-17 15:48:14.683066+00,May,false,,
a6e110cf-2f03-4a29-8cc7-f9c28b0e59a4,LKb2bAKsDLogceVDJuZ6IA_000_box0.jpg,BANGOR,National,Lamppost-mounted,Union Jack,5,2025-08-07 09:13:50.888491+00,May,false,,
a6f35841-9139-4ea3-b5bf-86baa0e290cd,9GQzdLgdO_C9--La-pqCVA_300_box0.jpg,COLERAINE,Review,,,,2025-08-17 16:17:56.976887+00,May,true,Unclear image,
a701143f-690d-4234-9d00-b8a706d2b5f9,TJmezl6Rw7wSAC1K7agXNg_240_box0.jpg,CRAIGAVON,National,Pole-mounted (in ground),Union Jack,5,2025-08-14 12:21:57.556738+00,Pat,false,,
a7020344-0b5e-44f2-a5d0-14deb75cba9f,VWaARWBMH8fPK2cVcUMaMQ_300_box0.jpg,LISBURN_CITY,National,Lamppost-mounted,Ulster Banner,5,2025-08-28 20:42:13.982367+00,May,false,,
a759a511-42d1-4147-a1cb-adc83cac0871,wHeoLZBe34HWGObqV28u1g_240_box0.jpg,LISBURN_CITY,Proscribed,Lamppost-mounted,Other Proscribed,5,2025-08-28 19:59:14.094261+00,May,false,,
a75be9d1-b1a8-459f-b0bd-a5e5ff56d959,-PXkg1Lz11k5YQKZjLYHiA_180_box0.jpg,CRAIGAVON,National,Lamppost-mounted,Union Jack,5,2025-08-17 18:24:00.520735+00,May,false,,
a76667ae-f4bf-412a-b7cb-2ef866f220d4,0RBVGgEyG3eK0Iq8r1IG0Q_120_box0.jpg,ARMAGH,National,Lamppost-mounted,Union Jack,5,2025-08-13 22:33:20.810693+00,May,false,,
a7707629-4f88-4c32-9ca6-a6ad4cb9834a,A5qtGXtRiyaQO4rov5yZZg_180_box0.jpg,BELFAST_CITY,National,Building-mounted,Union Jack,5,2025-08-13 09:07:13.7235+00,Pat,false,,
a771f74a-3d35-4366-98c5-f385bacd3ba6,s6Uftdx9wb9C4QYdTfQTWw_180_box0.jpg,COLERAINE,National,Building-mounted,Union Jack,5,2025-08-13 22:15:11.867816+00,May,false,,
a7c50103-39ca-4ab8-aadb-a3b5bf1240c4,qCROtSl7f36357F35AZOKg_000_box0.jpg,BELFAST_CITY,National,Building-mounted,Union Jack,5,2025-08-12 14:52:56.574203+00,Pat,false,,
a7cc8ad8-0f6b-4fa5-86ca-e53970734a60,Xji_pkbeGqbdqCH75_ZWhg_300_box0.jpg,BALLYMENA,National,Lamppost-mounted,Ulster Banner,5,2025-08-12 15:22:07.021765+00,Pat,false,,
a7cf0d33-acc0-49a9-bda1-38484031c7ba,dkFxGaa5T6RTK4vBpg4lmg_060_box0.jpg,METROPOLITAN_CASTLEREAGH,National,Lamppost-mounted,Ulster Banner,5,2025-08-14 13:58:40.576046+00,Pat,false,,
a7dcace8-c2b1-492e-af58-577adb8e574f,LjAF1JPXIaDdJ7M0tZZ6bQ_060_box0.jpg,BANGOR,National,Lamppost-mounted,Union Jack,5,2025-08-29 08:52:37.106907+00,May,false,,
a7e41d7d-5df3-4de9-b0ac-950f76d64339,GCnnQA6OPSk5KwlIpuEf9Q_240_box0.jpg,BELFAST_CITY,National,Lamppost-mounted,Ulster Banner,5,2025-08-14 13:37:40.943055+00,Pat,false,,
a804668d-be89-4a08-8af7-5a9a5f2381c0,oB5NRT1JKCnMsgOddVwc2w_180_box0.jpg,BELFAST_CITY,National,Building-mounted,Union Jack,5,2025-08-14 13:51:16.727217+00,Pat,false,,
a80c6160-d3f1-40ec-bc07-d462166ec67e,mYZm5QgRkpMeZ6IDUMod2A_000_box0.jpg,BELFAST_CITY,Proscribed,Lamppost-mounted,UDA,3,2025-08-15 00:50:33.989756+00,May,false,,
a8299402-7f62-429b-983a-f8a01574b76a,8xeg1VKCHyBxp8dlFoUMjw_060_box0.jpg,BELFAST_CITY,National,Building-mounted,Union Jack,5,2025-08-28 20:31:57.330415+00,May,false,,
a8334cb9-6f4f-4a91-82d0-18417f13a13d,hZ1Tx7_LwIHhZTzXT8b4SA_300_box0.jpg,BELFAST_CITY,National,Pole-mounted (in ground),Union Jack,5,2025-08-14 11:15:10.695735+00,Pat,false,,
a84576c8-4803-4e09-827e-e268e0635d8a,9OBnz_ov5jRiIy_gLn3xxQ_300_box0.jpg,METROPOLITAN_NEWTOWNABBEY,Review,,,,2025-08-08 17:53:53.483406+00,May,true,Unclear image,
a8462080-36a3-45e0-99bf-f9e774a357ab,VZ_wSWDHxckXFKJiHaOyaQ_180_box0.jpg,BELFAST_CITY,National,Building-mounted,Ulster Banner,5,2025-08-13 08:27:52.215298+00,Pat,false,,
a849bca0-d33b-4e93-a88a-5c48cfeb9447,eVpyesdpT2i8Dv99LSvHIA_060_box0.jpg,NEWTOWNARDS,National,Building-mounted,Union Jack,5,2025-08-14 10:56:44.555684+00,Pat,false,,
a84b8e60-5d7a-405d-aa72-d0689a43f252,Hgfi2Roa-wOgjCyzRJXOVg_240_box0.jpg,ENNISKILLEN,National,Lamppost-mounted,Union Jack,5,2025-08-15 20:57:14.777872+00,May,false,,
a8509bc3-04f2-4d56-ad78-0874617d48c5,3o7TUZI9QiPQ62U6slHzSA_000_box0.jpg,COMBER,National,Pole-mounted (in ground),Union Jack,5,2025-08-22 22:30:11.681833+00,May,false,,
a855cf0e-b799-4e0a-ba8a-5825e267c25d,8uVcFs5ETUMyWQwm6hU2OA_120_box0.jpg,BELFAST_CITY,National,Lamppost-mounted,Ulster Banner,5,2025-08-14 12:30:37.508031+00,Pat,false,,
a86e1ce3-300c-4e3e-b323-d3dc8c4d65a3,UyiLviC7Cu6crRyn6mh97w_240_box0.jpg,LISBURN_CITY,National,Lamppost-mounted,Union Jack,5,2025-08-17 18:43:35.532373+00,May,false,,
a87387d7-c59a-4bc3-a2cc-c940225aff24,3r3_lWrgTeZILfEiDBOv5w_060_box0.jpg,BANGOR,National,Pole-mounted (in ground),Ulster Banner,1,2025-08-08 09:07:57.821735+00,May,false,,
a87434b5-3d2e-4871-829f-69e159c9988b,JA7MrN6aTDYe0bL5j8rqkQ_180_box0.jpg,BELFAST_CITY,National,Building-mounted,Union Jack,5,2025-08-12 15:17:43.758848+00,Pat,false,,
a88f516b-0b8a-4df9-86f4-5e7d20f0c7c8,baVOpqc3aLrgLOLvvydvzQ_060_box0.jpg,CARRICKFERGUS,Historical,Lamppost-mounted,Battle Standards,5,2025-08-29 08:23:41.498509+00,May,false,,
a8a817d6-5f91-4801-ae11-946c20b2cf65,KcD0-sGlcq_n-fXGfZQ-yQ_240_box0.jpg,LARNE,National,Lamppost-mounted,Union Jack,5,2025-08-13 16:20:18.915836+00,Pat,false,,
a8ae5c97-e88e-4fc8-9c34-4671a70696d5,07ZpMUIHox95Lt9OIn3JrQ_000_box0.jpg,CARRICKFERGUS,National,Building-mounted,Union Jack,5,2025-08-07 20:00:02.251631+00,Byron,false,,
a8b898c2-d031-4bc1-ade3-c31938743af7,NZyTX_SGRt1H3OBvK78aig_180_box0.jpg,METROPOLITAN_NEWTOWNABBEY,National,Pole-mounted (in ground),Union Jack,5,2025-08-14 09:29:22.002141+00,Pat,false,,
a8b8efd4-4a31-4951-b348-da90a3003a64,nR9clymANPNWZzwdZ3xEjg_060_box0.jpg,OMAGH_TOWN,National,Lamppost-mounted,Union Jack,5,2025-08-14 09:26:04.778697+00,Pat,false,,
a8ba4a5e-da4a-4396-8380-d5354f42b61d,EugRdM3EnILtjQJnGiNviw_060_box0.jpg,COLERAINE,Sport,Lamppost-mounted,GAA,5,2025-08-12 15:33:17.668111+00,Pat,false,,
a8bab4a1-4053-46f4-8a2a-c6dec873d866,l11iRfl8hoV0wDay-4QTCw_180_box0.jpg,MOIRA,National,Lamppost-mounted,Union Jack,5,2025-08-14 10:16:15.593206+00,Pat,false,,
a8c1bdeb-e49d-4247-b8c3-1f35848e2ed0,zbxsTiZWeVF-JoVRAExucQ_060_box0.jpg,ENNISKILLEN,National,Building-mounted,Union Jack,5,2025-08-14 12:39:12.567439+00,Pat,false,,
a8cbcaa3-33b0-481d-9d10-156663bd88ca,74ew9IFkyrk44QtfsSIk5Q_000_box0.jpg,ANTRIM,National,Lamppost-mounted,Ulster Banner,5,2025-08-22 22:30:38.292183+00,May,false,,
a8d113c0-a787-4a12-b53f-3bc3e8d37906,Z5gd-rGITobEripGEKEliQ_060_box0.jpg,CRAIGAVON,National,Building-mounted,Union Jack,5,2025-08-29 08:50:06.96528+00,May,false,,
a8dd507b-330b-4ad9-9857-35b3adfc2cbd,VQGMlDXxjRtFpApXsqsFQQ_240_box0.jpg,LISBURN_CITY,National,Lamppost-mounted,Ulster Banner,5,2025-08-17 16:48:57.236096+00,May,false,,
a8eaddd0-d4e8-4cba-b2f3-e4d54d1f382b,8Nr4BEEfFrokNNTuwjRtIg_120_box0.jpg,BELFAST_CITY,National,Lamppost-mounted,Union Jack,5,2025-08-17 17:05:54.364648+00,May,false,,
a90a8763-cf2a-4cec-85a1-3111468f8aa6,NC-3yDsbF2mbRuxhVG2RRA_240_box0.jpg,METROPOLITAN_NEWTOWNABBEY,National,Building-mounted,Ulster Banner,5,2025-08-09 11:54:17.258935+00,Byron,false,,
a91a7cb4-4546-4f9e-93aa-87842835ad33,Qg6hjldtXzNiyLuFgRArpA_120_box0.jpg,BELFAST_CITY,Review,,,,2025-08-17 16:19:03.503321+00,May,true,Unclear image,
a925996c-d9d5-436f-bd38-61ce1f8aad49,wwTpQsDKkEH9mh_xh09Cug_240_box0.jpg,LISBURN_CITY,National,Lamppost-mounted,Union Jack,5,2025-08-14 10:15:40.000249+00,Pat,false,,
a9361b7a-162e-40b3-a55f-6c4a3ec386d7,PmRxMc4cV8AIhACKBAM9FA_180_box0.jpg,LARNE,National,Lamppost-mounted,Ulster Banner,5,2025-08-14 12:49:35.166513+00,Pat,false,,
a946043a-f27c-4fa8-826a-a9937185d974,3N-daAk0scuUcyzKUPTriQ_300_box0.jpg,ENNISKILLEN,Review,,,,2025-08-14 13:54:37.379099+00,Pat,true,Not a flag,
a94e5b91-fc78-4387-97b7-645b17b1e4e5,KMBeU-o2MmI3yAlX8imRig_120_box0.jpg,CRAIGAVON,National,Lamppost-mounted,Union Jack,5,2025-08-29 08:15:34.605607+00,May,false,,
a96fa27b-5b1b-465c-b545-f9ab12cede5b,H64cqtVDrjjSPWCI9eCFVg_300_box0.jpg,BELFAST_CITY,National,Lamppost-mounted,Ulster Banner,5,2025-08-13 22:28:20.030196+00,May,false,,
a97653df-e79e-4798-b773-86d372afff62,kPP5yc0ZYKRMAal8PypvNA_000_box0.jpg,BELFAST_CITY,National,Building-mounted,Union Jack,5,2025-08-14 14:15:06.726375+00,Pat,false,,
a998d30d-a946-452b-a3fe-16a82b7ad30f,Xyr0n39Ec_Qn399WJc0MCg_240_box0.jpg,LISBURN_CITY,National,Building-mounted,Union Jack,5,2025-08-13 16:19:57.460975+00,Pat,false,,
a9af18f2-f4d7-477d-9105-6b82ee1e916f,TPdWpqCs0ii4hT3woblILw_180_box0.jpg,BANGOR,Review,,,,2025-08-09 11:44:31.41265+00,Byron,true,Not a flag,
a9b6f92e-1a00-446a-b2dc-5ab56884d111,EXWquDtf6JMa2vs08TrYDQ_060_box0.jpg,CARRICKFERGUS,Review,,,,2025-08-07 19:56:51.542004+00,Byron,true,Unclear image,
a9ea47ad-ddea-4f0e-9a8b-8728deb5d792,mRBmpcrrsit_v0fkLi-vpg_240_box0.jpg,BELFAST_CITY,National,Building-mounted,Union Jack,5,2025-08-17 15:05:51.069616+00,May,false,,
a9ef3061-c108-4384-bcec-d21c10f28f58,95rKI-p68-MBXGgLoSdeCQ_180_box0.jpg,BELFAST_CITY,National,Lamppost-mounted,Union Jack,5,2025-08-14 10:39:11.49657+00,Pat,false,,
aa2436ba-f55c-4903-af6d-b578e5394391,VMhJG45mX1Chr_bNdmsZTQ_240_box0.jpg,LISBURN_CITY,National,Building-mounted,Union Jack,5,2025-08-29 08:49:07.150658+00,May,false,,
aa270404-d90d-4ae5-b5dd-5567a62970c4,YAf7jlDiyFVcmZ27m_Vunw_300_box0.jpg,BELFAST_CITY,National,Pole-mounted (in ground),Ulster Banner,5,2025-08-14 13:23:05.594918+00,Pat,false,,
aa29d2a8-1f26-459b-ad05-e07805f2f241,Cheo2zhbGJnJv3sZm0ilSg_180_box0.jpg,BANGOR,National,Lamppost-mounted,Union Jack,5,2025-08-28 19:54:05.510386+00,May,false,,
aa2b656f-098d-45d1-99ed-1defc5a0eea9,hEFYEQOlL5GhmrRAVnc0Dg_300_box0.jpg,ANTRIM,National,Pole-mounted (in ground),Union Jack,5,2025-08-14 12:38:51.792647+00,Pat,false,,
aa333baa-67ad-43b5-a6b6-82ff096ab54c,DnNtZ68qAdv5YOO0T_aGoA_240_box0.jpg,LISBURN_CITY,Review,,,,2025-08-14 11:17:43.237949+00,Pat,true,Unclear image,
aa33c793-ec55-46dd-8f7d-fab6ba43d77c,jUpOfsRHHevOykSxAKNNlA_240_box0.jpg,LIMAVADY,National,Lamppost-mounted,Union Jack,2,2025-08-07 20:07:58.666015+00,Byron,false,,
aa3e01a6-e995-4dcc-a98c-129883d5ab4d,JiYjb5sg3GVLeHCi1LicBQ_060_box0.jpg,BELFAST_CITY,Review,,,,2025-08-13 08:31:18.956443+00,Pat,true,Other,
aa5a5dcb-ad8e-4e30-8349-1bd49947c430,g-tTnND3T48Z_m_KU079JQ_240_box0.jpg,CARRICKFERGUS,National,Building-mounted,Union Jack,5,2025-08-14 09:33:56.849773+00,Pat,false,,
aa69549f-f5e2-4ce0-961c-556fe428353c,XOzlYa7hjJteTDTbtDLbZA_060_box0.jpg,BANGOR,International,Building-mounted,Other International,5,2025-08-14 10:22:31.731705+00,Pat,false,,
aa75af0d-7caa-40ec-8803-3dd495ecfac5,c1ogZ7_nY-bhLEOkb3E4nw_000_box0.jpg,BELFAST_CITY,National,Lamppost-mounted,Union Jack,5,2025-08-28 20:10:10.053034+00,May,false,,
aa88935f-2bba-48fc-b2bd-7ac1c368701a,2nU9ZjXkrXKcq1MoXMCfdA_180_box0.jpg,LIMAVADY,National,Lamppost-mounted,Irish Tricolor,5,2025-08-07 20:10:58.501571+00,Byron,false,,
aa8dc382-dd3d-4bf9-b263-59d25a8e3419,bLJJkSyYA2t3npyumT_6gA_240_box0.jpg,BELFAST_CITY,National,Lamppost-mounted,Union Jack,5,2025-08-13 22:42:26.306866+00,May,false,,
aac9e100-7561-48bd-959c-dab0a5e7c2af,DOavzrDdQUrPCa9CZqkldw_300_box0.jpg,DUNGANNON,National,Lamppost-mounted,Ulster Banner,5,2025-08-15 20:51:33.232271+00,May,false,,
aad143a4-71cc-4cee-a6d2-ab56aae208f3,bEQnTBnkhPoWZN81reGALQ_120_box0.jpg,NEWTOWNARDS,National,Lamppost-mounted,Union Jack,5,2025-08-14 13:07:30.781468+00,Pat,false,,
aaea0fe4-16dd-4e0c-b9be-c144ea68029c,-mbA_yV9jyl-fBf9AHiIOg_180_box0.jpg,METROPOLITAN_NEWTOWNABBEY,National,Lamppost-mounted,Union Jack,5,2025-08-17 14:39:32.291768+00,May,false,,
ab15f0c8-0723-4259-bc06-3b0b4b61bddb,KMLb2n1dHYuOzbJqRyDC1w_300_box0.jpg,BELFAST_CITY,National,Building-mounted,Union Jack,5,2025-08-28 20:32:38.345713+00,May,false,,
ab19987f-8a49-4f9f-8c02-cf11d3a81082,4wHkiZg4sbEAdHEeKy1hLg_300_box0.jpg,NEWRY,National,Lamppost-mounted,Union Jack,2,2025-08-07 20:17:41.89022+00,Byron,false,,
ab4a04d8-c29b-4a44-9c6d-60f1ee6c6801,JDxCZDhyAh-hVmoCKuD2mg_060_box0.jpg,BANGOR,National,Lamppost-mounted,Union Jack,5,2025-08-09 11:44:16.015197+00,Byron,false,,
ab561245-0599-49d4-b426-27241e025b05,nR9clymANPNWZzwdZ3xEjg_060_box0.jpg,OMAGH_TOWN,National,Lamppost-mounted,Union Jack,5,2025-08-17 16:22:24.858908+00,May,false,,
ab67aeec-4932-462b-a580-cddbd20aa126,rAgeo7qDvwFdOexi96Dy2g_300_box0.jpg,LISBURN_CITY,National,Lamppost-mounted,Scottish Saltire,5,2025-08-17 16:18:05.02865+00,May,false,,
ab67d968-b6b9-4b59-9785-0d8af9b97d91,eeT97MJ4ebN0lHhdPMn1jA_240_box0.jpg,NEWRY,Review,,,,2025-08-07 09:06:35.515882+00,May,true,Not a flag,
ab6cb14f-5193-43a7-b931-71c084e0fe4a,Tr5KgOZLrspiNZCn1hSDow_120_box0.jpg,DERRY_CITY,National,Lamppost-mounted,Irish Tricolor,5,2025-08-15 20:52:29.671488+00,May,false,,
ab781ccf-7923-4594-bd7b-c68d09f48678,NWXX0B083MmCmpWH8YTUtw_180_box0.jpg,LISBURN_CITY,National,Lamppost-mounted,Union Jack,5,2025-08-12 15:12:31.21798+00,Pat,false,,
ab8043a8-8d22-4975-87fc-dbb768f363cf,_UXwNu3O0lmX3ZuduO7ssw_180_box0.jpg,BELFAST_CITY,National,Lamppost-mounted,Union Jack,5,2025-08-29 08:40:58.951962+00,May,false,,
ab845309-fd4a-4c03-b16d-17997be2c521,MIcQxCexPT3h7X8-mK8rBA_000_box0.jpg,ANTRIM,National,Lamppost-mounted,Union Jack,5,2025-08-22 22:09:00.462906+00,May,false,,
ab8c2144-67cb-4f7c-9053-94ac8e858898,_yYSRfvX_WWLStkvkDgugA_240_box0.jpg,METROPOLITAN_NEWTOWNABBEY,National,Lamppost-mounted,Union Jack,5,2025-08-13 22:46:45.740611+00,May,false,,
ab926240-0774-48e4-bd1f-11fad8cf20a2,cTUp_Hu82l29FoANlkcW6Q_000_box0.jpg,BALLYMENA,National,Lamppost-mounted,Union Jack,5,2025-08-28 19:51:55.293185+00,May,false,,
aba963fa-730d-4b35-a85f-f59c23f8d461,w2n-h8VCoJ8DVGVxsqBuNQ_000_box0.jpg,BANGOR,National,Lamppost-mounted,Union Jack,5,2025-08-12 15:23:09.974617+00,Pat,false,,
abb1dc5b-4ee5-4e6d-868a-c9679caf2e6a,KrqPzGT7cM7arTPeG5dGaA_180_box0.jpg,BELFAST_CITY,National,Building-mounted,Union Jack,5,2025-08-14 14:11:19.405+00,Pat,false,,
abf30226-664f-4178-973f-f333fb70d20e,cqnvtbzUHrcXDO0I6vWbIw_240_box0.jpg,METROPOLITAN_LISBURN,National,Lamppost-mounted,Union Jack,5,2025-08-28 20:25:20.016839+00,May,false,,
ac16e4f1-9745-4786-820a-8b8fe2905fbc,lu_yYSc1FI1d_elXTOJNBw_300_box0.jpg,NEWRY,National,Lamppost-mounted,Irish Tricolor,4,2025-08-07 20:16:00.683076+00,Byron,false,,
ac207d99-4c21-45bb-b23e-df3835d2fea2,g1BSGmi3-KCpRKQWUox8Jg_000_box0.jpg,LISBURN_CITY,National,Lamppost-mounted,Union Jack,5,2025-08-14 10:06:48.46883+00,Pat,false,,
ac2a9983-bd25-4d56-8def-f0f697171b48,qRbrUaHhDUVHu3g9clqsww_000_box0.jpg,BALLYCLARE,National,Lamppost-mounted,Union Jack,5,2025-08-28 20:27:34.407249+00,May,false,,
ac33280f-25ee-4018-a922-718fa29fcb2e,YkzfMNcdskZMPRUsRQ_N1A_000_box0.jpg,CARRICKFERGUS,National,Building-mounted,Union Jack,5,2025-08-29 08:44:12.099662+00,May,false,,
ac3ca64b-6a7f-4d7e-a9fc-28503120bf72,dcczb5YbHyOa3DzZrr7EYg_120_box0.jpg,LISBURN_CITY,National,Lamppost-mounted,Union Jack,5,2025-08-29 08:21:27.952412+00,May,false,,
ac44ac46-e58c-48a5-9cba-86c5215d8a0b,enp73mHU2bEg44klR0rwMQ_300_box0.jpg,METROPOLITAN_CASTLEREAGH,National,Pole-mounted (in ground),Union Jack,5,2025-08-28 19:51:50.852178+00,May,false,,
ac4eb2ac-4b34-41b6-b611-40ecef2e16ef,YDDtS0WJCoA7P_fzrQ9jkg_060_box0.jpg,BELFAST_CITY,National,Lamppost-mounted,Union Jack,5,2025-08-13 22:12:44.14471+00,May,false,,
ac62f310-dea4-466e-992f-1ada06778ad5,rAgeo7qDvwFdOexi96Dy2g_300_box0.jpg,LISBURN_CITY,National,Lamppost-mounted,Scottish Saltire,5,2025-08-13 16:36:27.83215+00,Pat,false,,
ac6e41c1-06f7-43ae-a8ff-1534f9e77a9a,7W_1RaEmy96F8EbiqMzNjA_000_box0.jpg,BELFAST_CITY,National,Lamppost-mounted,Union Jack,5,2025-08-14 13:35:11.347629+00,Pat,false,,
ac9a82ba-65a2-4f2f-9de4-2c351b4584ea,ayuLjBtP6_DjlmKA_1l3ZQ_180_box0.jpg,BELFAST_CITY,National,Building-mounted,Union Jack,5,2025-08-13 22:47:34.228924+00,May,false,,
acb83f7e-adb6-4b6a-a779-086149fef6f2,gRnczYpsbuxrvO94TM9y1Q_000_box0.jpg,METROPOLITAN_NEWTOWNABBEY,National,Building-mounted,Union Jack,5,2025-08-17 16:15:35.751662+00,May,false,,
acc00dd4-a8d9-49c4-90dd-4b9c640f4283,sqIJmPoY7Wx0ZWCoLikK4g_060_box0.jpg,BELFAST_CITY,National,Lamppost-mounted,Ulster Banner,5,2025-08-14 09:45:58.311695+00,Pat,false,,
acc60317-513c-4c76-bd9e-42cc1edd3c72,jatWD3EpaJYYKQaGFBW_yQ_180_box0.jpg,BELFAST_CITY,National,Lamppost-mounted,Union Jack,5,2025-08-12 15:15:48.401486+00,Pat,false,,
accb0a19-2017-4a51-98b2-849c01d67b0a,LRnFs8fX-ITNBqKPjDtxXA_120_box0.jpg,MAGHERAFELT,National,Lamppost-mounted,Union Jack,5,2025-08-14 11:05:12.566768+00,Pat,false,,
ace92cdd-1c93-4175-b56e-ab696bddf99c,csMYoBAx7UsQ10mcsjBPLw_300_box0.jpg,BANGOR,National,Lamppost-mounted,Union Jack,3,2025-08-09 11:44:22.633275+00,Byron,false,,
acebd6b0-8fff-4fb4-a2f0-13fde4c2de5d,6A1VxOwIlhE3RaikFlffRw_060_box0.jpg,CRAIGAVON,National,Pole-mounted (in ground),Union Jack,5,2025-08-12 15:06:12.112227+00,Pat,false,,
acfa3fa6-86f3-46e5-ac1a-c432a0a5f51d,A7PeLrtCHxHaqCSUI2FZ1A_060_box0.jpg,LISBURN_CITY,National,Building-mounted,Ulster Banner,5,2025-08-29 08:30:36.3753+00,May,false,,
acff247f-1565-46ca-8b55-541d98e5836a,APgmkiAxyQSy7xn7oapZKw_000_box0.jpg,CARRYDUFF,National,Pole-mounted (in ground),Union Jack,5,2025-08-14 13:08:50.095181+00,Pat,false,,
ad264c8c-57ac-4d7f-add0-f9eb252ce260,8v9ox7jPm0rVj8ounMS__g_240_box0.jpg,BELFAST_CITY,National,Lamppost-mounted,Union Jack,5,2025-08-17 14:28:18.228832+00,May,false,,
ad307abb-7108-4fa1-8d50-9adadd8d8ef6,Ufv4d2AzJOQCO_HZmYP_Fw_000_box0.jpg,COLERAINE,National,Lamppost-mounted,Ulster Banner,5,2025-08-14 12:25:06.969238+00,Pat,false,,
ad3985bf-c14e-4b82-a5d8-bafdf234b059,8eyEKGqHXWbf99QcdbtbCg_120_box0.jpg,CARRICKFERGUS,National,Pole-mounted (in ground),Union Jack,5,2025-08-06 22:04:49.235643+00,May,false,,
ad3e3b5f-30f7-4650-9725-d755a2793647,gXWlZ0X0_NWIkUScV9WVJw_060_box0.jpg,BELFAST_CITY,National,Building-mounted,Union Jack,5,2025-08-12 16:11:22.462906+00,Pat,false,,
ad3f2748-4342-485c-baba-42ed113f4137,Ua7Y_W32C09C93JSAF_UmA_060_box0.jpg,COMBER,National,Pole-mounted (in ground),Union Jack,5,2025-08-14 09:45:49.746402+00,Pat,false,,
ad5590da-5716-456c-bcef-4b6d8a06c902,aWvygKl5qMcyUg4fregH9Q_060_box0.jpg,CRAIGAVON,National,Building-mounted,Union Jack,5,2025-08-28 20:10:48.307199+00,May,false,,
ad5baae4-765a-4ca1-be73-bc7bc3554f1a,6tr2UA8sMr5iape7Y1n-sw_000_box0.jpg,BELFAST_CITY,National,Building-mounted,Union Jack,5,2025-08-17 17:08:10.352259+00,May,false,,
ad7a5f49-cf57-4088-b9f6-88db76403a92,W8-L8yau0iE7mt3Hb2PgZQ_240_box0.jpg,NEWRY,Military,Lamppost-mounted,UDR,2,2025-08-07 09:03:13.235649+00,May,false,,
ad7abc31-434e-427f-8021-598acc76d4ea,ljrlVohtJrNfse55WYhnzg_000_box0.jpg,BELFAST_CITY,International,Building-mounted,Other International,5,2025-08-22 22:04:28.263473+00,May,false,,
ad8c2a98-721c-410f-9d63-1616cd3733ce,0JdHz_g8AMbxHszsVz3EnA_120_box0.jpg,BELFAST_CITY,National,Lamppost-mounted,Union Jack,5,2025-08-22 22:16:52.790826+00,May,false,,
ad9487d3-14e1-414c-bb61-f3fcddc7fbfc,U14cFp7DkMLcwRyFk7EMaQ_300_box0.jpg,LISBURN_CITY,National,Lamppost-mounted,Union Jack,5,2025-08-22 22:03:32.330597+00,May,false,,
ad9a8e3d-db13-4e71-8219-96579ffac12c,fzu34q7mxjWIlMEYHertiw_120_box0.jpg,CARRICKFERGUS,Review,,,,2025-08-06 22:59:24.845374+00,May,true,Unclear image,
adb00898-6fa6-4f87-bc5f-f96ab2aea9f6,JRD6LGaDvmeeOJJ_buX93w_180_box0.jpg,BELFAST_CITY,National,Pole-mounted (in ground),Irish Tricolor,5,2025-08-12 15:14:13.233923+00,Pat,false,,
add7d7dc-3fcf-495b-a3d3-be4b58618c8a,7FaqMY3u9U2kHSx1hegkwQ_060_box0.jpg,METROPOLITAN_NEWTOWNABBEY,Sport,Pole-mounted (in ground),GAA,5,2025-08-28 20:00:55.264276+00,May,false,,
aded75fe-7fdf-40f6-8594-df55f89887e5,lXeRwdSkgvA8XwHhstUj4A_120_box0.jpg,COOKSTOWN,Fraternal,Pole-mounted (in ground),Royal Black Institution,5,2025-08-17 16:48:39.756678+00,May,false,,
ae0a7d39-ddc1-4955-ac86-bf7904600286,mKW0WJh4U5YfxHSrl3S57Q_180_box0.jpg,ANTRIM,National,Pole-mounted (in ground),Union Jack,5,2025-08-14 12:25:21.402356+00,Pat,false,,
ae0c9cec-9059-4063-b3c6-c9112a7f50c9,lTOC2aUA5rPskmykWSbX8A_000_box0.jpg,PORTRUSH,National,Pole-mounted (in ground),Union Jack,5,2025-08-14 10:36:30.876318+00,Pat,false,,
ae1b013f-a66c-4472-b89a-28a9a44b7718,sKFW3-68IaLuw33xZLG9VQ_060_box0.jpg,BELFAST_CITY,National,Pole-mounted (in ground),Union Jack,5,2025-08-28 20:54:33.672986+00,May,false,,
ae20a4b4-ef80-4a0f-80b1-517f5643d970,kqs8FwttswF8pUJUqLjdEQ_120_box0.jpg,BELFAST_CITY,National,Pole-mounted (in ground),Union Jack,5,2025-08-15 00:34:11.389721+00,May,false,,
ae27519f-8dea-4a34-827e-2ce6d70d6534,V5SnbfNr0_6BYht49Rg4MA_060_box0.jpg,MAGHERA,Review,,,,2025-08-14 10:39:54.755575+00,Pat,true,Not a flag,
ae41bf40-d0cc-45a0-b36e-9f7bdf080667,VR9KGlubrEeG_iUyFrd5Fg_060_box0.jpg,METROPOLITAN_NEWTOWNABBEY,National,Lamppost-mounted,Union Jack,5,2025-08-13 16:28:32.138921+00,Pat,false,,
ae4765fc-6792-4f96-92a8-ab8d785abb8c,p60cUb0eYRi3vmsFcWt8Jw_060_box0.jpg,BALLYMONEY,National,Lamppost-mounted,Ulster Banner,5,2025-08-14 12:45:22.682956+00,Pat,false,,
ae56c853-85c1-4153-af26-367daeeb5149,9amvWZdHg_bF2Xq1Em1hVg_060_box0.jpg,BELFAST_CITY,National,Pole-mounted (in ground),Union Jack,5,2025-08-17 15:34:24.754849+00,May,false,,
ae577149-99cc-4479-ba41-8fb0a36a813f,qkhJtEyHjH63vpDRM6LZFg_300_box0.jpg,METROPOLITAN_NEWTOWNABBEY,National,Lamppost-mounted,Union Jack,5,2025-08-09 11:55:27.865419+00,Byron,false,,
ae64513f-5542-4ac0-92f3-785566f204b1,_Wiyd06eeNVlVD7Z0re8rQ_180_box0.jpg,CRAIGAVON,National,Lamppost-mounted,Union Jack,5,2025-08-17 14:25:21.096219+00,May,false,,
ae969af4-8089-4291-9641-05d246fea811,DQFxSddR9QrZliHUhcHPiA_060_box0.jpg,BANGOR,Review,,,,2025-08-08 09:05:44.429041+00,May,true,Not a flag,
aeb6126b-041d-4176-ac5d-8b6dcd5819b2,MpAXOwUh4Bz_MCwMWW3k9g_240_box0.jpg,CRAIGAVON,National,Building-mounted,Union Jack,5,2025-08-22 22:14:13.66763+00,May,false,,
aed30b1d-4945-4e0a-8ef1-d8b2430c8477,qP-CKiakh06PhyUVj7vw1A_180_box0.jpg,LARNE,National,Building-mounted,Ulster Banner,5,2025-08-13 08:43:08.451671+00,Pat,false,,
af137b53-7027-4697-9fc7-e9a3b5fddc4d,qwh2XfIKhmo-mZXkTuVWfQ_120_box0.jpg,CARRICKFERGUS,Sport,Lamppost-mounted,GAA,1,2025-08-06 22:03:59.239864+00,May,false,,
af1ddab9-d44a-4ee8-a098-08a29916bd82,iAGhk-yexcXqAg6XgTc95Q_000_box0.jpg,METROPOLITAN_NEWTOWNABBEY,National,Lamppost-mounted,Union Jack,5,2025-08-14 09:30:16.908957+00,Pat,false,,
af1eda69-d188-4a29-9d59-36de8f188c9f,UbR24J02IMHYy3l7VD8Gsw_300_box0.jpg,BELFAST_CITY,National,Lamppost-mounted,Union Jack,5,2025-08-22 22:06:56.884874+00,May,false,,
af33d9b8-37f7-405c-8e00-9475936f893d,zYQ3sDNNcUADG8Tw9GTKYg_180_box0.jpg,BELFAST_CITY,National,Building-mounted,Ulster Banner,5,2025-08-14 13:48:48.770503+00,Pat,false,,
af4ec99b-c203-494a-84aa-345f3c814b38,xtlwANTCd_Uecepgotrnwg_060_box0.jpg,BELFAST_CITY,National,Pole-mounted (in ground),Union Jack,5,2025-08-14 13:19:39.685+00,Pat,false,,
af5089f3-b987-47ad-a544-a659ecdfd78d,GW61U3rSDTeSaB6eIQ6Gvw_180_box0.jpg,BELFAST_CITY,National,Lamppost-mounted,Ulster Banner,5,2025-08-28 20:25:15.039209+00,May,false,,
af5c66a0-13da-4a1d-b4d0-0ed9061616aa,le-p15NTyscitmERWDF1Ig_180_box0.jpg,BALLYMENA,National,Lamppost-mounted,Union Jack,5,2025-08-14 12:57:21.905645+00,Pat,false,,
af5efb8f-08f5-4279-b908-0d4892ed2cbc,zs0gtL41bkB-HwQkEVpsng_300_box0.jpg,ANTRIM,Sport,Lamppost-mounted,Supporters Club,5,2025-08-28 19:49:32.350344+00,May,false,,
af6ccd97-bef2-419c-bcbd-ec85cd60796e,_NRYrvWsTHhGZ0q34F_D_A_300_box0.jpg,BELFAST_CITY,National,Building-mounted,Union Jack,5,2025-08-13 22:33:25.343424+00,May,false,,
af6ee1b8-f202-4b77-bae4-7c48b225f79e,-CXFpFC_S1W-LbqoK4-x7A_120_box0.jpg,LARNE,National,Lamppost-mounted,Union Jack,5,2025-08-17 17:06:58.198816+00,May,false,,
af7100e6-68fe-4c75-a554-73535c154429,lbxwueQsqk4H-RgV7d4yIw_240_box0.jpg,BELFAST_CITY,Review,,,,2025-08-12 15:49:42.062463+00,Pat,true,Complex case,
af77a0af-83e1-4e96-9b17-d92e60dca387,fqOiDRZ5q9fks53P5p72jw_060_box0.jpg,COLERAINE,National,Lamppost-mounted,Ulster Banner,5,2025-08-29 08:51:52.133585+00,May,false,,
af7b9430-bdd6-4781-92a7-c32451e06c4e,DjAFSRfsFuvls8weDWsZPw_180_box0.jpg,CRAIGAVON,National,Lamppost-mounted,Union Jack,5,2025-08-17 16:01:02.339504+00,May,false,,
af84add3-b202-42f0-985e-cd2e7f6eaf6e,R4qmumPpxmg-KXoIYSTSlA_060_box0.jpg,BELFAST_CITY,National,Building-mounted,Union Jack,5,2025-08-14 14:00:58.696234+00,Pat,false,,
af8b120a-7a85-452f-b1b9-cbc3ad1f6502,kky-btITgt6RfOzh8EIqIA_000_box0.jpg,BELFAST_CITY,National,Building-mounted,Union Jack,5,2025-08-28 20:51:09.642687+00,May,false,,
af992f58-243a-499c-a29e-a156497ebffc,855hyEsnEY_SJ5bEz4Ocww_240_box0.jpg,LISBURN_CITY,National,Building-mounted,Union Jack,5,2025-08-17 17:08:15.430382+00,May,false,,
afa3eca4-1be8-4d19-abff-4613cf96f3b0,3AoYuPoFQjr1CkMkpT_mMw_180_box0.jpg,LISBURN_CITY,National,Lamppost-mounted,Union Jack,5,2025-08-14 12:13:19.782701+00,Pat,false,,
afb228b1-ae00-4e94-87c5-911ad77b6e10,7Iz0EsgdYMOCScFeocGSAQ_240_box0.jpg,BELFAST_CITY,Review,,,,2025-08-14 09:34:03.806167+00,Pat,true,Unclear image,
afd55e94-60b4-49ab-9c12-8096e806f4f5,_itwBq-N_yjC-gIDEg8WdQ_060_box0.jpg,BELFAST_CITY,National,Lamppost-mounted,Union Jack,5,2025-08-15 00:29:16.550342+00,May,false,,
affefbd4-8699-400a-8bc0-7497ba19b87e,XpGjYtprxrYShszwRNHPng_300_box0.jpg,CRAIGAVON,Review,,,,2025-08-14 13:35:42.042814+00,Pat,true,Complex case,
b01afc0e-d835-4423-a152-7d6f596da29d,ze0bGGdnaHmFMecL00Q5uA_240_box0.jpg,CRAIGAVON,National,Lamppost-mounted,Union Jack,5,2025-08-17 14:39:53.325239+00,May,false,,
b0311c80-22f6-4ab6-9979-473cfe7f143e,b8h_JpIj240I0EQL29Ap9Q_060_box0.jpg,CRAIGAVON,Fraternal,Building-mounted,Orange Order,5,2025-08-12 15:17:36.000596+00,Pat,false,,
b033e5b0-867e-4007-b9ce-fabf4173dcf0,iArHDN-eoq8DWS6ZNqJzmQ_060_box0.jpg,LISBURN_CITY,National,Building-mounted,Union Jack,5,2025-08-17 14:38:50.941744+00,May,false,,
b0364758-2a50-4bbe-97cf-16715d580398,u4mWMkT9JO9DAAl3cK7cOQ_180_box0.jpg,METROPOLITAN_CASTLEREAGH,National,Pole-mounted (in ground),Union Jack,5,2025-08-13 16:33:21.238975+00,Pat,false,,
b052d393-5a49-4ae4-b2de-04bcc3862b71,l95yFd_WyyJvYb5i17yytQ_060_box0.jpg,BELFAST_CITY,National,Pole-mounted (in ground),Irish Tricolor,5,2025-08-14 10:31:47.105778+00,Pat,false,,
b05f86c8-2515-4ef2-9dcb-fac9c6a15206,KnqNZt7_eN27u65QTrmmuA_300_box0.jpg,DROMORE_BANBRIDGE,National,Building-mounted,Union Jack,5,2025-08-12 16:15:17.0087+00,Pat,false,,
b061aa3a-a2c8-402c-9ef7-afbebf123bc5,JDxCZDhyAh-hVmoCKuD2mg_060_box0.jpg,BANGOR,National,Lamppost-mounted,Union Jack,1,2025-08-08 09:05:02.064288+00,May,false,,
b06ba123-0f9b-4692-8199-839cf07a1230,TBpoC4jxGMj_8jSSKntpOA_120_box0.jpg,BELFAST_CITY,National,Pole-mounted (in ground),Union Jack,5,2025-08-13 08:39:38.291938+00,Pat,false,,
b088d8d4-592b-4eca-9482-ef46f2bfcfe7,KQEdNt5fSy1QFzsF8jDPsA_300_box0.jpg,COLERAINE,National,Lamppost-mounted,Union Jack,5,2025-08-13 16:27:42.032729+00,Pat,false,,
b0a720d0-0c60-4d51-b26f-26ac6d4d0be4,qtlgD0_OWQ8dVy0_pxCjEg_300_box0.jpg,ANTRIM,National,Lamppost-mounted,Union Jack,5,2025-08-15 00:31:39.622362+00,May,false,,
b0a9790f-4a2a-4b5b-897d-6f1a0eaec979,ycTcVY5F3_0WtXd5ArqHfg_060_box0.jpg,CRAIGAVON,National,Building-mounted,Union Jack,5,2025-08-14 13:02:48.259996+00,Pat,false,,
b0aa7c11-a74d-4381-baaf-4cc4a9825526,KR_nYgPBEZuZ_H2NUp54DA_120_box0.jpg,CARRICKFERGUS,National,Pole-mounted (in ground),Union Jack,5,2025-08-06 20:49:40.756471+00,May,false,,
b0aad164-7462-410e-93c1-b975a6ebd96b,CkuKBXmpBYDpZfxe75-Qfw_120_box0.jpg,DROMORE_BANBRIDGE,National,Pole-mounted (in ground),Union Jack,5,2025-08-12 16:13:17.161253+00,Pat,false,,
b0b8ceea-b446-47b0-b09a-ed24d2c38ddf,JA7MrN6aTDYe0bL5j8rqkQ_180_box0.jpg,BELFAST_CITY,National,Building-mounted,Union Jack,5,2025-08-13 22:09:51.704864+00,May,false,,
b0c412ff-1a8b-4340-8d5b-38c8f5789e79,tsnczyesBCS7YNEeZahgww_240_box0.jpg,BELFAST_CITY,National,Building-mounted,Union Jack,5,2025-08-17 15:41:00.612337+00,May,false,,
b0e71da3-ca22-4dc7-a060-5c349952acff,3rKs5J30MmBsX-RuFzjHRg_300_box0.jpg,BANGOR,Review,,,,2025-08-09 11:45:45.509246+00,Byron,true,Unclear image,
b0f59e19-1fba-4de6-9ffb-53cb4f55a285,Cn8Kk_PHhnsex9f51zm6Xg_060_box0.jpg,BELFAST_CITY,National,Lamppost-mounted,Union Jack,5,2025-08-13 08:48:58.042927+00,Pat,false,,
b11c6c8d-3e04-4db5-b712-67ca21a9f0d3,RTCgZwh2Cx5P8SlEivLhGw_060_box0.jpg,NEWRY,Review,,,,2025-08-07 08:59:25.282245+00,May,true,Not a flag,
b1275b4a-edf3-482c-a410-bcca641bb9eb,IeDga-kXtpybsCaNuNcP5A_000_box0.jpg,BELFAST_CITY,National,Lamppost-mounted,Union Jack,5,2025-08-13 22:02:33.282372+00,May,false,,
b12889a8-479d-40e0-8ba2-8812c4b5c140,J-piZDC8ZnD2rZh96TyyRQ_180_box0.jpg,METROPOLITAN_LISBURN,Fraternal,Building-mounted,Orange Order,5,2025-08-11 18:17:24.510477+00,Pat,false,,
b1380062-bde9-46f8-8dba-4569efbf752c,K97r1Mj8PzWREJqhjiANUg_300_box0.jpg,BALLYCLARE,National,Building-mounted,Union Jack,5,2025-08-14 10:33:00.223871+00,Pat,false,,
b13c29a8-9d56-49b8-900e-53a9914e9e79,6fBX0PV7cOejAKiRgnTtqw_120_box0.jpg,BELFAST_CITY,Review,,,,2025-08-12 15:11:42.410376+00,Pat,true,Complex case,
b1625d7f-a6da-4315-ac44-54b29a04d88a,BwCtYm4lKs3gewdI-IrP7w_000_box0.jpg,BALLYCLARE,National,Building-mounted,Union Jack,5,2025-08-29 08:30:27.846851+00,May,false,,
b16d991c-28d5-4aea-8e7d-a36041ee2ca1,Jz1riXOfrIz9bEmRHWEP8g_060_box0.jpg,BANGOR,Review,,,,2025-08-08 09:07:15.733597+00,May,true,Unclear image,
b1788fd1-2ef4-41a5-9dce-206c71979495,6y4g3Nayoxh31qoTZwQlgA_240_box0.jpg,METROPOLITAN_NEWTOWNABBEY,National,Building-mounted,Union Jack,5,2025-08-13 08:48:43.329186+00,Pat,false,,
b17a94d5-7da9-4681-b768-4ccadfd9423f,3WZNWOhYOag2UzQgPB5HuQ_240_box0.jpg,METROPOLITAN_CASTLEREAGH,Review,,,,2025-08-14 13:19:03.374521+00,Pat,true,Unclear image,
b17e8c0f-da0b-425a-90e9-86c60fc6bba5,tD6t6R4yQjC2e1HKLrpHeg_180_box0.jpg,BELFAST_CITY,National,Building-mounted,Ulster Banner,5,2025-08-17 16:44:41.683648+00,May,false,,
b186abc2-2ad1-4843-b720-afd135250ede,3AoYuPoFQjr1CkMkpT_mMw_180_box0.jpg,LISBURN_CITY,National,Lamppost-mounted,Union Jack,5,2025-08-28 19:59:25.804667+00,May,false,,
b1873a5e-a1ac-49d1-a3c7-18485a239cdd,EdcBb_9vRN4UdNejR1MH3g_300_box0.jpg,LARNE,National,Lamppost-mounted,Union Jack,5,2025-08-12 15:45:08.200168+00,Pat,false,,
b18d38f9-9a89-449d-9299-7b51b67ec4dc,i-K74AGucb_NcZJYIUj5kQ_060_box0.jpg,ARMAGH,National,Lamppost-mounted,Union Jack,5,2025-08-13 22:28:12.027237+00,May,false,,
b19593c8-bbfe-48a5-b06e-636f3ccf2dab,oorIpYzjbqlwf_57aaMBFQ_240_box0.jpg,LIMAVADY,National,Lamppost-mounted,Ulster Banner,5,2025-08-07 20:00:53.707934+00,Byron,false,,
b1b53b97-1f88-4425-bf18-69923846608c,3UhGLB4n36pJjlaPnMc8Kg_060_box0.jpg,BELFAST_CITY,National,Building-mounted,Union Jack,5,2025-08-12 15:29:05.238795+00,Pat,false,,
b1b6d31f-8030-4bcc-96d9-32a99934af29,jOKm5PQIWjOxJOd7Bd1G7A_180_box0.jpg,DERRY_CITY,Review,,,,2025-08-12 16:11:13.634439+00,Pat,true,Not a flag,
b1b9c28a-5860-4bea-a198-8e642f3f0339,Tb2wFW54lfQi9j4z706Hyg_240_box0.jpg,BANGOR,National,Pole-mounted (in ground),Union Jack,5,2025-08-28 19:53:40.628378+00,May,false,,
b1c7bb26-b2be-4d34-b4d0-46177517eba5,yZBBbO3ldZ8Nu_CoHPoyRQ_240_box0.jpg,BALLYMENA,National,Pole-mounted (in ground),Ulster Banner,5,2025-08-14 11:10:58.359647+00,Pat,false,,
b1c8472f-3b79-4354-9c06-404de97d4098,VfQxlBzze81V6HSaMlXCbg_240_box0.jpg,ARMAGH,Review,,,,2025-08-17 16:22:43.482096+00,May,true,Not a flag,
b1d11c8c-4103-4821-84bb-d26da0e9d19d,_3_4zFRP_jsBkrATlV9lxw_000_box0.jpg,LARNE,National,Building-mounted,Union Jack,5,2025-08-14 13:19:55.178125+00,Pat,false,,
b1d5972c-e507-4460-a4f3-54001fa511c1,xFEdi_zId3XmFmF0NcmQug_060_box0.jpg,BELFAST_CITY,National,Building-mounted,Union Jack,5,2025-08-13 08:37:38.191855+00,Pat,false,,
b1d5e7d4-7c9b-44dd-910d-ad64b516b42e,Ifi0geKL2VQeh7tliOCSlA_240_box0.jpg,BELFAST_CITY,Review,,,,2025-08-14 12:34:13.845517+00,Pat,true,Complex case,
b1e77d98-f996-4458-b758-fc115a4b4e9c,tQ7fmRJYWpRJpGYRJicFyw_120_box0.jpg,CARRICKFERGUS,Review,,,,2025-08-17 16:23:26.668135+00,May,true,Unclear image,
b1ea3544-9abc-4adf-9355-36509680f021,-01_vWFaIjOB1KSxBvAH3w_180_box0.jpg,BELFAST_CITY,National,Building-mounted,Union Jack,5,2025-08-11 18:17:08.734652+00,Pat,false,,
b1fa7f52-d647-4ede-aa5a-980d0feb3158,CkEWs8J-f0zGczaX8xtDlQ_120_box0.jpg,CARRICKFERGUS,National,Building-mounted,Union Jack,5,2025-08-14 13:33:44.334336+00,Pat,false,,
b22192fe-aa3a-47ef-ad1b-8b299ac38dee,J-JzYWpjVsLVojfc1L1x5g_120_box0.jpg,BELFAST_CITY,National,Lamppost-mounted,Ulster Banner,5,2025-08-13 08:39:26.632625+00,Pat,false,,
b2257920-2d1e-440e-ba75-3ad7de64d9d7,vxgoyBjN8uL8BftPayaCiA_060_box0.jpg,ARMAGH,National,Lamppost-mounted,Union Jack,5,2025-08-15 20:49:53.903152+00,May,false,,
b23eeb90-b80d-4d46-90f9-fece809baafb,Fff0v7Xust-bscHQi89DMA_000_box0.jpg,BELFAST_CITY,National,Lamppost-mounted,Union Jack,5,2025-08-29 08:43:03.29544+00,May,false,,
b26ffb47-3a26-4c7b-b11d-aab1610162c0,-CXFpFC_S1W-LbqoK4-x7A_120_box0.jpg,LARNE,National,Lamppost-mounted,Union Jack,5,2025-08-14 09:52:58.839443+00,Pat,false,,
b28ea188-8bf4-47d7-829d-6ea9b008855d,-4k2DxqwprJgKOLVhvz0Tw_120_box0.jpg,LISBURN_CITY,National,Building-mounted,Union Jack,5,2025-08-24 10:08:32.366061+00,May,false,,
b2944e1f-ace4-488f-b8e3-375678ccce19,5Cpl3RddbHZr_vjajYqfjg_000_box0.jpg,LISBURN_CITY,Military,Lamppost-mounted,Royal Irish Regiment,5,2025-08-29 08:41:19.372119+00,May,false,,
b2b725a6-3fa3-4948-8724-8ebd3f3b0b5e,541UKFM6ZZ_bVYALkfGsKw_060_box0.jpg,BELFAST_CITY,National,Lamppost-mounted,Union Jack,5,2025-08-13 16:20:15.027668+00,Pat,false,,
b2bf835f-adbb-45c4-9dd6-a8ed7eb9fa32,zXfjyWILbFBMWhaAORayEg_300_box0.jpg,CRAIGAVON,National,Building-mounted,Union Jack,5,2025-08-13 22:40:54.456494+00,May,false,,
b2f22102-5004-4c78-bdce-54305c8847b8,hTch3JZZK1iLZSKU565IWQ_060_box0.jpg,CRAIGAVON,National,Lamppost-mounted,Union Jack,5,2025-08-13 08:46:01.473329+00,Pat,false,,
b2f69f16-7c53-4254-9a8e-0831b6eb98a6,SlUMQgRZpJRAg5tAlq_u7A_180_box0.jpg,BALLYMENA,National,Building-mounted,Ulster Banner,5,2025-08-14 11:07:18.599377+00,Pat,false,,
b31941b8-c4f9-4da5-a39b-3b299a985f5a,c1ogZ7_nY-bhLEOkb3E4nw_060_box0.jpg,BELFAST_CITY,National,Lamppost-mounted,Union Jack,5,2025-08-13 08:51:05.145365+00,Pat,false,,
b33208c2-ce4f-4493-97cd-0b33c84a94aa,SsgBS6RMMQgx0GOwV_9MLQ_240_box0.jpg,BALLYMENA,National,Building-mounted,Union Jack,5,2025-08-13 22:43:53.723659+00,May,false,,
b33981a2-5b46-43a0-9fe0-d029ff56b604,_k_hNn0aN4AWpUn-q_HWfg_120_box0.jpg,METROPOLITAN_LISBURN,National,Building-mounted,Irish Tricolor,5,2025-08-14 14:08:46.337274+00,Pat,false,,
b3442bc3-7232-4c0c-9f08-89189cb87ecd,GJIQp_b014p1eD1GJRNS0Q_000_box0.jpg,BELFAST_CITY,National,Pole-mounted (in ground),Union Jack,5,2025-08-14 14:16:06.578364+00,Pat,false,,
b351fdcd-a141-4b5d-af4b-0f8e3d68aa6c,zB0eOtRNb75oZFNkl6E6ow_240_box0.jpg,TANDRAGEE,National,Pole-mounted (in ground),Union Jack,5,2025-08-29 08:20:34.787248+00,May,false,,
b3584827-0c1a-437b-baa8-a90741cd0ef9,3e5r_AhbzoGhooqFPj-btQ_300_box0.jpg,BALLYMENA,Proscribed,Building-mounted,Other Proscribed,2,2025-08-15 00:51:12.148395+00,May,false,,
b358f0ad-e136-4672-afd2-764cf17ea183,ioWkffbawbiPADuCvkzqPQ_060_box0.jpg,LISBURN_CITY,National,Building-mounted,Union Jack,5,2025-08-14 13:54:57.284319+00,Pat,false,,
b3598447-f251-474c-b6bd-3d98c4cc00af,CBsbpCeE8uv8Qu8fiAtwow_180_box0.jpg,LISBURN_CITY,National,Building-mounted,Union Jack,5,2025-08-12 15:32:11.375444+00,Pat,false,,
b37093ca-c3e7-4917-a96a-39103721892a,gXzS2k0R_2nAIMgJ72FcNw_240_box0.jpg,ENNISKILLEN,National,Building-mounted,Union Jack,5,2025-08-15 20:56:05.059555+00,May,false,,
b392347c-d0ed-4be0-b51a-70dfb629f95e,qjyF95yz8RRs_Tlv3Xezew_060_box0.jpg,BELFAST_CITY,National,Lamppost-mounted,Union Jack,5,2025-08-29 08:31:31.837822+00,May,false,,
b3973fad-189d-49c0-8f86-db6230cc4532,bDD9VVGTxf30CiG6VOFTKw_060_box0.jpg,DERRY_CITY,Sport,Lamppost-mounted,GAA,5,2025-08-14 13:54:10.120049+00,Pat,false,,
b39fa281-25e0-4b11-96ab-6662966ea113,Y-587GdP1aWGOEBmAexvBA_300_box0.jpg,CARRICKFERGUS,Fraternal,Building-mounted,Orange Order,5,2025-08-12 15:52:28.793219+00,Pat,false,,
b3b21050-04bc-49a8-b088-096fda57e380,XNKuMSyBQyo2cM44uvFi9A_120_box0.jpg,BALLYCLARE,National,Lamppost-mounted,Ulster Banner,5,2025-08-24 10:12:56.44251+00,May,false,,
b3b348bf-20fb-4e35-ac8b-0aad5ff12979,k9ZCe2cft6rXsBKis2n0nA_180_box0.jpg,BELFAST_CITY,Review,,,,2025-08-14 12:22:53.289091+00,Pat,true,Unclear image,
b3b6815f-374d-4cde-a254-dd12f616d40e,f1hzamzBcPsmqU6mSWucIw_060_box0.jpg,BELFAST_CITY,International,Building-mounted,Other International,5,2025-08-14 09:47:52.540223+00,Pat,false,,
b3b8ed5c-59f9-412f-a966-3e1162ad4c2c,GW61U3rSDTeSaB6eIQ6Gvw_180_box0.jpg,BELFAST_CITY,Review,,,,2025-08-14 12:45:29.62892+00,Pat,true,Unclear image,
b3dc89a1-00b2-4e9b-a95d-78128354a34e,EfZN5RLlcODb_zF18cGVzg_120_box0.jpg,BALLYMENA,National,Building-mounted,Union Jack,5,2025-08-29 08:33:08.788363+00,May,false,,
b3e4bdd8-7f91-48e4-b2be-cec86232b85b,Lx3Y7KQmrr4imsswdD2E_w_000_box0.jpg,BELFAST_CITY,National,Building-mounted,Union Jack,5,2025-08-12 15:47:24.372106+00,Pat,false,,
b3e4d4c7-7670-4d92-87bf-af60db4abbdb,fxRyJUCJT0ruh163JpYUbA_240_box0.jpg,BELFAST_CITY,National,Lamppost-mounted,Union Jack,5,2025-08-14 14:08:51.161808+00,Pat,false,,
b3f2e10c-90fb-46d2-b10a-36b9b19261a1,_qsirQWdHTvpIrNFNWqoSQ_060_box0.jpg,NEWRY,National,Lamppost-mounted,Union Jack,1,2025-08-07 09:07:19.979152+00,May,false,,
b3fcfdf9-f059-44bf-8ee4-da516f59314b,tzBR3UbZGYT33JNcaDEU3Q_180_box0.jpg,CARRICKFERGUS,Review,,,,2025-08-06 22:44:51.473245+00,May,true,Unclear image,
b4015098-ba92-42f1-93c0-42bd80d9c0ae,k4n4Yk3x1k1U6I_zDXm6pg_180_box0.jpg,CARRICKFERGUS,Review,,,,2025-08-06 22:57:45.395211+00,May,true,Not a flag,
b41df559-107e-45af-a7e0-3527502a7382,3r3_lWrgTeZILfEiDBOv5w_060_box0.jpg,BANGOR,National,Lamppost-mounted,Ulster Banner,4,2025-08-09 11:47:08.948567+00,Byron,false,,
b421a3fc-2b63-44e8-857a-1073b740017a,ESxiB9a8MUBz819cChjrrQ_180_box0.jpg,WARINGSTOWN,National,Building-mounted,Union Jack,5,2025-08-12 15:12:15.309846+00,Pat,false,,
b4289879-3aa4-486c-bee0-51e1b2125644,cLok6B3rg6Us-jhdfHa_kg_060_box0.jpg,BELFAST_CITY,National,Pole-mounted (in ground),Union Jack,5,2025-08-12 15:50:45.6343+00,Pat,false,,
b4312694-fcff-4ba9-9f37-91f59badf200,1GfifGVGhb6gCNmZByV1vg_300_box0.jpg,BELFAST_CITY,National,Building-mounted,Union Jack,5,2025-08-14 13:20:49.230987+00,Pat,false,,
b446127c-2998-444f-aa58-65aff56080dd,1zcbKiPPKy6Nan7RKIJt5Q_060_box0.jpg,OMAGH_TOWN,National,Lamppost-mounted,Ulster Banner,5,2025-08-12 15:16:33.786483+00,Pat,false,,
b44742b2-6aac-4c93-ad74-7bfa935ab17a,IV4S1Uy-752RPCtF5C07PA_060_box0.jpg,CRAIGAVON,National,Building-mounted,Union Jack,5,2025-08-15 20:52:51.69012+00,May,false,,
b45d129f-618e-41ff-9eea-3d2abd580f1c,jUbYfwcW2h98KNmHwp4NBw_240_box0.jpg,DROMORE_BANBRIDGE,National,Pole-mounted (in ground),Union Jack,5,2025-08-12 15:47:39.421988+00,Pat,false,,
b4682747-0d8f-4c8b-8f6f-5fb0dae832a8,-lXeC9XAnZI4YmpVXZZgUQ_180_box0.jpg,BELFAST_CITY,National,Building-mounted,Union Jack,5,2025-08-11 18:10:51.570277+00,Pat,false,,
b46c03af-6ac8-45ad-a04a-7fac9c80ec96,YJsuPai34gKGZAAXfB0heg_300_box0.jpg,METROPOLITAN_NEWTOWNABBEY,National,Building-mounted,Union Jack,5,2025-08-13 16:21:01.507779+00,Pat,false,,
b484058b-9702-466b-b9c7-24e2cede11f0,FUKmfZP517UR15TpnxkjtA_300_box0.jpg,MOIRA,National,Lamppost-mounted,Union Jack,5,2025-08-14 13:03:07.214638+00,Pat,false,,
b489f561-dc46-47ba-ba2c-b7614a251f3e,Q7Uwy9HFMQNkV3x5eVhTJQ_240_box0.jpg,LISBURN_CITY,National,Lamppost-mounted,Ulster Banner,5,2025-08-14 10:39:18.605639+00,Pat,false,,
b48fb8fb-6e9d-4de3-a86e-c9d5d670c711,r-FfY4wwxq2iB9vjXp_T0w_000_box0.jpg,BANGOR,Fraternal,Lamppost-mounted,Apprentice Boys,2,2025-08-09 11:35:53.645581+00,Byron,false,,
b4a21eab-9d0c-4db4-849a-b4392ed803b3,h7Qzsqts5bdargAKQFj3rQ_060_box0.jpg,NEWRY,Sport,Pole-mounted (in ground),Northern Ireland Football,3,2025-08-07 20:12:22.615143+00,Byron,false,,
b4b05d81-aeb2-429a-902a-53e8426f435d,hxHEjZOSqj7UFP9GLXdhVw_180_box0.jpg,BANGOR,National,Pole-mounted (in ground),Union Jack,2,2025-08-08 08:26:56.194235+00,May,false,,
b4b47741-44b4-4363-adfb-771a83097b55,OpJ6ESpG7q_hvVN1SyNpWg_300_box0.jpg,BALLYMONEY,National,Lamppost-mounted,Ulster Banner,5,2025-08-12 15:16:43.252284+00,Pat,false,,
b4b4f3e5-1df0-479b-a7bc-334e2bbad11c,DIGOBYOLld1nQccWV9Eb6g_300_box0.jpg,BANGOR,National,Building-mounted,Union Jack,1,2025-08-07 20:13:30.04895+00,May,false,,
b4b6bf35-4d9b-4cfd-b63d-446133065131,qIwSaOAThVGQNc2gpFUmOQ_060_box0.jpg,METROPOLITAN_CASTLEREAGH,National,Lamppost-mounted,Union Jack,5,2025-08-14 12:47:15.175388+00,Pat,false,,
b4d4fa45-e6a9-49d1-8ec6-b0106f9c4e0f,ZXaNXfPMveXJFUtf0vuIPQ_120_box0.jpg,LISBURN_CITY,National,Lamppost-mounted,Union Jack,5,2025-08-28 20:29:26.573276+00,May,false,,
b4e8dab0-be77-4a35-9336-913dca984cb8,SBmk_X1XVNRcF_2v1Pqo9w_180_box0.jpg,BELFAST_CITY,National,Building-mounted,Union Jack,5,2025-08-28 20:05:08.303115+00,May,false,,
b4ebf340-a78b-4d61-a1cb-d0e76380ab11,uBMd3j2A3hO8YaIR7r-htg_180_box0.jpg,LISBURN_CITY,National,Building-mounted,Union Jack,5,2025-08-13 22:55:10.821854+00,May,false,,
b4fd7cfe-908e-4315-a5d8-6a4e06303f01,bLJJkSyYA2t3npyumT_6gA_240_box0.jpg,BELFAST_CITY,National,Lamppost-mounted,Union Jack,5,2025-08-12 16:00:57.952286+00,Pat,false,,
b507d6c7-6ad9-4338-a612-21f2601fe5cb,6Mf9dyEEFYONzfTLQmhymA_240_box0.jpg,BELFAST_CITY,National,Lamppost-mounted,Union Jack,5,2025-08-28 20:39:09.859124+00,May,false,,
b514d9ee-9a1e-4717-94ae-0c7b3b6a770c,Begcp5m5x1JMQCEQk2i4DQ_240_box0.jpg,CRAIGAVON,Review,,,,2025-08-14 10:38:23.336336+00,Pat,true,Unclear image,
b516b437-1e23-4c0d-95d1-360d7757c94c,qIp5UcscPxnHxp2oX3rJEQ_120_box0.jpg,LARNE,National,Building-mounted,Ulster Banner,5,2025-08-13 16:27:52.716226+00,Pat,false,,
b5223430-059b-4870-8b04-a8c3316139f0,IbrCBFHb8DXEOkKpc_s42Q_180_box0.jpg,METROPOLITAN_NEWTOWNABBEY,National,Lamppost-mounted,Union Jack,5,2025-08-29 08:40:06.313867+00,May,false,,
b522e2be-949f-46f3-8ae2-87aec051e0d1,KgNA-0ozHG3bB2p3u0CGeQ_300_box0.jpg,LISBURN_CITY,National,Lamppost-mounted,Union Jack,5,2025-08-13 22:27:16.863419+00,May,false,,
b5256a74-dd89-40cc-8ea0-3aab23725967,2TXxjHLncolXEe-WBeD3Og_240_box0.jpg,ANTRIM,National,Lamppost-mounted,Union Jack,5,2025-08-14 09:35:59.921468+00,Pat,false,,
b53963eb-8ad5-478c-96b8-cca49d31994b,QBgm36G9AW9zNyHNFkeXyg_000_box0.jpg,BELFAST_CITY,National,Lamppost-mounted,Union Jack,5,2025-08-13 22:13:51.771218+00,May,false,,
b5462483-ad3c-40d9-bdf9-b0185b4574d8,FieVcn3awXffoFOlaWEwgw_060_box0.jpg,BANGOR,Review,,,,2025-08-08 09:09:49.323959+00,May,true,Unclear image,
b554edc2-ec7d-450f-a97b-99ac21803f0e,TjFUTmqTTyCvBO0bmkjeGw_300_box0.jpg,LIMAVADY,National,Lamppost-mounted,Union Jack,2,2025-08-07 20:03:23.669247+00,Byron,false,,
b572c965-21fd-4d69-99ee-a874e3f2f67d,JnehWX4-THbtrMhhp3I-CQ_120_box0.jpg,ANTRIM,National,Lamppost-mounted,Union Jack,5,2025-08-28 20:29:31.923006+00,May,false,,
b589269c-a14d-4ad2-8b28-69f0572d5c62,le-p15NTyscitmERWDF1Ig_180_box0.jpg,BALLYMENA,National,Lamppost-mounted,Union Jack,5,2025-08-28 20:36:27.01327+00,May,false,,
b58b1410-f632-4e80-8aad-ebcb4bffe525,4KXAJsmHVsBVKr8SVER5pQ_000_box0.jpg,ANTRIM,National,Building-mounted,Union Jack,5,2025-08-13 16:24:31.322122+00,Pat,false,,
b5aa8999-f6b9-445a-bdd6-ee87b56616b7,G4vjvUbcHskZdtwTtRsIYA_120_box0.jpg,LISBURN_CITY,National,Lamppost-mounted,Union Jack,5,2025-08-15 00:51:14.880069+00,May,false,,
b5b09f9f-b2bc-4c81-9e5a-57155cd9ee94,1jM5z339FQbkYe9wZV0lIA_000_box0.jpg,LIMAVADY,Review,,,,2025-08-07 20:10:52.026737+00,Byron,true,Not a flag,
b5b54212-0df7-42a2-841c-982c81ff8317,hnIBUB0pLkKSUFi02S0HhA_240_box0.jpg,CARRICKFERGUS,National,Building-mounted,Union Jack,5,2025-08-13 08:39:52.14675+00,Pat,false,,
b5ca6dbe-bc02-4271-b3c5-b2bf4f80b951,CmhtFurFCyjtWL5EVHO1xg_060_box0.jpg,BELFAST_CITY,Fraternal,Lamppost-mounted,Apprentice Boys,5,2025-08-17 14:26:04.121439+00,May,false,,
b5cd5562-69bd-4110-acb3-419d97676de6,QJmIA0r2YhUORKiwYkEVYQ_120_box0.jpg,ARMAGH,International,Building-mounted,Other International,5,2025-08-17 17:01:02.007895+00,May,false,,
b5da756c-6155-4e04-91ea-623220bbc59a,MK-bcKntYgg5yUiQrbOX4Q_180_box0.jpg,LISBURN_CITY,National,Lamppost-mounted,Union Jack,5,2025-08-14 11:11:03.232072+00,Pat,false,,
b5e6f884-0e0f-4a8d-8012-e464bfc21911,Cheo2zhbGJnJv3sZm0ilSg_180_box0.jpg,BANGOR,National,Pole-mounted (in ground),Ulster Banner,5,2025-08-14 11:16:11.662219+00,Pat,false,,
b5ecfbdb-e86f-410f-abfd-ad7a8a2d557c,yFs-Kwk_kTukg9XTkl_ZvQ_300_box0.jpg,LARNE,National,Building-mounted,Union Jack,5,2025-08-14 12:24:58.575236+00,Pat,false,,
b5ff0894-013d-4927-9e21-2939123b1f31,XDLR4XAc-s29bvpKK8mnQg_000_box0.jpg,METROPOLITAN_CASTLEREAGH,Review,,,,2025-08-13 08:53:27.737203+00,Pat,true,Unclear image,
b61facc4-d782-403b-8bb1-247dc4483a29,oX2aAMm4372SCovDt_P8aw_060_box0.jpg,BANGOR,Review,,,,2025-08-07 20:13:18.627569+00,May,true,Unclear image,
b656c58f-45f8-4635-af17-053c8df30b00,TQ8GaBgL7XYSOFFzTGx-vQ_180_box0.jpg,BELFAST_CITY,National,Building-mounted,Union Jack,5,2025-08-14 12:57:03.471949+00,Pat,false,,
b6591103-8d13-462e-a0a3-5823b392c3a0,-9AB8sOzLRZbM7kPK41N9g_120_box0.jpg,BANGOR,Review,,,,2025-08-09 11:44:10.821758+00,Byron,true,Unclear image,
b66b1e5f-a3e0-4049-8a76-95fa1065d937,OtbMwG6FHyDEVnMeaYCHgg_000_box0.jpg,BELFAST_CITY,National,Pole-mounted (in ground),Union Jack,5,2025-08-28 20:42:22.448616+00,May,false,,
b66be2a0-2a4f-4dbd-a3c2-dae9a25bbfc6,WTYXRML_mMvbTmrly4zQaQ_240_box0.jpg,LIMAVADY,Review,,,,2025-08-07 20:05:51.279942+00,Byron,true,Unclear image,
b68941f7-87e2-4f2a-9618-9db372d58df2,qzyLH7PzM6ZJ0zi3V1AGKg_120_box0.jpg,BALLYCLARE,National,Pole-mounted (in ground),Union Jack,5,2025-08-29 08:21:37.04261+00,May,false,,
b6bd68e1-42a3-4089-8f69-0dd7f7a35932,-clKnLHG7a6hTQZ78IWy1Q_000_box0.jpg,METROPOLITAN_LISBURN,National,Lamppost-mounted,Union Jack,5,2025-08-28 20:47:50.230138+00,May,false,,
b6d948e7-f698-4ac4-bbbf-926869730b0c,I0zf11fcobL3RgoTATS-hw_120_box0.jpg,OMAGH_TOWN,National,Lamppost-mounted,Ulster Banner,5,2025-08-17 16:19:12.33406+00,May,false,,
b6db7fd6-f069-4317-86d8-3ae73f2e66f0,Lk6ijocBBIgcv69MJK4IUQ_180_box0.jpg,CARRICKFERGUS,National,Building-mounted,Union Jack,5,2025-08-13 22:40:06.511507+00,May,false,,
b6e4ca73-2ee9-4393-95b4-a30513e03d07,8MkUqz28r6LXXLo2Llslwg_300_box0.jpg,CARRYDUFF,National,Lamppost-mounted,Union Jack,5,2025-08-28 20:43:17.053132+00,May,false,,
b6eb3b4d-26e0-4d9e-bf12-c7d3410976cf,qz60qxjnSSJRltQ8Fxys4g_060_box0.jpg,BELFAST_CITY,Review,,,,2025-08-14 10:34:39.310133+00,Pat,true,Unclear image,
b6ed20cd-20c4-48d3-94dd-ac4460b06d22,G0Esdnim75seQK3cslQeRQ_060_box0.jpg,BELFAST_CITY,National,Lamppost-mounted,Union Jack,5,2025-08-12 15:26:30.098186+00,Pat,false,,
b6efe1ac-ec10-495d-a380-c9fdddac8a2e,PPvNm1SSRpAu_nqoZZtTqQ_180_box0.jpg,BELFAST_CITY,Review,,,,2025-08-14 13:31:05.826151+00,Pat,true,Complex case,
b714eddf-d2c0-4912-93c9-3612514104be,M1k_72RFtxrDourJ-0bZLQ_000_box0.jpg,BELFAST_CITY,National,Pole-mounted (in ground),Union Jack,5,2025-08-12 15:30:10.109057+00,Pat,false,,
b7362c63-6198-489b-9032-65cab87838d2,381WdRAWYPIz8CF38MGKGg_120_box0.jpg,METROPOLITAN_NEWTOWNABBEY,National,Lamppost-mounted,Union Jack,5,2025-08-14 13:19:47.425096+00,Pat,false,,
b736841b-034e-4c44-b749-6e000e6b8f30,Ei7QnEMkweV8rdyhTkeKXQ_120_box0.jpg,ENNISKILLEN,Military,Building-mounted,UDR,5,2025-08-28 20:51:41.359952+00,May,false,,
b73c9b15-15d9-4197-800c-0364c5dca983,GSYsDXNhS-8vVy9cfA5fMw_300_box0.jpg,BELFAST_CITY,National,Lamppost-mounted,Union Jack,5,2025-08-15 00:49:57.087009+00,May,false,,
b75c0eb1-798b-4f8c-ae2b-a74daf651e61,1C431guatp31WoaIbTT5vQ_120_box0.jpg,BALLYMENA,National,Building-mounted,Union Jack,5,2025-08-13 22:45:32.42328+00,May,false,,
b761cf9f-95b0-4d5f-a31d-35e95cd4b081,mSANcfjAtWBUFFBMEVuJng_000_box0.jpg,GREENISLAND,National,Lamppost-mounted,Union Jack,5,2025-08-17 17:07:15.637023+00,May,false,,
b76bfb00-7d79-4852-bd76-99af3d8295b3,0AlcBEostYJFJv7Qu-yTkA_000_box0.jpg,BELFAST_CITY,National,Building-mounted,Ulster Banner,5,2025-08-13 22:33:05.905825+00,May,false,,
b780f4e9-7009-428a-ba72-d09d1f34556e,G0Esdnim75seQK3cslQeRQ_060_box0.jpg,BELFAST_CITY,National,Lamppost-mounted,Union Jack,5,2025-08-13 22:12:16.697206+00,May,false,,
b78b1e19-e66e-4f75-8d5e-f7a56715bd4a,IxkzDnI54_2q1FyHQGTxCw_240_box0.jpg,METROPOLITAN_LISBURN,National,Building-mounted,Ulster Banner,5,2025-08-17 16:44:21.541596+00,May,false,,
b79b942d-5025-4182-af92-027b7d0ae3cf,Lk6ijocBBIgcv69MJK4IUQ_180_box0.jpg,CARRICKFERGUS,National,Building-mounted,Union Jack,5,2025-08-12 15:58:38.596775+00,Pat,false,,
b7a30511-4a19-4caf-9791-d3aeeb07a932,9LkkJBMGuDzvhV8NoHhkrw_120_box0.jpg,BALLYMONEY,Review,,,,2025-08-14 13:51:54.531291+00,Pat,true,Unclear image,
b7b60324-35da-496f-8b30-05d679a5c161,lnqwMQmZNt0WVk46IfEpgw_000_box0.jpg,BELFAST_CITY,National,Lamppost-mounted,Ulster Banner,5,2025-08-14 11:15:46.352004+00,Pat,false,,
b7b70171-22bf-4f36-8b4f-0ae83ac3b58a,LrXlNx-v6DRCA8s4XWo-Yw_240_box0.jpg,CARRICKFERGUS,Review,,,,2025-08-14 10:34:29.221736+00,Pat,true,Unclear image,
b7c3bd98-1d41-4151-bf13-9b3f1c979016,I86vkimO6h60dTOGYOVc8Q_000_box0.jpg,MAGHERAFELT,National,Lamppost-mounted,Union Jack,5,2025-08-13 22:47:16.88703+00,May,false,,
b7c666a9-0478-42af-8063-8e6bbac703ad,JoiZG54lmapbcCECPiPfHw_240_box0.jpg,BELFAST_CITY,Review,,,,2025-08-12 16:19:30.170029+00,Pat,true,Complex case,
b7c71665-e692-4a4b-abf6-a78ff888c968,BNgtQ-xHekHfd4iNWXaghg_180_box0.jpg,METROPOLITAN_NEWTOWNABBEY,National,Lamppost-mounted,Union Jack,5,2025-08-13 09:09:17.187594+00,Pat,false,,
b7ea312f-f6c5-4d31-8f86-a9796ae59897,vBW0Mw6lgHItWhvNtZ1SSA_180_box0.jpg,DERRY_CITY,National,Lamppost-mounted,Union Jack,5,2025-08-14 13:00:30.872336+00,Pat,false,,
b8015118-de7b-4f3c-b723-a4cba4e27a66,cmVbfjZis6zNl__ldOPSSQ_240_box0.jpg,LARNE,National,Building-mounted,Union Jack,5,2025-08-14 11:07:59.419789+00,Pat,false,,
b8141afc-cf58-46ab-b1f4-5e67aeb48a27,LX-T9Bfqer2CBp0evJ4MjA_060_box0.jpg,BELFAST_CITY,National,Lamppost-mounted,Union Jack,5,2025-08-14 13:51:59.148088+00,Pat,false,,
b81fc99a-8d69-4c03-8b4c-178d9446404f,sKFW3-68IaLuw33xZLG9VQ_060_box0.jpg,BELFAST_CITY,National,Pole-mounted (in ground),Union Jack,5,2025-08-14 13:28:41.486053+00,Pat,false,,
b83e175b-edd0-450c-b80e-b1d135b03f83,pkOjPSiLkV2PdVFtpCKJPw_060_box0.jpg,BANGOR,Review,,,,2025-08-08 09:06:50.773325+00,May,true,Unclear image,
b845c354-c108-4ac6-9da5-7b91988129f5,cTEo5H-GkZ4eN066PHtf5g_120_box0.jpg,BELFAST_CITY,National,Building-mounted,Union Jack,5,2025-08-13 22:08:20.36029+00,May,false,,
b8481634-bef1-4987-949f-03bfb0ff0bd5,FjMZFr8gPlbnWLNZIksGlg_060_box0.jpg,BALLYNAHINCH,National,Pole-mounted (in ground),Union Jack,5,2025-08-17 14:36:32.303997+00,May,false,,
b85b0ba7-71fb-4a94-a560-90e32167b242,mGwDRITw9acQ7ACsChj94Q_240_box0.jpg,LISBURN_CITY,National,Building-mounted,Union Jack,5,2025-08-13 22:08:38.204255+00,May,false,,
b86c79c8-958d-43a8-8e20-6a11327bc3b0,r1XH-eD-zBnHAm-p58KMiQ_120_box0.jpg,LISBURN_CITY,National,Lamppost-mounted,Union Jack,5,2025-08-13 22:15:17.973409+00,May,false,,
b87a4900-467e-40ea-bd21-cb2be1edd9a4,G6Cg23XThUwaYkKs0eMQ5g_300_box0.jpg,BELFAST_CITY,National,Lamppost-mounted,Union Jack,5,2025-08-14 11:10:37.327866+00,Pat,false,,
b8907956-5e33-4aff-8987-5e29ebef0915,EkfwozRXFX5bz7S5S7ADCg_000_box0.jpg,CARRICKFERGUS,Fraternal,Lamppost-mounted,Royal Black Institution,1,2025-08-06 21:17:59.908712+00,May,false,,
b8b64925-878d-4a9a-96f7-6cbcd97cddd2,vafZ8HdcozEoYnL7qJxKDA_060_box0.jpg,BELFAST_CITY,National,Lamppost-mounted,Union Jack,5,2025-08-13 08:45:46.765105+00,Pat,false,,
b8b8e7cc-2d59-432a-a4f0-45a1289f759a,PnhQwzZ-RazBBwdrduZEKA_180_box0.jpg,CARRICKFERGUS,National,Building-mounted,Union Jack,5,2025-08-13 08:27:59.43264+00,Pat,false,,
b8c9fd08-e485-46ad-a6ab-bd664b5db0c2,VoJd2NsucyFf4nWp_aZztg_120_box0.jpg,BELFAST_CITY,National,Building-mounted,Union Jack,5,2025-08-17 14:36:37.988455+00,May,false,,
b8d25999-e018-48fe-9248-a459b5e442f0,Z1r67MMrHpxFsVHLJT6IgA_240_box0.jpg,METROPOLITAN_LISBURN,National,Building-mounted,Union Jack,5,2025-08-29 08:32:47.947987+00,May,false,,
b8d57c1c-a634-42ce-9e26-b5b45b1ae2d1,H3wDPwGQJ14NW5IYgj00Ng_180_box0.jpg,LISBURN_CITY,National,Lamppost-mounted,Ulster Banner,5,2025-08-14 14:02:14.358848+00,Pat,false,,
b9073cb2-7ccf-4b14-93a8-35b10ad68db5,0bHUNcvcWEo5m5WhdvNsiw_120_box0.jpg,CRAIGAVON,National,Pole-mounted (in ground),Union Jack,5,2025-08-14 13:25:39.135348+00,Pat,false,,
b9145b6e-7d24-4c21-9663-d1ec11a2b20c,jQiMwHbdpBPlrHhu7rRx5Q_300_box0.jpg,BELFAST_CITY,National,Building-mounted,Union Jack,5,2025-08-12 15:39:03.502711+00,Pat,false,,
b91c1e85-5b04-4829-9bce-5a0e94c2a128,LFtJcttY1axQPpZ1L3Cvwg_000_box0.jpg,BANGOR,Review,,,,2025-08-08 09:08:39.942152+00,May,true,Unclear image,
b92a898e-c3db-4aee-b652-4c0132745c2b,7pIv2QGqLtD21Icixd_d6A_060_box0.jpg,BELFAST_CITY,National,Building-mounted,Ulster Banner,5,2025-08-14 13:40:11.68833+00,Pat,false,,
b9369c8e-9ab3-42c7-8b2a-6a9bee007bba,ygVYYvW7wYRRMWDUtuFIRw_120_box0.jpg,BELFAST_CITY,Review,,,,2025-08-11 18:17:47.16675+00,Pat,true,Not a flag,
b93ac21e-54d9-4f80-8baa-39c3843ac246,V-cvAy11Esg8b33t48lLcw_240_box0.jpg,LARNE,National,Pole-mounted (in ground),Union Jack,5,2025-08-13 22:35:57.878126+00,May,false,,
b9490e82-04c6-4814-958e-a5bf9ae80411,hFp7XNjYsF675jbxyFc-iQ_240_box0.jpg,METROPOLITAN_NEWTOWNABBEY,National,Pole-mounted (in ground),Union Jack,5,2025-08-09 11:53:59.342985+00,Byron,false,,
b9535188-58f1-4820-a5ec-1abd6001d13b,Dx18XtZwfxEEb9Bp4UX_fg_300_box0.jpg,BELFAST_CITY,National,Lamppost-mounted,Union Jack,5,2025-08-28 20:30:29.250417+00,May,false,,
b98190f1-6186-423e-bb20-a9299a961b12,wwTpQsDKkEH9mh_xh09Cug_240_box0.jpg,LISBURN_CITY,National,Lamppost-mounted,Union Jack,5,2025-08-17 18:24:37.115572+00,May,false,,
b98ca076-baeb-4fd2-a580-aafceedb5b1f,ULGPWH7hsb97w2pEKSBE0A_000_box0.jpg,BALLYMONEY,National,Lamppost-mounted,Ulster Banner,5,2025-08-17 17:00:30.903739+00,May,false,,
b98eb510-6381-4ebc-82b9-00b827d2c730,W3luWS_nZOqtJF57KLBRLQ_180_box0.jpg,BELFAST_CITY,National,Building-mounted,Union Jack,5,2025-08-13 08:42:34.298882+00,Pat,false,,
b9a34afe-02e2-4ec7-8e81-051f59d9f980,4QI1ppf1l9b8bv2eR00mbw_120_box0.jpg,METROPOLITAN_NEWTOWNABBEY,National,Lamppost-mounted,Union Jack,5,2025-08-14 11:05:30.006207+00,Pat,false,,
b9af00a4-807e-4bff-897a-959146365af3,JERIhXs-5WRvd70SsDR5cQ_120_box0.jpg,BELFAST_CITY,National,Building-mounted,Ulster Banner,5,2025-08-14 12:35:36.382034+00,Pat,false,,
b9b12b9a-6eaa-474d-b9ee-18aedfdc9bef,MGSvZlbNvMgn4apJZ7HOSg_180_box0.jpg,BALLYMENA,National,Lamppost-mounted,Union Jack,5,2025-08-17 18:22:39.194545+00,May,false,,
b9b6608c-00ee-48e6-b352-f5e712011a0f,fJtqH1kGoQDUMO5RjIEoFg_240_box0.jpg,BALLYMENA,National,Building-mounted,Union Jack,5,2025-08-11 19:01:08.040495+00,Pat,false,,
b9be5ed7-4b37-4e84-893c-c93cc42fe6e3,IU43q5AY3NS0Mr7JXO9_kQ_180_box0.jpg,LARNE,National,Building-mounted,Union Jack,5,2025-08-15 20:55:20.376118+00,May,false,,
b9d0862d-545d-4ad2-85ad-cd0e91e6b6ec,LOVKymA8CD-AzZc8ScE-YA_180_box0.jpg,BELFAST_CITY,National,Lamppost-mounted,Ulster Banner,5,2025-08-28 20:25:36.814444+00,May,false,,
b9d96a05-ad87-4d3c-93f9-ce1182cb7113,OAZmZGEdHvDtoTckuxVbmQ_060_box0.jpg,LISBURN_CITY,National,Lamppost-mounted,Union Jack,5,2025-08-28 20:40:13.717343+00,May,false,,
b9de63dc-c568-4278-9ae0-308498fec175,7Iz0EsgdYMOCScFeocGSAQ_240_box0.jpg,BELFAST_CITY,Fraternal,Building-mounted,Apprentice Boys,5,2025-08-17 16:49:55.368036+00,May,false,,
b9e15194-9819-49b6-867d-cf5c9d87a9b3,Z4le8AfQF49iDK-Tu0A-vg_060_box0.jpg,WHITEHEAD,National,Lamppost-mounted,Union Jack,5,2025-08-14 10:50:39.955056+00,Pat,false,,
b9ed95f3-11b2-47a4-99db-46e54faf436e,hB3sFPK0ayHB5wLRa-3Cow_120_box0.jpg,LISBURN_CITY,National,Lamppost-mounted,Union Jack,5,2025-08-13 22:08:49.440141+00,May,false,,
ba2826de-8cb1-4642-87a2-7cefa0507e6f,mTn8fHDjHCNC5oQ0mGrOmA_240_box0.jpg,LISBURN_CITY,Proscribed,Building-mounted,Other Proscribed,5,2025-08-28 20:36:44.207428+00,May,false,,
ba2ad7b5-3e57-4ed9-b1cc-291eb618cfaa,KqVVAjV-i6PoeXgQQOqZcw_120_box0.jpg,CARRICKFERGUS,National,Building-mounted,Ulster Banner,5,2025-08-13 22:06:54.124026+00,May,false,,
ba2b596e-1d29-4725-9ddf-699231116081,4u2KDRXN--ILEMIfc4q-Kw_240_box0.jpg,ANTRIM,National,Lamppost-mounted,Union Jack,5,2025-08-13 22:10:17.441976+00,May,false,,
ba4cc600-7e72-4d99-b96e-b3cbfadba5c5,Qopht4f9GhyXW2yYhA7vhw_120_box0.jpg,CARRICKFERGUS,National,Building-mounted,Union Jack,5,2025-08-28 20:23:59.342029+00,May,false,,
ba553fbd-fdb2-4c2f-b361-0b61638a695c,01lSGcIBiDaIs-ERW2yHCQ_240_box0.jpg,CARRICKFERGUS,National,Building-mounted,Union Jack,5,2025-08-14 10:52:26.313508+00,Pat,false,,
ba71d10c-976e-49cd-bab4-4f73fcca6c31,lvOrL3nWyHw6zWYnsexG8w_060_box0.jpg,BALLYMENA,National,Building-mounted,Union Jack,5,2025-08-29 08:29:08.610496+00,May,false,,
ba7bfc6a-ae4d-475c-8e3b-0e9dfe1394a4,2jRbBQCB3Vyifrt0xZBgkQ_060_box0.jpg,DERRY_CITY,National,Lamppost-mounted,Irish Tricolor,5,2025-08-13 22:11:28.983301+00,May,false,,
ba9d1d3e-f578-41f1-ac65-1f5206274c7c,7Jfc6jQ-CGpDVoO5W8ulbg_300_box0.jpg,BALLYMENA,National,Building-mounted,Union Jack,5,2025-08-29 08:46:36.532107+00,May,false,,
ba9ffcb9-e1e5-4968-9f56-01233ea80cae,qAirGM0qBMRNqzYDqTe0vQ_120_box0.jpg,BELFAST_CITY,National,Building-mounted,Ulster Banner,5,2025-08-13 22:38:23.101108+00,May,false,,
baa3217d-5d32-48ec-bf8f-218c78b36fcf,yhqrrDTLH849GEBLItGklA_300_box0.jpg,BANGOR,Review,,,,2025-08-08 09:09:19.156742+00,May,true,Unclear image,
babceeea-7ad2-4e1c-9113-ade4fcfc8950,m_I_BlaxDAfQl5acwqaB0Q_300_box0.jpg,LARNE,National,Lamppost-mounted,Union Jack,5,2025-08-14 10:54:40.675358+00,Pat,false,,
babfbb4b-e22e-46bb-84d5-46e044ae9981,6c9HgrePOvm16lUNu-Q0qw_000_box0.jpg,BELFAST_CITY,National,Lamppost-mounted,Ulster Banner,5,2025-08-14 11:09:28.098331+00,Pat,false,,
badc8d68-9fa4-40f9-8751-b31bd03edb97,l11iRfl8hoV0wDay-4QTCw_180_box0.jpg,MOIRA,National,Lamppost-mounted,Union Jack,5,2025-08-17 18:24:56.110055+00,May,false,,
baf3897e-41a7-43af-a84d-b8d37d28ef9b,Cb0jP8TpexvdPjVGHEGjZw_240_box0.jpg,ANTRIM,National,Pole-mounted (in ground),Union Jack,5,2025-08-13 09:11:13.825899+00,Pat,false,,
baf4320c-dc60-42ec-80af-c082c30a960f,2AsTNQ9OmJh4E62wUD_0CA_060_box0.jpg,METROPOLITAN_NEWTOWNABBEY,National,Lamppost-mounted,Ulster Banner,5,2025-08-14 13:53:45.464783+00,Pat,false,,
bafd9a06-189d-4a8a-90b1-d041e4e5b0e7,SsgBS6RMMQgx0GOwV_9MLQ_240_box0.jpg,BALLYMENA,National,Building-mounted,Union Jack,5,2025-08-12 16:03:14.719862+00,Pat,false,,
bb134767-e9c3-4429-bc60-2e8b5ea740b2,gbQW4E8_kM084Uh1CgnGjw_060_box0.jpg,CRAIGAVON,National,Building-mounted,Union Jack,5,2025-08-14 09:31:47.786402+00,Pat,false,,
bb3ef4bc-e89c-4d3a-8727-f3754a4ca440,VWld53DILbXF5tV1uvcrtg_060_box0.jpg,MAGHERAFELT,National,Building-mounted,Union Jack,5,2025-08-12 16:01:41.877396+00,Pat,false,,
bb42fb67-f008-4296-b27e-fd7ae3ac101a,SIVjcdg1xO1uN-YjK6XXkQ_060_box0.jpg,BELFAST_CITY,National,Building-mounted,Union Jack,5,2025-08-14 12:14:21.266752+00,Pat,false,,
bb441974-bcb7-4d18-ad2e-65cbf6486db6,2gwGYMMRZnyN0OxmtiFWKQ_000_box0.jpg,BANGOR,National,Lamppost-mounted,Union Jack,5,2025-08-07 09:15:19.084821+00,May,false,,
bb5a2c9b-f271-4193-b050-f15134de0032,b9n7EN3je38mtR93ZC3yqA_300_box0.jpg,METROPOLITAN_NEWTOWNABBEY,Proscribed,Pole-mounted (in ground),Other Proscribed,5,2025-08-13 22:34:23.366315+00,May,false,,
bb6c82b2-3474-48bd-a2c7-bd97482ccc0c,ZLcnO1DeR6v7jbDblAXhHw_180_box0.jpg,NEWRY,National,Pole-mounted (in ground),Irish Tricolor,5,2025-08-07 09:04:32.705664+00,May,false,,
bb6cf8e9-d354-45d2-b888-cfd4b2e271be,zrDAubJ2rLV4PZpKHKoDrw_120_box0.jpg,BELFAST_CITY,Review,,,,2025-08-28 20:16:59.431331+00,May,true,Unclear image,
bb6fcd0e-a039-438c-98ee-3832c850f0dc,XwPsrCYr064iHgptJavB6A_120_box0.jpg,METROPOLITAN_LISBURN,National,Building-mounted,Union Jack,5,2025-08-12 15:40:04.192138+00,Pat,false,,
bb7471fa-be4e-4951-bf45-273fe4e345b2,noZymIrRNUdSgWUCconaXA_180_box0.jpg,METROPOLITAN_NEWTOWNABBEY,National,Pole-mounted (in ground),Union Jack,5,2025-08-08 10:21:32.986351+00,May,false,,
bb78bf42-d1f3-404b-8f5c-b259340c97ca,x6gRpO1NYBEEoTam8QKYlQ_000_box0.jpg,BELFAST_CITY,National,Building-mounted,Union Jack,5,2025-08-28 20:07:24.464231+00,May,false,,
bb871a82-69de-43e1-83cd-5d7d7031d348,EcLNF_ce-C7zJn4rKeJecQ_240_box0.jpg,BANGOR,National,Lamppost-mounted,Scottish Saltire,1,2025-08-08 09:09:59.358752+00,May,false,,
bbab7f3b-ff14-4893-a370-d8e4a0d3261a,XwPsrCYr064iHgptJavB6A_000_box0.jpg,METROPOLITAN_LISBURN,National,Building-mounted,Union Jack,5,2025-08-14 14:09:20.577197+00,Pat,false,,
bbabdb50-be01-4e58-b309-cecb02445f9b,lVKD0f85qXqI84hlV0Cm9A_240_box0.jpg,COLERAINE,Review,,,,2025-08-13 08:32:57.962443+00,Pat,true,Complex case,
bbbd0a30-60ff-4521-a831-0899b795b4ed,rCeRV81Jb7gOBFOiiv5pTw_240_box0.jpg,COLERAINE,National,Building-mounted,Union Jack,5,2025-08-29 08:53:20.439847+00,May,false,,
bbc57cd6-1ff4-4422-a002-363d2c1c5a47,NJaIAIaa7vtVD4pTg1b-Ng_300_box0.jpg,BANGOR,National,Building-mounted,Irish Tricolor,3,2025-08-09 11:46:24.032941+00,Byron,false,,
bbcd749e-31a1-46aa-bca6-167030b5124a,nFY9QGVNcqx_9Bozn26vjg_120_box0.jpg,LISBURN_CITY,National,Building-mounted,Union Jack,5,2025-08-17 16:47:36.378997+00,May,false,,
bbd105d1-41c2-49bb-b095-d322483a6241,tT2zUntxhj0dT-un_fE5jg_180_box0.jpg,CARRICKFERGUS,National,Building-mounted,Ulster Banner,5,2025-08-17 14:37:04.766666+00,May,false,,
bbd4c0b8-d9ac-4a26-bc33-98438b64d005,8fmilM76Bg93rotUZdfUfA_120_box0.jpg,BELFAST_CITY,National,Lamppost-mounted,Ulster Banner,5,2025-08-28 20:22:50.946331+00,May,false,,
bbdf27c4-6352-4b6c-b624-560bd7197b76,Iagq8kVSkxPD0kHGQ41-ng_180_box0.jpg,LIMAVADY,National,Building-mounted,Union Jack,5,2025-08-14 13:20:41.048349+00,Pat,false,,
bbf6fa75-60ef-4cd5-944f-642e945bd919,0qBdaAMY-V7Jtnj-lKK5UA_300_box0.jpg,BELFAST_CITY,National,Lamppost-mounted,Ulster Banner,5,2025-08-14 12:38:10.737997+00,Pat,false,,
bbf9e7f8-9f6c-4a80-8a67-7d474108433c,wGRTeR_fIPskit3Fsa06vA_240_box0.jpg,CARRICKFERGUS,Fraternal,Building-mounted,Orange Order,3,2025-08-06 22:46:44.076943+00,May,false,,
bc0b0f99-2a89-4848-98e7-676129ce6bdf,kdpZRurbRtsaR19F-TsGnQ_240_box0.jpg,LISBURN_CITY,National,Lamppost-mounted,Union Jack,5,2025-08-14 14:03:57.099686+00,Pat,false,,
bc12df6c-d3cd-4fe4-a52d-ec0eb1a8709f,LAAPscEhNdUpMagFge2CLw_120_box0.jpg,LISBURN_CITY,National,Lamppost-mounted,Ulster Banner,5,2025-08-13 22:48:52.587665+00,May,false,,
bc269ec1-d52c-480f-9b39-46ae9dc78d78,BbrLokL9EDROmOndYraQWg_000_box0.jpg,CRAIGAVON,National,Building-mounted,Union Jack,5,2025-08-14 10:30:53.234485+00,Pat,false,,
bc2c1bab-459d-4aa2-a2db-e6166453229c,FGJ5nmzMWNeokr3kCOtPLg_300_box0.jpg,LISBURN_CITY,National,Building-mounted,Union Jack,5,2025-08-28 20:05:30.576871+00,May,false,,
bc2da83d-fc4e-435a-913e-0d5c68043beb,TO86VRc4ErQMh5P8pHmXaQ_120_box0.jpg,METROPOLITAN_NEWTOWNABBEY,National,Lamppost-mounted,Scottish Saltire,5,2025-08-14 12:30:09.421655+00,Pat,false,,
bc2fff52-0775-4006-a63a-eb132b2152bf,0-DSeI3ORHG97AsDx6mK4w_240_box0.jpg,CRAIGAVON,National,Lamppost-mounted,Ulster Banner,5,2025-08-13 22:15:28.732755+00,May,false,,
bc301842-ea4b-460a-848f-55cdd2c528ff,LAVOofA2y_pMWcjCnDXtYQ_180_box0.jpg,CARRICKFERGUS,National,Lamppost-mounted,Ulster Banner,3,2025-08-14 13:56:49.300978+00,Pat,false,,
bc6ce773-6829-496f-a228-74438d37346f,yF3Nla18-pqlRbTpmC1RHA_180_box0.jpg,BELFAST_CITY,National,Building-mounted,Union Jack,5,2025-08-17 16:55:51.713211+00,May,false,,
bc94d6d3-9312-43cf-8bcf-2134f8dcd50b,lWmZM8p2DvzsQEGISWdetw_120_box0.jpg,BELFAST_CITY,Review,,,,2025-08-14 13:45:55.092169+00,May,true,Unclear image,
bcab4bfb-9359-4184-a217-bee2572929a8,y3anQqjSuuChF8c_Y2e8sA_120_box0.jpg,METROPOLITAN_NEWTOWNABBEY,National,Pole-mounted (in ground),Irish Tricolor,5,2025-08-14 14:15:32.790803+00,Pat,false,,
bcabc5a6-2428-4066-a8be-7e9c03ae83b3,6F4IzH-8bxhd0-Gx7MtKpg_180_box0.jpg,CRAIGAVON,Review,,,,2025-08-28 19:49:07.679189+00,May,true,Unclear image,
bcc8b2b2-4645-421f-84db-69dab302ae98,4RZPMI1n0ej29NRgrOXU5g_000_box0.jpg,LISBURN_CITY,National,Building-mounted,Union Jack,5,2025-08-13 21:59:42.991206+00,May,false,,
bcd171dc-b843-46bd-a432-1983191d3fd7,HD16GssTQlONCCgi05gTOQ_240_box0.jpg,BELFAST_CITY,National,Lamppost-mounted,Union Jack,5,2025-08-28 20:29:49.019334+00,May,false,,
bcda3fb3-d24e-40b2-8383-30fdc0c0b832,jWZ3REZFehjyqejI-Dnp2g_300_box0.jpg,CARRICKFERGUS,National,Lamppost-mounted,Union Jack,5,2025-08-14 12:48:24.952458+00,Pat,false,,
bcefa248-0633-4313-89e6-084cee522d35,kxCXNgL7yJ3MKReOmZif4w_120_box0.jpg,BELFAST_CITY,National,Lamppost-mounted,Union Jack,5,2025-08-28 20:15:38.631441+00,May,false,,
bcf0d9a3-c6ca-4ca8-a6ca-fd2bca75f010,3bjHxxUHSZNChomBS8bOZw_000_box0.jpg,CARRICKFERGUS,National,Pole-mounted (in ground),Union Jack,5,2025-08-13 21:58:56.522167+00,May,false,,
bcf7fb03-2f3c-4c18-8e3c-c6c8d935c7f9,6FG64kQpcJKkFdF0hvd6xw_300_box0.jpg,LISBURN_CITY,National,Building-mounted,Union Jack,5,2025-08-14 12:34:56.452586+00,Pat,false,,
bcfa121c-50b4-4fad-9f75-09f8fa3e1252,Kr3gPRZNWWow0EOOntEHmw_180_box0.jpg,BANGOR,Review,,,,2025-08-08 08:25:52.805548+00,May,true,Unclear image,
bd028784-5059-4c60-b6ac-0d5f2500c451,cFisiCPp2S2ApKdk9VzioQ_300_box0.jpg,BANGOR,Review,,,,2025-08-13 08:37:58.694423+00,Pat,true,Complex case,
bd3585ba-6a8a-40d3-81fa-54e7c7b7f78f,c8CoOOXfQQWweHCiFPyuCQ_060_box0.jpg,BANGOR,National,Lamppost-mounted,Union Jack,1,2025-08-08 09:05:33.470351+00,May,false,,
bd48fe0b-b2fe-4628-ab5d-1d5fda0bb148,Z7Qx9U1CAWpHQWbEoptooA_000_box0.jpg,CARRICKFERGUS,National,Lamppost-mounted,Ulster Banner,5,2025-08-06 20:50:11.73931+00,May,false,,
bd520e2b-9f2f-49b3-a34f-a1ac597db0c4,b7RB0OkYl2Qx5VEIzHG01Q_180_box0.jpg,BELFAST_CITY,Review,,,,2025-08-13 08:23:51.785912+00,Pat,true,Complex case,
bd571f9b-b507-4b67-88b1-879ef18fa5c9,SRf1SHwxDuRtQiq4n9oZ0A_180_box0.jpg,BELFAST_CITY,National,Lamppost-mounted,Union Jack,5,2025-08-13 22:00:21.572588+00,May,false,,
bd716d85-4db7-4646-a826-1206fe0f1b04,WHJOGdCZQRxp6pT_DXvXcg_240_box0.jpg,ANTRIM,National,Building-mounted,Union Jack,5,2025-08-29 08:19:42.480476+00,May,false,,
bd87cbf0-695c-4e40-ae38-bbae4eef1c3b,6c9HgrePOvm16lUNu-Q0qw_000_box0.jpg,BELFAST_CITY,National,Lamppost-mounted,Ulster Banner,5,2025-08-28 19:49:38.712893+00,May,false,,
bda65894-94b9-4bae-b4db-131918b12ebf,ZktlO3UloYf8EuyEVVSK2w_060_box0.jpg,BELFAST_CITY,National,Lamppost-mounted,Union Jack,5,2025-08-14 13:51:38.222389+00,Pat,false,,
bdb5deca-d6eb-4d67-b61f-4de7d9baa850,njhtNgvgrIdSaH6glM9G1Q_060_box0.jpg,BELFAST_CITY,National,Building-mounted,Union Jack,5,2025-08-13 22:05:11.856516+00,May,false,,
bdc861d5-f2b4-41ca-ac89-da095ae27c50,8UsZt4AuJ68gx8G63c7jhQ_120_box0.jpg,CARRICKFERGUS,National,Lamppost-mounted,Ulster Banner,5,2025-08-14 09:33:44.989518+00,Pat,false,,
bdcaddc8-9212-4785-b99f-8e399a29249e,xsFyIjhYUyXnsLcqEFfDgg_300_box0.jpg,BELFAST_CITY,National,Building-mounted,Ulster Banner,5,2025-08-13 22:09:05.524492+00,May,false,,
bdce9485-815f-4557-92ae-748338d17209,Tr5KgOZLrspiNZCn1hSDow_120_box0.jpg,DERRY_CITY,National,Lamppost-mounted,Irish Tricolor,5,2025-08-13 08:44:16.943874+00,Pat,false,,
bdd91439-506a-4246-a91a-065f5be77753,F1kuIecEFLtudnyjA2_SKQ_000_box0.jpg,METROPOLITAN_NEWTOWNABBEY,National,Lamppost-mounted,Union Jack,5,2025-08-09 11:50:38.80899+00,Byron,false,,
bddb5ff5-b27f-423c-ad7d-b84989c9b70b,fV_SlYu-9F37hK25dpiHgg_120_box0.jpg,METROPOLITAN_NEWTOWNABBEY,National,Lamppost-mounted,Ulster Banner,5,2025-08-08 09:34:40.622951+00,May,false,,
bde53b96-5aa7-4097-8de7-ab389bc5bb5e,7eWdIeFG60J_WqBpfhG3aQ_000_box0.jpg,METROPOLITAN_CASTLEREAGH,Review,,,,2025-08-22 22:07:05.771094+00,May,true,Unclear image,
bdf916b5-14eb-4a57-bbf9-00c74f5d3d0a,wA1LIR4UZPv-agic4Ik8JQ_300_box0.jpg,BELFAST_CITY,Review,,,,2025-08-12 16:09:09.169437+00,Pat,true,Complex case,
be01128c-0774-4ef2-a7d3-165afefdbdaf,Jj3lKWcLMxR2FpfjfKuVtg_180_box0.jpg,METROPOLITAN_NEWTOWNABBEY,National,Building-mounted,Union Jack,5,2025-08-09 11:53:05.882543+00,Byron,false,,
be1e45a0-b173-45ff-8d58-b962267453aa,hJZbq7aAhgYijASOoAKJnQ_000_box0.jpg,LISBURN_CITY,National,Lamppost-mounted,Union Jack,5,2025-08-28 20:40:10.396021+00,May,false,,
be233174-71ed-421d-b8dd-4a78623ec76b,-tbpOgoGZvs_QtHNCCgPoA_060_box0.jpg,CRAIGAVON,National,Building-mounted,Union Jack,5,2025-08-13 22:56:25.917117+00,May,false,,
be23375e-5b00-4cb7-8b2c-9aa2bd737e05,Yv-eGy_zO4c2gSAO11YmKA_000_box0.jpg,BELFAST_CITY,National,Lamppost-mounted,Ulster Banner,5,2025-08-14 09:53:17.45785+00,Pat,false,,
be262aec-e6ed-4f69-9698-69756668cdb7,2_n2uEcXAkpcZxQOL8Kl8g_240_box0.jpg,DONAGHADEE,National,Lamppost-mounted,Union Jack,5,2025-08-28 20:39:23.198484+00,May,false,,
be454b7a-4f58-4d14-bd53-51eb5da437d8,kTZnDfXBD77cmtahbl68Iw_240_box0.jpg,CRAIGAVON,National,Building-mounted,Union Jack,5,2025-08-14 12:33:36.406974+00,Pat,false,,
be508f70-7bb7-42a9-9033-09137b88e374,PKksdGl82yFZlVSyg6GR2Q_300_box0.jpg,BELFAST_CITY,National,Building-mounted,Union Jack,5,2025-08-13 22:37:12.068985+00,May,false,,
be6773a1-c293-4d29-b70e-51d61a045e34,NSmQ_e22pJz5KNC09Xclpg_060_box0.jpg,BELFAST_CITY,National,Lamppost-mounted,Ulster Banner,5,2025-08-14 12:21:22.967456+00,Pat,false,,
be879ed9-7fc7-4e88-b902-93200c222385,h-5fPAVh-KRQVIPOLg1Xhg_300_box0.jpg,BELFAST_CITY,National,Building-mounted,Ulster Banner,5,2025-08-28 19:49:14.767024+00,May,false,,
be89e6a3-c248-42af-8ed6-062dcab57532,8VR5aORVKvlKJUXDG48R8w_120_box0.jpg,BELFAST_CITY,National,Building-mounted,Union Jack,5,2025-08-17 14:36:47.329482+00,May,false,,
be90b490-4308-4413-8c01-aa6e1a861c28,8nkVVe_vzYipaVAl5xpYXQ_240_box0.jpg,LISBURN_CITY,National,Building-mounted,Union Jack,5,2025-08-29 08:46:04.968879+00,May,false,,
be92aa6c-93fe-40c1-a24c-108c4a152a83,Ws1_N_pFbTbFs3-69mmPZw_120_box0.jpg,GREENISLAND,National,Lamppost-mounted,Union Jack,5,2025-08-14 12:30:28.182804+00,Pat,false,,
be960925-6301-43b1-9e1d-9e0ba3dfb95f,emAi2XudR10SF82Ss-ILsA_120_box0.jpg,NEWTOWNARDS,Review,,,,2025-08-12 15:48:34.100827+00,Pat,true,Complex case,
bead6eef-0b6e-49e8-887d-56b89748c5fc,mTn8fHDjHCNC5oQ0mGrOmA_180_box0.jpg,LISBURN_CITY,National,Lamppost-mounted,Ulster Banner,5,2025-08-14 12:17:04.64936+00,Pat,false,,
becff0f0-91e4-4bb6-885a-cbe28b15f762,IbrCBFHb8DXEOkKpc_s42Q_180_box0.jpg,METROPOLITAN_NEWTOWNABBEY,National,Lamppost-mounted,Union Jack,5,2025-08-14 13:58:01.641154+00,Pat,false,,
bed7856c-dd42-4e2c-bfa3-bfaa4676d4dd,zJd-batWlBie_yUqXWMiVA_240_box0.jpg,MAGHERAFELT,Review,,,,2025-08-14 09:29:49.294072+00,Pat,true,Complex case,
bee70b8c-932d-4629-a970-34e5b3f9a285,bzZgCCxsl5QFF8VtTtwnjA_060_box0.jpg,METROPOLITAN_NEWTOWNABBEY,National,Pole-mounted (in ground),Union Jack,5,2025-08-22 22:16:41.05668+00,May,false,,
befd2497-4c45-454e-b78c-4dc55840e610,qEs91a9WpIguf4GNwQHtfQ_000_box0.jpg,LIMAVADY,National,Lamppost-mounted,Ulster Banner,5,2025-08-07 20:09:08.457712+00,Byron,false,,
bf24f402-b7af-4a4d-bb2c-c9c85939ebff,qeagT6n7u7v7EwNqvln2kA_240_box0.jpg,BELFAST_CITY,National,Lamppost-mounted,Ulster Banner,5,2025-08-28 20:45:05.912443+00,May,false,,
bf28829f-da0a-47f3-8cf9-5fe355e2ff02,kRYtnLCjupvN7nNs0BRzvw_180_box0.jpg,CARRICKFERGUS,National,Lamppost-mounted,Union Jack,5,2025-08-14 11:11:15.908032+00,Pat,false,,
bf31ff3e-aae9-4593-958b-5a0b3616cff7,dg7GEVFgzYXSIw7lIA4-tQ_300_box0.jpg,BELFAST_CITY,Review,,,,2025-08-22 22:06:40.578201+00,May,true,Unclear image,
bf3864b2-2297-49b7-ae74-0e5a6cddf5bb,6A1VxOwIlhE3RaikFlffRw_060_box0.jpg,CRAIGAVON,National,Pole-mounted (in ground),Union Jack,5,2025-08-13 22:03:41.880827+00,May,false,,
bf3fb88c-755e-4d32-ae5e-773b1e5d7a86,k3dWSachG3trgcxLAf0QLg_000_box0.jpg,BANGOR,National,Building-mounted,Union Jack,5,2025-08-17 16:52:45.254916+00,May,false,,
bf433c6f-4ed7-4c31-926c-33bb265143aa,j5PKM5zrYtipjg72uFmjIw_240_box0.jpg,BANGOR,National,Lamppost-mounted,Union Jack,5,2025-08-11 18:10:05.294176+00,Pat,false,,
bf68e425-e290-4c1b-b373-402fc3126d28,7EpknhHT6EOj3Lshh6chfw_300_box0.jpg,BELFAST_CITY,National,Pole-mounted (in ground),Union Jack,5,2025-08-11 18:12:27.447184+00,Pat,false,,
bf6d48a0-9794-45fb-82e4-401428ee8db9,KBjiz0lM6Emv4_hvac-YDw_120_box0.jpg,BELFAST_CITY,National,Lamppost-mounted,Union Jack,5,2025-08-28 20:43:31.66408+00,May,false,,
bf766ccf-7f09-4c71-b6bc-b25713e6cfee,IoybPG8SYoncojEY210a4A_000_box0.jpg,BELFAST_CITY,National,Lamppost-mounted,Union Jack,5,2025-08-14 09:51:32.265155+00,Pat,false,,
bf81aadd-77a9-48d3-ad15-984ce952dd97,CkEWs8J-f0zGczaX8xtDlQ_120_box0.jpg,CARRICKFERGUS,National,Building-mounted,Union Jack,5,2025-08-29 08:18:21.542289+00,May,false,,
bfa99a33-0001-427d-8b9b-ca386fff50a6,_vrMHnkJlFVYdkTUUmtj1A_000_box0.jpg,METROPOLITAN_NEWTOWNABBEY,National,Lamppost-mounted,Union Jack,5,2025-08-13 22:12:32.256988+00,May,false,,
bfac4384-b4fe-4892-a05a-eba47dfcc479,VWaARWBMH8fPK2cVcUMaMQ_300_box0.jpg,LISBURN_CITY,National,Lamppost-mounted,Ulster Banner,5,2025-08-14 13:04:21.735916+00,Pat,false,,
bfcf5e0f-0437-4491-9a1d-93e9203e98a1,5hyKizVhM7TwHiFTF3pnDA_060_box0.jpg,CRAIGAVON,National,Building-mounted,Union Jack,5,2025-08-14 13:33:51.648015+00,Pat,false,,
bfe3a913-a3a2-4588-b93a-61a4ad817395,yy88NJQgHSuMExdsK7AGWg_060_box0.jpg,METROPOLITAN_NEWTOWNABBEY,National,Pole-mounted (in ground),Union Jack,5,2025-08-08 12:34:19.143132+00,May,false,,
c0185b39-c46c-4237-af7d-80d2b5d53d5e,MK-bcKntYgg5yUiQrbOX4Q_180_box0.jpg,LISBURN_CITY,National,Lamppost-mounted,Union Jack,5,2025-08-28 19:50:42.731503+00,May,false,,
c01e489a-0218-42bb-be23-c37d7c84ecee,Vlm4emKNS2hxtVYoJGorfQ_060_box0.jpg,LARNE,National,Building-mounted,Union Jack,5,2025-08-13 08:43:21.683852+00,Pat,false,,
c0235c99-6bf4-4ece-92d0-d4e881bb49a5,Ufv4d2AzJOQCO_HZmYP_Fw_000_box0.jpg,COLERAINE,National,Lamppost-mounted,Ulster Banner,5,2025-08-28 20:08:43.315317+00,May,false,,
c02a6a1b-c70b-4efc-a7b4-2e7641aead80,ffKJuK58zaqdnTbdr2ESWw_180_box0.jpg,BELFAST_CITY,National,Building-mounted,Union Jack,5,2025-08-14 10:33:09.265927+00,Pat,false,,
c039ace2-3f56-4691-b3af-f946949306b0,ulJ892mhh3ew713_iUK9Sg_120_box0.jpg,BELFAST_CITY,Review,,,,2025-08-13 22:28:06.715301+00,May,true,Unclear image,
c04b5d6c-4ffd-4d5a-b0c4-0e8e85d8541f,rt4k_lFul5Wb1KfOKYuXKg_180_box0.jpg,METROPOLITAN_NEWTOWNABBEY,National,Building-mounted,Union Jack,5,2025-08-14 09:31:17.165974+00,Pat,false,,
c0683b93-4048-4534-95a3-e0560552d411,jPVk5hxpOjDonRox-nZD0A_240_box0.jpg,BANGOR,National,Lamppost-mounted,Union Jack,5,2025-08-29 08:50:24.130438+00,May,false,,
c086e5e9-a850-4ce7-b195-9eb125494e23,1IkWNcVhqUehFRsOJhqE6w_060_box0.jpg,LIMAVADY,National,Lamppost-mounted,Ulster Banner,3,2025-08-07 08:51:12.873114+00,May,false,,
c098747c-668b-47ae-8e84-db6d91c4fdaf,WTgs9lCqgtHvhLp6bhtMdg_000_box0.jpg,LISBURN_CITY,National,Lamppost-mounted,Ulster Banner,5,2025-08-17 15:21:58.584883+00,May,false,,
c0991cd5-c33f-4b52-9bd4-4dde06daea71,-lRKi9JQScPF5JrlIC-cgQ_120_box0.jpg,BELFAST_CITY,National,Building-mounted,Irish Tricolor,5,2025-08-13 22:43:14.025781+00,May,false,,
c09aeb72-4127-4be4-b7f4-d735c36f29ed,3q9uTmCx-T5fKzX6YIi2-w_120_box0.jpg,METROPOLITAN_NEWTOWNABBEY,National,Building-mounted,Union Jack,5,2025-08-28 20:15:53.155782+00,May,false,,
c0abd8e5-ed49-4bde-bc21-c3011d85df7a,yhsIWCa3o5RcbbtepV-Png_180_box0.jpg,CARRICKFERGUS,Review,,,,2025-08-06 22:53:57.680699+00,May,true,Unclear image,
c0abe8e5-370d-4348-a5ae-4cb49151ef0a,ASUOACfT5iNX0kKBYFqJ7w_300_box0.jpg,HOLYWOOD,National,Lamppost-mounted,Union Jack,5,2025-08-13 21:58:20.577647+00,May,false,,
c0add2ce-edfc-461d-814d-96d5abf82393,Cn8Kk_PHhnsex9f51zm6Xg_060_box0.jpg,BELFAST_CITY,National,Lamppost-mounted,Union Jack,5,2025-08-15 20:55:58.319961+00,May,false,,
c0b7422b-e9eb-4b60-b581-10bf8e62d85e,_cjnLOIvYMXtjJaCHBqx6Q_120_box0.jpg,LISBURN_CITY,National,Building-mounted,Union Jack,5,2025-08-14 10:13:41.242856+00,Pat,false,,
c0bd1700-271a-413f-a92a-4d1b75202dd5,LFokK8a1B8PS0xIYVa9B-Q_240_box0.jpg,BELFAST_CITY,National,Lamppost-mounted,Union Jack,5,2025-08-28 20:24:48.035106+00,May,false,,
c0bd224b-17ab-42e4-a025-7fbbc4eeba30,Dfn7HoTkMzD7dQ7r5amkcw_120_box0.jpg,BELFAST_CITY,National,Lamppost-mounted,Ulster Banner,5,2025-08-29 08:19:49.636421+00,May,false,,
c0d2f454-9335-4df3-b216-b3de19185520,hEFYEQOlL5GhmrRAVnc0Dg_300_box0.jpg,ANTRIM,National,Lamppost-mounted,Union Jack,5,2025-08-28 20:21:46.708513+00,May,false,,
c0e54e5c-e3e5-477a-af80-effff81d066a,fovBIRJyoPjS4XC3U3View_120_box0.jpg,BELFAST_CITY,National,Building-mounted,Union Jack,5,2025-08-17 16:43:01.950433+00,May,false,,
c0f31eda-a842-49ec-b409-b9313d9f06dd,gq0nFE7CYqm8fvBQRW1G0w_120_box0.jpg,CARRICKFERGUS,National,Building-mounted,Ulster Banner,5,2025-08-15 00:26:45.833405+00,May,false,,
c0f47808-881c-4427-9772-7527e306a902,x1-kKhlZyxV40YoBWmINTg_060_box0.jpg,BANGOR,National,Pole-mounted (in ground),Union Jack,5,2025-08-08 08:26:10.025523+00,May,false,,
c0f7eaaa-332c-4339-8675-ac412d923355,b8ZJUWeCBrIELXnsCuIY2A_000_box0.jpg,BELFAST_CITY,National,Lamppost-mounted,Union Jack,5,2025-08-13 22:10:09.671326+00,May,false,,
c0f8983a-f081-41ae-a7e5-48de8d1a3cb0,WhJgyL6DaW5LJdtJR-jv6A_240_box0.jpg,CARRICKFERGUS,National,Building-mounted,Union Jack,5,2025-08-11 18:11:11.656348+00,Pat,false,,
c112e8cb-8e17-4c9e-967b-77dcbc5656d7,4qSUAQm5vd5BSgMlpHIriA_240_box0.jpg,BELFAST_CITY,National,Lamppost-mounted,Union Jack,5,2025-08-14 14:07:44.459726+00,Pat,false,,
c1206fbc-9a6b-41c6-b7ac-d8076081d18a,R0iYP5_W2oNt7-lXaz906w_060_box0.jpg,BELFAST_CITY,National,Lamppost-mounted,Union Jack,5,2025-08-22 22:08:33.036318+00,May,false,,
c12d3057-8665-4e19-8eec-060073bc499b,UFtpolwLPuBxAgEIOsTg3A_120_box0.jpg,BELFAST_CITY,National,Lamppost-mounted,Ulster Banner,5,2025-08-29 08:31:13.395555+00,May,false,,
c135fc64-ce39-43a6-b338-a2a3db2be45d,R67n8xyMeyIYNDU8tuDXhA_180_box0.jpg,BANGOR,National,Lamppost-mounted,Union Jack,5,2025-08-09 11:44:13.444027+00,Byron,false,,
c1417592-c240-456e-8f4d-da97e5a8ec42,zB0eOtRNb75oZFNkl6E6ow_240_box0.jpg,TANDRAGEE,National,Pole-mounted (in ground),Union Jack,5,2025-08-14 13:35:19.459585+00,Pat,false,,
c142262d-68af-427a-a5a6-9c480a508dc0,4cxIlBnvLy9WNi42RJj4iQ_120_box0.jpg,HILLSBOROUGH_AND_CULCAVY,National,Lamppost-mounted,Union Jack,5,2025-08-12 16:10:25.38122+00,Pat,false,,
c147a56f-1b1f-4453-8ac0-388cd2e0e481,6MjDusisZkaCiYf0rvW_ew_120_box0.jpg,BALLYCLARE,National,Building-mounted,Union Jack,5,2025-08-15 20:57:07.285057+00,May,false,,
c1645584-4c0c-4dd3-9b47-7ebfa0c04707,WTYXRML_mMvbTmrly4zQaQ_240_box0.jpg,LIMAVADY,Fraternal,Lamppost-mounted,Orange Order,1,2025-08-07 08:41:59.901715+00,May,false,,
c1705d0a-d995-47e7-bd49-fadc48b7b6ca,Him866JR8RA0LaoXlljWwg_300_box0.jpg,WHITEHEAD,National,Building-mounted,Union Jack,5,2025-08-17 16:23:37.086381+00,May,false,,
c1c4b5fd-c92e-4ee4-9be0-04b0f2d0f298,pdamrMlc16GSy7K1TvwwvA_240_box0.jpg,ANTRIM,Fraternal,Building-mounted,Orange Order,5,2025-08-13 22:55:04.532437+00,May,false,,
c1d1ebc0-093f-452d-803c-fa7654c62dae,LC24wCI242ta65BQhu10OA_120_box0.jpg,CRAIGAVON,National,Building-mounted,Union Jack,5,2025-08-14 09:42:52.86281+00,Pat,false,,
c1d63615-e9aa-47b1-af7d-f40f4b02cba3,O0zpbonBXzNTuqx-q48_1w_000_box0.jpg,METROPOLITAN_LISBURN,National,Building-mounted,Irish Tricolor,5,2025-08-17 18:22:58.622375+00,May,false,,
c1eb257d-4f78-4be6-80b5-2e93f2647243,-45HPN2pA1RYFfYN7V2K6Q_120_box0.jpg,BELFAST_CITY,National,Pole-mounted (in ground),Union Jack,5,2025-08-29 08:44:51.323925+00,May,false,,
c1f8229a-94e0-4fee-bc91-ce6517d9c7b1,22kKzxMo7AIXVjUh_BAaUQ_000_box0.jpg,CRAIGAVON,National,Lamppost-mounted,Union Jack,5,2025-08-13 22:12:02.701627+00,May,false,,
c1ff7e74-9933-4453-9de7-981a715ec979,vYd2I5yNbPg9bIy344EvMQ_180_box0.jpg,BELFAST_CITY,National,Lamppost-mounted,Irish Tricolor,5,2025-08-17 14:39:49.923334+00,May,false,,
c20e5ac6-1e5d-4f2f-a9b3-8efb6216012e,Ngf3O6x39Eym6rqQFVexLg_120_box0.jpg,NEWRY,National,Pole-mounted (in ground),Irish Tricolor,1,2025-08-07 09:09:41.073197+00,May,false,,
c2292325-56a9-44e0-b3c8-41027800d67f,PS9uizFxAwiSVk1KRFJCSg_060_box0.jpg,LISBURN_CITY,National,Lamppost-mounted,Union Jack,5,2025-08-14 14:06:54.946063+00,Pat,false,,
c22e21cb-f109-4920-a677-274f25d32231,Y0h58QHuP1xy4DtHgiI8EQ_060_box0.jpg,BALLYMONEY,National,Lamppost-mounted,Union Jack,5,2025-08-14 12:30:23.046002+00,Pat,false,,
c24f976b-6069-4654-b85e-c3963c9be406,xwFkRjg4RgVOhvfgkXFxqQ_060_box0.jpg,LIMAVADY,National,Lamppost-mounted,Ulster Banner,5,2025-08-07 20:02:56.223808+00,Byron,false,,
c263c6b7-fd53-4dc5-893a-7a1769bb768a,XSFE_NUJ-SG3H8yv69HT5g_120_box0.jpg,BELFAST_CITY,National,Building-mounted,Union Jack,5,2025-08-11 18:15:27.243455+00,Pat,false,,
c27f4e8c-6333-4b52-b0f9-a7030ca18c9c,6qKlPnmu5pB9QheJTpVgrg_240_box0.jpg,ANTRIM,National,Lamppost-mounted,Union Jack,5,2025-08-14 11:10:22.906434+00,Pat,false,,
c2879e43-04fc-46ff-9648-656646720321,RHNaho2v9tKIJv6fpPinzQ_180_box0.jpg,CARRICKFERGUS,National,Building-mounted,Union Jack,5,2025-08-28 20:49:08.446968+00,May,false,,
c28f3b5e-f1c6-4de3-af6d-352bf480a6b8,Dr2DB-jFD_yybWB_lU-bJw_060_box0.jpg,METROPOLITAN_NEWTOWNABBEY,National,Building-mounted,Ulster Banner,5,2025-08-14 10:21:04.429515+00,Pat,false,,
c29fd724-c6d6-4ac0-80a2-7a830dc12e23,CJTa0UWZhua-k5KVP2CKXQ_240_box0.jpg,CARRICKFERGUS,National,Lamppost-mounted,Ulster Banner,3,2025-08-06 22:48:02.218185+00,May,false,,
c2a24265-3a02-4362-a159-cb0b4d5419a3,_lCCTO0KL5aQzrCgyrRDNA_000_box0.jpg,METROPOLITAN_CASTLEREAGH,National,Lamppost-mounted,Union Jack,5,2025-08-14 11:06:11.308249+00,Pat,false,,
c2bb58c0-bed5-49f8-9c4b-6f040e0cb929,6FHEREvjLocYcFX4PlDE-g_180_box0.jpg,BELFAST_CITY,National,Lamppost-mounted,Ulster Banner,5,2025-08-13 08:25:50.144108+00,Pat,false,,
c2bdea99-ca0a-4958-9516-9bb362d40002,9aaTvC_niWinzq9dVueqcg_240_box0.jpg,BELFAST_CITY,National,Building-mounted,Union Jack,5,2025-08-13 22:41:59.225913+00,May,false,,
c2c97f27-51af-40cb-9db7-63316ccccdfb,MI-OqmhJEBFt8ShNnnueRw_120_box0.jpg,METROPOLITAN_NEWTOWNABBEY,National,Building-mounted,Union Jack,5,2025-08-28 20:09:50.144235+00,May,false,,
c2ce5971-2260-4404-83c1-249418491e1e,iUbp7LSKCgstzrHw2G8p-A_240_box0.jpg,CARRICKFERGUS,National,Building-mounted,Union Jack,5,2025-08-13 16:23:20.10947+00,Pat,false,,
c2d8138e-36a6-42e5-809e-a5e657cca807,J7y2JBqaivPym8z0Ray60w_000_box0.jpg,BANGOR,Proscribed,Lamppost-mounted,UDA,5,2025-08-07 09:13:11.381591+00,May,false,,
c2de1cfd-47be-473a-abad-98f32c68638e,bLkZcZxz4sqDDpShwQph4Q_060_box0.jpg,ANTRIM,National,Lamppost-mounted,Union Jack,5,2025-08-14 09:42:58.718184+00,Pat,false,,
c2dffbdc-0252-4d63-9ef8-97ece2d7f762,K5BT7F7qPL-fD2F_cm9lsQ_300_box0.jpg,METROPOLITAN_NEWTOWNABBEY,National,Lamppost-mounted,Union Jack,5,2025-08-13 22:14:54.3179+00,May,false,,
c2e1e206-f1d0-46a2-b054-6ecd28eff08c,KcZQWyYGMvCdP5rm2V_rNw_000_box0.jpg,LARNE,Review,,,,2025-08-14 12:57:55.98414+00,Pat,true,Unclear image,
c2e9bbac-6acd-4a4f-b181-c193cd8731db,qEs91a9WpIguf4GNwQHtfQ_000_box0.jpg,LIMAVADY,National,Lamppost-mounted,Ulster Banner,5,2025-08-07 08:51:55.257208+00,May,false,,
c2f2a178-83f6-44b3-96fe-0ef2a9c7fd9b,YJsuPai34gKGZAAXfB0heg_300_box0.jpg,METROPOLITAN_NEWTOWNABBEY,National,Building-mounted,Union Jack,5,2025-08-17 15:21:51.112843+00,May,false,,
c3085e43-612b-49a6-abce-79520888013b,6Mf9dyEEFYONzfTLQmhymA_240_box0.jpg,BELFAST_CITY,National,Building-mounted,Union Jack,5,2025-08-14 13:00:25.488309+00,Pat,false,,
c30cfbcd-ad52-4bb7-a355-4ce8b7126393,dePC1588bJH2MN-DfsWSnA_180_box0.jpg,COLERAINE,National,Lamppost-mounted,Ulster Banner,5,2025-08-13 08:48:30.570912+00,Pat,false,,
c3130e96-0645-460a-82a6-608f2b861412,wWjn-dlbS-2-33lLmni2Pg_240_box0.jpg,LISBURN_CITY,National,Lamppost-mounted,Union Jack,5,2025-08-13 22:42:02.83331+00,May,false,,
c3278db5-ce8f-4332-aa50-f58145866168,4zyjsItUh1jNwdkGqtBWhw_060_box0.jpg,BELFAST_CITY,National,Building-mounted,Union Jack,5,2025-08-11 18:26:11.882685+00,Pat,false,,
c3485fc1-7c60-4904-b104-cc4716a5eb87,UyiLviC7Cu6crRyn6mh97w_240_box0.jpg,LISBURN_CITY,National,Lamppost-mounted,Union Jack,5,2025-08-14 10:17:57.31442+00,Pat,false,,
c3555799-da5d-4bc7-85d4-00085d71e8d2,gXWlZ0X0_NWIkUScV9WVJw_060_box0.jpg,BELFAST_CITY,National,Building-mounted,Union Jack,5,2025-08-13 22:45:42.623309+00,May,false,,
c3584ca1-d1fb-468a-8c63-473b45dfb16c,4UfzcLDQh-M3wIzkbMcfhg_060_box0.jpg,METROPOLITAN_NEWTOWNABBEY,National,Lamppost-mounted,Scottish Saltire,5,2025-08-08 10:20:49.730017+00,May,false,,
c35ca606-ba8c-46e5-9794-ace9b2d51787,eUSLxnANol_GtZlW8noazQ_000_box0.jpg,METROPOLITAN_LISBURN,National,Building-mounted,Union Jack,5,2025-08-14 13:09:09.205774+00,Pat,false,,
c35fdfdf-9f37-4c7f-ae3c-6d07eba43978,EKJ2o9On5WBZKSAn4EFvgQ_120_box0.jpg,CRAIGAVON,National,Building-mounted,Union Jack,5,2025-08-29 08:43:14.868107+00,May,false,,
c3625e69-4698-40f4-abe4-91ebc0aba363,1ptb-FoX75f_MC3UcDRgwA_060_box0.jpg,CRAIGAVON,National,Lamppost-mounted,Union Jack,5,2025-08-17 15:51:42.595457+00,May,false,,
c3833645-cee4-4e43-aceb-31832249463a,DZlpz5N_A9gObKDjn8mR_Q_180_box0.jpg,BELFAST_CITY,National,Lamppost-mounted,Union Jack,5,2025-08-22 22:06:34.708749+00,May,false,,
c38f9e5b-77b1-4d39-8f17-ba965f33ec84,3_h-xBeu75Vurd3RIftQWg_120_box0.jpg,BANGOR,Review,,,,2025-08-08 09:04:37.476673+00,May,true,Not a flag,
c3929208-1446-4cec-abce-d3934c955e80,aZSxa7hfl_kxJSU9IIm1Ow_120_box0.jpg,OMAGH_TOWN,Proscribed,Building-mounted,UVF,5,2025-08-13 08:52:07.951226+00,Pat,false,,
c3a05c16-3a10-4085-92d4-531bb54f9b5e,VW1vFyUQinHjcGoLo59cbQ_300_box0.jpg,METROPOLITAN_NEWTOWNABBEY,National,Building-mounted,Union Jack,5,2025-08-13 08:36:13.47547+00,Pat,false,,
c3a5c098-3ef2-4845-8889-63dd2bdf3b92,hDlx7lH6rL2ay8ih57SHRg_120_box0.jpg,LISBURN_CITY,National,Building-mounted,Union Jack,5,2025-08-14 09:45:35.204802+00,Pat,false,,
c3b5f98d-a9bb-4d68-9a67-5dd7addb830c,ans0SwqC8nYAfuy_JcOsTg_180_box0.jpg,MAGHERA,Review,,,,2025-08-14 13:40:25.0847+00,Pat,true,Complex case,
c3bcc353-1531-44b2-b7c5-a199bb20b081,Szw4fLAbINGCvVBLs8vhwA_180_box0.jpg,STRABANE,Sport,Building-mounted,Supporters Club,5,2025-08-13 09:10:22.509874+00,Pat,false,,
c3c3f533-cd92-4c8b-bf7f-0bf9f9f14209,_1aMBnA7gmjnQvuC41K6qA_240_box0.jpg,BELFAST_CITY,National,Lamppost-mounted,Union Jack,5,2025-08-28 19:43:57.369493+00,May,false,,
c3c7b841-11c4-4c81-8b5f-9e53cf2a5f18,IrwEGyhw1owclbPA_NuN-w_240_box0.jpg,BELFAST_CITY,National,Building-mounted,Ulster Banner,5,2025-08-14 09:42:07.964482+00,Pat,false,,
c4218b97-f817-4441-b3a3-e0595c365ca6,QqDPZVtDPetyMRF3U5FiCQ_000_box0.jpg,BELFAST_CITY,National,Lamppost-mounted,Union Jack,5,2025-08-14 13:31:18.505359+00,Pat,false,,
c43e8e61-7dbd-4f41-be08-ede394f5cdff,YHp2gAeVLOuTT6RVr_CoEw_120_box0.jpg,LISBURN_CITY,Review,,,,2025-08-12 16:19:03.087005+00,Pat,true,Complex case,
c43f791c-c212-405e-ad0c-7b3a83be78c2,eMq7bRER4FAx1SWum9swtQ_300_box0.jpg,BELFAST_CITY,National,Lamppost-mounted,Union Jack,5,2025-08-29 08:31:54.864185+00,May,false,,
c448fa12-01f5-4b45-963e-1d32b4f8ad21,8uVcFs5ETUMyWQwm6hU2OA_120_box0.jpg,BELFAST_CITY,National,Lamppost-mounted,Ulster Banner,5,2025-08-28 20:14:32.792003+00,May,false,,
c46f41ef-9ed9-4b1a-974b-d00843cd06e5,gL3zZtBJVTzkTK6uFyGt7A_060_box0.jpg,ANTRIM,National,Lamppost-mounted,Union Jack,5,2025-08-29 08:24:28.981001+00,May,false,,
c474870a-4201-4d2b-bb94-8b45aa4a0b89,tu49PAukKNkhW96dLjRBWA_120_box0.jpg,BELFAST_CITY,National,Lamppost-mounted,Ulster Banner,5,2025-08-13 22:29:01.557166+00,May,false,,
c4777bde-049c-4a97-a945-31f0456c2377,Xji_pkbeGqbdqCH75_ZWhg_300_box0.jpg,BALLYMENA,National,Lamppost-mounted,Ulster Banner,5,2025-08-13 22:10:15.020275+00,May,false,,
c48747bc-f857-421e-af1e-edc2f53617bf,DuYyrf4E40IMMPfLTLTWUw_300_box0.jpg,CARRICKFERGUS,Fraternal,Building-mounted,Orange Order,5,2025-08-24 10:12:33.682071+00,May,false,,
c491cd91-cb1e-4a65-b3d0-9190a913f899,CCDCrSQ8Dtcxw-FBfjO3pA_120_box0.jpg,NEWRY,National,Building-mounted,Irish Tricolor,4,2025-08-07 20:11:44.251084+00,Byron,false,,
c494b467-d2d9-4f18-b03c-db161c5c459c,GOPANyQ7_nPKrnDONOfrSQ_060_box0.jpg,CRAIGAVON,National,Building-mounted,Ulster Banner,5,2025-08-28 20:47:03.265927+00,May,false,,
c4a34125-a7ba-4e95-9dfd-b5a62518b6cb,5fgYAsXu5D6MLrTr6iwvZQ_120_box0.jpg,BELFAST_CITY,National,Lamppost-mounted,Ulster Banner,5,2025-08-28 19:44:51.583816+00,May,false,,
c4f734c4-98c9-4a79-a49e-6e7070ce651a,sPkG2d698cNkQLAOHdp68g_000_box0.jpg,LISBURN_CITY,National,Building-mounted,Union Jack,5,2025-08-13 08:39:09.26128+00,Pat,false,,
c50736ab-438f-420b-a276-b4f98e483c96,_mbA8DZGW2fkX3ZGy5qvTw_000_box0.jpg,BANGOR,National,Pole-mounted (in ground),Union Jack,5,2025-08-07 09:13:19.542324+00,May,false,,
c508d215-82f6-477c-8a5b-66ec5ad06ad2,ehcZMfOGw3qsSeOmv5T4Ng_120_box0.jpg,METROPOLITAN_NEWTOWNABBEY,National,Lamppost-mounted,Union Jack,5,2025-08-13 08:50:35.569213+00,Pat,false,,
c5186af8-6a28-4b5a-ae36-13f42aea0ad9,8RBgaOK5P0cM5oY38-AURQ_300_box0.jpg,CRAIGAVON,Sport,Lamppost-mounted,Supporters Club,5,2025-08-28 20:33:09.011661+00,May,false,,
c519788c-0c32-4052-86e0-1c1a8511c604,TYWLyv8d8qMSasHozuIQlQ_000_box0.jpg,LIMAVADY,Review,,,,2025-08-07 08:51:48.478073+00,May,true,Unclear image,
c527dbdd-220c-413a-b4a7-539bd658b2ad,DkfitZ8-YzIXaCKGGjgJBg_120_box0.jpg,CRAIGAVON,National,Building-mounted,Union Jack,5,2025-08-28 19:50:12.970684+00,May,false,,
c52e5a81-d51e-4f60-b18c-1efa3115fc4d,c9fP1BSeE6L-N78-XDLqxQ_180_box0.jpg,BALLYMENA,Review,,,,2025-08-29 08:35:25.78187+00,May,true,Unclear image,
c56dc2d8-a8ef-4f83-be13-558cbd7acc67,cdhwNV4u9SLMRc7_w2vqRg_060_box0.jpg,RANDALSTOWN,Military,Lamppost-mounted,UDR,5,2025-08-13 22:15:47.465659+00,May,false,,
c5713d44-6197-437f-b995-203cca183649,9ooVtQW5t_etE6qMlb14MQ_300_box0.jpg,METROPOLITAN_NEWTOWNABBEY,National,Lamppost-mounted,Union Jack,5,2025-08-14 09:49:01.938103+00,Pat,false,,
c57645ee-6b56-4ce8-8bde-fb540aded8e8,9AutIwuX-CpmJ8b6zzdcWA_180_box0.jpg,HILLSBOROUGH_AND_CULCAVY,National,Lamppost-mounted,Union Jack,5,2025-08-29 08:29:36.314123+00,May,false,,
c5773475-6f1c-4896-b8f2-bcc6d566a81c,edIITQ4jCBkxYOpZuUV0xQ_120_box0.jpg,LISBURN_CITY,National,Lamppost-mounted,Ulster Banner,5,2025-08-14 09:21:12.24279+00,Pat,false,,
c58390dd-2f8e-4369-a12e-4c535c3b0a6d,qo5gOb0RRv9Nu2LnFSBYKQ_180_box0.jpg,BELFAST_CITY,National,Lamppost-mounted,Ulster Banner,5,2025-08-28 20:24:41.632388+00,May,false,,
c587c530-d578-4f9c-bdb4-cf22d36c257a,cbEWUIBbm4N4PXCp6OVF1A_000_box0.jpg,METROPOLITAN_NEWTOWNABBEY,International,Pole-mounted (in ground),European Union,1,2025-08-08 16:16:01.424857+00,May,false,,
c58b5269-6689-4934-bd35-1a6ff1fdac84,3-FGyvMln_tLsmPrW2UQDQ_060_box0.jpg,METROPOLITAN_NEWTOWNABBEY,National,Pole-mounted (in ground),Ulster Banner,5,2025-08-14 12:28:49.927338+00,Pat,false,,
c58e8b6c-7cab-4411-ba6b-bcbe72065f49,dsSzwTovaMqDRKiS6DLfGQ_120_box0.jpg,BELFAST_CITY,National,Lamppost-mounted,Ulster Banner,5,2025-08-17 16:07:25.728367+00,May,false,,
c59bc5d6-d30d-4d08-8d62-920c60de36fa,t6KvGiXlIPT7moCK8h_zzg_180_box0.jpg,METROPOLITAN_CASTLEREAGH,Review,,,,2025-08-12 15:59:03.366681+00,Pat,true,Unclear image,
c5ac3411-c9f0-4385-b28e-cce5f2a10ba0,wmil1vCgawbgepXBxjBKOA_000_box0.jpg,METROPOLITAN_CASTLEREAGH,National,Lamppost-mounted,Ulster Banner,5,2025-08-17 18:43:15.90045+00,May,false,,
c5bef140-8a5f-400c-88b5-b8509e4395b0,7RJg5Z_aOpLRUD8Dv8ubVA_000_box0.jpg,BELFAST_CITY,National,Building-mounted,Union Jack,5,2025-08-17 16:15:43.358323+00,May,false,,
c5c74a35-e03d-41fa-9c4e-87d0f0d9dae4,xpjkexJgmd6uXSx4pThGdQ_180_box0.jpg,NEWRY,National,Building-mounted,Ulster Banner,3,2025-08-07 20:13:57.613574+00,Byron,false,,
c5cd3cb6-2bea-4745-8cab-d1e8853be617,UJvpKqC1sp0TkBcuihNFAQ_000_box0.jpg,CRAIGAVON,Review,,,,2025-08-12 15:58:04.202928+00,Pat,true,Complex case,
c5f89e32-9da2-4407-b423-302612e1171d,F81uknWNCSKmglE2QjhQmw_120_box0.jpg,METROPOLITAN_NEWTOWNABBEY,National,Lamppost-mounted,Ulster Banner,5,2025-08-28 20:30:09.567319+00,May,false,,
c6091533-2497-4c06-b6c1-0c68946c1a2c,ztx1Zg1nHzriX0h3RPGzrQ_000_box0.jpg,COLERAINE,Review,,,,2025-08-14 10:52:16.573347+00,Pat,true,Other,
c611b383-bacd-40f5-acdf-088c14b25c3e,WTlCCrxufd90yPLnnbkoUg_300_box0.jpg,LIMAVADY,Review,,,,2025-08-07 20:09:22.348089+00,Byron,true,Not a flag,
c62114ef-2cd6-4776-884c-46a8b6586c26,8h4eJjfc9xhO_0uTn9OoCA_000_box0.jpg,METROPOLITAN_NEWTOWNABBEY,National,Pole-mounted (in ground),Union Jack,5,2025-08-13 22:05:25.021545+00,May,false,,
c62e8258-2d8b-4827-ae57-aa928c20a694,WSEWu1ntzytoZNDNmui4NA_060_box0.jpg,METROPOLITAN_NEWTOWNABBEY,National,Pole-mounted (in ground),Union Jack,5,2025-08-12 15:40:42.703807+00,Pat,false,,
c63c1ff6-99ad-41ea-99f1-5a064e2e9e93,9Rf2iBQpU_gmoa2iNvHbwQ_120_box0.jpg,BALLYMENA,National,Lamppost-mounted,Union Jack,5,2025-08-13 22:09:26.032555+00,May,false,,
c63ce65f-e03b-46e6-acbb-7756067321f9,OAZmZGEdHvDtoTckuxVbmQ_060_box0.jpg,LISBURN_CITY,National,Lamppost-mounted,Union Jack,5,2025-08-14 13:02:03.415802+00,Pat,false,,
c6443b3a-1c85-4fd7-93c0-f8af0711ccc4,Lr9JnDwIUd13kJ6mQSCJYg_240_box0.jpg,CARRICKFERGUS,Fraternal,Lamppost-mounted,Apprentice Boys,2,2025-08-06 22:02:18.432454+00,May,false,,
c649f113-f0d5-44a0-b08f-8e00d3bf6ad2,x_R2SgfVHSccskE68GWUxg_180_box0.jpg,LISBURN_CITY,National,Building-mounted,Union Jack,5,2025-08-28 19:43:52.447058+00,May,false,,
c64e9752-7d74-4c13-b086-c1f8fe1b9cc1,6at8Vcv9AMTYUk2U0hJbww_060_box0.jpg,ARMAGH,National,Lamppost-mounted,Union Jack,5,2025-08-24 10:09:14.708087+00,May,false,,
c655ed85-14e2-49cf-bd0f-d2e89b52e2c4,LR1D6XbTRrvNvoFQahOXMw_060_box0.jpg,METROPOLITAN_NEWTOWNABBEY,National,Lamppost-mounted,Union Jack,5,2025-08-14 13:28:59.545245+00,Pat,false,,
c66cacfa-d17a-4767-894c-689863ed28ea,J-piZDC8ZnD2rZh96TyyRQ_000_box0.jpg,METROPOLITAN_LISBURN,National,Building-mounted,Union Jack,5,2025-08-13 09:06:41.323101+00,Pat,false,,
c66f3779-69b9-4e15-9d2a-ae19615f003c,hfRF5U9vjC2AWRkvX9tLjg_120_box0.jpg,BALLYCLARE,National,Lamppost-mounted,Union Jack,5,2025-08-29 08:22:21.046585+00,May,false,,
c6724067-9f88-4dfd-8c58-bc8009c60e42,JHddQbMsDubeoJ50i6JFig_120_box0.jpg,NEWRY,National,Building-mounted,Irish Tricolor,5,2025-08-07 09:06:26.099883+00,May,false,,
c67ad67d-7311-4409-90af-0cdefb6f8b55,ZshaVZadfPQ0nm7pcPjLyQ_000_box0.jpg,BELFAST_CITY,National,Pole-mounted (in ground),Union Jack,5,2025-08-28 19:51:30.866504+00,May,false,,
c69994fd-5909-41bc-bab9-723dc801171f,29-2RTfZriWtKFw05IIlCw_060_box0.jpg,METROPOLITAN_NEWTOWNABBEY,National,Building-mounted,Union Jack,5,2025-08-09 11:52:33.802792+00,Byron,false,,
c6c0af1f-0a87-4620-8f40-4fa71b5ce2e4,SA98HounMfIios_MWAf61Q_300_box0.jpg,GREENISLAND,National,Lamppost-mounted,Union Jack,5,2025-08-14 14:07:04.709995+00,Pat,false,,
c6e7963f-f011-4fc6-a761-7c21250cc712,40mn10A209iDVgdmdzmvzQ_120_box0.jpg,CARRICKFERGUS,National,Building-mounted,Union Jack,5,2025-08-12 15:42:15.599936+00,Pat,false,,
c7077c48-db86-407d-92cd-d4dbd7342708,pwOfbRDBUHZjxtOpx-SOWQ_060_box0.jpg,BELFAST_CITY,National,Lamppost-mounted,Union Jack,5,2025-08-14 13:52:12.288424+00,Pat,false,,
c70a9068-912f-4006-b3a1-15ff6069281f,enQExw9UH17W9-yiORNo2Q_120_box0.jpg,BALLYMENA,National,Building-mounted,Union Jack,5,2025-08-14 10:23:31.053469+00,Pat,false,,
c70c5fab-f389-4ce2-9db9-5e7f7020ca72,agICazgSWhobtrVSXyIuUQ_000_box0.jpg,CARRICKFERGUS,National,Lamppost-mounted,Ulster Banner,5,2025-08-28 19:50:05.008779+00,May,false,,
c7215acc-fc1f-4c58-a595-418cfd3b5964,5ywgEqpuPu92vbAjhL9SXw_120_box0.jpg,BALLYMENA,Review,,,,2025-08-28 20:46:21.013223+00,May,true,Unclear image,
c7271283-131d-422f-8e00-b47d1c51240e,uJ26Ytb_cO1KNCvMoBsYMQ_300_box0.jpg,CARRICKFERGUS,Review,,,,2025-08-06 22:01:40.956988+00,May,true,Unclear image,
c72934a7-2850-4c3f-914a-c3d563c725a8,NWXX0B083MmCmpWH8YTUtw_180_box0.jpg,LISBURN_CITY,National,Lamppost-mounted,Union Jack,5,2025-08-13 22:06:57.518186+00,May,false,,
c737a8cf-162f-440f-821a-24aab9c86d05,Fepaji6UqRh2p9WpJiGGPA_120_box0.jpg,METROPOLITAN_NEWTOWNABBEY,Review,,,,2025-08-14 09:41:08.540028+00,Pat,true,Complex case,
c7445eb0-d8ca-485f-8f6d-6187d014792d,_HlVaJfSgQ2W6ZHXHJAL7w_300_box0.jpg,METROPOLITAN_NEWTOWNABBEY,National,Building-mounted,Union Jack,5,2025-08-15 20:54:54.892453+00,May,false,,
c753da17-0515-4588-890d-d4f6bdc24edc,Dr2DB-jFD_yybWB_lU-bJw_060_box0.jpg,METROPOLITAN_NEWTOWNABBEY,National,Building-mounted,Ulster Banner,5,2025-08-22 22:03:45.432001+00,May,false,,
c768933a-df9c-4007-8422-fe751ad64971,uKXG0aRpU7xcoULUWVIolQ_120_box0.jpg,LISBURN_CITY,National,Lamppost-mounted,Union Jack,5,2025-08-13 08:29:39.500246+00,Pat,false,,
c792f558-9851-4569-b671-6f9e814a4595,v1sUHFVAAfxlqoiJ01BmXA_240_box0.jpg,METROPOLITAN_CASTLEREAGH,National,Lamppost-mounted,Union Jack,5,2025-08-28 20:42:45.815125+00,May,false,,
c796c751-310a-4bc4-823a-3c9d3e9484dc,hooAyQHBRJSWQIZ33z2m8w_240_box0.jpg,BELFAST_CITY,Review,,,,2025-08-12 15:29:11.403446+00,Pat,true,Unclear image,
c7a73c94-e77f-4c04-973d-8c2051697407,GvJQ4LuJZJteBiRsrrZQJw_000_box0.jpg,OMAGH_TOWN,National,Lamppost-mounted,Ulster Banner,5,2025-08-14 10:26:51.674875+00,Pat,false,,
c7b9612f-a741-4cd5-9c69-d7d674c8e5c1,gKSF9i7nORAj4d0sx1_snQ_060_box0.jpg,BELFAST_CITY,National,Lamppost-mounted,Ulster Banner,5,2025-08-14 13:51:27.801468+00,Pat,false,,
c7c001a4-a4f0-4962-86c3-b1b1b1a35628,Jj3lKWcLMxR2FpfjfKuVtg_180_box0.jpg,METROPOLITAN_NEWTOWNABBEY,National,Building-mounted,Union Jack,5,2025-08-08 12:33:31.71074+00,May,false,,
c7c9a800-b4ba-44ac-8ddd-43aa7b6e76ea,iDbDfuWf6krXR-zL4Urt0w_240_box0.jpg,BANGOR,National,Lamppost-mounted,Union Jack,3,2025-08-09 11:46:07.131837+00,Byron,false,,
c7d3371c-41b1-413a-9632-1fa4884ede6b,pdFEhrR2Z8zzdeT-KWwnwA_240_box0.jpg,CRAIGAVON,National,Building-mounted,Union Jack,5,2025-08-28 20:29:22.336097+00,May,false,,
c7dc024b-2a63-47c6-be9b-e739609ed329,ErUMyhgv_pN95IKrb7nN_Q_180_box0.jpg,BELFAST_CITY,National,Building-mounted,Union Jack,5,2025-08-14 13:38:31.983921+00,Pat,false,,
c7f07f38-6b42-4878-8723-04e42b31d28e,8JxVD1nCF8e00VT7JlfMIw_180_box0.jpg,LISBURN_CITY,National,Lamppost-mounted,Ulster Banner,5,2025-08-12 16:09:28.262236+00,Pat,false,,
c81f875c-f5a1-447b-ab9e-e8df58360c2a,CVA0ehu9yWPpeMUGFbeSWQ_060_box0.jpg,CARRICKFERGUS,National,Lamppost-mounted,Union Jack,4,2025-08-07 19:59:52.71478+00,Byron,false,,
c81fab8f-6341-425f-bef8-ae3587e165a2,EQSj9ejfRWDjCIbeZG780A_180_box0.jpg,CARRICKFERGUS,National,Building-mounted,Ulster Banner,5,2025-08-15 20:50:06.836272+00,May,false,,
c8305134-f2cb-4ca2-ab5c-99ddf55300b8,4z-kKuxRqx7lDvvQ-C1gjw_300_box0.jpg,BELFAST_CITY,National,Lamppost-mounted,Union Jack,5,2025-08-15 20:50:53.005233+00,May,false,,
c8310feb-bb81-4b78-9c69-5e507d447f0d,AEd-7u2cclUYiIGkpISQXg_060_box0.jpg,LISBURN_CITY,National,Lamppost-mounted,Union Jack,5,2025-08-29 08:24:40.767323+00,May,false,,
c84a36b3-c1e0-4bc0-a794-029c53b296a4,B3E-_0E8528Y78e1_CQkPg_300_box0.jpg,GREENISLAND,National,Lamppost-mounted,Union Jack,5,2025-08-29 08:22:33.55752+00,May,false,,
c87ceb3c-d563-41c9-86c3-f39ebcfe0b15,7r1JJ_PQi0n_Nbu0NRh-uw_060_box0.jpg,BELFAST_CITY,International,Building-mounted,Other International,5,2025-08-12 16:19:21.856352+00,Pat,false,,
c889b67e-68f6-4e21-83ba-e81a413a1594,CkuKBXmpBYDpZfxe75-Qfw_120_box0.jpg,DROMORE_BANBRIDGE,National,Building-mounted,Union Jack,5,2025-08-13 22:48:14.901539+00,May,false,,
c892c16f-0f86-461d-a76c-e5d2958473d5,pg0AaAMzmPfUdYdKCgAxVQ_240_box0.jpg,CARRICKFERGUS,National,Lamppost-mounted,Ulster Banner,5,2025-08-06 22:45:43.189974+00,May,false,,
c89f064d-5820-435c-a744-9ba18175da01,cAJxETgNiKyV5sMKZdvEig_120_box0.jpg,BELFAST_CITY,National,Building-mounted,Union Jack,5,2025-08-12 15:24:41.931945+00,Pat,false,,
c8b9b678-6769-415c-aed2-effd425f3780,rkaVLIZx3tC622rIlKIJkQ_120_box0.jpg,BELFAST_CITY,Review,,,,2025-08-13 08:30:18.324168+00,Pat,true,Complex case,
c8c7e2d2-32de-4ad0-bf2a-fe0b4d4e7f73,7-R2oDfsxGKKzO8l9tnuFQ_300_box0.jpg,BALLYCLARE,National,Pole-mounted (in ground),Union Jack,5,2025-08-22 22:17:10.486903+00,May,false,,
c8d33eeb-9a14-4607-bdfe-3f066686e12f,ioWkffbawbiPADuCvkzqPQ_060_box0.jpg,LISBURN_CITY,National,Building-mounted,Union Jack,5,2025-08-29 08:37:53.741998+00,May,false,,
c8dafcaa-576e-4d88-b5ae-83c8485fdc06,UTM4JvORMOKkJ8-sv0ew9g_240_box0.jpg,BELFAST_CITY,National,Lamppost-mounted,Ulster Banner,5,2025-08-14 09:24:21.844397+00,Pat,false,,
c8f1e558-9751-44fd-86c3-07bec1af5f3c,lWmZM8p2DvzsQEGISWdetw_120_box0.jpg,BELFAST_CITY,Review,,,,2025-08-13 08:24:03.788112+00,Pat,true,Complex case,
c8f7e906-c5b0-4113-885a-8bb2100768ad,mvJuOgGz2FZV7LtUm4qm2g_060_box0.jpg,METROPOLITAN_LISBURN,National,Building-mounted,Union Jack,5,2025-08-13 22:02:42.289523+00,May,false,,
c8fb2d57-c6de-4fb0-a699-3e1621481f66,Ii6MmA01qdgBfoF1GdyvLQ_120_box0.jpg,BELFAST_CITY,National,Building-mounted,Union Jack,5,2025-08-12 15:34:12.788142+00,Pat,false,,
c9342e2f-9493-4fc6-b1d2-675775d705d5,7Knkj9eLunHLCwnS4SVlrg_060_box0.jpg,NEWRY,Military,Lamppost-mounted,UDR,3,2025-08-07 09:09:57.130148+00,May,false,,
c93e4f6b-513c-4cad-85e6-0f0cb141e1fc,16rltDwnrXSKGebrdO-sTw_120_box0.jpg,CARRICKFERGUS,National,Building-mounted,Union Jack,5,2025-08-13 22:34:27.630446+00,May,false,,
c93f67f0-4175-4a0b-9bc3-cca9b6e9a9aa,1fqRzkukH6dsNCwanvTrZA_300_box0.jpg,CARRICKFERGUS,National,Lamppost-mounted,Ulster Banner,1,2025-08-06 22:52:06.959449+00,May,false,,
c948acaa-ef7a-41f3-a8a4-6eb4fc1eded9,5w7-hGe9BjXz-ol7Bf2bSw_000_box0.jpg,HOLYWOOD,National,Lamppost-mounted,Union Jack,5,2025-08-28 20:18:39.378718+00,May,false,,
c9728fd4-883d-45ee-9e0d-b835e7629199,tP1ryRQf2RD5TeKNpvQMLA_060_box0.jpg,LISBURN_CITY,National,Building-mounted,Union Jack,5,2025-08-12 15:12:46.008562+00,Pat,false,,
c97c141a-fc96-473a-8159-d155eb6f1245,Q5cObaRzFe-PVS5oFzwHQw_000_box0.jpg,METROPOLITAN_CASTLEREAGH,National,Lamppost-mounted,Union Jack,5,2025-08-17 15:05:56.862588+00,May,false,,
c9892e13-c103-4441-9c61-90e8ea8f2538,cTUp_Hu82l29FoANlkcW6Q_000_box0.jpg,BALLYMENA,National,Building-mounted,Union Jack,5,2025-08-14 11:12:30.040072+00,Pat,false,,
c98afec1-c9ed-4418-ad60-6107cc7b2a66,XX6R2Nz8sI_rxQ1h1-FWjQ_180_box0.jpg,BELFAST_CITY,Review,,,,2025-08-14 14:11:39.115788+00,Pat,true,Complex case,
c998ae17-2fa3-413d-8434-2f7d451003e7,EZFwKjMXLoqo3gsJ6DZrWQ_120_box0.jpg,CARRICKFERGUS,National,Pole-mounted (in ground),Scottish Saltire,2,2025-08-06 22:56:55.51399+00,May,false,,
c99fc6c2-c04b-4959-ad22-00569ee9e8e6,O6JED7tSg8vnHTtmvr_7LA_000_box0.jpg,GREENISLAND,National,Lamppost-mounted,Union Jack,5,2025-08-14 10:33:33.129173+00,Pat,false,,
c9a5ea8a-fb25-40d3-bf92-c40adcbf3b6c,zmBJIdzEkKICVEKwkLQk7Q_060_box0.jpg,COLERAINE,Fraternal,Lamppost-mounted,Orange Order,5,2025-08-14 10:57:46.328762+00,Pat,false,,
c9ae9463-938d-485c-afeb-53ff98722a95,ISbHC7qmjsslOR545x_sAw_180_box0.jpg,CARRICKFERGUS,International,Pole-mounted (in ground),Other International,5,2025-08-11 18:11:56.675344+00,Pat,false,,
c9b1381e-08fa-4c82-8a17-830cb3996454,9WDMiTQG6bWeNTbaxj6FQw_240_box0.jpg,BELFAST_CITY,Review,,,,2025-08-14 12:49:07.052865+00,Pat,true,Complex case,
c9b79300-f574-4a74-b90b-15e01801c53e,Ru_WYclSsQ4xKAwQ0vNwjg_000_box0.jpg,METROPOLITAN_CASTLEREAGH,National,Lamppost-mounted,Ulster Banner,5,2025-08-29 08:32:40.949244+00,May,false,,
c9c9fb3f-1f00-4104-a333-ff05cfe3ec07,_itwBq-N_yjC-gIDEg8WdQ_060_box0.jpg,BELFAST_CITY,National,Lamppost-mounted,Union Jack,5,2025-08-13 08:27:42.427278+00,Pat,false,,
c9d435fb-bb3c-4a69-b877-c193156a08ac,SMTG8goY64VtSv5OUYEtmg_240_box0.jpg,BELFAST_CITY,Sport,Lamppost-mounted,GAA,5,2025-08-28 20:37:53.899296+00,May,false,,
c9d8ed34-a5b6-44ae-8689-a65378b2fc8b,za4mbPgcLicYitKqdh-nNw_240_box0.jpg,CRAIGAVON,National,Pole-mounted (in ground),Union Jack,5,2025-08-12 15:30:58.391156+00,Pat,false,,
c9eade3e-9874-407e-b92b-a78098ed0490,9WTntOlEmjHBkSRtruzWEA_300_box0.jpg,BELFAST_CITY,National,Lamppost-mounted,Union Jack,5,2025-08-28 20:06:12.880177+00,May,false,,
c9ee9d12-274b-481d-8f33-7f5581d4691b,IYkk1XzIU8hAfEZvtUyFnA_300_box0.jpg,BALLYMONEY,Review,,,,2025-08-13 08:24:50.76122+00,Pat,true,Unclear image,
ca052736-b8f1-47aa-9455-139ed9e1f77f,wiuFYGCuAq8CwpWn-p2JWg_060_box0.jpg,BELFAST_CITY,National,Window display,Ulster Banner,5,2025-08-17 16:48:20.228895+00,May,false,,
ca0635f7-73f1-4cef-98dd-74adba35a675,CntJqkrwuHc1jTnwfJpsvw_300_box0.jpg,GREENISLAND,National,Building-mounted,Union Jack,5,2025-08-12 15:34:48.179448+00,Pat,false,,
ca506449-e321-4a8a-826b-bbffeecc00e8,-z_-LGPo29ZoVcW0sPBKDg_120_box0.jpg,METROPOLITAN_NEWTOWNABBEY,National,Building-mounted,Union Jack,5,2025-08-14 10:15:48.080283+00,Pat,false,,
ca63b7df-488e-480f-acbe-c91b748f0db4,_hKhTxebhg7b3STXXOMuKw_000_box0.jpg,LISBURN_CITY,National,Building-mounted,Union Jack,5,2025-08-14 09:22:26.170801+00,May,false,,
ca666c08-18ab-4b3b-bf74-b422ac75b3a9,_1aMBnA7gmjnQvuC41K6qA_240_box0.jpg,BELFAST_CITY,National,Lamppost-mounted,Union Jack,5,2025-08-14 11:04:47.132166+00,Pat,false,,
ca6e5212-35c3-4046-8305-6bd2a0b25584,jGPHIeHaBi_bN0viSr1_ng_180_box0.jpg,LISBURN_CITY,National,Lamppost-mounted,Union Jack,5,2025-08-22 22:27:44.093339+00,May,false,,
ca93e085-bfb4-40c8-bda4-d8503cb41efa,-4yrGYCzAKt4AHeIr2K03w_000_box0.jpg,COLERAINE,National,Lamppost-mounted,Union Jack,5,2025-08-24 10:11:39.090593+00,May,false,,
caa15da4-d7ee-4fa0-b921-15ade27f709e,fxRyJUCJT0ruh163JpYUbA_240_box0.jpg,BELFAST_CITY,National,Lamppost-mounted,Union Jack,5,2025-08-29 08:48:57.448764+00,May,false,,
cad38386-cef2-4b3f-871a-5a0badf6ccdf,cB5iG8C8AbyfjGs0V7DPtg_060_box0.jpg,BELFAST_CITY,Proscribed,Lamppost-mounted,YCV,5,2025-08-13 16:29:16.207454+00,Pat,false,,
cadabb7c-ebf7-4b65-bb57-763b7701f35c,JF_rbsW43SsHzAbQy3KaJg_120_box0.jpg,BELFAST_CITY,National,Lamppost-mounted,Union Jack,5,2025-08-29 08:43:35.649339+00,May,false,,
cae04f8f-91d9-40c5-8f91-1a32a789af98,lAztVeXhsDwHlO1snI-TTw_060_box0.jpg,METROPOLITAN_NEWTOWNABBEY,National,Pole-mounted (in ground),Irish Tricolor,5,2025-08-14 14:09:43.236681+00,Pat,false,,
cae34315-5de2-4e01-b619-90c34ab80331,c9fP1BSeE6L-N78-XDLqxQ_180_box0.jpg,BALLYMENA,Review,,,,2025-08-14 13:52:36.907102+00,Pat,true,Complex case,
cae92bad-2a36-4585-9282-2befdcbb7ef6,l7eKd1rfGVurVgfmnQfqkQ_120_box0.jpg,CARRYDUFF,National,Lamppost-mounted,Union Jack,5,2025-08-14 13:58:29.086657+00,Pat,false,,
cb06f980-fea6-4eb4-a17a-cdec792449d7,0NgkBRyUD-anyhXc5VQicA_240_box0.jpg,BELFAST_CITY,National,Building-mounted,Union Jack,5,2025-08-29 08:25:40.352768+00,May,false,,
cb1bc83f-1775-4326-bc47-14a4255b1bb6,YKu5Kh1uqnHv33s3-8AX1A_000_box0.jpg,METROPOLITAN_NEWTOWNABBEY,National,Building-mounted,Ulster Banner,5,2025-08-13 22:36:12.939477+00,May,false,,
cb320deb-1b83-4632-8e77-0c61a181f424,uiU4kCangHFW6Crj3732Ng_120_box0.jpg,COOKSTOWN,Review,,,,2025-08-29 08:19:02.821998+00,May,true,Unclear image,
cb3d96f2-1a3b-49ae-9b19-4458957a03b4,3KSTvckSkMOU_kqsPQ-zRw_240_box0.jpg,BELFAST_CITY,National,Building-mounted,Union Jack,5,2025-08-12 15:26:22.923154+00,Pat,false,,
cb44e431-56cb-4427-bb65-0b891d0e7443,uHzL7J6A_u2qM2kK6UQSJw_000_box0.jpg,BELFAST_CITY,National,Lamppost-mounted,Ulster Banner,5,2025-08-17 16:47:17.45038+00,May,false,,
cb47ecfa-a56f-4901-9317-927296b627f4,0qBdaAMY-V7Jtnj-lKK5UA_300_box0.jpg,BELFAST_CITY,National,Lamppost-mounted,Ulster Banner,5,2025-08-28 20:21:34.000006+00,May,false,,
cb55c127-8b65-48b1-b7d1-24fd2f1579f9,Ub3wKeLUxBOO5m9lTZ7yog_060_box0.jpg,CRAIGAVON,National,Building-mounted,Union Jack,5,2025-08-28 20:22:59.24034+00,May,false,,
cb5b695b-4074-4929-8e8f-312cd9fddb69,4F4Xn0AkU3GjB-amWgGn4g_120_box0.jpg,BELFAST_CITY,Review,,,,2025-08-14 13:55:06.555624+00,Pat,true,Complex case,
cb5c5dae-4cb8-4a53-ade3-4a5d919e91c1,-D6juZiMJt8fE4cG4r7Hog_300_box0.jpg,LISBURN_CITY,National,Lamppost-mounted,Union Jack,5,2025-08-12 16:15:36.649296+00,Pat,false,,
cb6f3233-796d-4fc1-ba92-c3e03c101afd,o3I1H6DoD9PgbgMXbvG-iw_060_box0.jpg,METROPOLITAN_CASTLEREAGH,National,Pole-mounted (in ground),Union Jack,5,2025-08-13 08:36:33.107179+00,Pat,false,,
cb7913e5-315a-4aca-b2a4-1addd056ab26,f5exGmzRn75OO5BwcqzTug_240_box0.jpg,BELFAST_CITY,National,Permanent installation,Ulster Banner,5,2025-08-28 20:04:26.429602+00,May,false,,
cba43d6b-3ced-495c-9eda-d95b5e956d6d,LJcqdLSQaYfaaOYJKyBZxA_000_box0.jpg,BELFAST_CITY,National,Lamppost-mounted,Union Jack,5,2025-08-14 13:09:32.61041+00,Pat,false,,
cba628f7-880f-4f28-a498-3e1e5162320a,N2Rf7aaQVLcb3zmWOhUrSw_240_box0.jpg,METROPOLITAN_NEWTOWNABBEY,National,Lamppost-mounted,Ulster Banner,5,2025-08-09 11:52:59.792825+00,Byron,false,,
cbba79ac-9faa-4c11-9196-6f6122f2c578,CfRZB10puj0rozm3ZOAjZQ_240_box0.jpg,METROPOLITAN_NEWTOWNABBEY,National,Building-mounted,Ulster Banner,5,2025-08-08 10:11:51.143372+00,May,true,Other,
cbc24587-9a45-4ac7-8881-0089c30a1f57,bo9w0T987h3HWJbWXmzotA_000_box0.jpg,METROPOLITAN_CASTLEREAGH,National,Pole-mounted (in ground),Union Jack,5,2025-08-14 10:31:11.178483+00,Pat,false,,
cbc43f31-7a49-4805-8c47-d3e847c0c7cc,RabnmsHkXD67W6DqAo2YOg_000_box0.jpg,GREENISLAND,National,Pole-mounted (in ground),Union Jack,5,2025-08-11 17:46:27.339157+00,Pat,false,,
cbd0eca8-3db2-48dd-bc74-99bd370eb5c5,pdFEhrR2Z8zzdeT-KWwnwA_240_box0.jpg,CRAIGAVON,National,Building-mounted,Union Jack,5,2025-08-14 12:50:06.727937+00,Pat,false,,
cbe880b0-18e8-48bb-83ad-534e50c34fe2,8Tl9QfwFKkV9gQb0nJKybg_000_box0.jpg,LISBURN_CITY,Fraternal,Lamppost-mounted,Red Hand Defenders,5,2025-08-17 14:25:40.781937+00,May,false,,
cbffad04-2da3-4a7d-b880-103f23d7b04b,k9ZCe2cft6rXsBKis2n0nA_180_box0.jpg,BELFAST_CITY,Military,Building-mounted,UDR,5,2025-08-28 20:07:08.933986+00,May,false,,
cc2b6ada-3a95-407e-a838-87574bb9abaf,BFoHE3W19OSInMT9b7mdGw_240_box0.jpg,BELFAST_CITY,Proscribed,Lamppost-mounted,UVF,5,2025-08-22 22:02:54.244966+00,May,false,,
cc34dd47-aced-4318-abf1-82537d601c69,KCpxW7X-IbiOmHHV95cn9A_300_box0.jpg,BELFAST_CITY,Review,,,,2025-08-17 14:36:17.761056+00,May,true,Unclear image,
cc3b16c4-e286-4c51-a619-c5ef8dacc626,pA7DY_0BNM8PWeHnZItDdQ_060_box0.jpg,METROPOLITAN_LISBURN,National,Pole-mounted (in ground),Ulster Banner,5,2025-08-15 20:49:50.969422+00,May,false,,
cc8930f9-24d3-494a-9037-4f2cfb67e48c,3Eb4cEw-8xSNSmnxEDRl9g_300_box0.jpg,METROPOLITAN_NEWTOWNABBEY,National,Lamppost-mounted,Union Jack,5,2025-08-17 17:03:27.708723+00,May,false,,
cc895ebf-e69c-4c13-9644-cd18f6c24329,4KXAJsmHVsBVKr8SVER5pQ_000_box0.jpg,ANTRIM,National,Building-mounted,Union Jack,5,2025-08-17 15:39:53.342164+00,May,false,,
cc956e59-baa2-43e3-9885-b7bdb5f8c624,6UgxMTqY9_Mm4kB9iVXK3A_120_box0.jpg,METROPOLITAN_NEWTOWNABBEY,National,Building-mounted,Union Jack,5,2025-08-13 22:31:45.560192+00,May,false,,
cc971543-19fb-4e58-8b1a-e1106992e8b3,VvAVvmVSUqyxxD8bFs6Qbw_180_box0.jpg,CARRICKFERGUS,National,Building-mounted,Ulster Banner,5,2025-08-12 15:07:58.341369+00,Pat,false,,
ccbb30bd-0678-4555-a592-6e915d5f2a73,HYs-xvwjJh3bUN7O6C6Kuw_240_box0.jpg,COMBER,Fraternal,Lamppost-mounted,Orange Order,5,2025-08-13 22:55:28.656367+00,May,false,,
ccc55e7f-b2cd-460b-b2ce-8fe9cc503449,m_uzz7C6QKgsDODUdx_EGg_240_box0.jpg,LARNE,National,Lamppost-mounted,Union Jack,5,2025-08-14 13:59:12.440925+00,Pat,false,,
ccc5af2f-41ce-4912-b280-fc9dfc5463fe,zbRLYaNIMnGG_vt6LHGJFw_120_box0.jpg,BALLYMENA,National,Building-mounted,Union Jack,5,2025-08-14 15:08:03.710987+00,May,false,,
ccd697d2-68e7-44c2-83c0-b96366f40a4d,9GQzdLgdO_C9--La-pqCVA_240_box0.jpg,COLERAINE,Fraternal,Lamppost-mounted,Orange Order,5,2025-08-12 15:57:09.06713+00,Pat,false,,
ccda8db9-b3ab-47ab-85ae-c6580fdbad49,tp6Lrg3H8PKJra9fbbQK4g_060_box0.jpg,GREENISLAND,National,Building-mounted,Union Jack,5,2025-08-17 14:28:50.20051+00,May,false,,
cce4af9c-abcd-4c38-b28d-1a3e79fe15fb,ukM34BTVfacpJnUseRDUJQ_300_box0.jpg,METROPOLITAN_LISBURN,National,Building-mounted,Union Jack,5,2025-08-22 22:13:26.955899+00,May,false,,
ccef742e-2c02-4015-b7e9-7c5d15cfcabd,XJ89tUiQPg_0Mcf_8YpmTQ_300_box0.jpg,LARNE,National,Building-mounted,Union Jack,5,2025-08-14 10:20:49.264954+00,Pat,false,,
cd261228-bff2-4d74-8cdd-35fbcc267d99,299EPypdHlcKbNq_ysfFgw_060_box0.jpg,BALLYMENA,National,Pole-mounted (in ground),Ulster Banner,5,2025-08-15 00:37:56.882677+00,May,false,,
cd2e3837-7643-4783-88ca-f56a3fa41121,8v9ox7jPm0rVj8ounMS__g_240_box0.jpg,BELFAST_CITY,National,Lamppost-mounted,Union Jack,5,2025-08-13 08:56:45.482692+00,Pat,false,,
cd2f0ed4-25a1-4da3-b222-5d8f842a2992,kxCXNgL7yJ3MKReOmZif4w_120_box0.jpg,BELFAST_CITY,National,Lamppost-mounted,Union Jack,5,2025-08-14 12:31:36.703581+00,Pat,false,,
cd5f68c8-25ac-4cb8-a2b6-48018da4d6ce,kkvvYNk7fUQtrzGItVSg4A_060_box0.jpg,METROPOLITAN_NEWTOWNABBEY,Proscribed,Lamppost-mounted,UDA,5,2025-08-17 17:05:14.516136+00,May,false,,
cd64013e-35a2-4603-aa82-ac8d57077e97,35P6R-VxvF5hccu0oW01HQ_000_box0.jpg,METROPOLITAN_NEWTOWNABBEY,Review,,,,2025-08-13 09:06:57.889426+00,Pat,true,Complex case,
cd7d74e6-a85b-485d-b2a7-38f3e8afb24f,fiotsC3G0U1M4iSGMJ5Pbw_300_box0.jpg,LISBURN_CITY,National,Lamppost-mounted,Ulster Banner,5,2025-08-29 08:19:55.550592+00,May,false,,
cd90d38e-84d8-4cf7-abe1-f37d2d70d537,M_Z70rI3UXd5GF-0EOAkGA_180_box0.jpg,BELFAST_CITY,National,Lamppost-mounted,Union Jack,5,2025-08-22 22:10:24.721686+00,May,false,,
cd987e6d-8c5d-4887-9947-1b4bd62c5528,FjMZFr8gPlbnWLNZIksGlg_060_box0.jpg,BALLYNAHINCH,National,Pole-mounted (in ground),Union Jack,5,2025-08-13 09:05:52.689073+00,Pat,false,,
cd9b5984-05c5-4354-bd09-35c4a82b3c20,vTxTQshx8xKjjqv3pVlgsw_000_box0.jpg,BANGOR,National,Lamppost-mounted,Union Jack,3,2025-08-09 11:41:45.868577+00,Byron,false,,
cdcfcee6-928a-420c-8616-f87cc48c84e0,ypuWDKRbEoBJBKNuhk2bOg_120_box0.jpg,LIMAVADY,National,Lamppost-mounted,Irish Tricolor,5,2025-08-07 20:05:37.478672+00,Byron,false,,
cde692c9-4c8b-447d-af4e-0aec50b4e864,nAjH5xmsRpqTXzcYmjLaqg_060_box0.jpg,CRAIGAVON,National,Lamppost-mounted,Union Jack,5,2025-08-12 15:42:32.077694+00,Pat,false,,
cdea95ed-3ad8-45a0-bacb-787b984fbc7d,WTlCCrxufd90yPLnnbkoUg_300_box0.jpg,LIMAVADY,Review,,,,2025-08-07 08:52:19.5046+00,May,true,Not a flag,
ce063e87-1de9-4a66-b7ea-9921ec6fa377,7a2zyCPCOGnpZcIGbnpKQA_240_box0.jpg,CARRICKFERGUS,National,Building-mounted,Union Jack,5,2025-08-15 20:55:55.017179+00,May,false,,
ce08d21e-ca44-4068-aefd-6806c7af43da,9vIXK_t4t-8HZYBfMlvE1g_240_box0.jpg,METROPOLITAN_NEWTOWNABBEY,National,Lamppost-mounted,Union Jack,5,2025-08-13 22:27:46.56299+00,May,false,,
ce11bae6-de26-4afa-92b2-5445b8383845,RlT_Pbosmfdzwy9vwexBpQ_300_box0.jpg,CARRICKFERGUS,National,Building-mounted,Union Jack,5,2025-08-13 08:39:17.114423+00,Pat,false,,
ce1b5792-9530-47ca-9174-981e89c27ece,3Ta6UG4rzX3c23aaDU06zw_180_box0.jpg,BELFAST_CITY,National,Lamppost-mounted,Union Jack,5,2025-08-29 08:39:04.348303+00,May,false,,
ce1d2286-87eb-40b7-ad43-2a4abc228c45,Ro27TtuLC35LJLDnW49GFw_300_box0.jpg,METROPOLITAN_NEWTOWNABBEY,National,Lamppost-mounted,Union Jack,5,2025-08-17 14:27:41.035822+00,May,false,,
ce3830fb-3763-4513-80b9-54472edb84ff,RPekuEy9wIUifML5iGrOXg_180_box0.jpg,CRAIGAVON,National,Building-mounted,Union Jack,5,2025-08-13 08:26:41.752181+00,Pat,false,,
ce73b43d-ad01-4e37-b995-5075a20e8555,E75fZu-DiFHt7JnpuSHT8g_060_box0.jpg,BELFAST_CITY,National,Lamppost-mounted,Union Jack,5,2025-08-14 12:50:42.501002+00,Pat,false,,
ce7e33d0-a117-4282-b8c9-e92bc9e35900,-Makb4rBSdggrDFHfC-Udg_060_box0.jpg,LIMAVADY,Review,,,,2025-08-06 23:05:09.794948+00,May,true,Unclear image,
ce86c7c3-1016-4e42-99da-947e7041cd5e,Fpa9_NG9wApizeVyUrzZGA_120_box0.jpg,METROPOLITAN_LISBURN,National,Lamppost-mounted,Union Jack,5,2025-08-28 20:15:41.43216+00,May,false,,
ce9a5457-5d1a-4518-99de-b2d0cae61ed1,SFJYOnxwQZoyxBLjq7kksw_120_box0.jpg,GREENISLAND,National,Building-mounted,Union Jack,5,2025-08-29 08:46:26.921665+00,May,false,,
ce9d948a-702f-48c2-bb98-4a2131e5ad5f,6Clq7Xnx0S5DPviitsMtEA_000_box0.jpg,BELFAST_CITY,National,Pole-mounted (in ground),Union Jack,5,2025-08-12 15:42:26.118701+00,Pat,false,,
ce9f3d10-dc18-4b1f-a2a4-63f359e9ed44,MuG5ZOxmFnjK9_xc-klM6A_060_box0.jpg,BANGOR,Fraternal,Lamppost-mounted,Apprentice Boys,2,2025-08-09 11:39:53.139877+00,Byron,false,,
cea19f5d-2b61-4982-8efb-f825daf2efb3,61p5y2wmg00u0Zn6UW0foA_120_box0.jpg,METROPOLITAN_NEWTOWNABBEY,National,Building-mounted,Union Jack,5,2025-08-29 08:53:33.270319+00,May,false,,
ced1a641-a866-494e-b785-9b659734f188,xtlwANTCd_Uecepgotrnwg_060_box0.jpg,BELFAST_CITY,National,Lamppost-mounted,Union Jack,5,2025-08-28 20:49:44.43353+00,May,false,,
ced4b9f9-71cf-4e30-84cd-ac3ac24b587c,lUcBgPB1DJ9KOLQXO7yZ7Q_060_box0.jpg,BELFAST_CITY,National,Lamppost-mounted,Union Jack,5,2025-08-14 13:54:21.469555+00,Pat,false,,
ced4dfb9-46d4-4f5b-bca9-9efe22c28520,Rg58_4WuDcxv2qZi54zv-w_060_box0.jpg,LISBURN_CITY,National,Pole-mounted (in ground),Union Jack,5,2025-08-17 16:44:51.787116+00,May,false,,
ced9a8d4-c719-4ec9-a731-aa9593b9bc9b,ZfDtS0Jca5bxiSkXhDQF5Q_060_box0.jpg,LARNE,National,Lamppost-mounted,Union Jack,5,2025-08-12 15:22:50.216856+00,Pat,false,,
cedb0ca2-d45d-4946-b79f-15f87454f28e,aYdTjb4hTRvX4pP-QFomMg_120_box0.jpg,LISBURN_CITY,National,Building-mounted,Union Jack,5,2025-08-17 15:36:08.859499+00,May,false,,
cef2fe78-4aaa-4009-9f98-58ed2f8043d6,lrDSQvSlLiKwniQ0DXQn5Q_240_box0.jpg,GREENISLAND,Proscribed,Pole-mounted (in ground),UDA,5,2025-08-22 22:04:05.882389+00,May,false,,
cf154e9a-2cb8-463f-9a12-331380a79451,-Tc13uFm-cMkeleGvUsQFw_120_box0.jpg,BALLYMONEY,National,Pole-mounted (in ground),Union Jack,5,2025-08-14 10:24:08.623327+00,Pat,false,,
cf400fd8-1e88-474a-a81f-5ddd346db533,xpjkexJgmd6uXSx4pThGdQ_180_box0.jpg,NEWRY,Fraternal,Lamppost-mounted,Red Hand Defenders,5,2025-08-07 09:04:02.895859+00,May,false,,
cf56d409-d7ff-4e96-8a6c-b5886a8d0423,f_QsO2YWwXpI1_WBmMOQ-Q_180_box0.jpg,BELFAST_CITY,National,Lamppost-mounted,Union Jack,5,2025-08-13 16:20:10.755828+00,Pat,false,,
cf6c87cb-dc96-4bdc-99ce-aa0de08d1cde,R0XZNAQp1I0MzIAuDQdNtg_180_box0.jpg,METROPOLITAN_LISBURN,National,Building-mounted,Union Jack,5,2025-08-11 18:10:41.783405+00,Pat,false,,
cf6d2f64-1f14-4327-89f9-a6df90864d04,yhsIWCa3o5RcbbtepV-Png_180_box0.jpg,CARRICKFERGUS,National,Lamppost-mounted,Union Jack,2,2025-08-07 19:57:13.570062+00,Byron,false,,
cf6f41e1-b3cc-4fb7-ae73-488edce5a4f1,eDl1QvofoPVEMW5VJZH7kQ_180_box0.jpg,BELFAST_CITY,National,Lamppost-mounted,Ulster Banner,5,2025-08-12 16:16:36.465823+00,Pat,false,,
cf8fc1bf-5c9b-403c-a770-bca46f5ffefc,0bCtpqCEUYdnXwG5_JbpPg_180_box0.jpg,DUNGANNON,Review,,,,2025-08-14 10:21:59.753836+00,Pat,true,Complex case,
cf95614e-6811-4ab8-b663-5be566f88173,Q3xfM_pKeDoftAmXsvTF5Q_000_box0.jpg,BELFAST_CITY,National,Lamppost-mounted,Union Jack,5,2025-08-14 10:10:43.330496+00,Pat,false,,
cf9595c7-d999-4dc0-ba26-335c284df478,H_srYMFtfd_mVFATN3cYHA_240_box0.jpg,DERRY_CITY,National,Lamppost-mounted,Irish Tricolor,5,2025-08-28 20:49:15.474907+00,May,false,,
cfa9eb86-7db0-481c-9b80-4cd5329277e3,JNSHp0Si1U32ENGy3sDRSg_180_box0.jpg,BALLYCLARE,Fraternal,Building-mounted,Orange Order,5,2025-08-17 16:58:43.949514+00,May,false,,
cfb4aa5a-a942-443c-b5de-3b0d9c386f4a,ShAy58KpT4VBJTkW_o7JFg_120_box0.jpg,BELFAST_CITY,National,Lamppost-mounted,Union Jack,5,2025-08-13 08:35:59.974533+00,Pat,false,,
cfd37225-0d55-4421-a9b2-5640bf32d477,IepzT6b44K7JiJEokyhiaQ_060_box0.jpg,BALLYMENA,National,Lamppost-mounted,Union Jack,5,2025-08-14 14:08:22.792501+00,Pat,false,,
cfedb97a-9f37-4178-9a1f-fdbe71c24af2,SBY-Q2xw_-MUhHDvbQrZow_000_box0.jpg,GREENISLAND,National,Lamppost-mounted,Union Jack,5,2025-08-22 22:05:46.478327+00,May,false,,
cff69fcc-775a-47a4-bd64-c58852abac16,DpnV-6pFQtwPf9KQWSm5LA_180_box0.jpg,METROPOLITAN_NEWTOWNABBEY,National,Lamppost-mounted,Ulster Banner,5,2025-08-13 22:10:56.042365+00,May,false,,
cffd1314-f947-4107-bd5b-b33b44b24632,KBjiz0lM6Emv4_hvac-YDw_120_box0.jpg,BELFAST_CITY,National,Lamppost-mounted,Union Jack,5,2025-08-14 13:07:52.589858+00,Pat,false,,
d00714e6-eee4-4c85-a94a-37e7b06bc07f,PmRxMc4cV8AIhACKBAM9FA_180_box0.jpg,LARNE,National,Lamppost-mounted,Ulster Banner,5,2025-08-28 20:28:55.328171+00,May,false,,
d009ef2f-2246-4ceb-adae-e131f7096bdc,YEhR7s5rXQcbD9APDLO15Q_060_box0.jpg,BELFAST_CITY,National,Lamppost-mounted,Union Jack,5,2025-08-14 12:28:18.133798+00,Pat,false,,
d01a80b6-bcce-423b-8b04-3b6061c33216,EQSj9ejfRWDjCIbeZG780A_120_box0.jpg,CARRICKFERGUS,National,Building-mounted,Union Jack,5,2025-08-14 12:49:25.637926+00,Pat,false,,
d02a8117-07ab-4edc-9c9a-0ffd78846303,m7NCQi_aR5jDA10o5Kyvag_240_box0.jpg,BELFAST_CITY,National,Lamppost-mounted,Union Jack,5,2025-08-12 15:32:40.795551+00,Pat,false,,
d058b23f-dbf4-481f-b362-a89621ec2cf3,6G5c4EdCAdyuiuGUCSVshA_060_box0.jpg,BELFAST_CITY,National,Lamppost-mounted,Union Jack,5,2025-08-13 08:44:23.562761+00,Pat,false,,
d06e5af8-25cc-451f-9e02-51508c5283f6,KrZzhBB7AGjnorOAdLnFDQ_180_box0.jpg,BELFAST_CITY,National,Lamppost-mounted,Ulster Banner,5,2025-08-14 10:40:11.378927+00,Pat,false,,
d07d8551-3201-4c15-82fa-75504efa2780,ahi-xlGgUFSGeGbDf_VMWg_300_box0.jpg,BELFAST_CITY,National,Building-mounted,Union Jack,5,2025-08-29 08:30:18.388966+00,May,false,,
d0813c5a-861f-4445-9c94-749a03716f2e,RTCgZwh2Cx5P8SlEivLhGw_060_box0.jpg,NEWRY,Review,,,,2025-08-07 20:11:31.782746+00,Byron,true,Not a flag,
d087553e-8d7e-4b61-b73f-317aea23b73f,opeURcTRVqIjJnZy3vzE5w_120_box0.jpg,LIMAVADY,National,Lamppost-mounted,Irish Tricolor,5,2025-08-07 20:02:34.955212+00,Byron,false,,
d0a70cc2-c331-4a75-abd0-8e91c8c11237,SZWTUzTBqtbiIGmIt8uNYw_240_box0.jpg,BANGOR,National,Lamppost-mounted,Union Jack,5,2025-08-09 11:41:24.818332+00,Byron,false,,
d0ac811a-28c0-4321-8489-7d1279326400,Kgx_MG51jzttzgATzpPjuw_300_box0.jpg,BELFAST_CITY,National,Lamppost-mounted,Ulster Banner,5,2025-08-14 11:03:37.931106+00,Pat,false,,
d0b62abb-fcae-4b8f-bbfe-dee5967efbce,KE5haWVgHlZ6RNNOtHCC9w_120_box0.jpg,BELFAST_CITY,Review,,,,2025-08-17 15:45:08.001055+00,May,true,Unclear image,
d0baefcf-1fbe-45d1-a9b1-4b4409ab5cc6,GuFO-IFPc3wnjmIWbOktyw_240_box0.jpg,BANGOR,Review,,,,2025-08-09 11:45:30.408739+00,Byron,true,Unclear image,
d0bd86a6-d2e4-4869-887c-4a50b5fe35a3,QJjYdakEXKjUbCWlFsg8Rw_240_box0.jpg,BELFAST_CITY,National,Lamppost-mounted,Union Jack,5,2025-08-14 10:34:22.301846+00,Pat,false,,
d0c97c8e-43fe-447a-9e18-728e3432e931,U1CKB_LntblW_T6uRm-1AQ_120_box0.jpg,BANGOR,Review,,,,2025-08-14 12:14:30.582014+00,Pat,true,Complex case,
d0cc49ed-1bd8-410a-bcaf-3ad34a5f3174,aXAfXatNZupgvG2Ur1biYw_300_box0.jpg,METROPOLITAN_LISBURN,National,Building-mounted,Union Jack,5,2025-08-14 10:51:12.757581+00,Pat,false,,
d0fe46bd-20f7-4630-ac56-e49e61d99a81,ogvERCgUL9LiLjY_YtEOuA_180_box0.jpg,BELFAST_CITY,National,Lamppost-mounted,Ulster Banner,5,2025-08-14 13:55:14.584958+00,Pat,false,,
d0fff5a4-ef5c-4bf2-89a9-35d6d9e3c6ac,L-BuokMfBCU0kHNpRzqAiQ_000_box0.jpg,METROPOLITAN_NEWTOWNABBEY,International,Lamppost-mounted,Other International,2,2025-08-08 10:11:40.6302+00,May,false,,
d10d3df2-029f-443f-99ea-2d24ce95e5ff,QsaNpJp5oabwB6NMGn52cA_300_box0.jpg,LISBURN_CITY,National,Building-mounted,Union Jack,5,2025-08-29 08:33:25.915177+00,May,false,,
d1155734-da5f-45ea-b66d-ec75444de1ea,5z8foBGdd4ZQgK3NmYjxFA_300_box0.jpg,BELFAST_CITY,National,Lamppost-mounted,Union Jack,5,2025-08-13 16:20:50.325794+00,Pat,false,,
d129d251-13b6-4b9b-8c50-03bb2ca40182,8fLalOlBHh23h5kHAa4yHg_300_box0.jpg,LARNE,National,Building-mounted,Union Jack,5,2025-08-13 16:34:15.345728+00,Pat,false,,
d145d579-304a-4c46-bf56-7932fb8eb0ae,cmZQvHdqjt6F-NyyzAZ7tw_180_box0.jpg,BELFAST_CITY,National,Lamppost-mounted,Ulster Banner,5,2025-08-14 12:44:30.873408+00,Pat,false,,
d15c4c43-8e3c-46cc-b012-ffb596dbf90d,03dHxE5IdKM135AeL8g9Jw_060_box0.jpg,COLERAINE,National,Building-mounted,Union Jack,5,2025-08-12 15:16:56.57748+00,Pat,false,,
d1699c21-7efb-4bc2-952c-75d70558f512,BzF_lSOG1EFG1RZ4PsKT4g_120_box0.jpg,BELFAST_CITY,National,Building-mounted,Union Jack,5,2025-08-12 15:58:12.083289+00,Pat,false,,
d17a30af-b2d0-4bb1-93a0-156fdd12ebc7,mTn8fHDjHCNC5oQ0mGrOmA_180_box0.jpg,LISBURN_CITY,National,Lamppost-mounted,Ulster Banner,5,2025-08-28 20:02:26.897455+00,May,false,,
d18b4022-3ac5-4bbc-a6ff-082a9191ac66,OSoj5fdZTXTnqb5J_2wAXQ_180_box0.jpg,DUNGANNON,National,Lamppost-mounted,Ulster Banner,5,2025-08-28 20:29:08.861034+00,May,false,,
d19349da-b12d-462f-b04c-0d66197cbf32,pkklvKinp8m9A7lQiwmHnw_060_box0.jpg,BELFAST_CITY,National,Building-mounted,Union Jack,5,2025-08-17 14:35:16.200872+00,May,false,,
d1a5f88f-690d-4501-a92c-d183fdf6245b,DLmPZRsSvR5dhyrfSlE5yw_000_box0.jpg,BELFAST_CITY,Sport,Building-mounted,Supporters Club,5,2025-08-28 19:52:57.204431+00,May,false,,
d1b84669-ad7b-4ea1-8aee-fbe187e4ae71,DIGOBYOLld1nQccWV9Eb6g_300_box0.jpg,BANGOR,National,Building-mounted,Union Jack,5,2025-08-09 11:38:20.576359+00,Byron,false,,
d1c770d4-7dd3-4ce4-9ce0-fe4121374eb1,Xp6FuH3mR85VVHowp5Mebw_060_box0.jpg,LISBURN_CITY,Review,,,,2025-08-13 22:26:56.411584+00,May,true,Unclear image,
d1d09a57-77b8-45bb-a5a9-8fbeae77c66d,DpnV-6pFQtwPf9KQWSm5LA_180_box0.jpg,METROPOLITAN_NEWTOWNABBEY,National,Lamppost-mounted,Ulster Banner,5,2025-08-12 15:23:18.22909+00,Pat,false,,
d1d686aa-4fcb-419c-bfad-9589375b7faa,UkI_0L1_h6rpv1zZC2zgMw_060_box0.jpg,HILLSBOROUGH_AND_CULCAVY,Review,,,,2025-08-14 12:38:25.989608+00,Pat,true,Other,
d1e3d803-4814-489b-b962-70dd74c0b2cb,hr8Lsx0HpfSScjymjitdEw_000_box0.jpg,BELFAST_CITY,National,Building-mounted,Union Jack,5,2025-08-28 20:39:58.563391+00,May,false,,
d208ff88-b292-423b-bcef-01f632263c9c,KDQK0Ahq_OwY8Y-y-6E8XA_180_box0.jpg,BALLYMENA,Review,,,,2025-08-14 13:31:31.720617+00,Pat,true,Other,
d20d682b-d9bd-41c4-85d4-7a22e4873d41,PPJA0h1UaqNnBD2Myic7bw_000_box0.jpg,DROMORE_BANBRIDGE,National,Building-mounted,Union Jack,5,2025-08-22 22:02:06.053626+00,May,false,,
d20e9fad-52b0-42bb-aab1-3246bdfb5259,9j56uDfIghRz2QtpjL2jMQ_180_box0.jpg,METROPOLITAN_NEWTOWNABBEY,National,Lamppost-mounted,Ulster Banner,5,2025-08-12 16:22:26.566471+00,Pat,false,,
d2131dbf-a0bd-457f-b4e1-6db8d70ccba7,vO-d56juGwK0clhP-2lAsg_000_box0.jpg,BELFAST_CITY,National,Building-mounted,Union Jack,5,2025-08-14 11:07:38.314612+00,Pat,false,,
d2137c2b-b9aa-4eb0-b1a3-36e0187e94ba,lEWdxTWe_4wSmTEc2I2FHQ_300_box0.jpg,COLERAINE,Proscribed,Building-mounted,UVF,5,2025-08-28 20:12:50.719097+00,May,false,,
d21d0d10-50ad-4d81-b0b3-34d13f3fb8c4,ltbYzd6mjIviy00NKIjfzQ_300_box0.jpg,BELFAST_CITY,National,Lamppost-mounted,Ulster Banner,5,2025-08-17 17:06:37.607151+00,May,false,,
d21ec51f-402c-4696-84e0-f694c6e0a5d5,ljprar5F5bDRFqMc1XbQ3w_060_box0.jpg,LARNE,National,Pole-mounted (in ground),Union Jack,5,2025-08-14 09:32:22.664625+00,Pat,false,,
d227d88b-eae2-4d42-9334-ba92ac20bb42,rVqOUA_OrhAIR4BsO_qFgA_000_box0.jpg,BELFAST_CITY,National,Lamppost-mounted,Ulster Banner,5,2025-08-14 12:32:06.149898+00,Pat,false,,
d24c8b54-6c9f-4fdc-bc49-fae99171b544,rTg49fPOlYPLf9rAWNZavQ_000_box0.jpg,CRAIGAVON,National,Lamppost-mounted,Union Jack,5,2025-08-28 20:04:04.332255+00,May,false,,
d26a1266-4972-48f4-9606-270603497055,s0tmchSCv4y6tHf6aUfgDw_240_box0.jpg,METROPOLITAN_NEWTOWNABBEY,National,Building-mounted,Ulster Banner,5,2025-08-17 15:34:16.162253+00,May,false,,
d270fa96-d546-4324-9019-bf6f4851b195,hDlx7lH6rL2ay8ih57SHRg_120_box0.jpg,LISBURN_CITY,National,Building-mounted,Union Jack,5,2025-08-17 17:02:43.763458+00,May,false,,
d2862c78-cdaa-4824-a157-e7a7eed119a1,Cb0jP8TpexvdPjVGHEGjZw_240_box0.jpg,ANTRIM,National,Pole-mounted (in ground),Union Jack,5,2025-08-17 15:06:18.821901+00,May,false,,
d2938d20-add0-4811-82d5-2adba906c047,n1wwo79Ke8SIoX4qCCQuhw_300_box0.jpg,GREENISLAND,National,Pole-mounted (in ground),Union Jack,5,2025-08-13 08:56:12.626398+00,Pat,false,,
d2956470-425b-4604-8e72-b2bebb535150,hoMimCReXJWLtJ4F7pYa0A_300_box0.jpg,METROPOLITAN_NEWTOWNABBEY,National,Building-mounted,Union Jack,5,2025-08-14 12:59:58.839662+00,Pat,false,,
d2a0ef96-abbd-45ba-a82a-1f87706ffc89,WKGIcvfbBGYUW_aHk7kzww_060_box0.jpg,BALLYMENA,National,Lamppost-mounted,Union Jack,5,2025-08-28 20:17:10.805384+00,May,false,,
d2b040ae-d316-4b0e-9cb9-9305b4f6a82c,3e5r_AhbzoGhooqFPj-btQ_300_box0.jpg,BALLYMENA,Review,,,,2025-08-13 08:40:47.261849+00,Pat,true,Complex case,
d2bfc315-a734-48a4-bfa1-4b5a2dfef4b2,IHuR_zjPV4AddKYg4jMXpQ_060_box0.jpg,NEWTOWNARDS,National,Pole-mounted (in ground),Union Jack,5,2025-08-14 12:27:14.503068+00,Pat,false,,
d2c82781-cd20-4109-9b80-3a88f86034cf,W4VfrvBvAsRsXCozwoNp-Q_300_box0.jpg,BALLYMENA,National,Lamppost-mounted,Ulster Banner,5,2025-08-13 22:04:44.705827+00,May,false,,
d2ed2f9f-7f8a-4b72-b34e-970535e71058,DLwYyg8hB8qaaMKi-SGYSQ_240_box0.jpg,BELFAST_CITY,National,Lamppost-mounted,Union Jack,5,2025-08-13 08:40:35.571144+00,Pat,false,,
d2ef2608-15b1-441c-8a00-1b4b94e89cdd,vp8H6zD3DIdtpNrnVVbDUQ_180_box0.jpg,BALLYMENA,National,Building-mounted,Union Jack,5,2025-08-17 16:43:50.154934+00,May,false,,
d2f9944d-686c-4045-b0ee-b69cacc20782,KuVwnfie2J70UaHaZCrpNg_300_box0.jpg,CRAIGAVON,National,Lamppost-mounted,Union Jack,5,2025-08-14 12:58:42.208552+00,Pat,false,,
d30665d9-c222-430e-ae54-c0853919eb17,1IS80XevCKpt93eKP9OqiQ_300_box0.jpg,BANGOR,National,Lamppost-mounted,Union Jack,5,2025-08-09 11:44:50.46895+00,Byron,false,,
d3097fc8-bd47-4b4b-8259-e58070a8f4b0,Podt44KmBTOfOxxDBx2vMw_180_box0.jpg,BELFAST_CITY,National,Building-mounted,Union Jack,5,2025-08-17 16:22:57.244776+00,May,false,,
d31c5170-de63-4aad-bb36-78ee92bf307e,9vIXK_t4t-8HZYBfMlvE1g_240_box0.jpg,METROPOLITAN_NEWTOWNABBEY,National,Lamppost-mounted,Union Jack,5,2025-08-12 15:44:01.808265+00,Pat,false,,
d31d20e3-e5fa-4b29-ad68-fbb4a37e994c,hGPYr2_glXzDCcDh1j3iDg_000_box0.jpg,BELFAST_CITY,National,Building-mounted,Irish Tricolor,5,2025-08-14 10:32:10.04818+00,Pat,false,,
d33e57ec-021e-4338-bbee-ca5c5892aebc,fazLY6zYcm7gRFhUYWQXLw_120_box0.jpg,BELFAST_CITY,National,Lamppost-mounted,Union Jack,5,2025-08-13 16:23:11.765363+00,Pat,false,,
d3496530-2c87-4558-8362-0d74c5805699,MmljdmNHFzfTEKM4Amf3VQ_300_box0.jpg,CRAIGAVON,National,Building-mounted,Union Jack,5,2025-08-11 18:03:43.024289+00,Pat,false,,
d35707d5-a641-4425-b600-e25d3ef80b7b,Bnjh0WphJ0mDbNOK09y0eA_300_box0.jpg,BELFAST_CITY,National,Lamppost-mounted,Union Jack,5,2025-08-12 15:31:11.280681+00,Pat,false,,
d3606ceb-a438-4b91-a743-e6feeed4234f,IdlNixcBFfOaOoV3TdiKcg_180_box0.jpg,LISBURN_CITY,National,Temporary installation,Union Jack,5,2025-08-13 22:50:02.360362+00,May,false,,
d3620aea-c160-46d1-bba8-93baf3a42590,sfCWKLpfBSKpOvLm1NCeSw_240_box0.jpg,BALLYMONEY,National,Lamppost-mounted,Union Jack,5,2025-08-13 08:29:08.642015+00,Pat,false,,
d3855d72-84fd-4457-a6da-5af92ce2420d,JDxGKQNYlg2jF-KMicnNCA_180_box0.jpg,ANTRIM,National,Lamppost-mounted,Union Jack,5,2025-08-14 13:34:37.960068+00,Pat,false,,
d387febd-5dbd-4f89-b03c-600dda73f328,QUs7MBAEUWCCCelrUuiTag_120_box0.jpg,BALLYMENA,Review,,,,2025-08-13 08:38:52.214591+00,Pat,true,Unclear image,
d3894442-49ba-4005-bb04-e8efde3f082d,Iit52Y1zoSiDre-tvevNFg_000_box0.jpg,ANTRIM,National,Lamppost-mounted,Union Jack,5,2025-08-14 12:35:49.419573+00,Pat,false,,
d390ea75-5ba4-45a0-9978-d08398b2be0b,C_BZEpaCG0s0iHdFMl3hkA_300_box0.jpg,METROPOLITAN_NEWTOWNABBEY,National,Lamppost-mounted,Union Jack,5,2025-08-09 11:54:41.492948+00,Byron,false,,
d3a1cd48-5090-408f-8580-16e52cb37210,QoP4b74A6YU6lj8__X10Pg_120_box0.jpg,CARRICKFERGUS,National,Lamppost-mounted,Ulster Banner,4,2025-08-06 22:46:18.768853+00,May,false,,
d3aa1842-91d0-4e9b-a1a3-557c853a3940,xHK101lo5h4gz0ungK9PFg_060_box0.jpg,LARNE,National,Building-mounted,Union Jack,5,2025-08-13 22:07:23.70228+00,May,false,,
d3c3a6af-143b-4ec7-b2d5-3a48ff25fdfd,iveUE-rau4BlZ1lnNwlFeQ_240_box0.jpg,CRAIGAVON,National,Building-mounted,Union Jack,5,2025-08-14 13:43:30.182098+00,Pat,false,,
d3ca5c77-d55c-47ad-b41c-c0e724036e9c,L52r395VkBOc4fpVBO9xKQ_060_box0.jpg,CRAIGAVON,Review,,,,2025-08-29 08:39:12.406591+00,May,true,Unclear image,
d3d802c0-10da-45f7-8edd-c0544e975e17,4V7RqDf-9Qpa8nQWp0gryQ_060_box0.jpg,BELFAST_CITY,National,Building-mounted,Union Jack,5,2025-08-12 16:11:36.741781+00,Pat,false,,
d3df21b5-5661-4106-b75f-ed40d01c2fd6,xP-hdP7X-FR3p0sIJzZl8w_120_box0.jpg,BELFAST_CITY,Review,,,,2025-08-13 22:16:58.592574+00,May,true,Unclear image,
d3eb0f7b-f39a-4c1c-96d0-710c310d5374,eFzgJHPB9TqraAl3WTMwaw_240_box0.jpg,BELFAST_CITY,Review,,,,2025-08-29 08:24:50.274735+00,May,true,Unclear image,
d4058995-f85a-43c1-8a26-5d39c364c272,Cc1Ye4YZEFsmIALX3Vqv3w_240_box0.jpg,ARMAGH,National,Lamppost-mounted,Union Jack,5,2025-08-13 22:44:01.469466+00,May,false,,
d40b0ee5-d33e-44ba-8d1d-09549b35007d,DgEJNvRBVT4IpsEeYpoPmg_000_box0.jpg,LISBURN_CITY,Review,,,,2025-08-17 15:06:41.226223+00,May,true,Unclear image,
d4198600-645a-4dcb-aff2-a5a57d84368b,INlt_cowgNdIjE5UKkj4sQ_060_box0.jpg,BELFAST_CITY,National,Building-mounted,Union Jack,5,2025-08-17 15:35:46.819608+00,May,false,,
d4220df5-e3d5-46a5-895d-76f96aa8c705,OBV7ERJ8xmh5LFi7RQJ-ww_060_box0.jpg,BANGOR,National,Lamppost-mounted,Ulster Banner,5,2025-08-09 11:34:58.458082+00,Byron,false,,
d422dcaa-d2c6-49b3-9061-0c9bbcaa5cff,Om0VHH_4sz_vK4g94tlS0A_060_box0.jpg,BALLYMONEY,National,Lamppost-mounted,Union Jack,5,2025-08-14 14:13:58.042032+00,Pat,false,,
d428c21d-9acc-4f3f-8bb3-fe84cba42cf2,RYbJdl3twHOGJVmfSmgsFw_000_box0.jpg,METROPOLITAN_NEWTOWNABBEY,National,Lamppost-mounted,Scottish Saltire,5,2025-08-08 12:34:43.405307+00,May,false,,
d43a4f76-4b72-443d-aebe-c0ab5c2d87cd,QJjYdakEXKjUbCWlFsg8Rw_240_box0.jpg,BELFAST_CITY,National,Lamppost-mounted,Union Jack,5,2025-08-22 22:14:52.52751+00,May,false,,
d44332d1-3763-4632-a80a-546c62d51cbf,IDdFSo6VI7AXRC4YQEtyTw_180_box0.jpg,CARRICKFERGUS,National,Lamppost-mounted,Union Jack,3,2025-08-07 19:59:25.844673+00,Byron,false,,
d455c6d4-d131-4648-820b-6e696e720e9d,It-MgK-XmzRM8ZLywuAPvA_060_box0.jpg,BELFAST_CITY,National,Lamppost-mounted,Union Jack,5,2025-08-28 20:41:21.881475+00,May,false,,
d466f876-58ff-43d7-9177-0a891ce30fe6,yU_BnhIRcrfADP8jIfZRnQ_000_box0.jpg,BELFAST_CITY,National,Lamppost-mounted,Ulster Banner,5,2025-08-14 13:01:03.021572+00,Pat,false,,
d4733656-052d-47d6-9d79-fa1ebfd47f3c,3ilRUTyMnqGaE8waS3ipmQ_300_box0.jpg,BELFAST_CITY,National,Building-mounted,Ulster Banner,5,2025-08-13 22:08:29.56803+00,May,false,,
d47610f5-be27-4e4e-91e4-08cabbc54b9e,ZABULop8o5nrR6lT4rbmXQ_300_box0.jpg,LIMAVADY,National,Lamppost-mounted,Union Jack,3,2025-08-07 20:09:50.036329+00,Byron,false,,
d4946dd9-0f49-4d0a-b850-27e47f423428,Jz1riXOfrIz9bEmRHWEP8g_060_box0.jpg,BANGOR,National,Lamppost-mounted,Union Jack,5,2025-08-09 11:46:09.825894+00,Byron,false,,
d4cbfab0-0167-4122-8c40-280996813014,FYhg0lFTrQf70PFv-4cg9A_120_box0.jpg,METROPOLITAN_NEWTOWNABBEY,National,Lamppost-mounted,Ulster Banner,5,2025-08-08 09:37:01.282161+00,May,false,,
d4cc7b8b-6474-470a-8b87-edc8cb80f8d2,bKd9s8m0YngZIFh36AVg-Q_120_box0.jpg,CRAIGAVON,National,Lamppost-mounted,Union Jack,5,2025-08-14 12:44:22.957705+00,Pat,false,,
d4cd07b6-c2bb-47fb-b707-4e8dee6e880c,9AutIwuX-CpmJ8b6zzdcWA_180_box0.jpg,HILLSBOROUGH_AND_CULCAVY,National,Lamppost-mounted,Union Jack,5,2025-08-14 13:46:48.646408+00,Pat,false,,
d4d89bef-a709-43e7-9d1e-2afc73d7d012,hJZbq7aAhgYijASOoAKJnQ_000_box0.jpg,LISBURN_CITY,National,Lamppost-mounted,Union Jack,5,2025-08-14 13:01:57.690621+00,Pat,false,,
d4df5275-d632-458f-8b19-b3a79493ddc1,rwvI_0VoJ7bs-ba7PL7Vtw_000_box0.jpg,BANGOR,National,Window display,Ulster Banner,5,2025-08-07 09:16:05.995124+00,May,false,,
d4e64cca-fe89-4c3c-8ae2-69f881c51b08,DNbsgrEFZZY7mf7GXlhEEw_180_box0.jpg,CRAIGAVON,National,Lamppost-mounted,Union Jack,5,2025-08-14 10:30:19.616255+00,Pat,false,,
d4ea0d14-3a6c-4669-8812-01a27469ed4e,YUV4eKnYDR7TbfgCnZSg8Q_000_box0.jpg,BELFAST_CITY,National,Pole-mounted (in ground),Ulster Banner,5,2025-08-15 00:37:37.216335+00,May,false,,
d4fcc1c9-1d3c-4038-a6dd-b0b0f63ad506,r7yunnhOm1EON0kexM5bDA_060_box0.jpg,LISBURN_CITY,Review,,,,2025-08-28 20:15:21.364874+00,May,true,Unclear image,
d513dfe0-c256-4636-bb65-17b787533e93,xMdj9K0MtmcO2X6MuWkMqg_060_box0.jpg,COLERAINE,Review,,,,2025-08-13 22:44:09.025567+00,May,true,Unclear image,
d51438aa-0bdb-41c8-9636-f83f76d05bb1,8WIn46qP37uY4cFsxE-MhA_000_box0.jpg,BALLYCLARE,Review,,,,2025-08-14 12:40:00.559065+00,Pat,true,Unclear image,
d51d131c-91b2-4917-bafc-402f7e0606ed,AMGEX1msFkUfg6QMzZMEXA_120_box0.jpg,BELFAST_CITY,National,Building-mounted,Ulster Banner,5,2025-08-15 00:31:28.558363+00,May,false,,
d529e7f5-dc04-4fe1-91e4-b0469a9edd3d,8pUuSkZyuf1fqfD24wNX4g_300_box0.jpg,CRAIGAVON,National,Lamppost-mounted,Ulster Banner,5,2025-08-14 12:55:42.414741+00,Pat,false,,
d533266a-db0b-4111-8eac-b073f1dbb2aa,CqYzHxsOXNUwK-NwXNPe6w_300_box0.jpg,BELFAST_CITY,National,Building-mounted,Union Jack,5,2025-08-17 16:57:16.874518+00,May,false,,
d558743d-cf74-406a-b31e-de0b39615440,73I5UFp-To7ekpt-6NNT4A_180_box0.jpg,WHITEHEAD,National,Lamppost-mounted,Union Jack,5,2025-08-12 15:44:46.776838+00,Pat,false,,
d57d4ea7-cbc3-4ff2-93a3-07f6cda9afa5,_Wiyd06eeNVlVD7Z0re8rQ_180_box0.jpg,CRAIGAVON,National,Lamppost-mounted,Union Jack,5,2025-08-13 08:54:14.057341+00,Pat,false,,
d58f8030-0548-4e15-8a33-af2b123595ef,4x8Zafuq48-JkGtrHvyeqw_000_box0.jpg,CARRICKFERGUS,National,Building-mounted,Union Jack,5,2025-08-14 12:50:52.086718+00,Pat,false,,
d59ed7e8-c589-406b-a442-7b49f53f37ca,iAACt8744vVMHj7Q-oSq7Q_240_box0.jpg,BELFAST_CITY,National,Building-mounted,Ulster Banner,5,2025-08-28 20:38:07.277748+00,May,false,,
d5b947c9-6d98-4425-a43a-29a96bea8d1c,1InlkErLl40cH4GpkCcFlQ_240_box0.jpg,DUNGANNON,National,Lamppost-mounted,Union Jack,5,2025-08-13 22:12:46.237061+00,May,false,,
d5bd621e-99f6-419d-8762-c548ef7b9f0a,IR5wBdRLygEsRvxoggZCSQ_180_box0.jpg,METROPOLITAN_NEWTOWNABBEY,National,Building-mounted,Union Jack,5,2025-08-17 14:24:49.107626+00,May,false,,
d5cac289-8c58-47d7-989c-1828cd7dd9b0,IxogBOXqFsyZD5yzPXT5sg_180_box0.jpg,CARRICKFERGUS,Sport,Lamppost-mounted,Local Club,5,2025-08-29 08:46:00.079117+00,May,false,,
d5d68ac0-e46f-4c2a-8833-d5e3be2010b7,hgzi1iqKrM60cZphuPgRzQ_060_box0.jpg,CRAIGAVON,Review,,,,2025-08-28 19:52:30.348713+00,May,true,Unclear image,
d6076596-be41-4372-ab2f-55e94e2e7fdb,TvbYeeb0lfBXjocaqq4okw_300_box0.jpg,BALLYMENA,National,Building-mounted,Union Jack,5,2025-08-17 14:39:13.86529+00,May,false,,
d617b45b-f21a-4682-97bf-7850a1184753,QQwNV1CSfUIFd0iXnodV6g_240_box0.jpg,BELFAST_CITY,National,Building-mounted,Union Jack,5,2025-08-11 18:09:04.668112+00,Pat,false,,
d6249609-9a5f-41bd-8bfc-9093c343c7ff,CuQOBpKtbNeuRMGZaa-e7w_180_box0.jpg,LISBURN_CITY,National,Lamppost-mounted,Ulster Banner,5,2025-08-14 10:40:03.214242+00,Pat,false,,
d630fa25-c625-4271-aef0-1d6d3a7e0b2b,fXqmhlBj8gzx90esZXUSKg_240_box0.jpg,BELFAST_CITY,National,Lamppost-mounted,Union Jack,5,2025-08-17 15:40:35.375136+00,May,false,,
d631dc09-f3db-4d92-a833-8c354e815651,PT0vyLDo_OkpLC1vptbbGw_120_box0.jpg,NEWRY,Review,,,,2025-08-07 20:18:23.946831+00,Byron,true,Unclear image,
d6371b66-b9ab-4e0c-859d-186ab4f021d0,l2PJn0B6Y8H8j8VRcaDVIQ_000_box0.jpg,BELFAST_CITY,National,Building-mounted,Ulster Banner,5,2025-08-14 09:32:51.090632+00,Pat,false,,
d642a39a-1db1-4faf-8e03-20ea42fccc95,QZ2GRs13a1Frzs3HGftIWA_060_box0.jpg,BELFAST_CITY,Review,,,,2025-08-15 00:36:48.357973+00,May,true,Unclear image,
d64468b8-e958-41bd-9a64-a937040f2e13,8wXXYorX9fJO-KAjOcfh_g_120_box0.jpg,BANGOR,Review,,,,2025-08-08 09:08:22.050549+00,May,true,Unclear image,
d64e63e7-bc54-47ef-bce5-6ead9bc4238b,UaBkydKKh4S7B5GALJIFCg_120_box0.jpg,GREENISLAND,National,Building-mounted,Union Jack,5,2025-08-13 17:01:20.012704+00,Pat,false,,
d653d276-0e86-4f46-828c-052ad1854640,qfuiUbiwTDv2q0w63-rSLg_060_box0.jpg,METROPOLITAN_LISBURN,National,Lamppost-mounted,Ulster Banner,5,2025-08-28 19:54:13.319724+00,May,false,,
d66e817f-a3c9-4c2f-bc9c-4f8754a0efb9,L9sMj6MKCV6QeLiABKaLaQ_300_box0.jpg,BELFAST_CITY,National,Lamppost-mounted,Union Jack,5,2025-08-17 15:41:27.419008+00,May,false,,
d67a7399-d994-4b79-be82-f8fb77d1a45d,HvYpAKq_YkgtCN1y7ZwX0w_060_box0.jpg,BELFAST_CITY,National,Lamppost-mounted,Union Jack,5,2025-08-12 15:34:39.55772+00,Pat,false,,
d67db85f-35dc-468a-8dbd-3170bf8a342f,oCclPFYebbmvJje29lIfxQ_060_box0.jpg,BELFAST_CITY,National,Building-mounted,Ulster Banner,5,2025-08-14 13:03:44.117383+00,Pat,false,,
d6acd458-2b6b-4bcb-8336-986b1f5c6e96,AJrk7z_x6qrAHRZ8gtbM0g_180_box0.jpg,BELFAST_CITY,Review,,,,2025-08-28 20:01:03.114887+00,May,true,Unclear image,
d6aeb9d0-0efe-444d-84cc-66437ba873e8,EXeLI9uUtWImiOoIYmANbQ_120_box0.jpg,BELFAST_CITY,National,Pole-mounted (in ground),Ulster Banner,5,2025-08-14 11:14:49.991695+00,Pat,false,,
d6b132a5-b8ac-444d-991f-0e1893eb37b1,otCE89pJ229Yp1hyJB2RKw_000_box0.jpg,METROPOLITAN_NEWTOWNABBEY,National,Lamppost-mounted,Union Jack,4,2025-08-09 11:49:44.462185+00,Byron,false,,
d6f6b39d-f982-4208-8c76-7f0db07a8f91,Ca5z5Sor7pTiNnlpXiu1iA_120_box0.jpg,COLERAINE,National,Building-mounted,Union Jack,5,2025-08-17 18:43:21.554754+00,May,false,,
d7068ddc-3636-4764-945b-6445c5726948,vQK066uxvnoEBjy2EGepiA_300_box0.jpg,METROPOLITAN_NEWTOWNABBEY,National,Building-mounted,Union Jack,5,2025-08-29 08:46:57.347612+00,May,false,,
d73b9fb2-8d45-4434-9410-a2199b0f2a3a,TxhOSWzeOps0lUKG2ZG88A_300_box0.jpg,NEWRY,National,Pole-mounted (in ground),Irish Tricolor,5,2025-08-07 08:58:42.56717+00,May,false,,
d73ea5c0-8862-46c8-b6b4-5df9cd9dc166,j3NYiBHWAGzSJNd2jqRYcg_120_box0.jpg,BANGOR,National,Lamppost-mounted,Union Jack,5,2025-08-09 11:37:47.219559+00,Byron,false,,
d74a096b-3b2d-44bd-a7a2-45cf6a6e6399,2Vz8TgdKCqK-Xsiehqi9Rw_300_box0.jpg,METROPOLITAN_CASTLEREAGH,National,Building-mounted,Ulster Banner,5,2025-08-14 10:40:22.17605+00,Pat,false,,
d74d1612-718d-4ebe-a893-91ac58d15d1d,KE_w450h4icmSwlRy5a0Rw_120_box0.jpg,CARRICKFERGUS,Sport,Building-mounted,Supporters Club,5,2025-08-29 08:16:55.795923+00,May,false,,
d7779c96-c45d-46b0-9ec8-e163fb66d695,xrDjUilvinYsgbWuAX0aGw_240_box0.jpg,ARMAGH,National,Lamppost-mounted,Union Jack,5,2025-08-13 22:33:59.330124+00,May,false,,
d781b29a-2bdf-43dc-9db4-bbb81701648c,5Nm2vs2Uo0MyGioTBn4zvw_060_box0.jpg,BELFAST_CITY,National,Lamppost-mounted,Union Jack,5,2025-08-17 17:05:57.158663+00,May,false,,
d7839e50-8634-4221-8937-576b413a4e92,3GLfFBoD40-hWhhTVukwdA_120_box0.jpg,BELFAST_CITY,National,Lamppost-mounted,Union Jack,5,2025-08-28 19:56:10.733789+00,May,false,,
d78643f4-b907-4525-85c4-72bbb16d7efa,asVmtvLgxUVEEQYwnQnJ_g_120_box0.jpg,ANTRIM,Review,,,,2025-08-14 11:07:08.278009+00,Pat,true,Complex case,
d787522b-e186-4172-b404-49f5cd625f63,rVFVUHKG0NCeXWwdc6Pv5A_180_box0.jpg,BELFAST_CITY,National,Building-mounted,Union Jack,5,2025-08-12 15:54:25.165845+00,Pat,false,,
d7bf735a-e876-4258-86f9-8d0a6e613a13,2JOKkb3VnVCxFZs0ny8hNQ_300_box0.jpg,BELFAST_CITY,National,Building-mounted,Union Jack,5,2025-08-17 17:03:03.477631+00,May,false,,
d7e20b6d-aae4-4ff4-b1f5-f7492bb917ac,1U6aw0o-ykZ1n9pCR76-kw_300_box0.jpg,BELFAST_CITY,National,Lamppost-mounted,Union Jack,5,2025-08-13 08:49:55.935585+00,Pat,false,,
d8189b4d-594d-4349-99e6-43d2a4580f26,3IkQZm598y4tl6CtqzTcWA_300_box0.jpg,BELFAST_CITY,National,Lamppost-mounted,Ulster Banner,5,2025-08-29 08:41:53.013707+00,May,false,,
d8198ab0-e345-4910-94b1-751d00ff1587,2TXxjHLncolXEe-WBeD3Og_240_box0.jpg,ANTRIM,National,Lamppost-mounted,Union Jack,5,2025-08-17 16:52:52.017027+00,May,false,,
d81c8805-e9f3-44c3-85ba-c77e0400a7d9,ZOEa_2NSDZbJqnjnIZjfUQ_240_box0.jpg,HILLSBOROUGH_AND_CULCAVY,National,Lamppost-mounted,Union Jack,5,2025-08-29 08:46:30.891149+00,May,false,,
d827252c-4166-4bdf-ab3e-bbdd3669a8d2,6y4g3Nayoxh31qoTZwQlgA_240_box0.jpg,METROPOLITAN_NEWTOWNABBEY,National,Building-mounted,Union Jack,5,2025-08-15 20:55:41.038145+00,May,false,,
d82bb3f9-21c7-4af8-bebe-21e1cfec410e,WvL86LTMDHU1DaL9pOHCnQ_180_box0.jpg,CARRICKFERGUS,Fraternal,Lamppost-mounted,Orange Order,2,2025-08-06 20:49:18.187345+00,May,false,,
d82f62ef-dc58-4733-82c0-9e811eb6d148,nE2sN3cYEwMO7C7LxnQl1A_060_box0.jpg,LISBURN_CITY,Review,,,,2025-08-12 15:10:17.825705+00,Pat,true,Complex case,
d83a09b4-4d2b-4fe1-b0c0-3fdeea6cbd2a,0_BD8m5ulRdy0qL-XkwE2A_180_box0.jpg,CRAIGAVON,National,Lamppost-mounted,Union Jack,5,2025-08-13 16:32:03.582855+00,Pat,false,,
d83acec9-759c-4ae5-9297-94d014028cbf,wCEqP4skIJrGDuQEZ8HECg_240_box0.jpg,LISBURN_CITY,National,Lamppost-mounted,Union Jack,5,2025-08-22 22:08:57.899365+00,May,false,,
d855085f-9b67-4d46-a91c-ea978ae0d370,hFp7XNjYsF675jbxyFc-iQ_240_box0.jpg,METROPOLITAN_NEWTOWNABBEY,National,Pole-mounted (in ground),Union Jack,5,2025-08-08 12:35:02.381642+00,May,false,,
d85955d0-bbe5-452d-b09c-2feaf01cb3f7,Acey7wdtNjjusPgsHr8phg_000_box0.jpg,CRAIGAVON,National,Lamppost-mounted,Ulster Banner,5,2025-08-28 20:24:53.803493+00,May,false,,
d86814a3-08e1-449d-a8f0-72c941f21062,LJznsst-xzdY5xmUU-1Krg_240_box0.jpg,BALLYNAHINCH,National,Pole-mounted (in ground),Union Jack,5,2025-08-14 10:16:42.709702+00,Pat,false,,
d873b9a5-4427-48f4-af7f-d8e06da15694,vrjIXLWQ_mfF5MmkhueeQA_180_box0.jpg,CARRICKFERGUS,Review,,,,2025-08-06 22:54:10.755446+00,May,true,Not a flag,
d87b307e-7908-4157-8b6a-c7f147195cc5,6amgnG8YUFA-3MFR539O0Q_120_box0.jpg,BELFAST_CITY,National,Building-mounted,Union Jack,5,2025-08-13 22:48:42.287609+00,May,false,,
d8862754-e59b-4986-b93a-7c9cacc39ec2,5xoEjOdxInQOJHRIgC3tbg_000_box0.jpg,CARRICKFERGUS,National,Building-mounted,Union Jack,5,2025-08-14 13:01:32.672863+00,Pat,false,,
d8895b54-7326-4894-af4d-39109ca60bd5,PsqeRMbHuwwreantfGSt5A_240_box0.jpg,ARMAGH,National,Lamppost-mounted,Union Jack,5,2025-08-12 16:20:07.608555+00,Pat,false,,
d88c51f4-66cb-4297-bbba-509193a10c50,qvS1LYUrMJilxJOMcCXmuw_180_box0.jpg,COOKSTOWN,National,Lamppost-mounted,Union Jack,5,2025-08-17 18:24:53.212899+00,May,false,,
d8aad5b0-8302-44f1-b10a-435f2f9cb279,tiBHDodS2LB9gnp0UyaSFw_000_box0.jpg,BELFAST_CITY,National,Lamppost-mounted,Ulster Banner,5,2025-08-28 20:02:33.732505+00,May,false,,
d8b0bc08-ee5b-4d7f-b388-c4d0fa881984,UbR24J02IMHYy3l7VD8Gsw_300_box0.jpg,BELFAST_CITY,National,Lamppost-mounted,Union Jack,5,2025-08-14 10:25:55.885446+00,Pat,false,,
d8c15865-6027-4002-b08b-6d21bc6925aa,T8QFEYqymwWnKbtuz5Yv1Q_300_box0.jpg,BELFAST_CITY,National,Lamppost-mounted,Union Jack,5,2025-08-28 20:22:22.769289+00,May,false,,
d8cba94a-adfb-4349-b630-de434f2977d1,aIX-0dNPwPVF2zfHY29CUw_300_box0.jpg,BELFAST_CITY,National,Building-mounted,Union Jack,5,2025-08-17 16:52:04.86673+00,May,false,,
d8d00c7e-9baa-445b-bda4-2d311e357860,a9FGQ_XqQkQVeu7DaB9W-A_120_box0.jpg,BALLYMENA,National,Pole-mounted (in ground),Union Jack,5,2025-08-17 17:00:45.117761+00,May,false,,
d8e25190-b55c-4af6-92c7-2a1ced7ff94f,VMhJG45mX1Chr_bNdmsZTQ_240_box0.jpg,LISBURN_CITY,National,Building-mounted,Union Jack,5,2025-08-14 14:09:08.622113+00,Pat,false,,
d8f9ce4d-96e1-4cb6-9115-6fd8456997a7,z8WyAA34-B2Ecdgj_yGUlA_060_box0.jpg,NEWRY,National,Lamppost-mounted,Irish Tricolor,5,2025-08-07 20:14:40.003687+00,Byron,false,,
d906343c-d3c1-4f37-a1b8-656458b110e2,LgMNqF5ffOvJ0Eq86oA7nA_060_box0.jpg,KILKEEL,National,Lamppost-mounted,Union Jack,5,2025-08-29 08:28:39.641192+00,May,false,,
d916fd6c-0ea2-4944-91c3-00f2bae9ea68,SA98HounMfIios_MWAf61Q_300_box0.jpg,GREENISLAND,National,Lamppost-mounted,Union Jack,5,2025-08-29 08:47:42.2447+00,May,false,,
d9233933-993e-496d-800f-3aa588cb91e3,GCvY7WONH8R8O0wY1VVK7A_060_box0.jpg,NEWRY,National,Pole-mounted (in ground),Irish Tricolor,5,2025-08-07 20:16:14.940835+00,Byron,false,,
d9465782-406d-460c-835b-83e2a0818961,wk5EyL40kOquAl9eVAUIlw_120_box0.jpg,BELFAST_CITY,National,Building-mounted,Union Jack,5,2025-08-11 18:15:34.909485+00,Pat,false,,
d95ae443-587d-408c-bbd0-5668e165bb9e,ymAPATaGYgCdxemyFrYrsw_060_box0.jpg,CRAIGAVON,National,Building-mounted,Union Jack,5,2025-08-15 20:55:13.129641+00,May,false,,
d96d2e03-ed48-43b8-9980-dea3058cf669,pkklvKinp8m9A7lQiwmHnw_060_box0.jpg,BELFAST_CITY,National,Building-mounted,Union Jack,5,2025-08-13 09:04:41.370945+00,Pat,false,,
d96fe05d-5b3e-498b-974e-554fdb9c0a5a,s0B9aL0aiXv-dpusK2m_QA_060_box0.jpg,BELFAST_CITY,National,Lamppost-mounted,Union Jack,5,2025-08-13 22:33:18.047876+00,May,false,,
d97a21fa-eed6-4b37-84b2-12d4a4b2ec00,a069J__735eCSKEwSY4fsA_060_box0.jpg,METROPOLITAN_NEWTOWNABBEY,National,Lamppost-mounted,Union Jack,5,2025-08-09 11:55:07.771774+00,Byron,false,,
d990e86d-5721-4aea-ba1b-7536b0a9f2b3,hRWBcoCiEO6AHzuECZ4J8w_300_box0.jpg,LISBURN_CITY,National,Pole-mounted (in ground),Union Jack,5,2025-08-13 08:29:58.550223+00,Pat,false,,
d9a10878-9fc0-49cd-ba65-41bcfb4996b2,TpjOwdDc_UBXgRQzlAaRmg_300_box0.jpg,HOLYWOOD,Review,,,,2025-08-14 13:41:41.572785+00,Pat,true,Complex case,
d9a4f494-d05c-4380-b00a-b481f8abcd91,VQ_uebJIiM9pe20T6KluEQ_180_box0.jpg,METROPOLITAN_LISBURN,National,Lamppost-mounted,Union Jack,5,2025-08-13 22:32:06.620303+00,May,false,,
d9c85b2e-a066-4406-a533-4a7f426b5924,bEayYSHuQxYVjFpOb1pn4g_120_box0.jpg,GREENISLAND,National,Lamppost-mounted,Ulster Banner,5,2025-08-14 13:15:40.07624+00,Pat,false,,
d9d0f6c9-a86e-4cbf-8223-57b9c5a662cc,k4n4Yk3x1k1U6I_zDXm6pg_180_box0.jpg,CARRICKFERGUS,Review,,,,2025-08-07 19:59:43.350305+00,Byron,true,Not a flag,
d9db580b-d875-42d6-ac09-aea0db4ee421,v9zzA_T7mUOjO0sg1jzz1Q_120_box0.jpg,CARRICKFERGUS,National,Lamppost-mounted,Union Jack,5,2025-08-14 13:31:36.715066+00,Pat,false,,
d9e41bca-82f9-41ae-8b80-7dd07638aca1,pzfqCM4Q8Aiy7NZRPmFTOg_000_box0.jpg,METROPOLITAN_NEWTOWNABBEY,National,Lamppost-mounted,Ulster Banner,5,2025-08-28 20:52:38.554388+00,May,false,,
d9ebfdc4-be56-48bd-8788-a345e08b0028,u92OKKFf5Dhl4HJc6tGh6g_180_box0.jpg,LIMAVADY,Review,,,,2025-08-07 08:34:39.786796+00,May,true,Not a flag,
d9f29f35-5a08-4c86-b978-72c6099fd655,qGLr5sxrj-1glRwhsRU68Q_060_box0.jpg,OMAGH_TOWN,National,Lamppost-mounted,Union Jack,5,2025-08-28 20:42:58.870051+00,May,false,,
d9fa6283-53d4-4f24-b44a-f71bb881bcd7,4NwxltKHRQ80pardcZSI1Q_240_box0.jpg,BELFAST_CITY,National,Lamppost-mounted,Union Jack,5,2025-08-28 20:06:37.879377+00,May,false,,
da3a9cb4-31b2-44b6-af1e-d11f2077b80c,Hh3fQMXlf_MwY_77bTRWWQ_120_box0.jpg,METROPOLITAN_NEWTOWNABBEY,National,Memorial/Commemoration,Union Jack,3,2025-08-08 09:34:02.607992+00,May,false,,
da3b6bb7-b5d0-4fa7-bf4a-a8e861489b50,C0s5UhhDw09o7aiaqr7mTw_180_box0.jpg,BELFAST_CITY,National,Building-mounted,Union Jack,5,2025-08-17 15:06:26.348611+00,May,false,,
da608719-8fc0-4874-b1f1-6c95b779b2c3,vTxTQshx8xKjjqv3pVlgsw_000_box0.jpg,BANGOR,National,Lamppost-mounted,Union Jack,2,2025-08-08 09:03:32.599574+00,May,false,,
da6285da-91c3-4900-a899-305b8bafee8f,zu-UBg6SBFF73S0SZiN9BA_300_box0.jpg,BELFAST_CITY,International,Lamppost-mounted,Other International,5,2025-08-17 14:28:38.255667+00,May,false,,
da6c4b7e-de42-4534-ade5-8328b1f9d1f3,AXvk5LNJxo0U-KahgcHYjw_180_box0.jpg,METROPOLITAN_CASTLEREAGH,National,Building-mounted,Union Jack,5,2025-08-29 08:34:24.423445+00,May,false,,
da6dbe7f-25e4-4e64-a7a3-589e54de81f6,B34QgDkAdlsHOYj-C32gWg_120_box0.jpg,ARMAGH,National,Lamppost-mounted,Union Jack,5,2025-08-29 08:25:17.528991+00,May,false,,
da6f798f-57b4-4527-9bfc-44fee5d2dc7e,8SSDymoO-0sJ_xRlRMtRxg_300_box0.jpg,COLERAINE,National,Building-mounted,Union Jack,5,2025-08-13 21:59:02.817721+00,May,false,,
da72f921-b95c-45f4-8d6a-efb443194470,8W9H8Atyfv-En2R5PZmXVw_240_box0.jpg,BELFAST_CITY,National,Lamppost-mounted,Ulster Banner,5,2025-08-28 20:14:17.39172+00,May,false,,
da796ef8-2835-470b-bef4-daaecc7b5298,fbRnRjUFrnD7opYcdIQWgw_240_box0.jpg,LIMAVADY,Fraternal,Lamppost-mounted,Orange Order,2,2025-08-07 08:52:38.115116+00,May,false,,
da7b17c5-6d9f-4de2-8d0f-750546a6a6a7,mNh6KZg-K5LKA7WaGvLzBg_060_box0.jpg,BELFAST_CITY,National,Lamppost-mounted,Union Jack,5,2025-08-13 16:34:57.663375+00,Pat,false,,
da81e075-8a86-48c3-813a-57e247c79f34,m6QcClYp7aqlAmJ9dxVi7g_120_box0.jpg,BALLYMENA,National,Building-mounted,Union Jack,5,2025-08-14 10:12:42.456039+00,Pat,false,,
da84bced-13df-43a0-ae62-b479bc0e898b,UX5olA1LmJSdMor95O8IRw_300_box0.jpg,COLERAINE,National,Building-mounted,Union Jack,5,2025-08-14 12:42:42.209402+00,Pat,false,,
dab01578-63b4-4299-818e-ae20fa7ae016,V-cvAy11Esg8b33t48lLcw_240_box0.jpg,LARNE,National,Pole-mounted (in ground),Union Jack,5,2025-08-12 15:53:41.741457+00,Pat,false,,
dabf0aca-dc6e-4bb7-93e6-362186cf6c09,CVA0ehu9yWPpeMUGFbeSWQ_060_box0.jpg,CARRICKFERGUS,Review,,,,2025-08-06 22:57:49.227295+00,May,true,Unclear image,
dad18f5e-1e2f-47c2-9e03-8ac8f2875ee0,PpOPzL0t09XoZVeId0rzdg_240_box0.jpg,LIMAVADY,Review,,,,2025-08-07 08:44:09.035828+00,May,true,Unclear image,
dadae17f-a37f-45d3-9c7f-8f2884b36e7a,8h4eJjfc9xhO_0uTn9OoCA_000_box0.jpg,METROPOLITAN_NEWTOWNABBEY,National,Pole-mounted (in ground),Union Jack,5,2025-08-12 15:08:29.3778+00,Pat,false,,
daf322c8-f514-43aa-96a8-6a06a62a43ab,b8wQVgZ5OhkFQ33tmwvGMw_000_box0.jpg,BANGOR,Review,,,,2025-08-08 09:08:29.437509+00,May,true,Unclear image,
db01cd95-4366-4c2a-8037-47ad8ef415ee,E7wiDSCL3awx2Pyfc4hZ2A_120_box0.jpg,BELFAST_CITY,Fraternal,Lamppost-mounted,Royal Black Institution,5,2025-08-28 19:52:38.522231+00,May,false,,
db12824e-5388-4be8-8e60-83ba870e3ff3,RGmcIpu5QovRCioguOOwtQ_240_box0.jpg,ENNISKILLEN,Proscribed,Lamppost-mounted,UDA,5,2025-08-29 08:33:00.683598+00,May,false,,
db18ee58-06a6-4c85-8222-c462b3de598f,4g3fgAQLeeoZLZfHBdgbFA_180_box0.jpg,BELFAST_CITY,National,Building-mounted,Ulster Banner,5,2025-08-14 13:11:08.325884+00,Pat,false,,
db1e4132-336a-4651-8a0f-67839ed33f04,LFtJcttY1axQPpZ1L3Cvwg_000_box0.jpg,BANGOR,Review,,,,2025-08-09 11:48:10.959885+00,Byron,true,Unclear image,
db47aa29-2ea1-46d9-9ca1-b3d08c250c46,fy0LJ2hIjVgjC6qYWXqAjw_060_box0.jpg,LARNE,National,Building-mounted,Ulster Banner,5,2025-08-13 22:00:41.118883+00,May,false,,
db8fbdce-104d-4670-a300-120c6bf87b96,641LB9-GVv6hfucou7oIFA_120_box0.jpg,ENNISKILLEN,National,Lamppost-mounted,Union Jack,5,2025-08-13 08:28:38.886114+00,Pat,false,,
dbb256fa-cbb9-4af4-9c2a-97cb47b75133,IysqmNb_x36sQPiyaQlauA_240_box0.jpg,COLERAINE,Review,,,,2025-08-28 19:49:22.104391+00,May,true,Unclear image,
dbc509fc-0109-443c-8304-2bbff4f88ea2,Bt6zsyKgHK3j13VpS-e-dw_240_box0.jpg,ANTRIM,National,Lamppost-mounted,Ulster Banner,5,2025-08-13 22:12:41.14652+00,May,false,,
dbc9d2d2-62e2-4e0d-9222-824808f181d0,FqNISaM4TrMCsXm_BKnyRQ_120_box0.jpg,BELFAST_CITY,National,Lamppost-mounted,Ulster Banner,5,2025-08-14 10:39:48.036298+00,Pat,false,,
dc1a17ec-23a4-4bf0-9713-0e90f3d45fdd,QE80M_9vbAxeTGVMmKq5fg_120_box0.jpg,CRAIGAVON,National,Lamppost-mounted,Union Jack,5,2025-08-13 22:16:31.540436+00,May,false,,
dc1cac34-93ac-4850-88cb-df510856ceb2,EXeLI9uUtWImiOoIYmANbQ_120_box0.jpg,BELFAST_CITY,National,Lamppost-mounted,Ulster Banner,5,2025-08-28 19:53:19.911874+00,May,false,,
dc4379c9-4286-4e72-acd2-9add94023d59,LgMNqF5ffOvJ0Eq86oA7nA_060_box0.jpg,KILKEEL,National,Lamppost-mounted,Union Jack,5,2025-08-14 13:45:15.368082+00,Pat,false,,
dc53745a-72a4-488c-bab5-f896cb577df9,DTBf-3vvW32F6_dvFddHJA_240_box0.jpg,TANDRAGEE,National,Pole-mounted (in ground),Union Jack,5,2025-08-14 14:12:19.42555+00,Pat,false,,
dc6db622-db75-47eb-a0b5-0279bce78884,I5_SqkxRknzPZlIaUS2BCw_060_box0.jpg,CRAIGAVON,Sport,Pole-mounted (in ground),GAA,5,2025-08-13 09:08:10.969639+00,Pat,false,,
dc8f37bb-c663-4aef-b984-5a9fa2934e65,vNXWzPkqI3LmFahYH9Gyrw_300_box0.jpg,BANGOR,National,Lamppost-mounted,Ulster Banner,5,2025-08-09 11:40:29.453724+00,Byron,false,,
dc9c97b5-310f-4bc7-a050-03e2cf1b6a52,s0B9aL0aiXv-dpusK2m_QA_240_box0.jpg,BELFAST_CITY,National,Lamppost-mounted,Union Jack,5,2025-08-28 19:49:17.613733+00,May,false,,
dcc32a02-3cfa-44aa-902b-ea15da44f6af,wZNsT8amMGIaRT11scVx3A_300_box0.jpg,BALLYCLARE,National,Building-mounted,Union Jack,5,2025-08-14 13:40:56.861002+00,Pat,false,,
dccc02d4-89e6-4a1c-a96e-e0fa06437107,EKJ2o9On5WBZKSAn4EFvgQ_120_box0.jpg,CRAIGAVON,National,Building-mounted,Union Jack,5,2025-08-14 14:01:34.836796+00,Pat,false,,
dce75287-e2bc-45cf-8de5-0e6f92d51543,Ol_woCpSY85MDHKbIqHs5w_060_box0.jpg,BELFAST_CITY,National,Building-mounted,Union Jack,5,2025-08-13 08:48:04.676386+00,Pat,false,,
dcea81af-e9b0-4993-84bb-7739cde83c00,LtE5yUvEv_EWf_QTIwwz_Q_240_box0.jpg,BELFAST_CITY,National,Building-mounted,Union Jack,5,2025-08-13 22:15:03.793087+00,May,false,,
dcfa8441-d9cb-47d0-8b4b-05639aeea845,QX2aEH-VJjg5ibmGKO4ZdQ_240_box0.jpg,BALLYMENA,National,Building-mounted,Union Jack,5,2025-08-29 08:26:47.086668+00,May,false,,
dd0bdde9-a6be-410f-a69f-f816f05635f3,KwGjPxiIAbks9QnU_dDbtQ_000_box0.jpg,BELFAST_CITY,Proscribed,Building-mounted,Other Proscribed,5,2025-08-17 14:24:24.294937+00,May,false,,
dd147d4c-1f84-45c0-a79d-d0dc4a7d3fe4,ElNKWs-fnaC9VEqrbWc_4A_180_box0.jpg,ANTRIM,National,Lamppost-mounted,Union Jack,5,2025-08-28 19:49:49.840632+00,May,false,,
dd22a7af-de14-44b4-a4c4-cf2e4c0e117a,AM0Qj807DN2Cwz1ta8gHvA_300_box0.jpg,ENNISKILLEN,National,Building-mounted,Union Jack,5,2025-08-12 15:09:26.335731+00,Pat,false,,
dd2e5a55-d52a-4a12-8993-3291640e2c1d,1U6aw0o-ykZ1n9pCR76-kw_300_box0.jpg,BELFAST_CITY,National,Lamppost-mounted,Union Jack,5,2025-08-15 20:56:46.385427+00,May,false,,
dd41fd8e-dc60-459a-b7f2-61482e084718,rSSdgsbz45jBzE_thTFdrw_120_box0.jpg,CARRICKFERGUS,National,Lamppost-mounted,Union Jack,2,2025-08-07 19:59:07.900314+00,Byron,false,,
dd452210-37f4-4516-ae51-0057ed0f7c5f,h7U6To4-NmabJwgYXspllw_120_box0.jpg,BELFAST_CITY,National,Lamppost-mounted,Union Jack,5,2025-08-28 19:42:11.756426+00,May,false,,
dd5b81f2-d8de-4f87-8c05-5e52a6d18784,gL3zZtBJVTzkTK6uFyGt7A_060_box0.jpg,ANTRIM,National,Lamppost-mounted,Union Jack,5,2025-08-14 13:40:29.563162+00,Pat,false,,
dd5d9883-96af-4116-a52b-bb2d1881b189,29-2RTfZriWtKFw05IIlCw_180_box0.jpg,METROPOLITAN_NEWTOWNABBEY,National,Building-mounted,Union Jack,5,2025-08-28 20:38:18.602779+00,May,false,,
dd99d2b6-653f-413c-be63-464da4202f6e,AnFEUGfv_l_k0mXGSzr39Q_180_box0.jpg,LISBURN_CITY,National,Building-mounted,Union Jack,5,2025-08-15 00:27:55.645848+00,May,false,,
dd9a5ee7-db0a-447c-a156-75d8a82730cb,JLeMyEbbu-cXkySKk5briw_060_box0.jpg,ANTRIM,National,Building-mounted,Union Jack,5,2025-08-28 20:05:02.143163+00,May,false,,
dda79f9a-3a41-49a9-aa02-1a173147ae26,iSwRXmn9L-9RmjH-8VDPQA_240_box0.jpg,BELFAST_CITY,National,Building-mounted,Union Jack,5,2025-08-14 13:09:41.509284+00,Pat,false,,
ddadc29d-45ed-469d-aae2-9165ab069127,S6FEoVL220aouhG-m5DrmA_000_box0.jpg,METROPOLITAN_NEWTOWNABBEY,National,Building-mounted,Ulster Banner,5,2025-08-14 10:56:15.436828+00,Pat,false,,
ddc6fe71-aa3d-484c-9a68-5145389c1ad8,VDnt8lH-RTBJWG8kKb4JJg_060_box0.jpg,DUNGANNON,National,Lamppost-mounted,Union Jack,5,2025-08-13 08:53:42.276343+00,Pat,false,,
dddb3d99-f702-4977-ab67-15198fc087a0,stZoxroT0QTYqFlCQAC0ag_180_box0.jpg,BELFAST_CITY,National,Lamppost-mounted,Union Jack,5,2025-08-28 20:36:16.267763+00,May,false,,
de0fd6bd-dcb8-4e15-84e9-ca7329a5d994,1BYvDQY2BoHVYLtgYe4-VA_300_box0.jpg,CARRICKFERGUS,National,Lamppost-mounted,Ulster Banner,5,2025-08-13 22:42:33.206937+00,May,false,,
de1f1a52-5ca4-42b6-8d0a-f3db91868b9f,zX9Ql2ACLTnO5EfOKKg55g_060_box0.jpg,COMBER,National,Pole-mounted (in ground),Union Jack,5,2025-08-24 10:07:51.647845+00,May,false,,
de3f6d88-ea87-40eb-bfd4-5c3bc39dffbf,FGJ5nmzMWNeokr3kCOtPLg_300_box0.jpg,LISBURN_CITY,National,Building-mounted,Union Jack,5,2025-08-14 12:20:52.802809+00,Pat,false,,
de803824-ef6d-49d8-9a0c-d76f99db5cfc,BIwYIA6uSPuxVPo-_TVAdA_240_box0.jpg,CARRICKFERGUS,National,Building-mounted,Union Jack,2,2025-08-07 19:57:04.966024+00,Byron,false,,
de81405e-f295-4da1-bbff-784e96178db0,eaL6SalbqaIkyhB-JfcSdw_120_box0.jpg,METROPOLITAN_NEWTOWNABBEY,National,Lamppost-mounted,Ulster Banner,5,2025-08-14 13:07:09.250973+00,Pat,false,,
de847ec5-67eb-4436-9243-097744b4160d,VqVMLfKzqV1yAGTg2E6glA_300_box0.jpg,CARRICKFERGUS,National,Lamppost-mounted,Ulster Banner,2,2025-08-06 22:54:36.75031+00,May,false,,
de895c9e-be4d-4c97-a857-84c608fdd8bf,UHL7iAlpJNIArvJwqMXm2Q_240_box0.jpg,CARRICKFERGUS,Review,,,,2025-08-06 22:54:02.569343+00,May,true,Unclear image,
dea1ee9e-025c-4021-8039-1d121436f272,j8g75kyRe6orgab2rDe_lw_180_box0.jpg,BELFAST_CITY,National,Building-mounted,Union Jack,5,2025-08-12 16:17:38.53684+00,Pat,false,,
dea27162-80f8-48a4-8cab-0fcbf0fd8440,ij9Gwf1gTPaNltTUB1IF0Q_060_box0.jpg,WHITEHEAD,National,Building-mounted,Ulster Banner,5,2025-08-12 14:53:43.378498+00,Pat,false,,
deddd434-e7df-4586-adc9-656ffc597270,klYi6DxLfVHM2GJP-eTJGw_000_box0.jpg,BELFAST_CITY,International,Pole-mounted (in ground),Other International,5,2025-08-29 08:41:43.17896+00,May,false,,
dedf6d45-6595-4bd4-81a0-1575867bd5a5,goVT-GzMMiOnaSEe5fkD5Q_060_box0.jpg,METROPOLITAN_NEWTOWNABBEY,National,Lamppost-mounted,Union Jack,5,2025-08-11 09:53:11.736109+00,May,false,,
dee45aef-1867-4bca-b4fc-9b1e35bcebdf,BtMml6kWPXVfj57fQ_Qavg_120_box0.jpg,BELFAST_CITY,National,Building-mounted,Ulster Banner,5,2025-08-12 15:14:56.764109+00,Pat,false,,
dee9e938-4f3e-4969-b3fb-52108818797d,9ZNOsBUjpAYO7uwdCPd7Gw_180_box0.jpg,METROPOLITAN_NEWTOWNABBEY,Fraternal,Pole-mounted (in ground),Orange Order,5,2025-08-17 14:38:15.856541+00,May,false,,
df14fc58-4f5c-4001-ac6f-b411f076594f,4eqhh_qB0m_8ify9Ik4J2A_300_box0.jpg,DUNGANNON,National,Building-mounted,Union Jack,5,2025-08-28 20:51:02.622184+00,May,false,,
df178774-3b7d-4a7c-8805-740ccd856148,BIOiwQWgB5EcYqnptvjnog_000_box0.jpg,BALLYCLARE,National,Pole-mounted (in ground),Union Jack,5,2025-08-17 15:50:50.080748+00,May,false,,
df18d8be-4768-406c-8368-04b9c8a910f5,XRXQQUQYKFGa15FeuC-bJg_240_box0.jpg,METROPOLITAN_NEWTOWNABBEY,National,Building-mounted,Union Jack,5,2025-08-15 00:27:34.887585+00,May,false,,
df23cb13-6915-4999-9590-b2bab0e7d270,LolGr6dQrq70lhjJ9hmHcg_300_box0.jpg,BELFAST_CITY,Review,,,,2025-08-12 16:21:46.63234+00,Pat,true,Complex case,
df252cf7-60f2-494f-938d-19f7710fbe56,YDDtS0WJCoA7P_fzrQ9jkg_060_box0.jpg,BELFAST_CITY,National,Building-mounted,Union Jack,5,2025-08-12 15:27:48.113457+00,Pat,false,,
df27f37f-bd96-4297-833b-e821ff91f6f6,5RIaytkUR9xzMlyKa9QD0A_180_box0.jpg,BELFAST_CITY,National,Lamppost-mounted,Union Jack,5,2025-08-17 14:28:53.558119+00,May,false,,
df2cd56e-cd91-44d4-abe9-6b483fb80738,bx3s1jrD82breoNzd09FlQ_000_box0.jpg,WHITEHEAD,National,Lamppost-mounted,Union Jack,5,2025-08-12 15:45:39.604559+00,Pat,false,,
df2efa06-a96b-46a8-8062-471cf0664678,CRQv8AInG4OiZ5gmMCZfTw_060_box0.jpg,METROPOLITAN_NEWTOWNABBEY,National,Pole-mounted (in ground),Union Jack,5,2025-08-14 13:42:34.576875+00,Pat,false,,
df324058-20d8-474e-9387-b40c519bc45f,Ceh536QpDO1jo_BqfKGpwQ_000_box0.jpg,METROPOLITAN_NEWTOWNABBEY,National,Lamppost-mounted,Ulster Banner,5,2025-08-09 11:55:03.779495+00,Byron,false,,
df3a7f5f-08f5-49ef-8528-b59d8cad3713,Z-DM3Bw-7t3C0etsdfn3PA_240_box0.jpg,BELFAST_CITY,National,Building-mounted,Union Jack,5,2025-08-24 10:13:24.466745+00,May,false,,
df40e047-36d4-49be-8b23-8f65e7e8b0c5,On2Z30iv-UV_CcEFYDanmg_060_box0.jpg,LISBURN_CITY,National,Building-mounted,Union Jack,5,2025-08-28 20:48:19.208427+00,May,false,,
df6c5e45-4e55-46ad-92f9-046996b58c74,IhOnZdizpB0Y-nSfAYkKDg_120_box0.jpg,CRAIGAVON,National,Building-mounted,Union Jack,5,2025-08-17 14:36:54.170071+00,May,false,,
df6cbbc0-deb8-4798-a9cc-55b8997c0e51,_cjnLOIvYMXtjJaCHBqx6Q_120_box0.jpg,LISBURN_CITY,National,Building-mounted,Union Jack,5,2025-08-17 18:23:43.836231+00,May,false,,
dfa3bead-d79f-4b8a-b6f2-c783b734bed0,_mbA8DZGW2fkX3ZGy5qvTw_000_box0.jpg,BANGOR,National,Building-mounted,Union Jack,5,2025-08-07 20:20:56.422046+00,Byron,false,,
dfaebaec-1db5-4549-bdf7-e9b6200bf4a0,Qw8E5tk0i8QyuaybQwmjXQ_060_box0.jpg,DERRY_CITY,National,Lamppost-mounted,Union Jack,5,2025-08-17 16:45:28.390854+00,May,false,,
dfb07069-bbb2-4171-b86b-1444e796cb33,OSoj5fdZTXTnqb5J_2wAXQ_180_box0.jpg,DUNGANNON,National,Lamppost-mounted,Ulster Banner,5,2025-08-14 12:49:53.413083+00,Pat,false,,
dfbf6ff9-7a9f-4845-9e67-6059032adac3,UCFoThN9M1IqrZ_G0B-CiQ_300_box0.jpg,BANGOR,National,Lamppost-mounted,Union Jack,5,2025-08-09 11:35:02.399871+00,Byron,false,,
dfd36176-f8cf-428f-928f-b5ccd9b5265c,wIDNrME_BoFf6-4ajRYjOQ_180_box0.jpg,BELFAST_CITY,National,Lamppost-mounted,Ulster Banner,5,2025-08-14 14:12:55.600269+00,Pat,false,,
dfd36a6a-1931-4f45-8fe4-5d89e43e7ae2,relejEp8ZyXZXZ7MtE-A5g_000_box0.jpg,BELFAST_CITY,National,Lamppost-mounted,Union Jack,5,2025-08-29 08:45:47.790863+00,May,false,,
dfe436df-86e4-4ac4-91a4-6ad4443fa9b4,ooIFEwYoAQ9wzSENwLSTMQ_120_box0.jpg,BELFAST_CITY,National,Building-mounted,Irish Tricolor,5,2025-08-14 12:30:57.401079+00,Pat,false,,
dfff9f55-0f87-4fff-91b5-976669bb2289,Xi0_wRWE_FPffZ9_38jkgg_000_box0.jpg,COLERAINE,National,Building-mounted,Union Jack,5,2025-08-29 08:17:48.714569+00,May,false,,
e026258b-1b62-4521-b0c6-8d6fd443b783,dXUkBoXkTpzARi7yXZ9Vlw_300_box0.jpg,BELFAST_CITY,National,Building-mounted,Union Jack,5,2025-08-12 16:02:53.491873+00,Pat,false,,
e02d8e97-e67f-4e72-85fd-634091e461c7,p4X372DYDyCMlpsi-ZvTlQ_060_box0.jpg,BELFAST_CITY,National,Lamppost-mounted,Ulster Banner,5,2025-08-13 22:31:58.273187+00,May,false,,
e03b0141-9b1c-4801-a1b3-4e5cdafd61af,vBHHY1-v6Pons39CCve5mg_180_box0.jpg,METROPOLITAN_NEWTOWNABBEY,National,Lamppost-mounted,Union Jack,5,2025-08-29 08:34:05.37346+00,May,false,,
e03d22c5-8eff-4cbc-8cb1-2706ca1341c5,fJZa7d0nsH_Z2JKQ1LUZSw_180_box0.jpg,BANGOR,Review,,,,2025-08-09 11:39:12.415188+00,Byron,true,Not a flag,
e0545feb-7858-4453-82e9-14d16689e7c0,3SjNZNa7e6r2iHi6zDI44w_120_box0.jpg,CARRICKFERGUS,National,Lamppost-mounted,Ulster Banner,5,2025-08-06 22:59:03.505038+00,May,false,,
e05733b2-9439-4905-b82c-1207d2330185,-am2J-C0J3RwlTE--swDsA_300_box0.jpg,NEWRY,National,Pole-mounted (in ground),Union Jack,5,2025-08-14 09:48:12.757471+00,Pat,false,,
e05a6d2d-1993-4d8c-85d1-d481ed44e5cd,jUpOfsRHHevOykSxAKNNlA_240_box0.jpg,LIMAVADY,Review,,,,2025-08-07 08:42:42.569376+00,May,true,Unclear image,
e0726caf-73d8-4de0-9d36-e97e344cc2aa,Gvw1ud5WFNFUymgiZFsW7A_240_box0.jpg,BELFAST_CITY,Review,,,,2025-08-13 09:09:26.903151+00,Pat,true,Complex case,
e073bf46-626d-4407-8983-572c96849fd7,Iit52Y1zoSiDre-tvevNFg_000_box0.jpg,ANTRIM,National,Lamppost-mounted,Union Jack,5,2025-08-28 20:19:16.210809+00,May,false,,
e075f656-5610-4959-9d35-45bc6fcf922b,7XzULfae5wg0hvswyNoysQ_180_box0.jpg,BELFAST_CITY,National,Lamppost-mounted,Ulster Banner,5,2025-08-14 10:29:41.110595+00,Pat,false,,
e079cc14-af3a-4dfd-ac45-dfe1fdd53e65,bHoDGXLAb8fQueNWQ4ISJQ_000_box0.jpg,BANGOR,National,Lamppost-mounted,Union Jack,3,2025-08-09 11:45:24.003229+00,Byron,false,,
e084e909-64b6-43a0-a99d-864647a44de6,Bti96iJ6c-O-YPFOyB-jjg_060_box0.jpg,METROPOLITAN_LISBURN,National,Building-mounted,Union Jack,5,2025-08-14 09:33:37.959444+00,Pat,false,,
e090e366-5da9-4b5c-8640-19170bca63a0,smyvVm87ry0gH_Ggo6XEbA_060_box0.jpg,ARMAGH,National,Lamppost-mounted,Union Jack,5,2025-08-12 16:21:51.13394+00,Pat,false,,
e0937c33-324b-4b3f-85eb-5de5073eba7d,NZyTX_SGRt1H3OBvK78aig_180_box0.jpg,METROPOLITAN_NEWTOWNABBEY,National,Pole-mounted (in ground),Union Jack,5,2025-08-17 16:43:38.187622+00,May,false,,
e093a316-7d5a-450d-839d-8af157ad1c25,VW1vFyUQinHjcGoLo59cbQ_300_box0.jpg,METROPOLITAN_NEWTOWNABBEY,National,Building-mounted,Union Jack,5,2025-08-15 00:38:56.758989+00,May,false,,
e095b113-22cc-431f-920f-cc6402a056b3,gKRrqJHKlgaxIQELyi5X3A_000_box0.jpg,BELFAST_CITY,National,Lamppost-mounted,Union Jack,5,2025-08-14 14:02:20.465277+00,Pat,false,,
e0b82d4e-ed45-45c0-ac3f-a9a39fbf168f,mXmjEtMwIC1FQygKKV4T7A_120_box0.jpg,COLERAINE,National,Building-mounted,Union Jack,5,2025-08-17 16:48:08.280573+00,May,false,,
e0b9a59e-5ff7-4457-9425-4a58c433be8f,zFQM6yHhNVlhfi5XTrZ77g_120_box0.jpg,LARNE,National,Lamppost-mounted,Union Jack,5,2025-08-12 15:05:45.705605+00,Pat,false,,
e0c22a7d-195f-4dca-9cf0-54ab9833e350,8A-bFtY06NA-vA1Gu1-5xg_000_box0.jpg,METROPOLITAN_NEWTOWNABBEY,National,Building-mounted,Ulster Banner,5,2025-08-13 22:49:32.067646+00,May,false,,
e0c786dd-3369-42b6-8bdf-8a8b91a533af,vNXWzPkqI3LmFahYH9Gyrw_300_box0.jpg,BANGOR,Review,,,,2025-08-08 08:26:41.361975+00,May,true,Unclear image,
e0cb4330-ddb8-4ef4-8605-b989e94e39f2,m5E94z3OYBD-tbCRyqWX4Q_240_box0.jpg,METROPOLITAN_NEWTOWNABBEY,National,Pole-mounted (in ground),Union Jack,5,2025-08-13 08:45:40.693416+00,Pat,false,,
e0ce6218-b60b-4c07-9b12-2fce5e460bc7,Cpmaomnd3yytTIKtxfKsaA_000_box0.jpg,BELFAST_CITY,Review,,,,2025-08-14 12:39:18.655354+00,Pat,true,Unclear image,
e0d07c50-f7ca-46e8-994d-c06f1b602e21,SxwcBWFwJC6lK9A1okA5hQ_000_box0.jpg,HOLYWOOD,National,Building-mounted,Ulster Banner,1,2025-08-14 10:09:21.27251+00,Pat,false,,
e0e99609-5774-4387-9456-8f90b07f4fb1,r47F0PQJySWXBgxi7ZZTXw_300_box0.jpg,LARNE,National,Building-mounted,Union Jack,5,2025-08-13 22:48:27.608435+00,May,false,,
e0f8e262-eb23-4f9d-923b-0a3842aba426,hoMimCReXJWLtJ4F7pYa0A_060_box0.jpg,METROPOLITAN_NEWTOWNABBEY,National,Lamppost-mounted,Union Jack,5,2025-08-17 17:06:30.932102+00,May,false,,
e106b16e-c503-4bde-a114-7cc5bdcdcab7,RDwUbDfiUwBj2U4Jawpa3A_060_box0.jpg,BELFAST_CITY,National,Building-mounted,Union Jack,5,2025-08-14 10:09:49.20668+00,Pat,false,,
e114089e-064c-46e0-b424-ecf0b90aa306,1b5UTO1r748UGSIIYjIXbg_120_box0.jpg,METROPOLITAN_NEWTOWNABBEY,Review,,,,2025-08-08 16:19:19.807717+00,May,true,Unclear image,
e118319b-df70-45fb-9da6-80bda437af4c,vrjIXLWQ_mfF5MmkhueeQA_180_box0.jpg,CARRICKFERGUS,Review,,,,2025-08-07 19:57:35.801619+00,Byron,true,Not a flag,
e118afe3-1ab2-4117-83f6-6fcbda6d418d,Ii6MmA01qdgBfoF1GdyvLQ_120_box0.jpg,BELFAST_CITY,National,Building-mounted,Union Jack,5,2025-08-13 22:15:08.496018+00,May,false,,
e122bd7b-2ce8-448c-812c-cdc0f68b68ac,Lim4yd1cn5_bygabbdwRYQ_300_box0.jpg,CRAIGAVON,Review,,,,2025-08-14 10:53:29.927535+00,Pat,true,Not a flag,
e141f51a-472e-483b-bca3-e2ec714976cf,SsKBXQBrc1tt-io41Z36zQ_240_box0.jpg,METROPOLITAN_NEWTOWNABBEY,National,Pole-mounted (in ground),Union Jack,5,2025-08-13 22:15:59.298932+00,May,false,,
e166e4a6-01c8-43c4-86d6-d27f5926349f,m_I_BlaxDAfQl5acwqaB0Q_300_box0.jpg,LARNE,National,Lamppost-mounted,Union Jack,5,2025-08-24 10:14:24.487678+00,May,false,,
e16956e2-6af7-4a30-a2f1-38b29c421281,LC24wCI242ta65BQhu10OA_120_box0.jpg,CRAIGAVON,National,Building-mounted,Union Jack,5,2025-08-17 16:58:27.512191+00,May,false,,
e18dfed1-2c06-4de5-832c-8affde4047b6,Xf9KSmhcXo63NUVf-09w-A_180_box0.jpg,LISBURN_CITY,National,Lamppost-mounted,Union Jack,5,2025-08-15 00:37:22.202405+00,May,false,,
e19e50bc-28c5-4998-a39d-f6576f2626d0,OcWOlTGP7N0z6CuLmyArJQ_240_box0.jpg,BANGOR,Fraternal,Lamppost-mounted,Orange Order,1,2025-08-08 09:08:17.247606+00,May,false,,
e1a6a977-9254-4c45-8853-604fede86b4f,qJjheSqLRlP1Nwomzd9rGw_120_box0.jpg,BELFAST_CITY,National,Lamppost-mounted,Union Jack,5,2025-08-13 22:36:01.310541+00,May,false,,
e1ab56be-45b4-4378-b094-68877d0f0602,VnXbWHlz7NtasdO3ENJZ3w_000_box0.jpg,LISBURN_CITY,National,Building-mounted,Union Jack,5,2025-08-14 12:35:44.371009+00,Pat,false,,
e1b37058-d710-4c34-807f-33b821f5c533,SRf1SHwxDuRtQiq4n9oZ0A_180_box0.jpg,BELFAST_CITY,National,Lamppost-mounted,Union Jack,5,2025-08-12 15:00:38.573712+00,Pat,false,,
e1b480e8-e0d2-43d5-9eee-f502b7713db1,ptLozqU8uCtbCJW_D0Jrcw_000_box0.jpg,NEWRY,National,Lamppost-mounted,Irish Tricolor,3,2025-08-07 20:16:48.968515+00,Byron,false,,
e1c52617-f23b-4f55-b740-712941713c0f,m82bqSGmXYrDxECwNlvxXA_300_box0.jpg,LIMAVADY,National,Lamppost-mounted,Union Jack,5,2025-08-07 20:09:17.922562+00,Byron,false,,
e1d0df19-8289-4fa9-bdc6-eff7dd5c6f25,3Rloiy-BVZC4qRJns3kqtw_000_box0.jpg,METROPOLITAN_CASTLEREAGH,National,Lamppost-mounted,Union Jack,5,2025-08-28 20:43:08.683633+00,May,false,,
e1eca5d9-fee7-4f0f-a704-41dbb273a941,kA0C3wpHXYd0moM8bQiwfg_240_box0.jpg,BELFAST_CITY,National,Building-mounted,Ulster Banner,5,2025-08-17 17:03:15.023234+00,May,false,,
e1f6c73d-f192-4213-bb85-f4614515b215,zbuKtiAe7-WpDewSDcGZng_120_box0.jpg,LARNE,National,Building-mounted,Union Jack,5,2025-08-14 10:38:42.015248+00,Pat,false,,
e1f84a8f-36eb-430b-980b-a4da4387e071,z-IwH_tfkLFlDnOvqwhE9A_300_box0.jpg,BELFAST_CITY,National,Lamppost-mounted,Union Jack,5,2025-08-13 22:12:42.609681+00,May,false,,
e1fa1468-a889-4519-8b3d-656c2d70b82b,IPakhaz715izcnbI2ObrJg_240_box0.jpg,BELFAST_CITY,National,Pole-mounted (in ground),Irish Tricolor,5,2025-08-13 22:01:55.441515+00,May,false,,
e20d9d59-e4af-4f38-8393-e2705fd85a78,m5E94z3OYBD-tbCRyqWX4Q_240_box0.jpg,METROPOLITAN_NEWTOWNABBEY,National,Pole-mounted (in ground),Union Jack,5,2025-08-15 20:53:36.96315+00,May,false,,
e225fbfc-2cba-4961-be71-e4f6def77dfa,TkgglyUj0-PlcrB6nZChxA_300_box0.jpg,METROPOLITAN_LISBURN,National,Building-mounted,Union Jack,5,2025-08-14 14:11:52.171616+00,Pat,false,,
e22c46e0-f0da-4f4a-9da3-e2b5b12a94d7,F4X1PSkwsvnxPbdDJ0_qWw_180_box0.jpg,BELFAST_CITY,National,Building-mounted,Union Jack,5,2025-08-17 14:28:25.686098+00,May,false,,
e23f8d4b-556a-4679-ba53-30930c04f7e0,L32ejhT991IKHMvHFJ5lvw_180_box0.jpg,CARRICKFERGUS,Fraternal,Building-mounted,Orange Order,4,2025-08-06 22:48:29.314322+00,May,false,,
e2480e1f-de03-41b5-aecc-a0a48163c3c6,lVu7Wu138RYvBjsWt_mg1Q_240_box0.jpg,LISBURN_CITY,National,Lamppost-mounted,Ulster Banner,5,2025-08-14 13:49:53.925535+00,Pat,false,,
e27c9883-ea82-47f5-b044-245d8e73273a,soFi3wCoufMGUQ5U4UtVXQ_000_box0.jpg,BELFAST_CITY,National,Building-mounted,Union Jack,5,2025-08-14 14:00:16.158559+00,Pat,false,,
e28fa8ba-f612-4079-9f4c-5fd1d040f895,1Hh4Hc92KZuHUl8zH5HawA_000_box0.jpg,BELFAST_CITY,Sport,Building-mounted,GAA,5,2025-08-12 15:30:32.161439+00,Pat,false,,
e29c492e-9090-4f12-99f4-3d5621a8a303,TBpoC4jxGMj_8jSSKntpOA_120_box0.jpg,BELFAST_CITY,National,Pole-mounted (in ground),Union Jack,5,2025-08-15 00:49:52.30121+00,May,false,,
e2b99e9c-b037-4fff-8b24-5d7a9cd08b12,O-0HbK94K6tyNJoVJl7bDA_180_box0.jpg,NEWTOWNARDS,National,Permanent installation,Union Jack,5,2025-08-28 19:51:10.913979+00,May,false,,
e2bafac9-0bf8-4c02-afe8-1de053ff7a8a,w66PAiYxPDZAdkR9CzGu9Q_240_box0.jpg,COLERAINE,National,Lamppost-mounted,Union Jack,5,2025-08-17 18:24:20.475415+00,May,false,,
e2cf271a-5b30-4f91-a932-b4ca20e2f924,wRhn6nSYN9pHjmjIobIzhw_120_box0.jpg,CARRICKFERGUS,National,Lamppost-mounted,Union Jack,5,2025-08-13 16:24:52.172468+00,Pat,false,,
e2df24ca-992f-4bcf-a700-e97a81701df1,r47F0PQJySWXBgxi7ZZTXw_300_box0.jpg,LARNE,National,Lamppost-mounted,Union Jack,5,2025-08-12 16:13:33.534724+00,Pat,true,Complex case,
e3005063-f8d2-412d-887b-ad1cebd0263c,bzZgCCxsl5QFF8VtTtwnjA_060_box0.jpg,METROPOLITAN_NEWTOWNABBEY,National,Pole-mounted (in ground),Union Jack,5,2025-08-14 10:37:40.664069+00,Pat,false,,
e307ca2d-6b6e-4858-a4c3-dbf4c219be0d,jC9xZsuZeMIU8bwO9E9z2g_000_box0.jpg,BELFAST_CITY,National,Building-mounted,Union Jack,5,2025-08-13 16:25:04.873722+00,Pat,false,,
e30d6944-4b9d-4da9-b80f-d0b0c23f29f8,bwyYLBDxX54V3wWyejK4xQ_240_box0.jpg,COLERAINE,International,Pole-mounted (in ground),Other International,5,2025-08-12 15:53:28.910272+00,Pat,false,,
e328172e-8c49-4125-ae28-1abf7d7e81ff,zmBJIdzEkKICVEKwkLQk7Q_060_box0.jpg,COLERAINE,Fraternal,Lamppost-mounted,Orange Order,5,2025-08-28 19:42:24.395713+00,May,false,,
e348057d-91fd-4032-b94e-485f0cd0e50e,emuoWpDZBoxfqnSkdkNHtA_120_box0.jpg,CRAIGAVON,National,Lamppost-mounted,Union Jack,5,2025-08-13 22:43:48.929545+00,May,false,,
e34b3e13-c806-4f29-babe-203b2f3ef5d1,njhtNgvgrIdSaH6glM9G1Q_060_box0.jpg,BELFAST_CITY,National,Building-mounted,Union Jack,5,2025-08-12 15:08:07.530512+00,Pat,false,,
e352d055-2c65-49dd-8cc3-2d7189730099,D2C2dBWvzFHS5-EobSruXw_300_box0.jpg,NEWRY,National,Lamppost-mounted,Union Jack,2,2025-08-07 20:19:15.785721+00,Byron,false,,
e35c67a8-a4f4-4b4f-9364-8a0d71950fb2,yoE4ei1C0ZH-TPhvf9ucqA_060_box0.jpg,BANGOR,National,Lamppost-mounted,Union Jack,5,2025-08-07 20:21:14.510945+00,Byron,false,,
e3629caa-b9de-406c-af19-aaa96cf6c7c7,LWAa59yHVpJbmBacumm_Mg_300_box0.jpg,OMAGH_TOWN,National,Pole-mounted (in ground),Union Jack,5,2025-08-13 22:34:14.054751+00,May,false,,
e363bc8b-146d-4551-968e-bf652067b1eb,9GQzdLgdO_C9--La-pqCVA_300_box0.jpg,COLERAINE,Review,,,,2025-08-13 16:36:13.294157+00,Pat,true,Unclear image,
e36e0c43-13a6-46b8-b1cc-edf05d37b0b2,nFY9QGVNcqx_9Bozn26vjg_120_box0.jpg,LISBURN_CITY,National,Building-mounted,Union Jack,5,2025-08-14 09:32:30.708102+00,Pat,false,,
e378d37e-0058-4fef-a0d1-5a8c648cf4de,uJLcXCtoR-IL09vpFym1nQ_120_box0.jpg,CRAIGAVON,National,Building-mounted,Union Jack,5,2025-08-12 15:41:15.031491+00,Pat,false,,
e39cc70c-2506-405d-a353-690a44e21f50,E3hSNopChUguTc-6_ghC7g_300_box0.jpg,CARRICKFERGUS,Review,,,,2025-08-07 20:00:39.742179+00,Byron,true,Unclear image,
e39dc216-d08d-4a6b-8e29-f7ae5ec39212,jhbnkgVLNncvDeX0m7Nh-Q_120_box0.jpg,BELFAST_CITY,National,Lamppost-mounted,Union Jack,5,2025-08-17 18:21:54.622412+00,May,false,,
e3caf232-ec2c-4fdb-b2da-c1074edd485f,SYhYHSE5UusjuIs4hOCjhQ_000_box0.jpg,METROPOLITAN_CASTLEREAGH,National,Lamppost-mounted,Union Jack,5,2025-08-22 22:10:17.883707+00,May,false,,
e3cc2ace-73be-4105-a5e0-903666084303,7PekKQny0cF8KtkOjIzL0Q_120_box0.jpg,BELFAST_CITY,National,Building-mounted,Union Jack,5,2025-08-17 16:02:01.641298+00,May,false,,
e3ccd1d1-12c8-4caf-8b25-15c513f665aa,tT2zUntxhj0dT-un_fE5jg_180_box0.jpg,CARRICKFERGUS,National,Building-mounted,Ulster Banner,5,2025-08-13 09:06:32.884311+00,Pat,false,,
e3d51b9d-7c81-4d0b-9ee2-5c9583d08b99,TcQ6GbotHWV5UAyvGaGfiA_240_box0.jpg,GREENISLAND,National,Lamppost-mounted,Union Jack,5,2025-08-14 13:51:46.865208+00,Pat,false,,
e3d87573-5fee-4c1b-acfb-1c5aa54dbde4,INr8N5aWSbymEwiUAFgE8w_060_box0.jpg,BELFAST_CITY,National,Lamppost-mounted,Union Jack,5,2025-08-14 13:00:55.085119+00,Pat,false,,
e3df949d-2afa-4436-934d-6bb014eceb97,KeHR5_0i7Fx5SzFo_FB58A_120_box0.jpg,BELFAST_CITY,National,Lamppost-mounted,Union Jack,5,2025-08-28 20:48:23.411128+00,May,false,,
e4044910-aa9a-4a2a-b6d5-bd503d559687,Dfn7HoTkMzD7dQ7r5amkcw_120_box0.jpg,BELFAST_CITY,National,Lamppost-mounted,Ulster Banner,5,2025-08-14 13:34:24.852231+00,Pat,false,,
e40b1335-6475-40bd-ab90-be15738e6ac6,-otZS4itrk9HpCvR1PUlwg_060_box0.jpg,BANGOR,National,Street decoration,Union Jack,5,2025-08-08 08:26:28.324081+00,May,false,,
e41831ab-9acb-4fe4-9da5-b8b4ed316d48,boXart5Oyr4hMpbb3skwzQ_300_box0.jpg,BELFAST_CITY,National,Building-mounted,Union Jack,5,2025-08-28 20:41:37.982345+00,May,false,,
e42f3148-0664-4c1e-8367-bbdb29e76614,MZq-GPkQ-iI9KN3gHK0Usw_240_box0.jpg,BANGOR,National,Lamppost-mounted,Union Jack,5,2025-08-14 13:07:42.431779+00,Pat,false,,
e44e6300-060e-4fd8-be05-cbde1254bf72,B-V-wc264QEfxQkqAT9dGw_240_box0.jpg,CARRICKFERGUS,National,Lamppost-mounted,Union Jack,4,2025-08-07 19:56:22.621852+00,Byron,false,,
e4720537-5543-40ad-afc5-a91d14a85cb4,_9NN5qTVsEMgfk0Oa0ei6w_180_box0.jpg,BELFAST_CITY,Review,,,,2025-08-13 16:34:52.604589+00,Pat,true,Unclear image,
e4890094-73aa-4627-b21a-870b1710f859,5Cpl3RddbHZr_vjajYqfjg_000_box0.jpg,LISBURN_CITY,Review,,,,2025-08-14 13:59:28.240889+00,Pat,true,Complex case,
e495fe39-3a13-4883-baf3-96c4efecc5d7,HLuJXmw5AwH6ZPBogOYzmw_300_box0.jpg,ANTRIM,National,Lamppost-mounted,Union Jack,5,2025-08-29 08:22:50.224188+00,May,false,,
e499c878-85d4-480c-b670-183dc78c208b,TpjOwdDc_UBXgRQzlAaRmg_300_box0.jpg,HOLYWOOD,Military,Lamppost-mounted,Royal British Legion,5,2025-08-29 08:25:33.588371+00,May,false,,
e4bd7a84-d1bc-4a59-a670-5d7d6080a011,PmbXKKLEY5-jnyQ8-Gv5_A_000_box0.jpg,METROPOLITAN_NEWTOWNABBEY,National,Building-mounted,Scottish Saltire,5,2025-08-08 12:51:42.6394+00,May,false,,
e4c3d974-25c9-4bc3-b628-bc1c6ea7c0fe,8F9dpRCwjJouvqGfa9sigQ_120_box0.jpg,CRAIGAVON,National,Lamppost-mounted,Union Jack,5,2025-08-29 08:39:00.266326+00,May,false,,
e4c48825-9f16-49f1-9b39-3df939f33d38,Y0h58QHuP1xy4DtHgiI8EQ_060_box0.jpg,BALLYMONEY,National,Lamppost-mounted,Union Jack,5,2025-08-28 20:14:21.923261+00,May,false,,
e4c5898c-0c51-4ec7-8f07-918407adf901,Lv9ak90UEMI0UVmY-3kb6A_000_box0.jpg,BELFAST_CITY,National,Lamppost-mounted,Irish Tricolor,5,2025-08-29 08:47:30.622747+00,May,false,,
e4e22f8b-e833-45b1-b809-c0e6dadbc707,ASUOACfT5iNX0kKBYFqJ7w_300_box0.jpg,HOLYWOOD,National,Lamppost-mounted,Union Jack,5,2025-08-12 14:57:54.359554+00,Pat,false,,
e4e60022-8b1e-4170-b5f4-e98c4b0289eb,e7vj3OH_YDGe1GtdzA-uLg_300_box0.jpg,BELFAST_CITY,National,Building-mounted,Union Jack,5,2025-08-15 20:53:18.68746+00,May,false,,
e4fe1699-e784-42dc-bc6b-833fb8e384da,Sz5Rxcc6edIZoFmEdoEWMw_060_box0.jpg,LIMAVADY,National,Lamppost-mounted,Irish Tricolor,5,2025-08-07 20:01:45.763344+00,Byron,false,,
e50268af-133a-4076-b16d-724dfe832fda,-b-sRqBieO7-rXbZHjUGkg_240_box0.jpg,BELFAST_CITY,Review,,,,2025-08-12 15:24:33.243267+00,Pat,true,Complex case,
e50c221e-f065-4353-8de4-ccc62f691dd3,Ydl3Uc3R_f6nzSZ-pr6izw_000_box0.jpg,COLERAINE,National,Pole-mounted (in ground),Ulster Banner,5,2025-08-13 22:40:00.290576+00,May,false,,
e52ca7ee-3c64-4a4e-9fcf-a00280147dcb,24oWiqyplniLi37y-T9mTg_240_box0.jpg,COMBER,National,Pole-mounted (in ground),Union Jack,5,2025-08-29 08:51:15.481886+00,May,false,,
e52e24b7-ea35-42b7-942d-b9c2f28b34ad,R6hFf2XrWfVwpVBycLROvA_000_box0.jpg,OMAGH_TOWN,National,Lamppost-mounted,Irish Tricolor,5,2025-08-29 08:47:06.009246+00,May,false,,
e563db1c-d469-4bea-9796-ab5c05c8a76f,-p9rm9ET-x9h5y3bbatuzg_240_box0.jpg,DUNGANNON,National,Lamppost-mounted,Ulster Banner,5,2025-08-15 00:40:35.475361+00,May,false,,
e5789ee8-2cdf-41ae-aefb-507bfbfb5439,0bqsOI6JXUD0dpaqCTA17w_000_box0.jpg,BELFAST_CITY,National,Lamppost-mounted,Ulster Banner,5,2025-08-14 11:04:36.630788+00,Pat,false,,
e579e147-c7d0-47f5-8f15-d22aad605f26,OpJ6ESpG7q_hvVN1SyNpWg_300_box0.jpg,BALLYMONEY,National,Lamppost-mounted,Ulster Banner,5,2025-08-13 22:09:14.579547+00,May,false,,
e58708d4-ab0e-428a-8726-d76000ae6064,3QT4yG3Wqyn5Xp0zzm0gpA_000_box0.jpg,CARRICKFERGUS,International,Lamppost-mounted,Other International,5,2025-08-13 22:13:05.180196+00,May,false,,
e5a200cd-a317-44c3-8ec0-6e3e70b9d9fc,0BEffEW67ch6ncJ5V92R-g_120_box0.jpg,GREENISLAND,National,Lamppost-mounted,Union Jack,5,2025-08-14 14:03:21.800113+00,Pat,false,,
e5a23985-48fd-41ba-95ff-0a1d3ba07687,KBOkDu2V088cDf0mNuEiHw_000_box0.jpg,BELFAST_CITY,National,Building-mounted,Union Jack,5,2025-08-12 15:49:33.58146+00,Pat,false,,
e5ad2323-6ae8-4f48-8d75-eebafe943056,BiGl0sGsKLtuEBz2_JyybA_240_box0.jpg,BELFAST_CITY,National,Building-mounted,Scottish Saltire,5,2025-08-15 00:31:16.640041+00,May,false,,
e5b65561-c806-4dfe-a2f8-8d49f2ce2bb9,3GLfFBoD40-hWhhTVukwdA_120_box0.jpg,BELFAST_CITY,National,Lamppost-mounted,Union Jack,5,2025-08-14 12:12:15.131788+00,Pat,false,,
e5c29de2-3869-4ad9-8632-005a95ee0b08,iSwRXmn9L-9RmjH-8VDPQA_240_box0.jpg,BELFAST_CITY,National,Building-mounted,Union Jack,5,2025-08-28 20:44:50.615531+00,May,false,,
e5c6d34b-1644-481e-ade2-a3c4580d5bcb,HlEMQY2Al2V4-GT5ncb8zQ_060_box0.jpg,CRAIGAVON,National,Building-mounted,Union Jack,5,2025-08-29 08:17:34.256875+00,May,false,,
e5cb7835-3bc8-4115-a26f-3f6e61fd2c60,hEn2fqQ017HA4gazr4w9lw_180_box0.jpg,LISBURN_CITY,National,Building-mounted,Union Jack,5,2025-08-11 18:03:53.305768+00,Pat,false,,
e5d5fef7-3959-4569-af06-2a1d66811b86,6zNboJisejHoUe_1BVhNZg_120_box0.jpg,BALLYMENA,National,Lamppost-mounted,Union Jack,5,2025-08-13 16:23:07.642647+00,Pat,false,,
e5e44d6a-78f4-493e-90cb-2125d1111c9b,ozIgyaHo0Om7CnDKnjESnA_180_box0.jpg,CRAIGAVON,National,Building-mounted,Union Jack,5,2025-08-15 00:31:58.80987+00,May,false,,
e5e508cf-6c3e-4911-a5c2-ba444bf143c9,aUNo5yPX0ftK8Ntthmt8Gg_180_box0.jpg,BELFAST_CITY,National,Lamppost-mounted,Union Jack,5,2025-08-14 13:40:33.461091+00,Pat,false,,
e5e72ede-e94a-496b-9e65-d7e13041e0fb,UGJzPSjRvhgx_E6tBafO0Q_120_box0.jpg,BELFAST_CITY,National,Lamppost-mounted,Union Jack,5,2025-08-13 22:13:48.037311+00,May,false,,
e5e7d8a4-4475-4aa7-9b08-0304f24f13f1,YTSXIxEsIo-dRM_49qo0Kw_120_box0.jpg,LISBURN_CITY,National,Lamppost-mounted,Union Jack,5,2025-08-13 22:37:28.127179+00,May,false,,
e5e95620-b94c-4d4d-a2ae-ea917f5d89a4,klYi6DxLfVHM2GJP-eTJGw_000_box0.jpg,BELFAST_CITY,Review,,,,2025-08-14 13:59:58.93625+00,Pat,true,Complex case,
e606b9b6-ea8a-4aff-8c96-0ca9e4b772b2,cFvnM-1df5YG56DW3_Oa0Q_000_box0.jpg,LISBURN_CITY,National,Lamppost-mounted,Union Jack,5,2025-08-28 20:03:45.347798+00,May,false,,
e6187db1-09da-45e4-9601-fce46faabeed,zbuKtiAe7-WpDewSDcGZng_120_box0.jpg,LARNE,National,Building-mounted,Ulster Banner,5,2025-08-22 22:17:49.208701+00,May,false,,
e61f65c5-91f0-449a-a4bb-236d3991391c,Fepaji6UqRh2p9WpJiGGPA_180_box0.jpg,METROPOLITAN_NEWTOWNABBEY,National,Building-mounted,Union Jack,5,2025-08-14 13:27:16.962964+00,Pat,false,,
e6233741-0c6b-4de9-a9ff-cf4295b91043,SBmk_X1XVNRcF_2v1Pqo9w_180_box0.jpg,BELFAST_CITY,National,Building-mounted,Union Jack,5,2025-08-14 12:20:26.726357+00,Pat,false,,
e62a6311-18f7-47df-a0a5-284217be55bf,m0KwvHgDCBVuxHg7AY2w_Q_300_box0.jpg,BELFAST_CITY,National,Lamppost-mounted,Union Jack,5,2025-08-14 12:25:36.973458+00,Pat,false,,
e631076c-eb04-4984-aae6-e8353efd9bc2,CvLNfmKxT83_XMyUEmld1g_240_box0.jpg,BELFAST_CITY,Review,,,,2025-08-15 00:51:35.070575+00,May,true,Not a flag,
e63a7630-b406-4de2-bab4-d642cce26ca2,9ST3_WtB5r551a6iykeG_g_120_box0.jpg,CARRICKFERGUS,National,Building-mounted,Ulster Banner,5,2025-08-14 13:49:44.602625+00,Pat,false,,
e66bd9d5-9594-4db0-abe4-0da5c765074c,SFqPoZJICgWCANB58titWg_180_box0.jpg,BELFAST_CITY,National,Lamppost-mounted,Ulster Banner,5,2025-08-14 10:56:55.888149+00,Pat,false,,
e685d104-3c0a-4834-8f4f-d6b007030299,YTSXIxEsIo-dRM_49qo0Kw_120_box0.jpg,LISBURN_CITY,National,Building-mounted,Union Jack,5,2025-08-12 15:56:01.848836+00,Pat,false,,
e686970c-6c9b-4f44-a757-5bc5a8af0482,5tKODgX-wW7y5GrPF2PEbA_300_box0.jpg,METROPOLITAN_LISBURN,National,Lamppost-mounted,Union Jack,5,2025-08-13 08:27:37.960975+00,Pat,false,,
e68f7f29-ee41-4e6d-9f88-f0eda6cf3998,Yp4aq8cfiQggiUCA4BJkDQ_180_box0.jpg,BELFAST_CITY,Review,,,,2025-08-11 18:13:56.091958+00,Pat,true,Complex case,
e6a22027-4483-41ad-bc7e-07142162247b,objG_tE7XT3jut9DsQcI8g_060_box0.jpg,LISBURN_CITY,National,Lamppost-mounted,Union Jack,5,2025-08-14 09:31:32.348813+00,Pat,false,,
e6b82cdb-bea2-460c-9439-3aeaf4f987f0,fovBIRJyoPjS4XC3U3View_120_box0.jpg,BELFAST_CITY,National,Building-mounted,Union Jack,5,2025-08-14 09:28:48.383183+00,Pat,false,,
e6d4e446-6f16-4e87-9508-d53bde4e78b6,It-MgK-XmzRM8ZLywuAPvA_060_box0.jpg,BELFAST_CITY,National,Lamppost-mounted,Union Jack,5,2025-08-14 13:03:14.011971+00,Pat,false,,
e6f4c221-6d95-482e-94c2-ab73b7ef5c20,XQF7LnPHyUv2bzddtt6Xig_240_box0.jpg,BELFAST_CITY,National,Lamppost-mounted,Union Jack,5,2025-08-12 15:26:01.978962+00,Pat,false,,
e6f555d6-ebdf-4dbc-900b-658a7378cb9c,YEhR7s5rXQcbD9APDLO15Q_060_box0.jpg,BELFAST_CITY,National,Lamppost-mounted,Union Jack,5,2025-08-28 20:11:20.257195+00,May,false,,
e701ac9e-7beb-4b2d-9c30-48901fe64f33,EaXT7rKRTiGMLRXI-vc5Zg_000_box0.jpg,COOKSTOWN,National,Lamppost-mounted,Union Jack,5,2025-08-14 14:03:17.398553+00,Pat,false,,
e703db0b-05cf-4630-8220-8114b5c97984,Lv9ak90UEMI0UVmY-3kb6A_000_box0.jpg,BELFAST_CITY,National,Lamppost-mounted,Irish Tricolor,2,2025-08-14 14:06:48.902944+00,Pat,false,,
e70a9ab8-f331-4612-a049-5e7cdabe809c,Ex0qvCMEglT1QBefAqONZw_180_box0.jpg,METROPOLITAN_NEWTOWNABBEY,Review,,,,2025-08-14 09:42:22.127384+00,Pat,true,Complex case,
e70c30f1-e117-496a-8ded-3f38528aa02f,F0oN2YkxGZhcJSI-vljdSQ_120_box0.jpg,BELFAST_CITY,National,Building-mounted,Union Jack,5,2025-08-12 16:18:52.727994+00,Pat,false,,
e711a5e8-e03a-4fc5-9a7e-a169a6a69f9e,xmaTQLyi6nFX8G-5rEChlw_060_box0.jpg,BELFAST_CITY,National,Building-mounted,Ulster Banner,5,2025-08-29 08:30:10.431115+00,May,false,,
e71e2d2f-ca20-4e5b-b8f3-b1fc023380b2,fXqmhlBj8gzx90esZXUSKg_240_box0.jpg,BELFAST_CITY,National,Lamppost-mounted,Union Jack,5,2025-08-13 16:24:56.352818+00,Pat,false,,
e749cd50-b62a-4111-878b-802eeba68107,Piuj8b6sm_tPIyFw-VG4Vg_000_box0.jpg,CARRICKFERGUS,National,Pole-mounted (in ground),Union Jack,5,2025-08-12 16:22:09.237638+00,Pat,false,,
e74a12aa-e27f-402e-aee5-76ba73de3e52,ITs-tYfS4lTGBfGOSJLNPA_060_box0.jpg,BELFAST_CITY,National,Lamppost-mounted,Ulster Banner,5,2025-08-13 08:52:58.427923+00,Pat,false,,
e755b74c-4b02-4014-b645-06221b1bb447,mNh6KZg-K5LKA7WaGvLzBg_060_box0.jpg,BELFAST_CITY,National,Lamppost-mounted,Union Jack,5,2025-08-17 16:01:44.300192+00,May,false,,
e7571180-9290-401a-b9d1-7015e449b8a1,4g3fgAQLeeoZLZfHBdgbFA_180_box0.jpg,BELFAST_CITY,National,Lamppost-mounted,Ulster Banner,5,2025-08-28 20:45:38.699152+00,May,false,,
e757fead-7a73-44eb-8356-ca84b5a19c3b,Qg6hjldtXzNiyLuFgRArpA_120_box0.jpg,BELFAST_CITY,Review,,,,2025-08-13 17:01:29.325689+00,Pat,true,Complex case,
e75bf4da-bee8-48f5-8630-eb3df9b67b26,QxYiB-RLXFUt9Q-6Haaamw_060_box0.jpg,METROPOLITAN_LISBURN,National,Building-mounted,Union Jack,5,2025-08-13 22:43:19.570887+00,May,false,,
e779ef01-0de0-4f56-86f4-18dd3e8890ce,nRJJhD4L2WxZh8RifrXqXg_000_box0.jpg,METROPOLITAN_LISBURN,National,Lamppost-mounted,Union Jack,5,2025-08-17 16:23:03.744916+00,May,false,,
e77b5341-c36c-4fe0-aacf-aa4430f43813,chp9Zzs2kcZS2p4lcH_amA_060_box0.jpg,CARRICKFERGUS,Review,,,,2025-08-06 20:46:56.233297+00,May,true,Unclear image,
e78d9a6b-3ff1-4fdf-8c40-b0eebea79d50,X-igguxcFHw4O5PlyUOm2w_180_box0.jpg,BELFAST_CITY,National,Lamppost-mounted,Union Jack,5,2025-08-14 13:01:53.046229+00,Pat,false,,
e7946257-313b-426d-a99d-d23e549b6b0d,R5FrRUcxwr7YG5WJ9IvZLA_300_box0.jpg,LISBURN_CITY,National,Pole-mounted (in ground),Union Jack,5,2025-08-28 20:45:46.805678+00,May,false,,
e79c905b-4389-42e4-85d3-e6992703067c,DhKisZxDPMO_hBkX5GU-Uw_060_box0.jpg,ENNISKILLEN,National,Lamppost-mounted,Ulster Banner,5,2025-08-13 22:03:59.505075+00,May,false,,
e7a96b81-0c17-4551-9bf3-7c481836ab59,HIZCU6CB2_orWTuOzii7cA_000_box0.jpg,CRAIGAVON,National,Lamppost-mounted,Irish Tricolor,5,2025-08-22 22:31:01.761994+00,May,false,,
e7ad75e1-b068-485e-a5ee-3b241bb722a8,YM9ubdC_89NQeqT84IhRbQ_300_box0.jpg,LISBURN_CITY,National,Building-mounted,Union Jack,5,2025-08-29 08:52:20.548419+00,May,false,,
e7b0bccb-1ed2-4ac3-bd65-8fe89480d0d0,8oWjDE12pRckn-_0hqfRdA_240_box0.jpg,LIMAVADY,National,Lamppost-mounted,Irish Tricolor,3,2025-08-07 20:10:37.459771+00,Byron,false,,
e7b12a01-64b0-4f31-8e93-3027cb69b943,QoJXFIdI2MIIS4Q28F0FYg_000_box0.jpg,BELFAST_CITY,National,Lamppost-mounted,Union Jack,5,2025-08-14 10:12:19.710813+00,Pat,false,,
e7b67c37-614c-46bc-bce8-e58bf993294e,L8sN-SMZ60Vkb-R00bcFXA_000_box0.jpg,METROPOLITAN_LISBURN,Review,,,,2025-08-14 10:54:15.238167+00,Pat,true,Unclear image,
e7b8d08c-1a4b-484d-906e-e8129cdf4ede,-qU1T6v3DSfEHk33TIBZSw_120_box0.jpg,BELFAST_CITY,National,Lamppost-mounted,Ulster Banner,5,2025-08-14 11:09:37.38663+00,Pat,false,,
e7b97446-16df-405f-9a6a-4117336e5a9a,qo5gOb0RRv9Nu2LnFSBYKQ_180_box0.jpg,BELFAST_CITY,National,Lamppost-mounted,Ulster Banner,5,2025-08-14 12:44:40.536486+00,Pat,false,,
e7c952c0-f9c5-4f70-a80e-19fba8cea29c,AviehDSrCasus9taJzEKwQ_120_box0.jpg,METROPOLITAN_LISBURN,National,Building-mounted,Union Jack,5,2025-08-28 20:48:42.648967+00,May,false,,
e7cbb484-ec20-44dc-a055-b9fc344dc2df,jbNer8xj8jI1ixdEtor8vQ_000_box0.jpg,LISBURN_CITY,National,Lamppost-mounted,Union Jack,5,2025-08-14 13:53:22.777678+00,Pat,false,,
e7d5c24a-875b-439a-a033-2c48e21d7384,xve1fmS4D0TRoOZSc9q2XA_180_box0.jpg,METROPOLITAN_CASTLEREAGH,National,Lamppost-mounted,Union Jack,5,2025-08-15 00:39:00.212033+00,May,false,,
e7d69da5-3281-472c-aec5-4b6b74020ab5,1Ne3dgawOyGsuKGWnUcapg_000_box0.jpg,ANTRIM,National,Building-mounted,Union Jack,5,2025-08-17 16:22:20.836849+00,May,false,,
e7d71377-9076-4bf7-8e64-efc0f4625be3,yDBeYuWdyulxmJeB0nmxcQ_180_box0.jpg,NEWTOWNARDS,National,Building-mounted,Ulster Banner,5,2025-08-28 20:36:51.442303+00,May,false,,
e7dc81cb-f43d-40b3-93e5-676210f9604b,UNtG8pB2Knue73iWcoS6iA_240_box0.jpg,LARNE,Review,,,,2025-08-14 09:41:17.632544+00,Pat,true,Complex case,
e7e769e4-683d-4b26-90c7-d74c68a17033,6_e4sXQHgaojmmPnm2YumA_180_box0.jpg,METROPOLITAN_NEWTOWNABBEY,National,Lamppost-mounted,Union Jack,5,2025-08-15 00:33:36.076689+00,May,false,,
e8021a55-d4c0-4745-b075-caec7acd9f51,jrj2k4C0BEoYOgMd4ApZCg_240_box0.jpg,METROPOLITAN_NEWTOWNABBEY,National,Pole-mounted (in ground),Union Jack,5,2025-08-13 22:41:16.458237+00,May,false,,
e80803ea-8421-4540-a6c1-b43e5506c30d,Pc78Drew41dsKHCWUw0lZQ_000_box0.jpg,CARRICKFERGUS,Review,,,,2025-08-06 22:47:17.281798+00,May,true,Not a flag,
e81704e3-9faa-41dc-93e3-2ad819e8ffe2,35DGKXm0MShfgp9FYCCUNA_180_box0.jpg,BELFAST_CITY,National,Lamppost-mounted,Union Jack,5,2025-08-14 10:36:16.646741+00,Pat,false,,
e8201c7a-181b-474e-8ebf-2cad54eeec38,5LbN2jHTr77kjaiiiSGIeA_300_box0.jpg,ENNISKILLEN,Review,,,,2025-08-11 18:09:48.414598+00,Pat,true,Not a flag,
e847632b-b1ab-4734-ab3d-f7b70d2dc809,Xp6FuH3mR85VVHowp5Mebw_060_box0.jpg,LISBURN_CITY,Review,,,,2025-08-12 15:42:06.939706+00,Pat,true,Complex case,
e852bc40-d18b-4add-adb7-a1bac8c8bca9,ZC3ZQnehHZwZFe7FCy6nSA_060_box0.jpg,BALLYMENA,National,Building-mounted,Union Jack,5,2025-08-17 15:22:09.842117+00,May,false,,
e85d2c2b-25f4-4f69-8b3b-615f5f0d858e,6EduhrqRiEHr24KwWAsd2g_180_box0.jpg,OMAGH_TOWN,National,Lamppost-mounted,Union Jack,5,2025-08-28 20:18:15.867852+00,May,false,,
e8635cdc-8027-432a-9c2e-4f34cc877d74,XPOic4goukXqani5wEnBFA_180_box0.jpg,BELFAST_CITY,Fraternal,Building-mounted,Orange Order,5,2025-08-22 22:08:05.92564+00,May,false,,
e8670ca5-01c8-460a-9541-b96ff3af3fa1,SR7hrawSbdz0onfxf7NXcw_180_box0.jpg,MAGHERA,National,Lamppost-mounted,Irish Tricolor,5,2025-08-24 10:10:35.282167+00,May,false,,
e8721610-1dee-4b13-9bea-a3b15c9eab37,EZ9X7-boL1zSe1etdkhCNg_240_box0.jpg,CARRICKFERGUS,National,Building-mounted,Union Jack,5,2025-08-14 09:51:39.909157+00,Pat,false,,
e87b00f2-eeb5-4c1c-a9ee-206b1e1ec575,nC6Nbm5jb_4-WyCbevg6Fg_300_box0.jpg,LARNE,Military,Building-mounted,Royal Irish Regiment,5,2025-08-28 20:31:50.551174+00,May,false,,
e8954c11-219d-4cc5-9b76-4d3fb6ed04dd,xMdj9K0MtmcO2X6MuWkMqg_060_box0.jpg,COLERAINE,Review,,,,2025-08-12 16:09:16.043835+00,Pat,true,Unclear image,
e89ea56d-84b3-441b-bcd5-d6153f9dc24a,cFvnM-1df5YG56DW3_Oa0Q_000_box0.jpg,LISBURN_CITY,National,Lamppost-mounted,Union Jack,5,2025-08-14 12:18:27.741586+00,Pat,false,,
e8a10a0c-fdfe-4266-8b9d-bb171ee6e262,fDpklVM0yvdk2VT2DPOEEw_060_box0.jpg,DUNGANNON,Sport,Building-mounted,GAA,5,2025-08-13 22:33:45.500972+00,May,false,,
e8c55bca-1214-4881-865b-3976e1cd1d98,5eaPwW52Uw0_8TocQeBQwQ_240_box0.jpg,COMBER,National,Building-mounted,Ulster Banner,5,2025-08-28 20:47:10.606497+00,May,false,,
e8ca844d-9664-4ec3-942a-a0050bbc936e,3ywwzIX_HDSECxpJdgTeEQ_060_box0.jpg,LISBURN_CITY,National,Lamppost-mounted,Union Jack,5,2025-08-17 17:07:01.108848+00,May,false,,
e8d0ae08-9e9f-4b21-bcbf-a8cc643333a2,CzVOX-Y6ahlBRFTsKr8FRw_000_box0.jpg,CRAIGAVON,National,Lamppost-mounted,Union Jack,5,2025-08-29 08:38:51.655872+00,May,false,,
e8d31e8d-9c04-4522-a1a2-76b348bfa97c,LolGr6dQrq70lhjJ9hmHcg_000_box0.jpg,BELFAST_CITY,National,Building-mounted,Scottish Saltire,5,2025-08-17 14:39:28.420928+00,May,false,,
e8d4dd96-4867-455b-b996-57a358275c6a,uPq75kpjpPKdIJBTGMW3xg_060_box0.jpg,LISBURN_CITY,National,Building-mounted,Union Jack,5,2025-08-12 15:00:10.110698+00,Pat,false,,
e8d80eaa-decf-44d8-be6e-ce834fbd1e0c,RDGUi-HoLOIzevDnCx_TVw_000_box0.jpg,METROPOLITAN_NEWTOWNABBEY,National,Lamppost-mounted,Ulster Banner,5,2025-08-22 22:09:09.684533+00,May,false,,
e8df6d74-567b-42fd-9825-6973d19ae516,8WIn46qP37uY4cFsxE-MhA_300_box0.jpg,BALLYCLARE,Review,,,,2025-08-13 16:24:41.75231+00,Pat,true,Complex case,
e8e2598d-9fe9-4598-a1a9-21b66bfda687,KBOkDu2V088cDf0mNuEiHw_060_box0.jpg,BELFAST_CITY,National,Building-mounted,Union Jack,5,2025-08-28 19:54:19.668862+00,May,false,,
e8fc0a12-a55a-4882-8e3c-7a86afd5be09,bGrS6gGT5MYK61KTnihP1g_300_box0.jpg,CRAIGAVON,National,Lamppost-mounted,Ulster Banner,5,2025-08-14 10:38:32.967234+00,Pat,false,,
e92962ca-cb0f-4341-b0ae-daa7e2582d31,2e74wQsEEo7d20jzv9jT5w_240_box0.jpg,BELFAST_CITY,National,Lamppost-mounted,Union Jack,5,2025-08-22 22:06:54.800991+00,May,false,,
e92cdf66-4a69-487d-ae01-0f2f0c6af60b,sLMGLAwHuqAmCxT-Sq7vYA_000_box0.jpg,LARNE,National,Lamppost-mounted,Ulster Banner,5,2025-08-22 22:03:07.586424+00,May,false,,
e9380f55-5ca9-4ec4-8c92-c0ca16309fe8,T5H9DzyVxBktxQsjJMepPA_120_box0.jpg,BELFAST_CITY,National,Lamppost-mounted,Ulster Banner,5,2025-08-13 22:51:30.048088+00,May,false,,
e942b059-5614-4fc4-9a5c-e51686ee6035,dsSzwTovaMqDRKiS6DLfGQ_120_box0.jpg,BELFAST_CITY,National,Lamppost-mounted,Ulster Banner,5,2025-08-13 16:35:14.185101+00,Pat,false,,
e94acf1a-1508-473f-9868-0ab0ca6c9a85,vZVgqQZrLPidwUZ6ynajXg_120_box0.jpg,BANGOR,National,Pole-mounted (in ground),Ulster Banner,5,2025-08-14 13:25:28.242014+00,Pat,false,,
e95c1cf3-13c9-4212-b144-c452b0fbbc0c,S6FEoVL220aouhG-m5DrmA_000_box0.jpg,METROPOLITAN_NEWTOWNABBEY,National,Building-mounted,Union Jack,5,2025-08-28 19:41:08.10522+00,May,false,,
e96e5cf9-e4b4-4241-803c-9d412d19de39,DXXtff8I9yrwP36Rg9Fssg_060_box0.jpg,CARRICKFERGUS,International,Building-mounted,Other International,5,2025-08-28 20:15:29.648956+00,May,false,,
e97e61a3-02eb-498c-aa04-c2f9803f97e2,sn3Z7tVpC3JUaR3PoexnjA_060_box0.jpg,CARRICKFERGUS,National,Building-mounted,Union Jack,5,2025-08-24 10:09:26.504112+00,May,false,,
e98a7f8e-5ca9-41c0-a380-0bbeaa99bd42,lEpV1xSgiw9hS_0Kzo9zeQ_180_box0.jpg,CRAIGAVON,National,Lamppost-mounted,Ulster Banner,5,2025-08-28 19:41:51.245704+00,May,false,,
e98f448a-3079-4ab0-b34e-a829f2871bfb,DBznJ_LgG36wmDBWaPvmlw_180_box0.jpg,METROPOLITAN_NEWTOWNABBEY,Review,,,,2025-08-08 10:20:37.889368+00,May,true,Unclear image,
e9991b02-c651-48bb-969b-2416a078e6ad,39kdJ1e569aELACFsN1s6Q_300_box0.jpg,BELFAST_CITY,National,Building-mounted,Union Jack,5,2025-08-14 09:51:09.459266+00,Pat,false,,
e9a88fb6-1470-4a65-9cc4-1382259dcdde,tK6rGj023BKtWPHw53YDZw_000_box0.jpg,CARRICKFERGUS,National,Building-mounted,Union Jack,5,2025-08-28 19:45:26.494735+00,May,false,,
e9b29d9c-81d9-42f9-b736-2389f130d0d5,cofobuUwuchlZDarE_kAvg_180_box0.jpg,METROPOLITAN_LISBURN,National,Lamppost-mounted,Ulster Banner,5,2025-08-28 19:54:01.786765+00,May,false,,
e9c13efa-a439-4616-932e-f691468832a7,4gYwEd3hwZBAlQ9pCw9lxg_000_box0.jpg,METROPOLITAN_NEWTOWNABBEY,National,Lamppost-mounted,Ulster Banner,5,2025-08-09 11:50:00.488434+00,Byron,false,,
e9c91af0-a518-4c64-a7ba-9b770be69783,oQEYY4T9MIqEOaa8ntc5GA_000_box0.jpg,ENNISKILLEN,National,Lamppost-mounted,Ulster Banner,5,2025-08-28 20:08:17.82376+00,May,false,,
e9cd2e31-67ad-4a70-b59c-72bb5a987833,K23QPDqZ_siu1xVQue-ttQ_000_box0.jpg,CRAIGAVON,Proscribed,Building-mounted,UDA,5,2025-08-12 15:02:52.938423+00,Pat,false,,
e9ff415d-97a5-4ef6-ba48-a17c68fe1a6a,WTgs9lCqgtHvhLp6bhtMdg_000_box0.jpg,LISBURN_CITY,National,Lamppost-mounted,Ulster Banner,5,2025-08-13 16:21:10.786283+00,Pat,false,,
ea0b40d4-5b89-4fd2-b421-d4f65cd2bc12,Ky4QanO4jRBT4psQ7kShGQ_060_box0.jpg,COLERAINE,National,Building-mounted,Union Jack,5,2025-08-13 08:39:59.433999+00,Pat,false,,
ea0cb08d-3534-4e72-a580-cccc9eed8f33,2J8ywFJLyte0E9nHn07-mQ_180_box0.jpg,METROPOLITAN_NEWTOWNABBEY,National,Building-mounted,Union Jack,5,2025-08-12 15:24:22.847675+00,Pat,false,,
ea0deba7-cfce-4b36-a72c-ebce82f48049,jJGfS80OmECD5-sQGtorFw_060_box0.jpg,METROPOLITAN_NEWTOWNABBEY,National,Lamppost-mounted,Union Jack,3,2025-08-08 09:31:55.11152+00,May,true,Other,
ea109792-b794-458e-aa9c-7918da1ab8f8,jUbYfwcW2h98KNmHwp4NBw_240_box0.jpg,DROMORE_BANBRIDGE,National,Pole-mounted (in ground),Union Jack,5,2025-08-13 22:30:55.852089+00,May,false,,
ea12ad08-56db-4870-a529-32ae6314a1cc,3aH5bahzAQtEVMRTaeIIIA_180_box0.jpg,CARRICKFERGUS,Review,,,,2025-08-06 22:53:29.746329+00,May,true,Unclear image,
ea13bb9a-c835-45fe-a6b6-018dc697834f,eMq7bRER4FAx1SWum9swtQ_300_box0.jpg,BELFAST_CITY,National,Lamppost-mounted,Union Jack,5,2025-08-14 13:49:14.71203+00,Pat,false,,
ea16775b-3bb3-4e5a-8086-a706d50de971,kuC0wGxvA5zni4lKxUKOGQ_000_box0.jpg,ENNISKILLEN,National,Lamppost-mounted,Ulster Banner,5,2025-08-28 20:23:05.41668+00,May,false,,
ea242a40-51b4-4103-8d03-2fbc80ae90a4,p60cUb0eYRi3vmsFcWt8Jw_060_box0.jpg,BALLYMONEY,National,Lamppost-mounted,Ulster Banner,5,2025-08-28 20:25:06.679158+00,May,false,,
ea32e7c2-bc68-4e14-ba1c-3dcab551c3d7,tklSlLQY64deQ__uz-1Flw_240_box0.jpg,BALLYMENA,National,Lamppost-mounted,Union Jack,5,2025-08-14 09:44:37.741081+00,Pat,false,,
ea336b89-13ef-434e-a74c-8a84d55b85f7,lgYwQXopZyy0U_rNwlcLGQ_120_box0.jpg,METROPOLITAN_NEWTOWNABBEY,National,Lamppost-mounted,Ulster Banner,5,2025-08-14 12:11:50.137093+00,Pat,false,,
ea57480d-90e9-4486-b3cd-e9795164f036,L8sN-SMZ60Vkb-R00bcFXA_000_box0.jpg,METROPOLITAN_LISBURN,Review,,,,2025-08-24 10:13:20.982103+00,May,true,Unclear image,
ea5a3706-1db3-48fb-a3e9-928e55388729,kqs8FwttswF8pUJUqLjdEQ_120_box0.jpg,BELFAST_CITY,National,Lamppost-mounted,Union Jack,5,2025-08-13 08:30:08.780892+00,Pat,false,,
ea73253c-6317-4965-b025-36b6cbf44672,1cbTjX6N07wagZTLrGX2zw_000_box0.jpg,ANTRIM,National,Lamppost-mounted,Union Jack,5,2025-08-17 17:06:28.944376+00,May,false,,
ea7412e9-009c-4faf-9b0c-d7bafd52336b,9Y0v46eHdRKGhocQs_bKNQ_180_box0.jpg,CRAIGAVON,National,Building-mounted,Union Jack,5,2025-08-29 08:45:43.672001+00,May,false,,
ea792bfc-ff28-452e-b44a-3456fa8eaf80,Iw1YlPXDNDvFDWWoyb7HDQ_180_box0.jpg,LISBURN_CITY,National,Lamppost-mounted,Union Jack,5,2025-08-14 14:10:02.335238+00,Pat,false,,
ea836cfc-e46d-401c-930e-e2cae2be8692,Lx3Y7KQmrr4imsswdD2E_w_000_box0.jpg,BELFAST_CITY,National,Building-mounted,Union Jack,5,2025-08-13 22:29:23.932912+00,May,false,,
ea84cd4f-7710-4e45-a5c2-3dd4d287a0b5,XyBJThdeUFagKTtbMryOFA_060_box0.jpg,ANTRIM,National,Lamppost-mounted,Union Jack,5,2025-08-14 12:50:38.67958+00,Pat,false,,
ea8a6b22-3f96-4cc0-bdb5-b730a30bf4eb,_ShQoJIVoN8bajJg-wPPpw_060_box0.jpg,CRAIGAVON,National,Lamppost-mounted,Irish Tricolor,5,2025-08-22 22:13:03.518589+00,May,false,,
eaa14e73-521b-44a7-876d-b476049694e0,8X_u5ecj8GZw0SeCacjo2Q_060_box0.jpg,BELFAST_CITY,National,Lamppost-mounted,Union Jack,5,2025-08-15 00:37:43.923584+00,May,false,,
eaa30681-6856-41a7-b902-865bac35bf42,wNaAaJXwuzAJtfXWUqK5zQ_060_box0.jpg,BELFAST_CITY,National,Building-mounted,Union Jack,5,2025-08-11 18:11:28.319303+00,Pat,false,,
eaa48157-81cb-485a-852b-ad00f67f2639,YHp2gAeVLOuTT6RVr_CoEw_120_box0.jpg,LISBURN_CITY,Review,,,,2025-08-13 22:54:22.733216+00,May,true,Unclear image,
eab3f960-bae6-417c-b89c-1a94d831fdeb,AnFEUGfv_l_k0mXGSzr39Q_000_box0.jpg,LISBURN_CITY,National,Building-mounted,Union Jack,5,2025-08-11 18:08:28.436396+00,Pat,false,,
eab7daf9-d132-49b5-b0d4-7f228de87ae5,PZLbNIK38bOmw76TDhTLFw_240_box0.jpg,LIMAVADY,Military,Lamppost-mounted,Historical Units,2,2025-08-06 23:04:52.362932+00,May,true,Other,
eabfd0fa-4f61-4959-a242-e0c0df9cecb7,hxMxQ0QxzVt86PZZXqUuZg_120_box0.jpg,METROPOLITAN_LISBURN,National,Lamppost-mounted,Union Jack,5,2025-08-12 15:54:30.122194+00,Pat,false,,
eaf26d78-2754-40a1-bdaf-a5ce8d178cb3,nt1Q59TBL5N8zv0gBOkbVw_120_box0.jpg,ANTRIM,Review,,,,2025-08-12 14:56:59.09769+00,Pat,true,Complex case,
eb1d9f59-e7b6-479b-87e8-4fddaeb9b14b,3RgCvT-896uTvRO8q_PatA_120_box0.jpg,TANDRAGEE,National,Pole-mounted (in ground),Ulster Banner,5,2025-08-11 17:44:15.224204+00,Pat,false,,
eb60d781-5e7f-412a-a4cf-9584fb0b0565,RHNaho2v9tKIJv6fpPinzQ_180_box0.jpg,CARRICKFERGUS,National,Building-mounted,Union Jack,5,2025-08-14 13:18:37.587633+00,Pat,false,,
eb650c9a-a20c-46a8-8bed-3c1adcd3ee8a,9jPS6A_K5iaAhwti9kgWcA_000_box0.jpg,ENNISKILLEN,National,Lamppost-mounted,Union Jack,5,2025-08-14 09:28:38.928729+00,Pat,false,,
eb7c110c-0354-4d48-aec4-1799c07a5321,2TFHfDPtsSngRWrRhYwZfw_060_box0.jpg,OMAGH_TOWN,National,Pole-mounted (in ground),Union Jack,5,2025-08-13 22:33:56.656379+00,May,false,,
ebc7046d-f432-4a87-9908-64de00b0810c,wDy7QzBD1uk3i3-0rd5KOA_000_box0.jpg,BELFAST_CITY,National,Building-mounted,Union Jack,5,2025-08-13 16:21:56.292114+00,Pat,false,,
ebd2358d-6e67-4bea-a9cb-f6c95c76ff07,pPJAWje95fcL9uaHwNLG_g_120_box0.jpg,BELFAST_CITY,Review,,,,2025-08-14 14:03:43.555116+00,Pat,true,Complex case,
ebe22a1f-bc89-4c7d-8791-cee3a24fbcf0,IxkzDnI54_2q1FyHQGTxCw_240_box0.jpg,METROPOLITAN_LISBURN,National,Building-mounted,Ulster Banner,5,2025-08-14 09:29:59.172115+00,Pat,false,,
ebe610bd-d8f5-4eae-b3ca-5e0012babff2,za4mbPgcLicYitKqdh-nNw_240_box0.jpg,CRAIGAVON,National,Lamppost-mounted,Union Jack,5,2025-08-13 22:13:46.206447+00,May,false,,
ebe8b819-8818-4e46-bd4c-afbcd6293a16,n8fbqLVliSjB5bpsHNYLsg_000_box0.jpg,BELFAST_CITY,National,Lamppost-mounted,Union Jack,5,2025-08-14 10:34:44.373864+00,Pat,false,,
ebe8d0a0-5b94-4bec-8b68-e26d6b774a3c,mBIiID5rZMvX1IHEQTUIAQ_120_box0.jpg,BELFAST_CITY,National,Pole-mounted (in ground),Union Jack,5,2025-08-14 12:47:46.158267+00,Pat,false,,
ec07f9df-cd84-4ed3-939e-0f24ee5793ef,ycTcVY5F3_0WtXd5ArqHfg_060_box0.jpg,CRAIGAVON,National,Building-mounted,Union Jack,5,2025-08-28 20:41:02.287184+00,May,false,,
ec0a3116-9cad-44c2-853d-b4f0bcef21db,MMeYpRUOuw3lTUpnVjoOgg_060_box0.jpg,NEWTOWNARDS,National,Lamppost-mounted,Ulster Banner,5,2025-08-12 15:37:08.538209+00,Pat,false,,
ec59ddef-7374-478a-b05d-2aeaf796cb31,qkhJtEyHjH63vpDRM6LZFg_300_box0.jpg,METROPOLITAN_NEWTOWNABBEY,National,Lamppost-mounted,Union Jack,5,2025-08-08 12:51:33.165116+00,May,false,,
ec5dcc88-4613-4846-97ce-b068412fdb94,_5s1lA6hzexUJKDQArnKjw_300_box0.jpg,CRAIGAVON,Fraternal,Pole-mounted (in ground),Orange Order,5,2025-08-13 08:55:34.348694+00,Pat,false,,
ec5f93c6-6895-4472-9506-3d549969c6ce,HBGzUqcfXivgTUUz34wg1Q_060_box0.jpg,LISBURN_CITY,National,Lamppost-mounted,Union Jack,5,2025-08-29 08:26:22.286019+00,May,false,,
ec64e716-d87f-4ca8-8926-9881ca360607,8R_KJ90DXu_KkES31q06LA_000_box0.jpg,ANTRIM,National,Lamppost-mounted,Ulster Banner,5,2025-08-17 16:21:26.9879+00,May,false,,
ec709d13-98a8-40a3-8f48-0370ff9abc0b,ekhPygQhN6fPncW56DD39g_240_box0.jpg,LISBURN_CITY,National,Building-mounted,Union Jack,5,2025-08-28 20:40:28.074208+00,May,false,,
ec8503af-4a73-4dfe-8995-3ba81a835e5a,2O_VMFz2dV6aMMwK9z8Epw_120_box0.jpg,CRAIGAVON,Review,,,,2025-08-17 16:20:15.509731+00,May,true,Unclear image,
ec912acd-ef19-4501-bf10-638e36c7de27,TzRXXt3GCyZPJ_zmPR-1sA_300_box0.jpg,BELFAST_CITY,National,Lamppost-mounted,Union Jack,5,2025-08-13 22:16:05.777841+00,May,false,,
eca7bd96-ef22-4f62-8b70-5b8edb67dcdc,YTSXIxEsIo-dRM_49qo0Kw_300_box0.jpg,LISBURN_CITY,National,Lamppost-mounted,Union Jack,5,2025-08-17 16:54:19.182893+00,May,false,,
ecb17125-c49d-40ee-899d-07d0d2f33ed8,eCeK180lV8XY3xcXuvEd_w_120_box0.jpg,METROPOLITAN_NEWTOWNABBEY,National,Lamppost-mounted,Union Jack,5,2025-08-29 08:44:02.658493+00,May,false,,
ece14f09-8258-4d77-bfa8-b0c3fbbd98e1,PpoUIcuek9Xvr0Zag8BoWQ_180_box0.jpg,ANTRIM,National,Building-mounted,Ulster Banner,5,2025-08-12 15:26:40.446613+00,Pat,false,,
ed0ff3cf-e6f2-4093-bd31-08609dd8bcb2,IeDga-kXtpybsCaNuNcP5A_000_box0.jpg,BELFAST_CITY,National,Pole-mounted (in ground),Union Jack,5,2025-08-12 15:05:16.663413+00,Pat,false,,
ed4207d5-7d4f-41b0-885b-28cc78c15821,3-FGyvMln_tLsmPrW2UQDQ_060_box0.jpg,METROPOLITAN_NEWTOWNABBEY,National,Lamppost-mounted,Union Jack,5,2025-08-28 20:11:39.729208+00,May,false,,
ed7a0a35-c0a8-4ffc-b1fc-fc256794ca7e,7DoCCJp5L-7o-MtVqEYnKA_180_box0.jpg,METROPOLITAN_CASTLEREAGH,National,Lamppost-mounted,Union Jack,5,2025-08-13 22:16:08.943397+00,May,false,,
ed7a9089-7416-4631-b674-dbdb5655fec4,0AlcBEostYJFJv7Qu-yTkA_000_box0.jpg,BELFAST_CITY,National,Building-mounted,Ulster Banner,5,2025-08-12 15:50:33.223348+00,Pat,false,,
ed7d9617-647b-4391-8b8a-b358e06a38b9,vHg2K8MwaNdLPBbHf_QRsQ_180_box0.jpg,BALLYMENA,Review,,,,2025-08-14 13:28:24.462088+00,Pat,true,Unclear image,
ed7fd7e9-659e-404a-b243-7b71c25ba016,Ei7QnEMkweV8rdyhTkeKXQ_120_box0.jpg,ENNISKILLEN,Review,,,,2025-08-14 13:22:46.797118+00,Pat,true,Complex case,
ed8788dd-6298-4161-aaf3-401f32c77b69,uLmFM-qahv-duhStEpO7lA_300_box0.jpg,CARRICKFERGUS,Review,,,,2025-08-06 22:54:17.151334+00,May,true,Unclear image,
edae1f37-b8c7-46c3-a2be-119f65abf81a,di4Kwui50RnjOrfjNSI27w_120_box0.jpg,BELFAST_CITY,National,Building-mounted,Irish Tricolor,5,2025-08-14 13:05:03.8326+00,Pat,false,,
edb17905-0aa8-4437-8d49-df36d45862b3,oX2aAMm4372SCovDt_P8aw_060_box0.jpg,BANGOR,Review,,,,2025-08-09 11:38:12.895424+00,Byron,true,Unclear image,
ede62978-3621-4110-8438-cf23fd198e40,vYd2I5yNbPg9bIy344EvMQ_180_box0.jpg,BELFAST_CITY,National,Lamppost-mounted,Irish Tricolor,5,2025-08-13 09:09:35.017926+00,Pat,false,,
edea18e1-c412-4548-a866-18627aa0cd8a,AXvk5LNJxo0U-KahgcHYjw_180_box0.jpg,METROPOLITAN_CASTLEREAGH,National,Building-mounted,Union Jack,5,2025-08-14 13:52:06.714095+00,Pat,false,,
edf3e957-e962-482f-88e1-68e29df504d9,n22PT8gAup3jjCi6aOx2ew_060_box0.jpg,WHITEHEAD,National,Pole-mounted (in ground),Union Jack,5,2025-08-29 08:27:06.0884+00,May,false,,
ee1eeaec-bb3e-4c72-99b1-4c55a6d9046b,hfRF5U9vjC2AWRkvX9tLjg_120_box0.jpg,BALLYCLARE,National,Lamppost-mounted,Union Jack,5,2025-08-14 13:37:45.008673+00,Pat,false,,
ee2422cf-7827-45ac-96fb-89190bf76691,2nU9ZjXkrXKcq1MoXMCfdA_180_box0.jpg,LIMAVADY,National,Lamppost-mounted,Irish Tricolor,5,2025-08-07 08:54:26.283839+00,May,false,,
ee44b5c1-9623-4858-95fb-966624ab7ac0,BdonoJ9jXHUpWjI4Iqwmdg_060_box0.jpg,BELFAST_CITY,National,Building-mounted,Union Jack,5,2025-08-14 11:17:50.285132+00,Pat,false,,
ee6354fd-2d5c-4ba2-899b-b6da4a5d2849,0NV5Nys-g_6j4FguGvBkNw_120_box0.jpg,METROPOLITAN_CASTLEREAGH,National,Lamppost-mounted,Ulster Banner,5,2025-08-28 19:51:42.986127+00,May,false,,
ee6e2979-8848-49bc-b905-809704482ed9,Z4uttqrr0E83Yi08CFtHEg_000_box0.jpg,BALLYMENA,National,Building-mounted,Union Jack,5,2025-08-14 10:31:33.838641+00,Pat,false,,
ee93e6ec-0d10-4ac9-8615-a07c8e53eef8,i-K74AGucb_NcZJYIUj5kQ_060_box0.jpg,ARMAGH,National,Lamppost-mounted,Union Jack,5,2025-08-12 15:44:38.808408+00,Pat,false,,
ee949bec-9852-4ce4-8051-09727a1d25e7,F4X1PSkwsvnxPbdDJ0_qWw_180_box0.jpg,BELFAST_CITY,National,Building-mounted,Union Jack,5,2025-08-13 08:56:54.673065+00,Pat,false,,
ee94cb01-3f8f-4a84-847b-9fbf706b4bf1,LTqJnE0Junge1FXFX8pKGw_120_box0.jpg,METROPOLITAN_LISBURN,National,Lamppost-mounted,Union Jack,5,2025-08-12 15:54:15.570679+00,Pat,false,,
eea991b3-c12a-454c-931f-1e636b2f7fbf,kRigBsSe58JbQNHSre4jrA_180_box0.jpg,CRAIGAVON,National,Lamppost-mounted,Union Jack,5,2025-08-12 15:56:41.78985+00,Pat,false,,
eeaaca25-2c8d-4c84-a663-9abf2be3039e,5KX5lcVGTBhsPeBmN-zeTw_000_box0.jpg,BANGOR,National,Lamppost-mounted,Union Jack,5,2025-08-09 11:37:30.896953+00,Byron,false,,
eefe02c6-8973-4be2-be1a-66b19f559247,VR9KGlubrEeG_iUyFrd5Fg_060_box0.jpg,METROPOLITAN_NEWTOWNABBEY,National,Lamppost-mounted,Union Jack,5,2025-08-17 15:47:31.544431+00,May,false,,
ef0b6928-bfdf-4521-a330-5d9cb4fbc509,Ndyl8rp7h5Wcph_i8alrMA_300_box0.jpg,LISBURN_CITY,National,Lamppost-mounted,Union Jack,5,2025-08-13 22:08:47.473861+00,May,false,,
ef34e90a-afc5-4f44-8450-4767635a0528,CCDCrSQ8Dtcxw-FBfjO3pA_120_box0.jpg,NEWRY,National,Vehicle-mounted,Irish Tricolor,5,2025-08-07 08:59:43.297027+00,May,false,,
ef3c08f1-dc12-479b-9165-d1d7fbe697f2,RK9YXJVDYvQvw0GwGZqFdg_300_box0.jpg,BELFAST_CITY,Review,,,,2025-08-13 09:05:11.406114+00,Pat,true,Complex case,
ef462e82-0c60-4967-b3e2-6d89adcee8f0,LH97fCsqHBGtzfXvsi9qrA_180_box0.jpg,LARNE,National,Lamppost-mounted,Union Jack,5,2025-08-14 13:35:56.779605+00,Pat,false,,
ef616e1f-9866-42c7-b017-984829c131c1,NCIBpl9JWE66CPx4LCfNJQ_120_box0.jpg,BANGOR,National,Lamppost-mounted,Union Jack,5,2025-08-28 20:43:28.486938+00,May,false,,
ef760eb5-57f3-4cb4-8e88-b56b0117ed7c,GUwBcDANnhUssajmVB3zJQ_120_box0.jpg,METROPOLITAN_CASTLEREAGH,National,Building-mounted,Ulster Banner,5,2025-08-14 12:53:22.166183+00,Pat,false,,
ef927be4-7fd4-494b-9701-e6b6c1037ba1,LhA2eq0XFIc1v48j7SabZw_180_box0.jpg,CARRICKFERGUS,National,Pole-mounted (in ground),Union Jack,5,2025-08-12 15:39:27.595047+00,Pat,false,,
efb21420-ec31-41c2-9c6b-06842135e1b1,lFqjQgx6O3K7tV3bA7H7eQ_120_box0.jpg,BALLYCLARE,National,Building-mounted,Union Jack,5,2025-08-12 16:18:11.227472+00,Pat,false,,
efbc1519-2676-4e28-82f7-0b721a086698,r1XH-eD-zBnHAm-p58KMiQ_120_box0.jpg,LISBURN_CITY,National,Lamppost-mounted,Union Jack,5,2025-08-12 15:34:33.905574+00,Pat,false,,
eff09316-4ad4-4eca-b7ee-596f9f030d52,gnegqqk6-lz4DgHfyZcwMg_120_box0.jpg,ANTRIM,National,Lamppost-mounted,Union Jack,5,2025-08-12 15:59:41.678838+00,Pat,false,,
eff83c2f-e63e-4d14-ab4c-5044ff237c53,nYfG6CtBuYmi5vPeTQM7ng_000_box0.jpg,GREENISLAND,Review,,,,2025-08-12 16:18:19.425029+00,Pat,true,Complex case,
f00db630-84f1-4cd5-be1c-ab3f58d3226c,qzvnC9fiWA4A4X597vSnGA_060_box0.jpg,BANGOR,Review,,,,2025-08-08 09:07:45.315085+00,May,true,Unclear image,
f03609a6-494a-4e17-9628-d270459bbb6d,Vcw3v4LShz8WZZExlKv40g_240_box0.jpg,LISBURN_CITY,National,Building-mounted,Union Jack,5,2025-08-17 15:34:55.751192+00,May,false,,
f0602260-5ee1-4662-a97e-752e3f31334a,SFqPoZJICgWCANB58titWg_180_box0.jpg,BELFAST_CITY,National,Lamppost-mounted,Ulster Banner,5,2025-08-28 19:41:44.463834+00,May,false,,
f07d27bf-f592-4421-85a0-116749ec277f,hGPYr2_glXzDCcDh1j3iDg_000_box0.jpg,BELFAST_CITY,National,Building-mounted,Irish Tricolor,5,2025-08-22 22:10:31.17595+00,May,false,,
f08664e6-79ca-4d40-93ae-1a6ede159186,OTLu2KFQC7EnP3sus7DVDw_000_box0.jpg,CRAIGAVON,National,Building-mounted,Union Jack,5,2025-08-28 20:19:54.81778+00,May,false,,
f08c9d78-4462-41c9-aa7a-4fc6b7bf3aa0,j-hwcplwMhJeznzKit15iQ_060_box0.jpg,DUNGANNON,National,Pole-mounted (in ground),Ulster Banner,5,2025-08-28 19:51:01.412183+00,May,false,,
f08cc884-dfaf-491d-bec5-59fd7ef26170,ddLNy3yckL1mYuA7H9n9YQ_240_box0.jpg,BELFAST_CITY,Review,,,,2025-08-28 20:10:41.191553+00,May,true,Unclear image,
f0a8e7c8-4949-4ffa-8c13-9312640284c5,2RMS9Qf7YS7j48vqQhTJ-Q_120_box0.jpg,BALLYMENA,National,Building-mounted,Union Jack,5,2025-08-22 22:15:56.846177+00,May,false,,
f0c6865e-26cd-4331-9e58-7d80249b16cb,lTyNapdory-SnG03hSqhBg_240_box0.jpg,COOKSTOWN,Fraternal,Lamppost-mounted,Red Hand Defenders,5,2025-08-28 20:50:54.720668+00,May,false,,
f0e623f1-d76d-4da2-8970-0d327815a55a,qjyF95yz8RRs_Tlv3Xezew_060_box0.jpg,BELFAST_CITY,National,Lamppost-mounted,Union Jack,5,2025-08-14 13:48:53.35387+00,Pat,false,,
f0f03b5a-96d2-4ddb-9028-18e0807bddc5,LjAF1JPXIaDdJ7M0tZZ6bQ_060_box0.jpg,BANGOR,National,Lamppost-mounted,Union Jack,5,2025-08-14 14:14:11.682662+00,Pat,false,,
f11b8fd0-f512-403e-883c-656e9565de2c,aff1LuzQp1ClLqOGzN19Hw_120_box0.jpg,METROPOLITAN_NEWTOWNABBEY,National,Lamppost-mounted,Union Jack,5,2025-08-15 20:52:10.72277+00,May,false,,
f11d39ea-5127-404f-b963-37cc1b466e0f,8MkUqz28r6LXXLo2Llslwg_300_box0.jpg,CARRYDUFF,National,Pole-mounted (in ground),Union Jack,5,2025-08-14 13:07:20.922927+00,Pat,false,,
f11fdada-60f3-4256-bb3c-f10cf902c63a,kA0C3wpHXYd0moM8bQiwfg_240_box0.jpg,BELFAST_CITY,National,Building-mounted,Ulster Banner,5,2025-08-14 09:46:33.537986+00,Pat,false,,
f1262aca-7257-46f6-bc7e-c2febfb920d3,MGSvZlbNvMgn4apJZ7HOSg_180_box0.jpg,BALLYMENA,National,Lamppost-mounted,Union Jack,5,2025-08-14 10:10:48.652909+00,Pat,false,,
f126bf6d-4350-49aa-9924-5183a9a42c27,vZVgqQZrLPidwUZ6ynajXg_120_box0.jpg,BANGOR,National,Building-mounted,Ulster Banner,5,2025-08-28 20:52:06.867524+00,May,false,,
f147bc59-4011-4fb7-9be7-19bff8e37ab6,sySq9y2waciw-nMypKBtOw_300_box0.jpg,BANBRIDGE,National,Pole-mounted (in ground),Union Jack,5,2025-08-29 08:21:23.29044+00,May,false,,
f1676008-3d22-4dfc-8786-456ebd3fc21f,npD3_ftZX8cfxGgygv-jTg_300_box0.jpg,CARRICKFERGUS,National,Building-mounted,Union Jack,5,2025-08-14 10:56:34.604234+00,Pat,false,,
f170a676-f6ae-4d8a-878c-f0f817a82e30,DrJBBOLSv5p8PYN9taUStA_000_box0.jpg,METROPOLITAN_NEWTOWNABBEY,National,Lamppost-mounted,Union Jack,5,2025-08-28 20:10:15.641882+00,May,false,,
f17210c3-6490-4ce8-bd0e-4e635cd9be89,pIta1ZgcADY9E018ZjMvBw_120_box0.jpg,LARNE,Review,,,,2025-08-14 12:18:40.115287+00,Pat,true,Other,
f173bc31-672a-439f-906c-429256b766a7,WHJOGdCZQRxp6pT_DXvXcg_240_box0.jpg,ANTRIM,National,Building-mounted,Union Jack,5,2025-08-14 13:34:17.75235+00,Pat,false,,
f17ff4d2-b4c4-4ed4-8e8b-f963b494a461,IZ89lhexa8pifsManjX0Tg_180_box0.jpg,CARRICKFERGUS,National,Lamppost-mounted,Union Jack,5,2025-08-06 22:52:13.84556+00,May,false,,
f189b934-9daf-4add-85c6-a861a5e789ed,-GAJ7159zm8-kblYOVMhCg_120_box0.jpg,BALLYCLARE,National,Lamppost-mounted,Union Jack,5,2025-08-17 14:25:16.822762+00,May,false,,
f1a88728-c4fc-4d44-b6dd-a4ce4ad35fc0,xtXZ0ULvcvqYX908uTKwhQ_180_box0.jpg,BELFAST_CITY,National,Lamppost-mounted,Union Jack,5,2025-08-13 21:59:20.97268+00,May,false,,
f1acc491-bc2b-42b8-b068-2241e39f28dc,3N-daAk0scuUcyzKUPTriQ_000_box0.jpg,ENNISKILLEN,Review,,,,2025-08-14 14:02:03.824416+00,Pat,true,Not a flag,
f1b45844-eda2-46b2-8fc3-93bcace26cc1,tlCypbN5JxrkEDD0tb-EiQ_060_box0.jpg,CARRICKFERGUS,National,Pole-mounted (in ground),Union Jack,5,2025-08-06 22:45:55.595682+00,May,false,,
f1bf420e-5719-436b-9e0f-4bd502651fb2,3-TR_OZRIF71tPe2fBRKfg_120_box0.jpg,CARRYDUFF,National,Pole-mounted (in ground),Union Jack,5,2025-08-14 12:22:38.339833+00,Pat,false,,
f1fcbd82-1b7b-4df7-a3e6-69bec1e0a500,zvAUsy21KAm4ZnH8Af3Eag_000_box0.jpg,MAGHERAFELT,National,Lamppost-mounted,Union Jack,5,2025-08-14 13:26:26.888196+00,Pat,false,,
f1feb122-f4e9-46f7-a0a5-430f0a2a5c26,7oZRNJ88a_xSChKRpFUwYg_120_box0.jpg,LISBURN_CITY,National,Building-mounted,Union Jack,5,2025-08-13 22:15:54.001682+00,May,false,,
f202b293-c119-4ab3-9961-a0100c676b5c,6ZNBs3a1JsWwYsacPAApvA_000_box0.jpg,BELFAST_CITY,National,Lamppost-mounted,Union Jack,5,2025-08-13 22:43:22.453859+00,May,false,,
f213ecad-b347-4124-b2a5-7a066207748d,EhLS4XPdc0NvFw3lC6THIQ_300_box0.jpg,CRAIGAVON,Review,,,,2025-08-14 09:31:27.941208+00,Pat,true,Complex case,
f2140b0d-4138-4b1e-aa35-8840e3c75941,pwOfbRDBUHZjxtOpx-SOWQ_060_box0.jpg,BELFAST_CITY,National,Lamppost-mounted,Union Jack,5,2025-08-29 08:34:46.687681+00,May,false,,
f229a31b-df3b-496f-9a92-70d44a1bfd7d,lVKD0f85qXqI84hlV0Cm9A_240_box0.jpg,COLERAINE,Fraternal,Building-mounted,Apprentice Boys,5,2025-08-15 00:37:19.259401+00,May,false,,
f238cc5c-b989-4b15-bd42-d9cad0c450c3,uHvlwZhJpjbzKGc0ueuihQ_180_box0.jpg,CARRICKFERGUS,National,Building-mounted,Ulster Banner,5,2025-08-29 08:38:32.291833+00,May,false,,
f240256b-8630-45b1-8b65-bac5651291e2,EBiQ1JMhIsDJ2wMjHSHshw_300_box0.jpg,CARRICKFERGUS,Military,Lamppost-mounted,Royal Irish Regiment,5,2025-08-28 20:45:33.002242+00,May,false,,
f248b873-5fab-405e-87d8-556dccd43ec0,VDnt8lH-RTBJWG8kKb4JJg_060_box0.jpg,DUNGANNON,National,Pole-mounted (in ground),Union Jack,5,2025-08-17 14:24:56.904481+00,May,false,,
f2632eda-0065-4042-971a-6c5edf0c2160,ahi-xlGgUFSGeGbDf_VMWg_300_box0.jpg,BELFAST_CITY,National,Building-mounted,Union Jack,5,2025-08-14 13:47:29.458914+00,Pat,false,,
f2635238-20a9-4fff-ba31-ec407b38e3c4,yZFEqdyEW9Pt9ALdABTrGg_300_box0.jpg,LISBURN_CITY,National,Building-mounted,Union Jack,5,2025-08-11 18:25:35.796441+00,Pat,false,,
f2676066-4f96-4066-b743-a59bfbbd3094,4MGj2NjjCBy5uWvEnx2lfQ_240_box0.jpg,BANGOR,National,Lamppost-mounted,Ulster Banner,3,2025-08-09 11:40:58.003952+00,Byron,false,,
f26ee8db-43b7-4dfd-9128-d63b2b45efdb,vTCUbbojeey38xPIYmWADQ_300_box0.jpg,DONAGHADEE,National,Pole-mounted (in ground),Union Jack,5,2025-08-14 09:45:26.637528+00,Pat,false,,
f27939cf-b5da-4e4a-b90b-7c2dcf2aefc6,3-TR_OZRIF71tPe2fBRKfg_120_box0.jpg,CARRYDUFF,National,Lamppost-mounted,Union Jack,5,2025-08-28 20:06:42.760827+00,May,false,,
f27f5f28-e34d-46b6-8bcc-768ba96c6fdc,DC4bOPWvUc-n93Mu2iMovw_060_box0.jpg,ARMAGH,National,Lamppost-mounted,Union Jack,5,2025-08-14 13:54:16.205832+00,Pat,false,,
f28bfa45-e14d-456b-b223-fa311325c215,hooAyQHBRJSWQIZ33z2m8w_240_box0.jpg,BELFAST_CITY,National,Building-mounted,Union Jack,5,2025-08-13 22:13:15.004181+00,May,false,,
f29b71cf-adf7-4450-ad51-a52a4a7b6b5d,UU3ieYUV0l3DtPkycdtF-w_300_box0.jpg,BELFAST_CITY,National,Lamppost-mounted,Union Jack,5,2025-08-29 08:20:41.771817+00,May,false,,
f2b78850-51fe-402d-9c85-30103c667638,8LOoWg4vHHGUb19BQgHl_Q_120_box0.jpg,BELFAST_CITY,Proscribed,Pole-mounted (in ground),YCV,5,2025-08-28 20:53:07.037715+00,May,false,,
f2c03c01-0fdb-43dc-b72c-bdd09c74c083,uV5IlvEh_uYZLjsyViuZzw_240_box0.jpg,BALLYMENA,National,Building-mounted,Union Jack,5,2025-08-12 15:25:56.522701+00,Pat,false,,
f2df1443-a5cd-4617-9d22-d704d0ceca29,wUY-SOmpjOMHhpSQ7-i_Cg_240_box0.jpg,ARMAGH,National,Building-mounted,Union Jack,5,2025-08-14 14:04:53.738418+00,Pat,false,,
f2fcd76c-30f3-4ebc-b1af-6be44c2cb7e8,B9W4WOHP_1jnagxTkKPv1Q_060_box0.jpg,BALLYMENA,National,Lamppost-mounted,Ulster Banner,5,2025-08-14 12:22:06.805214+00,Pat,false,,
f2ff52b2-c6ef-4b78-95de-91f6b16a7c35,llrp131n2s7lqb49ox1nFA_240_box0.jpg,LARNE,National,Building-mounted,Union Jack,5,2025-08-17 16:23:11.567297+00,May,false,,
f30c3011-f9b6-4566-b11d-71b04b595d84,JkqSqhoNLMmcaSQGOLfsnQ_300_box0.jpg,LIMAVADY,National,Lamppost-mounted,Ulster Banner,1,2025-08-07 08:51:40.212377+00,May,false,,
f328ee63-e49b-43bd-ab1f-5d6af1396945,GvJQ4LuJZJteBiRsrrZQJw_000_box0.jpg,OMAGH_TOWN,National,Lamppost-mounted,Ulster Banner,5,2025-08-22 22:07:48.446761+00,May,false,,
f3303d47-533f-4035-895c-b05c9b85de86,SIVjcdg1xO1uN-YjK6XXkQ_180_box0.jpg,BELFAST_CITY,Military,Building-mounted,Royal British Legion,5,2025-08-29 08:48:12.643263+00,May,false,,
f337dc2b-1683-4069-b829-24bba84e4a49,fdP4V3VjuhZughMa-V3E5w_240_box0.jpg,BANGOR,National,Lamppost-mounted,Union Jack,5,2025-08-07 20:21:09.874595+00,Byron,false,,
f33d129b-f5a1-4bae-9217-95acc42bdd3a,6ZNBs3a1JsWwYsacPAApvA_000_box0.jpg,BELFAST_CITY,National,Lamppost-mounted,Union Jack,5,2025-08-12 16:02:39.351526+00,Pat,false,,
f353876c-3ce0-4ad6-947f-03ef87ad90d0,hiP-zUAavUPIAEiXAu481w_120_box0.jpg,COLERAINE,National,Building-mounted,Scottish Saltire,5,2025-08-29 08:49:25.574451+00,May,false,,
f35c12da-f0e5-4fbb-b16b-c294ce00b4b0,DLmPZRsSvR5dhyrfSlE5yw_000_box0.jpg,BELFAST_CITY,Fraternal,Building-mounted,Orange Order,1,2025-08-14 11:14:16.67703+00,Pat,false,,
f375b3db-1ab6-4708-891c-2da30069631a,INr8N5aWSbymEwiUAFgE8w_060_box0.jpg,BELFAST_CITY,National,Lamppost-mounted,Union Jack,5,2025-08-28 20:39:26.939919+00,May,false,,
f37c3b8b-56ca-40f3-8d5c-e890a9f03dc1,sU84z8YEJinl7R_EA0h7VA_300_box0.jpg,BELFAST_CITY,National,Lamppost-mounted,Union Jack,5,2025-08-13 08:44:04.053893+00,Pat,false,,
f3818b7e-0bb2-4b1c-a19e-8ae3ce762874,qNeJC2PdXZ4H22EHcxj-MQ_060_box0.jpg,NEWRY,National,Lamppost-mounted,Union Jack,2,2025-08-07 20:15:07.715408+00,Byron,false,,
f388208f-ffa9-4c98-92aa-44efd801004e,6RLLCjkmBYtDhs-34DRq4Q_240_box0.jpg,BELFAST_CITY,National,Building-mounted,Union Jack,5,2025-08-11 17:45:06.345302+00,Pat,false,,
f3ac6267-6672-4a15-ac0d-47c91d713ce8,bEayYSHuQxYVjFpOb1pn4g_120_box0.jpg,GREENISLAND,National,Lamppost-mounted,Union Jack,5,2025-08-28 20:47:46.347508+00,May,false,,
f3b94e00-b2d9-434b-b9ef-b78b86579fe2,jf6uO1lV4F2lUJVQWBZwgQ_060_box0.jpg,BELFAST_CITY,Proscribed,Building-mounted,UVF,3,2025-08-14 10:14:16.904495+00,Pat,false,,
f3c91aef-f69e-40a4-925a-8cd2cf065b69,h0KFIlTjdOiCp6PjpS2eww_000_box0.jpg,BELFAST_CITY,Review,,,,2025-08-29 08:50:36.797181+00,May,true,Unclear image,
f3f7d91b-09e9-4470-b2be-31f13f5e0bee,3qpk4IJUsi7DWYwp8lhfwQ_240_box0.jpg,NEWRY,Review,,,,2025-08-07 20:18:39.87415+00,Byron,true,Unclear image,
f3fc256c-472b-49ec-990d-cb532f2cbd2c,ypuWDKRbEoBJBKNuhk2bOg_120_box0.jpg,LIMAVADY,National,Lamppost-mounted,Irish Tricolor,5,2025-08-07 08:41:48.329613+00,May,false,,
f403529c-7624-48e8-954e-26d3d075edb6,d8S-amHFKi1lzEzaHM5F6Q_300_box0.jpg,COOKSTOWN,National,Building-mounted,Union Jack,5,2025-08-28 20:24:10.363726+00,May,false,,
f42aa67d-1654-409f-a451-ef965906ac08,S93lAYAYdpWzoBlor0cGSg_180_box0.jpg,BELFAST_CITY,National,Lamppost-mounted,Union Jack,5,2025-08-24 10:11:41.530817+00,May,false,,
f4313d3f-d38f-45ef-9ee2-6231ff16c584,f1hzamzBcPsmqU6mSWucIw_060_box0.jpg,BELFAST_CITY,International,Building-mounted,Other International,5,2025-08-17 17:04:06.787373+00,May,false,,
f4318e70-20b3-43e3-bb75-4ca344a0a39c,BOvUsSKsKdDQTc_fGqi0Vw_240_box0.jpg,CRAIGAVON,National,Building-mounted,Union Jack,5,2025-08-13 22:34:33.23981+00,May,false,,
f45ce10f-16b2-46b4-81ec-42b5e0c01c21,FNW3vRZ1e9wM3Ns_GpSh6g_180_box0.jpg,BELFAST_CITY,Fraternal,Building-mounted,Apprentice Boys,5,2025-08-17 17:08:34.248133+00,May,false,,
f45e1d54-7a2a-4f1e-9da9-ab4a31825855,j0N5-wpvEDjwTtAdZi6l5Q_240_box0.jpg,BANGOR,Bunting,Triangular bunting,Red/White/Blue Triangular Bunting,5,2025-08-09 11:48:31.143919+00,Byron,false,,
f467ee9e-4669-4e2b-bf42-178b8bf58f3a,rUPLh5GUPmY8tzmLmoK6CA_120_box0.jpg,DUNGANNON,National,Lamppost-mounted,Union Jack,5,2025-08-28 20:49:57.399046+00,May,false,,
f470c3f2-f169-44cc-8758-55687f24a2e6,xrDjUilvinYsgbWuAX0aGw_240_box0.jpg,ARMAGH,National,Lamppost-mounted,Union Jack,5,2025-08-12 15:52:14.284956+00,Pat,false,,
f47675e2-e384-4037-ad74-e61dc91a0223,bo9w0T987h3HWJbWXmzotA_000_box0.jpg,METROPOLITAN_CASTLEREAGH,National,Building-mounted,Union Jack,5,2025-08-22 22:09:33.874291+00,May,false,,
f478d717-27f3-42b3-831b-7c0f6c18d3dd,ndzRVXJBlPzjNQ_LIhkiFg_120_box0.jpg,LARNE,National,Lamppost-mounted,Union Jack,5,2025-08-14 11:04:13.022498+00,Pat,false,,
f47df4a0-2493-45d4-83d0-79ae105a24e5,BKCUQKNTkuHhJnPgOodiBw_180_box0.jpg,OMAGH_TOWN,National,Lamppost-mounted,Union Jack,5,2025-08-14 14:04:18.871557+00,Pat,false,,
f492ef84-c356-4c96-8b93-c13cd4e43fa0,COrnwFh8K2G1GqVIcgTcwg_060_box0.jpg,CARRICKFERGUS,National,Building-mounted,Ulster Banner,5,2025-08-11 18:18:45.926754+00,Pat,false,,
f4937340-3ab1-46cb-bfea-692291de3341,w01da-kvUXjaAtqi0Lhaxw_180_box0.jpg,ANTRIM,National,Lamppost-mounted,Ulster Banner,5,2025-08-13 08:27:03.184371+00,Pat,false,,
f49864ef-3753-4186-a827-bba6a48060ac,-oocaCXE25nN-osFZBPDyA_300_box0.jpg,LARNE,National,Building-mounted,Union Jack,5,2025-08-13 21:59:49.93836+00,May,false,,
f4a05a6b-eb9f-4181-98b1-973537059dca,KDQK0Ahq_OwY8Y-y-6E8XA_180_box0.jpg,BALLYMENA,Review,,,,2025-08-29 08:17:21.190728+00,May,true,Unclear image,
f4b09b8d-ca88-46d9-8ba4-5a1ba2c94f4d,4UfzcLDQh-M3wIzkbMcfhg_060_box0.jpg,METROPOLITAN_NEWTOWNABBEY,National,Lamppost-mounted,Scottish Saltire,5,2025-08-09 11:52:01.074702+00,Byron,false,,
f4bcd9e9-147a-4660-8a36-6f07d5d9236b,bS7GFukLLtoFQSs2dMGGsw_120_box0.jpg,LARNE,National,Building-mounted,Union Jack,5,2025-08-13 22:45:23.692765+00,May,false,,
f4c99ce5-0a5a-4900-9940-184d569d8bfb,9WTntOlEmjHBkSRtruzWEA_300_box0.jpg,BELFAST_CITY,National,Lamppost-mounted,Union Jack,5,2025-08-14 12:21:46.368316+00,Pat,false,,
f4d8fc0f-6526-4fd1-8cb9-8d4a60454e8a,ZfDtS0Jca5bxiSkXhDQF5Q_060_box0.jpg,LARNE,National,Lamppost-mounted,Union Jack,5,2025-08-13 22:10:40.097095+00,May,false,,
f4fc35bd-2cd0-4062-883a-1747682b4cc8,58lE5pELrwugEqKjaq0LPQ_000_box0.jpg,METROPOLITAN_LISBURN,National,Pole-mounted (in ground),Union Jack,5,2025-08-13 22:32:39.55361+00,May,false,,
f50077db-31fb-4088-a1eb-bacac1f209d7,nv-pSTgYT_uCL4Rki1CH1A_180_box0.jpg,METROPOLITAN_NEWTOWNABBEY,National,Pole-mounted (in ground),Union Jack,5,2025-08-29 08:29:01.815038+00,May,false,,
f5083db3-1142-401a-8a9b-9459d9ec72ac,qzvnC9fiWA4A4X597vSnGA_060_box0.jpg,BANGOR,Fraternal,Lamppost-mounted,Apprentice Boys,3,2025-08-09 11:46:56.368347+00,Byron,false,,
f51fde79-5ac1-4a5e-a338-f3d5808bed5c,SlsXr0heqQDFBs01W7Rhfg_120_box0.jpg,METROPOLITAN_NEWTOWNABBEY,Review,,,,2025-08-09 11:51:28.895303+00,Byron,true,Complex case,
f52842c7-5d05-4806-89cc-975b6fa3cba7,RGmcIpu5QovRCioguOOwtQ_240_box0.jpg,ENNISKILLEN,Review,,,,2025-08-14 13:50:26.113701+00,Pat,true,Complex case,
f54e23c9-1163-49d1-81e4-4f1501f12ffa,SHBQ6D_i1PWVqYP8tO1W2A_000_box0.jpg,LISBURN_CITY,National,Building-mounted,Union Jack,5,2025-08-13 08:24:26.032883+00,Pat,false,,
f56615b9-db34-44c2-8873-f0c99c52862e,w_ct0rdHw-zjDLQlbLOUHQ_300_box0.jpg,BELFAST_CITY,National,Lamppost-mounted,Union Jack,5,2025-08-28 20:07:29.090891+00,May,false,,
f5946254-a8ab-4e50-8392-7ef1c10ccb6d,pA7DY_0BNM8PWeHnZItDdQ_060_box0.jpg,METROPOLITAN_LISBURN,National,Building-mounted,Ulster Banner,5,2025-08-13 08:42:05.003611+00,Pat,false,,
f5aa083d-3f45-420c-b29f-d90f0df4e64a,N1m0i8Hplju9iwMocoKYcg_000_box0.jpg,NEWRY,National,Lamppost-mounted,Irish Tricolor,5,2025-08-07 20:18:55.398821+00,Byron,false,,
f5aeb512-981b-4792-9ba0-e3c075d6cc80,QTGPvr1AM0JJDw3EMlenxg_000_box0.jpg,METROPOLITAN_LISBURN,National,Lamppost-mounted,Ulster Banner,5,2025-08-28 19:42:56.794391+00,May,false,,
f5b51573-efc6-40ff-ba17-e9ab84fbbbcb,JNSHp0Si1U32ENGy3sDRSg_180_box0.jpg,BALLYCLARE,Fraternal,Building-mounted,Orange Order,5,2025-08-14 09:43:13.709073+00,Pat,false,,
f5b91b75-bc34-49d9-afa3-1dcb1fd34eea,eoRdo0EVsdLotsFltSf6Rw_060_box0.jpg,BELFAST_CITY,National,Lamppost-mounted,Union Jack,5,2025-08-12 15:15:01.811706+00,Pat,false,,
f5c4381f-92f0-4ef5-9be2-79e6b2b703a3,MlY7OA8InP58BWpbYTh20w_120_box0.jpg,BELFAST_CITY,National,Lamppost-mounted,Union Jack,5,2025-08-17 18:22:49.72202+00,May,false,,
f5f95d60-98ca-4540-bfd2-abd2dc31081e,48HEfUVwUYHLjK3aA7ElAQ_120_box0.jpg,GREENISLAND,National,Lamppost-mounted,Union Jack,5,2025-08-14 13:39:30.011206+00,Pat,false,,
f6017626-347a-45ba-9533-d2ff45ac1ed6,Bn4B57u2Ka0hKeKn13MUOg_240_box0.jpg,BELFAST_CITY,National,Pole-mounted (in ground),Union Jack,5,2025-08-29 08:38:14.924738+00,May,false,,
f6113f31-9a71-4d21-9467-bb4a3aef957a,qumZ_2hvSxuCXF8IQtA4mw_300_box0.jpg,BELFAST_CITY,National,Lamppost-mounted,Union Jack,5,2025-08-17 16:21:56.518559+00,May,false,,
f613acc0-2d6c-4af9-b198-10aefd50c53a,KT0ZLHW4dojUdbP2uwUeMg_300_box0.jpg,MAGHERAFELT,Review,,,,2025-08-14 12:59:22.953695+00,Pat,true,Unclear image,
f618028d-6227-4083-b57b-c006667a3ba6,1cbTjX6N07wagZTLrGX2zw_000_box0.jpg,ANTRIM,National,Lamppost-mounted,Union Jack,5,2025-08-14 09:52:13.092746+00,Pat,false,,
f625b2dd-9c77-4221-b3f8-f7a43b8bafa0,Z5gd-rGITobEripGEKEliQ_060_box0.jpg,CRAIGAVON,National,Building-mounted,Union Jack,5,2025-08-14 14:10:35.67832+00,Pat,false,,
f626f541-ec0e-4bdd-a32b-eeb49f56c80f,CfRZB10puj0rozm3ZOAjZQ_240_box0.jpg,METROPOLITAN_NEWTOWNABBEY,National,Building-mounted,Ulster Banner,5,2025-08-09 11:50:58.236067+00,Byron,false,,
f6339f01-03b4-4407-81ec-f9377edd85f6,DPha88jpOPtuT0GmEFkxag_300_box0.jpg,COLERAINE,National,Lamppost-mounted,Union Jack,5,2025-08-28 20:20:00.634334+00,May,false,,
f637ad4d-fa05-49f5-974c-61a83db5e20e,t0YEe2mddghqzruCV0SdFA_120_box0.jpg,BELFAST_CITY,National,Lamppost-mounted,Union Jack,5,2025-08-17 14:39:18.243948+00,May,false,,
f6422c26-a438-42fb-b583-2e528f0aeaab,iXTeSDR6hGTzs-wB4OcWXQ_000_box0.jpg,CRAIGAVON,Proscribed,Building-mounted,Other Proscribed,5,2025-08-14 12:13:14.64748+00,Pat,false,,
f64947a6-ddc7-4406-9ace-3ba8708e19d4,6FG64kQpcJKkFdF0hvd6xw_300_box0.jpg,LISBURN_CITY,National,Building-mounted,Union Jack,5,2025-08-28 20:18:29.998415+00,May,false,,
f649b838-7445-4b9a-b7d2-5523bedf1e92,5z8foBGdd4ZQgK3NmYjxFA_300_box0.jpg,BELFAST_CITY,National,Lamppost-mounted,Union Jack,5,2025-08-17 15:21:45.432068+00,May,false,,
f6587d16-da36-4324-8154-8dd77acdcc8a,2gppcw7m-K2d0_K3f2Aa4w_180_box0.jpg,CRAIGAVON,National,Building-mounted,Union Jack,5,2025-08-14 13:42:25.148552+00,Pat,false,,
f668b499-1a46-4187-938c-2088ce755186,Wd9vXitNMbdQqzfJpD-Y2Q_000_box0.jpg,BALLYMENA,National,Building-mounted,Union Jack,5,2025-08-14 09:58:31.490247+00,May,false,,
f66f8478-78dd-45ac-9a0f-ddc225b359ed,zJd-batWlBie_yUqXWMiVA_240_box0.jpg,MAGHERAFELT,Proscribed,Pole-mounted (in ground),UVF,5,2025-08-17 16:44:12.851421+00,May,false,,
f689d47f-7481-4a7d-8f02-47bd446146e9,323q4QO5brUEWtwTmteKIw_300_box0.jpg,PORTRUSH,National,Pole-mounted (in ground),Union Jack,5,2025-08-14 13:44:57.311324+00,Pat,false,,
f68f6e78-1964-42ac-bfeb-6dc7e7015956,X26iZXdwizOg_GrWJag9hA_000_box0.jpg,COLERAINE,National,Building-mounted,Union Jack,5,2025-08-14 13:57:35.110244+00,Pat,false,,
f6938874-346e-41b5-a009-62379bd42fae,CMexC-vlHrFZSCMGFAKxMQ_120_box0.jpg,LIMAVADY,International,Lamppost-mounted,Other International,5,2025-08-07 08:36:02.505747+00,May,false,,
f6a0965c-4f2d-4c80-942e-08edc853aa47,u3913m5igBp5U7TvaihmBQ_000_box0.jpg,CRAIGAVON,National,Lamppost-mounted,Union Jack,5,2025-08-14 12:11:30.11698+00,Pat,false,,
f6b4ce23-a468-4c05-a8f5-cce5e1906a9f,AGsMOdlhxycnJV4Zgp-jmA_120_box0.jpg,BELFAST_CITY,National,Building-mounted,Union Jack,5,2025-08-17 18:43:40.123169+00,May,false,,
f6e0206e-ca2e-432b-b421-5dc54c688a39,Fj9wGNnxbw2wwX9_xo-obQ_300_box0.jpg,BELFAST_CITY,National,Lamppost-mounted,Union Jack,5,2025-08-28 19:44:11.162146+00,May,false,,
f6e26cb4-dcdd-4f7f-b169-768fb390dcbe,4wHkiZg4sbEAdHEeKy1hLg_300_box0.jpg,NEWRY,National,Lamppost-mounted,Ulster Banner,4,2025-08-07 09:09:13.946983+00,May,false,,
f6eb2016-66c2-4393-95db-53f6853b52b7,XxAjDR8GWl4PhYa7Rl1Kdg_240_box0.jpg,BELFAST_CITY,National,Lamppost-mounted,Union Jack,5,2025-08-14 09:31:51.589037+00,Pat,false,,
f6f230ae-bb13-40cf-b2a2-0e1dda5f0617,ZshaVZadfPQ0nm7pcPjLyQ_000_box0.jpg,BELFAST_CITY,National,Pole-mounted (in ground),Union Jack,5,2025-08-14 11:11:59.217129+00,Pat,false,,
f6fc8be3-b9fe-4dd7-9c03-fb35362b7d18,tPViJI3-JycgODjtrRfy-A_180_box0.jpg,METROPOLITAN_NEWTOWNABBEY,Review,,,,2025-08-08 10:20:59.717889+00,May,true,Unclear image,
f6fdb9ed-0e68-40f9-bb85-6dd01778e060,B7XxRImHSn8t--_McgaHKg_180_box0.jpg,DROMORE_BANBRIDGE,National,Lamppost-mounted,Ulster Banner,5,2025-08-13 16:20:44.87786+00,Pat,false,,
f710d956-3da7-44eb-a8d8-ae43f22d2a7b,CnOn_C5_nX9JutmAOy0bPg_240_box0.jpg,BALLYCLARE,Fraternal,Building-mounted,Orange Order,5,2025-08-14 10:06:23.73299+00,Pat,false,,
f716ab69-19d5-4544-b1ee-484833de8c91,kFRL5RQ-xnhIbINe8xEnyg_300_box0.jpg,BELFAST_CITY,National,Lamppost-mounted,Union Jack,5,2025-08-13 08:49:16.522457+00,Pat,false,,
f72255cf-0bff-4778-813f-6ae35809a8b2,aXAfXatNZupgvG2Ur1biYw_300_box0.jpg,METROPOLITAN_LISBURN,National,Building-mounted,Union Jack,5,2025-08-24 10:10:13.836894+00,May,false,,
f738756c-591f-4b00-9346-21c49ad7f0e9,0PzD3DjIOG8paN6SguoxvA_000_box0.jpg,COOKSTOWN,National,Pole-mounted (in ground),Union Jack,5,2025-08-29 08:49:41.498062+00,May,false,,
f74477fb-8862-42a5-9ad9-c6b691aadff3,RZGbye5VcoYFmIefsJVpGA_120_box0.jpg,BALLYMENA,National,Lamppost-mounted,Union Jack,5,2025-08-13 16:29:56.642468+00,Pat,false,,
f75e3cee-77bf-4a19-a687-3b5da77b34ad,4vbB8FVyby2-M5LU5N7Htw_060_box0.jpg,NEWRY,Review,,,,2025-08-07 08:58:24.339769+00,May,true,Unclear image,
f7785d9d-674e-4c50-8faf-cd2bb7fa6644,WFNPBTZVadonBsi7LqZaDw_120_box0.jpg,LIMAVADY,National,Lamppost-mounted,Scottish Saltire,1,2025-08-07 08:42:28.060251+00,May,false,,
f7835533-d128-41cd-b2a9-7f6f2f6c1c83,cIC2vEa7ihbGEP76JiPT2A_240_box0.jpg,CRAIGAVON,Review,,,,2025-08-14 12:30:00.174567+00,Pat,true,Unclear image,
f7876a8f-98a1-4878-abd9-65311da50b52,9RDvEijkv2vxJypupkpK2A_300_box0.jpg,BELFAST_CITY,National,Lamppost-mounted,Union Jack,5,2025-08-14 13:40:16.455469+00,Pat,false,,
f787f270-88df-453e-ac19-06fcdec9af07,MIlp74ccAPnanaWnBNa7LA_300_box0.jpg,LISBURN_CITY,National,Lamppost-mounted,Union Jack,5,2025-08-11 18:15:43.789685+00,Pat,false,,
f7aa2d79-4500-46db-85d4-a81c74b805d2,7Zp7crrAd2C_nfg7PU0NbA_000_box0.jpg,COLERAINE,National,Building-mounted,Ulster Banner,5,2025-08-14 09:47:05.145324+00,Pat,false,,
f7aeadeb-2a50-44ee-ac19-2c680f7b2546,9GQzdLgdO_C9--La-pqCVA_240_box0.jpg,COLERAINE,Fraternal,Lamppost-mounted,Orange Order,5,2025-08-13 22:39:15.698712+00,May,false,,
f7b3cedf-3b72-4f3f-be89-64e975236a99,faEzqgXAZ2SRpZjDOQ9dbQ_300_box0.jpg,BALLYMENA,National,Lamppost-mounted,Union Jack,5,2025-08-17 18:44:31.903544+00,May,false,,
f7b4c113-5a08-4cca-9f9d-f39806962e34,o8pJ2F7Jq-UjZOSEl2whBw_180_box0.jpg,COLERAINE,National,Building-mounted,Union Jack,5,2025-08-12 16:14:20.518979+00,Pat,false,,
f7c3befa-adf3-461b-80cf-ee0ec018d6e6,KFB3LdHxJg7Pc4IJCG5TQQ_060_box0.jpg,PORTSTEWART,International,Pole-mounted (in ground),Other International,5,2025-08-13 16:32:46.367163+00,Pat,false,,
f7d7942b-ed6a-4f46-89c3-9c3ad6b658f3,WQll6Zc2xQsH3G5ZvvXqqg_120_box0.jpg,METROPOLITAN_NEWTOWNABBEY,National,Building-mounted,Union Jack,5,2025-08-13 22:09:31.635936+00,May,false,,
f7e52b0a-f29a-4a2a-8d6e-2c8a7af59ebf,Q6aBf6B-BvNaEREeAd9Aog_060_box0.jpg,BALLYMENA,National,Lamppost-mounted,Union Jack,5,2025-08-11 18:07:13.316683+00,Pat,false,,
f7eb9d53-ce7b-431d-8ee2-7525d86511bd,ovSvMSQfxljCBFoTqlgo-w_300_box0.jpg,BELFAST_CITY,National,Building-mounted,Union Jack,5,2025-08-17 17:08:48.256597+00,May,false,,
f803539f-35f2-4ea6-8ff6-989078f45ac8,m9krq5S5JNek4T7kPhXSFQ_240_box0.jpg,CRAIGAVON,National,Lamppost-mounted,Union Jack,5,2025-08-24 10:10:07.103188+00,May,false,,
f80c10b7-5321-494f-8b9a-defbc63d46f9,Ew7MEgxiiGYqdiIkE1l3dA_300_box0.jpg,METROPOLITAN_NEWTOWNABBEY,National,Lamppost-mounted,Ulster Banner,5,2025-08-08 12:51:28.556501+00,May,false,,
f815bb39-90e8-48a5-a8a9-7fb369cafe98,SATnS-SMrcIRGxZ3yKusHw_120_box0.jpg,CARRICKFERGUS,National,Lamppost-mounted,Union Jack,5,2025-08-13 08:52:15.162616+00,Pat,false,,
f8216fd0-b67a-4489-be96-545d56037af6,QJmIA0r2YhUORKiwYkEVYQ_120_box0.jpg,ARMAGH,International,Building-mounted,Other International,2,2025-08-14 09:44:15.572856+00,Pat,false,,
f82405c3-0a8a-496c-8350-55cf6adb8dcb,eQrH82EKvzwY0BVO-nAYPA_000_box0.jpg,LARNE,National,Building-mounted,Union Jack,5,2025-08-14 12:51:49.208533+00,Pat,false,,
f830a144-3f94-4a7c-a23c-9f97643ba95d,u4mWMkT9JO9DAAl3cK7cOQ_180_box0.jpg,METROPOLITAN_CASTLEREAGH,National,Lamppost-mounted,Union Jack,5,2025-08-17 15:51:57.460968+00,May,false,,
f83d088e-0654-4e31-ad9a-18b4c6202932,vmNh-UiKFIB3fVf1ou69xA_060_box0.jpg,METROPOLITAN_NEWTOWNABBEY,Review,,,,2025-08-14 13:34:58.905401+00,Pat,true,Complex case,
f84fefbb-2989-49b8-8b5b-89ca46189c44,u3913m5igBp5U7TvaihmBQ_000_box0.jpg,CRAIGAVON,National,Lamppost-mounted,Union Jack,5,2025-08-28 19:55:32.574963+00,May,false,,
f852da94-53af-4cca-981b-fc7c94d2af48,ElNKWs-fnaC9VEqrbWc_4A_180_box0.jpg,ANTRIM,National,Lamppost-mounted,Union Jack,5,2025-08-14 11:09:42.877522+00,Pat,false,,
f85409c0-6d1e-4269-9e6c-e28a2ed89e38,c1bQ8SnQzd6ayF1YiNMtSg_120_box0.jpg,CARRICKFERGUS,Review,,,,2025-08-06 22:42:20.676483+00,May,true,Unclear image,
f85fa43c-ca68-4623-861d-e167627b9ab7,UP_KNEnV0QQpYPYFdySgQg_000_box0.jpg,BELFAST_CITY,Proscribed,Lamppost-mounted,Other Proscribed,5,2025-08-28 20:35:56.889575+00,May,false,,
f87bb2fe-55da-4cd5-8f59-d019c7d39932,i-Iao3LF21FrnYk2GUCE7A_120_box0.jpg,HOLYWOOD,National,Lamppost-mounted,Union Jack,5,2025-08-28 19:55:42.601783+00,May,false,,
f880ea8b-59f2-458f-a53d-8cf7b018732b,p7Ox2QVn6oKsVc44CmI6PA_240_box0.jpg,BANGOR,National,Event-specific,Union Jack,5,2025-08-08 08:27:31.425781+00,May,false,,
f8bcc053-63c7-4961-9abc-75a4c6a37431,uUe9R3fXyoF6m_IHdcabXQ_120_box0.jpg,CARRICKFERGUS,National,Lamppost-mounted,Ulster Banner,5,2025-08-06 20:50:16.20577+00,May,false,,
f8da50dc-90ce-4bfa-b5ef-1ec77ea7c796,MXssfyZIEKT6H3HeFvGsJg_000_box0.jpg,LIMAVADY,Military,Lamppost-mounted,UDR,2,2025-08-06 23:06:07.339146+00,May,false,,
f8deab6c-911f-4bb8-b148-a20492a1f8cf,SZWTUzTBqtbiIGmIt8uNYw_240_box0.jpg,BANGOR,National,Lamppost-mounted,Union Jack,5,2025-08-08 09:03:14.913779+00,May,false,,
f8e7ad62-06fc-45b5-b24b-bdc0f4d2dea1,TuEHg0bO28Qpe56TqkBVbw_180_box0.jpg,COOKSTOWN,Review,,,,2025-08-14 10:18:21.69325+00,Pat,true,Complex case,
f8f97b01-d9e4-4443-8c49-8a179eb7be1e,w2n-h8VCoJ8DVGVxsqBuNQ_000_box0.jpg,BANGOR,National,Lamppost-mounted,Union Jack,5,2025-08-13 22:10:50.28615+00,May,false,,
f919af7d-44ba-4b84-9c65-29b13f05167c,nk6ZFawmIJgJXD6-R8_Qkw_240_box0.jpg,METROPOLITAN_NEWTOWNABBEY,Review,,,,2025-08-09 11:51:12.478534+00,Byron,true,Unclear image,
f941cc68-b7df-43fc-ae5d-422e85273310,nes5lhkw_EHkw0dFQ9tfQQ_180_box0.jpg,BELFAST_CITY,National,Lamppost-mounted,Ulster Banner,5,2025-08-14 09:18:20.164646+00,Pat,false,,
f969951d-872b-447c-9c12-f8a5028a5c07,0idkI8zYv5qXXRFvKbO6OA_300_box0.jpg,METROPOLITAN_LISBURN,National,Window display,Union Jack,5,2025-08-29 08:40:26.647265+00,May,false,,
f974b4da-678a-4857-880b-6234bf273386,hGRpsp551xNVmzpUU-3cFg_000_box0.jpg,METROPOLITAN_LISBURN,National,Building-mounted,Union Jack,5,2025-08-13 16:26:24.77802+00,Pat,false,,
f9761f8b-059f-4570-83d0-b503d11f1362,QE80M_9vbAxeTGVMmKq5fg_120_box0.jpg,CRAIGAVON,National,Lamppost-mounted,Union Jack,5,2025-08-12 15:39:49.29093+00,Pat,false,,
f98f4e0e-677d-4bf0-a547-c2607928bbf2,WF3TpjaTIV6_5Cz58GcGng_060_box0.jpg,LIMAVADY,National,Lamppost-mounted,Union Jack,5,2025-08-14 14:06:07.897957+00,Pat,false,,
f99242be-1b75-4908-b607-831f9608154d,6FHEREvjLocYcFX4PlDE-g_180_box0.jpg,BELFAST_CITY,National,Lamppost-mounted,Union Jack,5,2025-08-15 00:27:17.335936+00,May,false,,
f99e2a72-11e8-40c1-b29c-5a949fc4c12a,87jWYkvVwAcgAgTR2i_UXw_060_box0.jpg,BANGOR,National,Lamppost-mounted,Union Jack,5,2025-08-09 11:37:50.783678+00,Byron,false,,
f9ac747f-2d08-4d38-8c8a-04dd0f618aaa,ttD-WAd9honZTZUBlRN6JA_240_box0.jpg,LISBURN_CITY,National,Lamppost-mounted,Union Jack,5,2025-08-29 08:41:27.872867+00,May,false,,
f9af5454-b916-403b-860e-79ae901e29f1,-lr6IbBi1kcgUx08IcMIoA_240_box0.jpg,BALLYMENA,National,Building-mounted,Union Jack,5,2025-08-14 10:13:13.362228+00,Pat,false,,
f9c8f455-f65b-45c0-b8aa-9590be507602,rCeRV81Jb7gOBFOiiv5pTw_240_box0.jpg,COLERAINE,National,Building-mounted,Union Jack,5,2025-08-14 14:14:58.91683+00,Pat,false,,
f9d116fb-f62e-40e2-8aea-7afb91eddbd2,TPdWpqCs0ii4hT3woblILw_180_box0.jpg,BANGOR,Review,,,,2025-08-08 09:05:10.495955+00,May,true,Not a flag,
f9de114a-ecd0-4ce9-b430-94b6fe5614e9,Ir8rKYp0z_ixlqDfO-3L4A_000_box0.jpg,METROPOLITAN_NEWTOWNABBEY,National,Lamppost-mounted,Union Jack,5,2025-08-13 08:28:04.014565+00,Pat,false,,
f9f9c72c-fa37-4d41-89b9-2a90b04eb21d,w66PAiYxPDZAdkR9CzGu9Q_240_box0.jpg,COLERAINE,National,Pole-mounted (in ground),Union Jack,5,2025-08-14 10:15:22.325345+00,Pat,false,,
fa006c3e-26bb-4ec2-90af-92fcb47a84f8,bdqj7u-r1O9LY_bsndJUcQ_180_box0.jpg,BELFAST_CITY,National,Lamppost-mounted,Ulster Banner,5,2025-08-17 18:24:34.228994+00,May,false,,
fa12c7f7-65e9-428c-aa9e-760fd95d9caf,fDxQ4BsFSYsmDFUOIxuaVA_060_box0.jpg,BELFAST_CITY,National,Lamppost-mounted,Union Jack,5,2025-08-14 14:00:41.239588+00,Pat,false,,
fa12d9c6-3f2f-4929-bf1c-5822d8cc8783,i7KUu1v5-8ig--5blIQC9g_060_box0.jpg,BANGOR,National,Lamppost-mounted,Ulster Banner,3,2025-08-09 11:41:20.34885+00,Byron,false,,
fa38dda6-b1f1-4061-8685-41ec43299f32,NJaIAIaa7vtVD4pTg1b-Ng_300_box0.jpg,BANGOR,National,Building-mounted,Irish Tricolor,2,2025-08-08 09:07:28.314951+00,May,false,,
fa3f1aef-5239-4517-8755-5013cb2c2feb,IYkk1XzIU8hAfEZvtUyFnA_300_box0.jpg,BALLYMONEY,National,Pole-mounted (in ground),Union Jack,5,2025-08-14 13:46:28.920985+00,May,false,,
fa57eb89-1cd5-46f4-99aa-d8c1f234b006,C5v8vyM2FUo07w9xpsy3Sg_180_box0.jpg,BALLYCLARE,National,Lamppost-mounted,Union Jack,5,2025-08-14 12:27:06.403504+00,Pat,false,,
fa5dd3a6-81f1-4a50-bbe2-90b98cc6e460,gJ3DHoMXLkXn7idY0PAC4Q_240_box0.jpg,BELFAST_CITY,National,Lamppost-mounted,Union Jack,5,2025-08-24 10:11:05.409455+00,May,false,,
fa705e92-aa45-4340-894e-73c244513f7c,3N-daAk0scuUcyzKUPTriQ_000_box0.jpg,ENNISKILLEN,Review,,,,2025-08-29 08:43:40.179271+00,May,true,Not a flag,
fa7312cc-3dc5-4cd7-a8b4-aab8026ca76a,DTBf-3vvW32F6_dvFddHJA_240_box0.jpg,TANDRAGEE,National,Pole-mounted (in ground),Union Jack,5,2025-08-29 08:51:09.695887+00,May,false,,
fa737065-cebb-4153-851d-c59801f11175,NTAKIwNQic1CMYFDDBeEvA_120_box0.jpg,METROPOLITAN_CASTLEREAGH,National,Lamppost-mounted,Ulster Banner,5,2025-08-28 20:26:13.666512+00,May,false,,
fa839cda-6c21-4d70-9653-8dbb97bebda4,lXeRwdSkgvA8XwHhstUj4A_120_box0.jpg,COOKSTOWN,Review,,,,2025-08-14 09:33:21.444961+00,Pat,true,Complex case,
fa9a732e-1eaf-47b9-b7da-5628161759b2,C8e_iJ8JLbEI_17A4Pctow_180_box0.jpg,CARRICKFERGUS,Review,,,,2025-08-06 22:01:49.323149+00,May,true,Unclear image,
fab383a6-c995-4232-8054-f93a1778aa5e,ms6aitqFIIvNfWUYWSIhPw_000_box0.jpg,BALLYMENA,National,Building-mounted,Union Jack,5,2025-08-13 16:27:17.865994+00,Pat,false,,
fab647ce-2f0d-492a-be62-62c727581246,Idr7EAdyRboPNIVehrAVhw_180_box0.jpg,BELFAST_CITY,National,Lamppost-mounted,Union Jack,5,2025-08-22 22:03:00.364916+00,May,false,,
fad7715f-0aed-4c6b-9ebe-593a5abf0348,u9rWvaqFSIxE-Qy7dDtflA_240_box0.jpg,METROPOLITAN_CASTLEREAGH,National,Pole-mounted (in ground),Union Jack,5,2025-08-12 15:17:19.23875+00,Pat,false,,
faf0f0de-4f3b-4a2a-a4e3-96a35350b271,jo-b5cGSuLxFXK01LScROQ_240_box0.jpg,LIMAVADY,Review,,,,2025-08-14 09:38:36.581949+00,Pat,true,Complex case,
faf52dda-64cb-4f73-a39c-d16f6b92810a,ktAT2kvtAHUyybEvcAhzkQ_180_box0.jpg,BELFAST_CITY,National,Lamppost-mounted,Union Jack,5,2025-08-28 20:28:04.425614+00,May,false,,
fafc5be6-f90d-4841-9e8e-efdfd0a60e40,1FaI65t0Kwc8L1JQWRDEfA_120_box0.jpg,CARRICKFERGUS,National,Building-mounted,Union Jack,5,2025-08-11 18:17:55.385966+00,Pat,false,,
fb07aad8-0c4c-4a2f-901d-9cb549a615c9,yD8bqMnIH7kd31uAYuW62g_000_box0.jpg,CRAIGAVON,Review,,,,2025-08-29 08:23:24.835791+00,May,true,Unclear image,
fb129f8a-800f-4ddc-90c8-5ae8ac640527,v2Jvd4DIj7bhHtUzycSUjA_240_box0.jpg,BELFAST_CITY,National,Building-mounted,Union Jack,5,2025-08-15 00:38:41.963097+00,May,false,,
fb1cd8f4-5522-4a01-9cce-db9f5933cd3a,z4OK6Jr8oBQxysuenadqXQ_300_box0.jpg,CRAIGAVON,National,Lamppost-mounted,Union Jack,5,2025-08-14 12:31:33.265725+00,Pat,false,,
fb32d2d3-1d38-45d7-b4a6-89814b97fafb,H8bp-pbbf4jlDWgRLFqWKA_120_box0.jpg,METROPOLITAN_NEWTOWNABBEY,Review,,,,2025-08-08 12:35:40.97668+00,May,true,Unclear image,
fb40d343-7593-4fbe-a05a-56f40f77083a,C5mqBnud_5J0pouJcfin6g_300_box0.jpg,METROPOLITAN_NEWTOWNABBEY,National,Lamppost-mounted,Union Jack,5,2025-08-14 13:59:32.504558+00,Pat,false,,
fb6d3d9a-f1a3-4ce7-82ee-e4802cb62a18,8oWjDE12pRckn-_0hqfRdA_240_box0.jpg,LIMAVADY,National,Lamppost-mounted,Irish Tricolor,2,2025-08-07 08:54:11.888171+00,May,false,,
fb726727-9e8e-413d-89b3-d4844344b235,J9iAmqMf2XkwlFPrTts29g_000_box0.jpg,NEWRY,Review,,,,2025-08-07 09:10:09.345692+00,May,true,Not a flag,
fb82f95c-5476-408d-9b2c-54dc3ed46d76,LMpKHPskZgHsWzLl7gWmuw_180_box0.jpg,NEWTOWNARDS,National,Lamppost-mounted,Union Jack,5,2025-08-15 20:51:11.713426+00,May,false,,
fb86175c-b8fc-4660-b38a-bca91b6a303a,7K3NkzV9m1COyp1MQPQ2Sg_300_box0.jpg,BELFAST_CITY,National,Lamppost-mounted,Ulster Banner,5,2025-08-14 09:18:37.220504+00,Pat,false,,
fb881762-c8cf-424d-908c-e9a50ab3b8ee,4X9cX6OEGRo5BXQmsSCP3Q_180_box0.jpg,OMAGH_TOWN,National,Lamppost-mounted,Union Jack,5,2025-08-14 12:37:58.340933+00,Pat,false,,
fb8fa385-597d-4fb3-a44a-c6e0d7ab0601,IVZRoGGM8oaYwvX_9iTkoA_000_box0.jpg,BELFAST_CITY,National,Lamppost-mounted,Union Jack,5,2025-08-15 00:37:47.916562+00,May,false,,
fba61a0a-1156-4574-b2fe-881be2adb899,jGFs8lojPeRKteK6iVR2_Q_000_box0.jpg,BELFAST_CITY,National,Building-mounted,Union Jack,5,2025-08-28 20:48:02.290171+00,May,false,,
fbb0fac7-a361-4086-95af-eb3365777fe2,uFGCXpftWihS4ai6E_I6FQ_000_box0.jpg,DUNGANNON,National,Pole-mounted (in ground),Union Jack,5,2025-08-13 08:27:28.694159+00,Pat,false,,
fbb34812-2475-454c-8bfc-27051d639cc7,8G5d7UhyFel2YE2JvU3IeA_240_box0.jpg,CARRICKFERGUS,National,Lamppost-mounted,Union Jack,5,2025-08-13 22:28:48.334891+00,May,false,,
fbb9cd79-474b-4988-8d26-71786dcef45e,KAcZy_uKhcPegXDxWO1N7A_120_box0.jpg,BELFAST_CITY,National,Building-mounted,Union Jack,5,2025-08-14 12:19:05.390911+00,Pat,false,,
fbc1d0a0-c07e-4b8b-92b1-30d34596128b,ayuLjBtP6_DjlmKA_1l3ZQ_180_box0.jpg,BELFAST_CITY,National,Building-mounted,Union Jack,5,2025-08-12 16:12:39.704956+00,Pat,false,,
fbc73ae8-dbde-4324-ba9e-1d2732cc14f2,hUQ-ZuCDraoK2bTfYYHeRQ_120_box0.jpg,BELFAST_CITY,National,Lamppost-mounted,Ulster Banner,5,2025-08-17 16:54:37.189984+00,May,false,,
fbd14b8c-0512-4356-9477-6fea90c38941,4fbtiDzXHJmaxM7pYwOyPw_060_box0.jpg,HILLSBOROUGH_AND_CULCAVY,National,Lamppost-mounted,Union Jack,5,2025-08-29 08:41:57.724016+00,May,false,,
fbe3a771-a3d4-4879-aba8-7bca8d9dc8bf,E8to9s4wtpnEn3GGMFPw3g_120_box0.jpg,LISBURN_CITY,National,Building-mounted,Union Jack,5,2025-08-14 12:14:11.701735+00,Pat,false,,
fc02d099-482a-493f-a53b-f45ab5f777ab,JBJft1yCMhxDbAiSoT3-Xg_180_box0.jpg,LISBURN_CITY,National,Lamppost-mounted,Union Jack,5,2025-08-14 09:47:10.069617+00,Pat,false,,
fc162965-51fe-4757-9c5f-055248610fee,wS3CN8lNpawsnLW3H36vYQ_240_box0.jpg,BANGOR,National,Lamppost-mounted,Ulster Banner,3,2025-08-09 11:40:38.715915+00,Byron,false,,
fc2f2266-36a3-41ae-9ec2-6ae05a38718c,jOKm5PQIWjOxJOd7Bd1G7A_180_box0.jpg,DERRY_CITY,Review,,,,2025-08-13 22:45:35.986624+00,May,true,Not a flag,
fc368ac1-cb38-4dbe-90a0-a66d7884e305,yUCQ_x587GIiz7Qxdp-v7w_120_box0.jpg,BELFAST_CITY,National,Lamppost-mounted,Ulster Banner,5,2025-08-14 13:50:58.972337+00,Pat,false,,
fc408978-a656-41b4-875a-0bc38c27ebe0,ljrlVohtJrNfse55WYhnzg_000_box0.jpg,BELFAST_CITY,National,Lamppost-mounted,Union Jack,5,2025-08-14 10:21:16.003895+00,Pat,false,,
fc5d3d77-c261-4e77-a29a-4000f80197cb,4WAbqiZYdQB2vmhrmPb6KQ_060_box0.jpg,ARMAGH,National,Lamppost-mounted,Union Jack,5,2025-08-28 20:12:55.131086+00,May,false,,
fc5e9948-958d-4183-9ccb-27b8605b7849,3wnpZ5K_nZAUwpPRhkCfNA_120_box0.jpg,CARRICKFERGUS,National,Building-mounted,Union Jack,3,2025-08-06 22:48:10.226443+00,May,false,,
fc800f93-3085-4f40-889a-24ce279fe8df,PyzBK7_Jeq3PCAd5BW2Paw_300_box0.jpg,BELFAST_CITY,National,Lamppost-mounted,Union Jack,5,2025-08-14 09:35:15.954968+00,Pat,false,,
fc9150a6-8946-42f4-83da-692218da29fe,PJjogLMYw4cfdHbUYh7FhQ_240_box0.jpg,BELFAST_CITY,National,Lamppost-mounted,Union Jack,5,2025-08-28 20:05:13.328626+00,May,false,,
fcae79e6-b0cd-4aeb-8fb6-a9633697c91e,B-deFugL7wrFnfsM9qjJmw_120_box0.jpg,BANGOR,National,Lamppost-mounted,Union Jack,5,2025-08-08 09:03:25.817281+00,May,false,,
fcb110a2-a1b1-4ea9-9127-e4125fa967f5,12k9EdPsKYPExBQ4zEoMwQ_180_box0.jpg,LISBURN_CITY,National,Lamppost-mounted,Ulster Banner,5,2025-08-29 08:40:12.332786+00,May,false,,
fcc2e41e-b24b-4435-8c8e-b4a8770c83fe,1UIrz-1WUlkiB6M25bg5rw_300_box0.jpg,BELFAST_CITY,National,Lamppost-mounted,Ulster Banner,5,2025-08-14 12:45:13.769931+00,Pat,false,,
fcc7b034-96f4-4bbc-ad4e-1eccffb1e69a,RigOG3Z62bzmTlz2Em8qOg_000_box0.jpg,KILKEEL,Sport,Lamppost-mounted,GAA,5,2025-08-28 20:44:41.954371+00,May,false,,
fcd9fdb8-f32a-45bf-8e63-807be0be85a3,E1cK7FdbsZwxRExRIjMNFg_060_box0.jpg,BELFAST_CITY,National,Lamppost-mounted,Union Jack,5,2025-08-28 20:17:46.130505+00,May,false,,
fceac392-9319-47e6-9368-43a8757ed46c,6amgnG8YUFA-3MFR539O0Q_120_box0.jpg,BELFAST_CITY,National,Building-mounted,Union Jack,5,2025-08-12 16:14:09.51829+00,Pat,false,,
fcf293cd-f6cb-4ac3-8bce-5e848730beaa,roPTxDXSZfhOM9KrbrxeUQ_060_box0.jpg,BELFAST_CITY,National,Lamppost-mounted,Union Jack,5,2025-08-14 10:28:26.821116+00,Pat,false,,
fcf7dc99-7225-4284-b0aa-5784b0294fa7,5XdIWH_gnSSnIAE7czARCA_240_box0.jpg,LIMAVADY,Proscribed,Lamppost-mounted,UDA,5,2025-08-07 08:41:39.560135+00,May,false,,
fd01b81b-80ee-47c9-80d2-c7e4e1445694,N-C7XMKYloZezy_sqWLVpQ_000_box0.jpg,BANGOR,National,Lamppost-mounted,Union Jack,5,2025-08-09 11:47:11.795367+00,Byron,false,,
fd02f7f9-ad78-47b0-8232-b21d6ea3eac4,IR5wBdRLygEsRvxoggZCSQ_180_box0.jpg,METROPOLITAN_NEWTOWNABBEY,National,Building-mounted,Union Jack,5,2025-08-13 08:53:35.283201+00,Pat,false,,
fd0554ca-3247-47f7-92c3-d6cef39b46ed,cqbN1vRTfgUP4ZIWO3EE6w_120_box0.jpg,BELFAST_CITY,National,Building-mounted,Union Jack,5,2025-08-13 22:37:33.774656+00,May,false,,
fd2d9d4c-66a9-47e6-bf25-b1f0fcbc054b,v4MdPKXEeOVZYS070g0dwQ_120_box0.jpg,BELFAST_CITY,National,Lamppost-mounted,Union Jack,5,2025-08-12 16:21:19.603676+00,Pat,false,,
fd34b885-c576-410d-8e79-8c7cac6a9fbd,ljprar5F5bDRFqMc1XbQ3w_060_box0.jpg,LARNE,National,Pole-mounted (in ground),Union Jack,5,2025-08-17 16:47:30.387029+00,May,false,,
fd3b4159-4254-4f3c-9a88-30f0dc6e1942,U1CKB_LntblW_T6uRm-1AQ_120_box0.jpg,BANGOR,Sport,Building-mounted,Supporters Club,5,2025-08-28 20:01:45.261702+00,May,false,,
fd453ff5-a3c9-46c1-b30c-7efadee31290,I31gSnUDvar6RwmSE8EZ6w_120_box0.jpg,BELFAST_CITY,National,Building-mounted,Union Jack,5,2025-08-12 15:30:42.320181+00,Pat,false,,
fd4b1bf8-46c8-4a4c-a050-85df1607316f,Pjoi08wQbuCrHql7uwyI-A_120_box0.jpg,CARRICKFERGUS,Review,,,,2025-08-06 20:48:57.496938+00,May,true,Unclear image,
fd6d188b-f873-42d1-8b0b-779954cd3940,DNbsgrEFZZY7mf7GXlhEEw_180_box0.jpg,CRAIGAVON,National,Lamppost-mounted,Union Jack,5,2025-08-22 22:09:05.047428+00,May,false,,
fd722f85-c5e4-40aa-8be4-b571a44f0310,_cd35Mm4NwN6FZS4_Ss6Rw_000_box0.jpg,METROPOLITAN_LISBURN,National,Building-mounted,Union Jack,5,2025-08-13 22:26:40.725213+00,May,false,,
fd857144-9c6b-4995-9d99-3077ee54dce1,zpQprc03odWifc06jJFr-A_120_box0.jpg,BELFAST_CITY,National,Building-mounted,Union Jack,5,2025-08-17 14:36:13.616078+00,May,false,,
fd91c269-9b82-4d2b-8ae9-88a03f28f538,6WgHB1zVf2oPwnHk2-UBsg_240_box0.jpg,CRAIGAVON,National,Lamppost-mounted,Union Jack,5,2025-08-12 15:54:34.826755+00,Pat,false,,
fd9c8ec7-42e4-4588-93f2-39362e822d35,r-FfY4wwxq2iB9vjXp_T0w_000_box0.jpg,BANGOR,Fraternal,Pole-mounted (in ground),Apprentice Boys,5,2025-08-07 19:53:48.912549+00,May,false,,
fdab6c8f-4e07-47f1-b4fa-a175203d51e0,IU43q5AY3NS0Mr7JXO9_kQ_180_box0.jpg,LARNE,National,Building-mounted,Union Jack,5,2025-08-13 08:48:18.159753+00,Pat,false,,
fdc42f89-3e98-4ec3-8428-89fecf55e948,WGFjtau-QH1M7dWXOuoeXg_300_box0.jpg,BALLYCLARE,National,Building-mounted,Union Jack,5,2025-08-15 00:40:20.344228+00,May,false,,
fddf23ee-629e-42c5-acbd-3b553ffc8cde,zsmchrOZEGh0-x8jgWWMEA_180_box0.jpg,CARRICKFERGUS,Fraternal,Pole-mounted (in ground),Orange Order,5,2025-08-11 18:08:55.415264+00,Pat,false,,
fde42241-bef5-43a9-91f1-87e66fded7cd,lVu7Wu138RYvBjsWt_mg1Q_240_box0.jpg,LISBURN_CITY,National,Lamppost-mounted,Ulster Banner,5,2025-08-29 08:32:34.627567+00,May,false,,
fde88525-e6b7-46cb-ac2b-7a60a3079fe0,Z8s5LSJ9SdMD-hgZqYkCHA_120_box0.jpg,ANTRIM,Review,,,,2025-08-17 16:22:10.713108+00,May,true,Unclear image,
fdfd740e-3757-443f-b876-29f985f7955b,29-2RTfZriWtKFw05IIlCw_060_box0.jpg,METROPOLITAN_NEWTOWNABBEY,National,Building-mounted,Union Jack,5,2025-08-08 10:21:42.084013+00,May,true,Other,
fe04e9c4-e7c7-483a-b877-fe5ade7e204b,OZO3Y_J1wJSkUwow47zXPA_180_box0.jpg,METROPOLITAN_LISBURN,National,Building-mounted,Union Jack,5,2025-08-14 10:06:37.758014+00,Pat,false,,
fe0cf20f-5fb4-4829-8261-5c3b1a4ffdac,nk6ZFawmIJgJXD6-R8_Qkw_240_box0.jpg,METROPOLITAN_NEWTOWNABBEY,Proscribed,Memorial/Commemoration,Other Proscribed,2,2025-08-08 10:16:26.70518+00,May,false,,
fe19ae79-a221-4106-baa1-703a10fe7613,nzGfG68Qh5IDfNujaxRzrw_120_box0.jpg,BALLYMENA,National,Lamppost-mounted,Ulster Banner,5,2025-08-12 15:12:39.620413+00,Pat,false,,
fe21f00d-14a2-4f25-a520-862e6debb5d7,-Aj4sGT-glK-lZNSAIdC_A_060_box0.jpg,CARRICKFERGUS,National,Lamppost-mounted,Union Jack,5,2025-08-28 20:51:20.020955+00,May,false,,
fe24d901-f4a9-462c-894d-c0fbb182816d,tp6Lrg3H8PKJra9fbbQK4g_060_box0.jpg,GREENISLAND,National,Building-mounted,Union Jack,5,2025-08-13 08:57:26.47069+00,Pat,false,,
fe2bdae7-0cd6-4eff-9e20-feb80b3303ee,lfaZrQguKRD0doSu-qYq0g_060_box0.jpg,BANGOR,National,Building-mounted,Union Jack,2,2025-08-07 20:22:30.768511+00,Byron,false,,
fe45172d-a5e3-4ca6-a398-49246c14eb25,F0oN2YkxGZhcJSI-vljdSQ_120_box0.jpg,BELFAST_CITY,National,Building-mounted,Union Jack,5,2025-08-13 22:54:17.86671+00,May,false,,
fe50f59f-5abf-4f43-a1dc-3a986537d661,0aUxFWhuXHwUTeMagUjciw_060_box0.jpg,CARRICKFERGUS,National,Pole-mounted (in ground),Union Jack,5,2025-08-17 17:04:41.766602+00,May,false,,
fe662c85-2ab7-4f89-9080-cb6f8a602413,sUwBMoZyNsCRr_OcaZdoiA_240_box0.jpg,BANGOR,National,Lamppost-mounted,Scottish Saltire,2,2025-08-09 11:36:33.685179+00,Byron,false,,
fe6a0329-e01a-4c1a-9f2d-13b8cd514241,vmATmVvY-lj_Byut9KYnRw_180_box0.jpg,DUNGANNON,Fraternal,Lamppost-mounted,Red Hand Defenders,5,2025-08-13 21:59:34.991587+00,May,false,,
fe781e88-a2de-4af8-b20d-80290faef028,LWv-R6GFi4eBzb7Zl0pL8w_240_box0.jpg,BELFAST_CITY,National,Lamppost-mounted,Union Jack,5,2025-08-14 14:11:43.532792+00,Pat,false,,
fe89c47b-bf14-4400-9f73-5b9bd60c4794,QoJXFIdI2MIIS4Q28F0FYg_000_box0.jpg,BELFAST_CITY,National,Lamppost-mounted,Union Jack,5,2025-08-17 18:23:09.149096+00,May,false,,
fe96a926-b96e-471e-b2e2-ad0345de2573,6MtbUWCktjDhCcF_M8hRbQ_180_box0.jpg,BELFAST_CITY,National,Lamppost-mounted,Ulster Banner,5,2025-08-17 18:46:37.679825+00,May,false,,
fea156e8-a287-48e3-b5d8-db5613be0966,6RLLCjkmBYtDhs-34DRq4Q_060_box0.jpg,BELFAST_CITY,National,Building-mounted,Union Jack,5,2025-08-14 14:03:52.261961+00,Pat,false,,
fea3ed3a-5cec-446b-b8c6-706200f343c1,UU3ieYUV0l3DtPkycdtF-w_300_box0.jpg,BELFAST_CITY,National,Lamppost-mounted,Union Jack,5,2025-08-14 13:35:24.576827+00,Pat,false,,
fea5f29b-983f-4b29-bc96-02be3b14df2e,ozIgyaHo0Om7CnDKnjESnA_180_box0.jpg,CRAIGAVON,National,Building-mounted,Union Jack,5,2025-08-13 08:28:54.042601+00,Pat,false,,
fed992c9-0f4e-415b-a54a-51d03819e52a,MSzXJrfJNEZ8FUMM-bAM_g_060_box0.jpg,MAGHERAFELT,National,Pole-mounted (in ground),Union Jack,5,2025-08-29 08:16:22.066654+00,May,false,,
ff2b414d-feac-49a8-b4f3-741224ef600a,p4X372DYDyCMlpsi-ZvTlQ_060_box0.jpg,BELFAST_CITY,National,Lamppost-mounted,Ulster Banner,5,2025-08-12 15:48:51.071988+00,Pat,false,,
ff2fec6c-7612-41be-9a58-44817302acb5,8WIn46qP37uY4cFsxE-MhA_300_box0.jpg,BALLYCLARE,Fraternal,Lamppost-mounted,Apprentice Boys,2,2025-08-17 15:40:11.271487+00,May,false,,
ff4037c3-adab-47b3-8631-38bbf5d82382,BzF_lSOG1EFG1RZ4PsKT4g_120_box0.jpg,BELFAST_CITY,National,Building-mounted,Union Jack,5,2025-08-13 22:39:51.255905+00,May,false,,
ff4ef151-8424-44f5-878d-6fa4f16b1a96,MIcQxCexPT3h7X8-mK8rBA_000_box0.jpg,ANTRIM,National,Lamppost-mounted,Union Jack,5,2025-08-14 10:30:15.939047+00,Pat,false,,
ff5880ef-94d6-46d5-ace3-b505e811c611,cCrrTG-Rr40_NWvenz6cZg_240_box0.jpg,BELFAST_CITY,National,Building-mounted,Ulster Banner,5,2025-08-17 16:46:59.841606+00,May,false,,
ff5ccd0e-bd0a-411e-a55e-7b5b7ed534fc,lza7tLWbRxoJ3dVyqzJrxg_000_box0.jpg,BELFAST_CITY,National,Lamppost-mounted,Irish Tricolor,5,2025-08-28 20:19:33.093685+00,May,false,,
ff6197ca-d7f5-4383-9b1e-1b5f7886f53c,XxAjDR8GWl4PhYa7Rl1Kdg_240_box0.jpg,BELFAST_CITY,National,Lamppost-mounted,Union Jack,5,2025-08-17 16:47:11.888018+00,May,false,,
ff6f7538-7348-4d4c-97ce-04a1caf5a034,3Lt9ir1b7buRIW2ZXswkug_120_box0.jpg,BELFAST_CITY,National,Building-mounted,Ulster Banner,5,2025-08-14 12:24:18.198689+00,Pat,false,,
ff8c1fcd-5402-4e9b-aecd-1968a9e21b0e,rwvI_0VoJ7bs-ba7PL7Vtw_000_box0.jpg,BANGOR,National,Building-mounted,Ulster Banner,5,2025-08-07 20:23:15.332459+00,Byron,false,,
ff96cdea-9d73-4eb0-9ca5-5de13e839461,ohewtsopjpliEGDga62wTw_120_box0.jpg,LISBURN_CITY,National,Lamppost-mounted,Union Jack,5,2025-08-17 14:25:12.582373+00,May,false,,
ffbfc6fd-0d84-4072-b7a2-c66d27afbc07,bkB0qh0QjVaVNzmbcFiPog_120_box0.jpg,BELFAST_CITY,National,Lamppost-mounted,Union Jack,5,2025-08-13 22:51:10.97562+00,May,false,,
ffcf72f9-03c6-4efc-9796-513ab502838d,F81uknWNCSKmglE2QjhQmw_120_box0.jpg,METROPOLITAN_NEWTOWNABBEY,National,Lamppost-mounted,Ulster Banner,5,2025-08-14 12:51:00.966818+00,Pat,false,,
ffd00395-05b9-4f57-9b15-8258c6ca55db,7W_1RaEmy96F8EbiqMzNjA_000_box0.jpg,BELFAST_CITY,National,Lamppost-mounted,Union Jack,5,2025-08-29 08:20:24.306295+00,May,false,,
ffd3d027-55d6-4c02-9612-3983700485c8,2gppcw7m-K2d0_K3f2Aa4w_180_box0.jpg,CRAIGAVON,Review,,,,2025-08-29 08:26:06.535757+00,May,true,Unclear image,
ffe374cc-856c-4f23-912b-335a26f255df,vBW0Mw6lgHItWhvNtZ1SSA_180_box0.jpg,DERRY_CITY,National,Lamppost-mounted,Union Jack,5,2025-08-28 20:39:14.790823+00,May,false,,
ffed8e74-565d-4790-a1ab-e8761af2157c,qP-CKiakh06PhyUVj7vw1A_180_box0.jpg,LARNE,National,Building-mounted,Union Jack,5,2025-08-15 20:51:07.247424+00,May,false,,
fffc6ef2-8be3-4944-acc6-258a11477241,5MynCdhkqyBDoq5E85hSjg_120_box0.jpg,LARNE,National,Pole-mounted (in ground),Ulster Banner,5,2025-08-12 14:58:40.228411+00,Pat,false,,
