id,image_id,town,primary_category,display_context,specific_flag,confidence,timestamp,expert_id,needs_review,review_reason,user_content
00230f4e-6a6f-460a-915c-9d0241b760b4,zp6N1MPC52Lw0xe9SUYhkQ_120_box0.jpg,BELFAST_CITY,National,Lamppost-mounted,Union Jack,5,2025-08-12 16:17:17.63341+00,Pat,false,,
002a4162-ecc4-426f-83c9-dd7c24e48ebb,U1Lu65yR1J_Cqj4QFPjGhg_060_box0.jpg,BALLYCLARE,National,Building-mounted,Union Jack,5,2025-08-17 18:25:19.786774+00,May,false,,
00489a6c-644d-41e4-aafe-8f01fc88605b,kEa7DJjlc97tPHu5q_5EqA_240_box0.jpg,BELFAST_CITY,National,Lamppost-mounted,Union Jack,5,2025-08-14 12:24:50.657207+00,Pat,false,,
00539442-ab4f-4c8f-87d1-0f9178eb1993,ZkAh-u8PJRw20URp2U1m7A_000_box0.jpg,LISBURN_CITY,National,Building-mounted,Union Jack,5,2025-08-12 16:15:49.181302+00,Pat,false,,
005df7d5-da83-49ea-8da0-8cf4f44a4552,RZqWAXOTVCpXcxgTWxeizg_060_box0.jpg,METROPOLITAN_CASTLEREAGH,National,Lamppost-mounted,Union Jack,5,2025-08-13 08:49:33.683833+00,Pat,false,,
006370c0-ba61-4aef-ba61-6388f1f18acc,0aUxFWhuXHwUTeMagUjciw_060_box0.jpg,CARRICKFERGUS,National,Pole-mounted (in ground),Union Jack,5,2025-08-14 09:48:50.36225+00,Pat,false,,
0089176b-1d6b-43cd-aa60-db933c58b2e3,kwwTAPjFR98x9fmvsjrXvQ_180_box0.jpg,BELFAST_CITY,National,Building-mounted,Union Jack,5,2025-08-12 15:55:52.429091+00,Pat,false,,
008f0302-17a6-499e-967a-1c40db41d40f,i-Iao3LF21FrnYk2GUCE7A_120_box0.jpg,HOLYWOOD,National,Lamppost-mounted,Union Jack,5,2025-08-14 12:11:40.282471+00,Pat,false,,
00aaf1cc-38d6-4a45-90bb-a405f0c56205,95ZRxoD2A4rMhkHSmi19iA_000_box0.jpg,BELFAST_CITY,National,Lamppost-mounted,Union Jack,5,2025-08-28 20:49:01.978168+00,May,false,,
00c01f15-6cee-4a58-b085-55c4df20bd21,_5s1lA6hzexUJKDQArnKjw_300_box0.jpg,CRAIGAVON,International,Lamppost-mounted,Other International,3,2025-08-17 14:26:18.080671+00,May,false,,
00e36a83-9619-4b96-aff8-58b8cec98506,By2dUTBTO_clGNBfIHQ-BA_300_box0.jpg,BELFAST_CITY,National,Lamppost-mounted,Union Jack,5,2025-08-29 08:25:21.57852+00,May,false,,
00e48e90-53ad-4882-af82-5959281ed4eb,4x8Zafuq48-JkGtrHvyeqw_000_box0.jpg,CARRICKFERGUS,National,Building-mounted,Union Jack,5,2025-08-28 20:30:02.477456+00,May,false,,
00ec8bcd-8c5a-495d-b5e6-6dbe2b0b9a4b,4hefVZhgtPGiaTFfOCnCJQ_240_box0.jpg,LISBURN_CITY,National,Lamppost-mounted,Union Jack,5,2025-08-13 22:28:28.160454+00,May,false,,
01055c34-13a4-48f2-9659-1fd46c106f4b,lAztVeXhsDwHlO1snI-TTw_060_box0.jpg,METROPOLITAN_NEWTOWNABBEY,National,Pole-mounted (in ground),Irish Tricolor,5,2025-08-29 08:49:34.236389+00,May,false,,
010645cf-afd9-428e-be6f-af303d97bb26,5ywgEqpuPu92vbAjhL9SXw_120_box0.jpg,BALLYMENA,Review,,,,2025-08-14 13:11:52.968543+00,Pat,true,Unclear image,
010bead7-40f0-43b7-b038-6a8697288a22,bzwWcsZ3TPMRVfqK_h42KA_240_box0.jpg,LISBURN_CITY,National,Building-mounted,Union Jack,5,2025-08-29 08:45:08.703774+00,May,false,,
013bb09e-eef4-41c0-9db4-2eb58ff43de3,kyLEIF57ltab8Avm1VpyLQ_240_box0.jpg,LARNE,National,Lamppost-mounted,Union Jack,5,2025-08-17 15:48:59.649038+00,May,false,,
0178104a-d02d-4134-9168-b0b56956f6c8,K76l0LjTMoh55rf10HxhUg_240_box0.jpg,LISBURN_CITY,National,Lamppost-mounted,Union Jack,5,2025-08-28 20:29:15.990368+00,May,false,,
01824378-7a21-4536-aab4-e0763f1bdd07,QxYiB-RLXFUt9Q-6Haaamw_000_box0.jpg,METROPOLITAN_LISBURN,National,Building-mounted,Union Jack,5,2025-08-13 08:52:38.717573+00,Pat,false,,
01aa465e-828e-4f55-a405-d219fe99339b,QPG2F1mSzjy39bfENomu5g_060_box0.jpg,METROPOLITAN_NEWTOWNABBEY,National,Building-mounted,Union Jack,5,2025-08-14 10:33:40.560617+00,Pat,false,,
01b21865-dfb5-48a2-9cdf-41d6cc7a0428,Coi1PWYfS7r9DrPinzmITg_240_box0.jpg,LISBURN_CITY,National,Building-mounted,Union Jack,5,2025-08-28 20:31:29.650059+00,May,false,,
01b9a27c-4233-46b5-bf8c-edfaa524f12d,06m2935tRUr0qzhRp7wC8w_120_box0.jpg,BELFAST_CITY,National,Lamppost-mounted,Scottish Saltire,5,2025-08-29 08:38:21.166538+00,May,false,,
01bf5933-d76d-4109-93d0-c8973e0807b8,7amqad_0Kqt1bQtIolLriQ_300_box0.jpg,ARMAGH,National,Lamppost-mounted,Union Jack,5,2025-08-17 17:02:20.379774+00,May,false,,
021ba621-9f42-4b41-ab48-79b8d873693e,mGwDRITw9acQ7ACsChj94Q_000_box0.jpg,LISBURN_CITY,National,Building-mounted,Union Jack,5,2025-08-12 15:15:19.403454+00,Pat,false,,
02272bd6-0079-4bd9-b1a5-bac3a9958b71,d_8lNY8LEadQYCVzBvHljw_120_box0.jpg,LISBURN_CITY,National,Lamppost-mounted,Union Jack,5,2025-08-14 13:29:54.109808+00,Pat,false,,
02313816-ae0e-415c-b00c-4b0e8844ec10,IuKXHMUqlVu-SXUmSgu2jw_240_box0.jpg,BELFAST_CITY,National,Building-mounted,Ulster Banner,5,2025-08-13 16:29:30.388448+00,Pat,false,,
025532b7-2ef3-4d1d-986b-c81f402571e7,vHg2K8MwaNdLPBbHf_QRsQ_180_box0.jpg,BALLYMENA,National,Building-mounted,Ulster Banner,5,2025-08-28 20:54:24.884774+00,May,false,,
0259fa6b-71b9-44c7-aa27-8c825e5d5060,cAJxETgNiKyV5sMKZdvEig_120_box0.jpg,BELFAST_CITY,National,Building-mounted,Union Jack,5,2025-08-13 22:11:59.754797+00,May,false,,
0276329e-6e8b-48c0-a7c0-95333eba19d7,3EzZsfcVixP1AN2Zr4wcGA_000_box0.jpg,BELFAST_CITY,National,Building-mounted,Union Jack,5,2025-08-12 16:16:49.882644+00,Pat,false,,
029433b0-b06d-4540-a0b3-e13d7fb3705e,M_Z70rI3UXd5GF-0EOAkGA_180_box0.jpg,BELFAST_CITY,National,Lamppost-mounted,Union Jack,5,2025-08-14 10:31:57.830923+00,Pat,false,,
02ad541b-8541-4e85-8f47-cf66d2864a05,C5mqBnud_5J0pouJcfin6g_300_box0.jpg,METROPOLITAN_NEWTOWNABBEY,National,Lamppost-mounted,Union Jack,5,2025-08-29 08:41:24.220059+00,May,false,,
02b9518d-efdd-4e33-80a1-a2f8b4f7510a,rwuvklRab6CUVQ1yRLRGJQ_300_box0.jpg,BELFAST_CITY,National,Building-mounted,Union Jack,5,2025-08-15 00:49:18.610681+00,May,false,,
02bfe04d-2991-46ea-a868-048179947867,y6mLTjtMLgOYntvlWEcL1g_300_box0.jpg,METROPOLITAN_NEWTOWNABBEY,National,Lamppost-mounted,Union Jack,5,2025-08-17 14:23:06.349602+00,May,false,,
02dc721e-9e82-46ad-8a5e-55f26989d132,DkfitZ8-YzIXaCKGGjgJBg_120_box0.jpg,CRAIGAVON,National,Building-mounted,Union Jack,5,2025-08-14 11:10:18.063809+00,Pat,false,,
02dda369-25bc-4367-8d34-92242485438a,HLuJXmw5AwH6ZPBogOYzmw_300_box0.jpg,ANTRIM,National,Lamppost-mounted,Union Jack,5,2025-08-14 13:38:07.541354+00,Pat,false,,
02f5c0b5-4cb0-43ed-8b72-ff4140e2e1a9,7pT3OvcWbtk3vPca0QoPGQ_120_box0.jpg,BELFAST_CITY,National,Building-mounted,Ulster Banner,5,2025-08-17 16:52:27.776643+00,May,false,,
02fba344-7ccf-42a6-ad6d-d4eb4a042334,jCXvPmfjmvlGL_nL_HJypg_120_box0.jpg,CRAIGAVON,National,Building-mounted,Union Jack,5,2025-08-13 22:07:13.979729+00,May,false,,
031965cb-e0d7-4260-b53b-033f4488dbc8,fiotsC3G0U1M4iSGMJ5Pbw_300_box0.jpg,LISBURN_CITY,National,Lamppost-mounted,Ulster Banner,5,2025-08-14 13:34:32.890876+00,Pat,false,,
0325bb51-a707-4c51-8302-ac9f671436be,hS4NooGqRSFEgMiRMHmwLw_180_box0.jpg,OMAGH_TOWN,Review,,,,2025-08-13 22:05:49.819573+00,May,true,Unclear image,
03285134-7b39-4477-91f2-5a175342ec85,cqnvtbzUHrcXDO0I6vWbIw_240_box0.jpg,METROPOLITAN_LISBURN,National,Lamppost-mounted,Union Jack,5,2025-08-14 12:45:41.100832+00,Pat,false,,
032fb4a2-36e7-4ec1-aabb-f6ab16ad9d7a,gDmjomLZySyLU7HkX6pCNg_300_box0.jpg,LARNE,National,Building-mounted,Union Jack,5,2025-08-14 12:48:50.688449+00,Pat,false,,
03369a14-d3d0-44c9-a3b0-a99bebf44967,fezP1stg1guuIUm0SGlixg_060_box0.jpg,BELFAST_CITY,National,Building-mounted,Union Jack,5,2025-08-13 22:26:46.125711+00,May,false,,
03382167-27dc-4426-9dc1-0736e7af4f4a,hnIBUB0pLkKSUFi02S0HhA_240_box0.jpg,CARRICKFERGUS,National,Building-mounted,Union Jack,5,2025-08-15 00:50:03.766805+00,May,false,,
033fa812-4c1f-4e7b-8f59-3a077a84c005,fJz24gMTfhQmFOzbO-vG3w_000_box0.jpg,METROPOLITAN_NEWTOWNABBEY,Review,,,,2025-08-12 15:23:40.034278+00,Pat,true,Complex case,
034d0739-5a26-48ec-92ff-260b88060d53,3kbhczDBpB1egIaLj8gHPA_240_box0.jpg,LARNE,National,Pole-mounted (in ground),Union Jack,5,2025-08-14 12:55:03.901867+00,Pat,false,,
03629dfc-39bc-4b8f-afda-aa5124d7c0a6,ayHAzFfVL6gaXu2Q3x2Njg_180_box0.jpg,BELFAST_CITY,National,Building-mounted,Union Jack,5,2025-08-28 20:32:45.014318+00,May,false,,
03633eb4-6bd4-4584-84b4-df32af1c3b63,0NV5Nys-g_6j4FguGvBkNw_120_box0.jpg,METROPOLITAN_CASTLEREAGH,National,Lamppost-mounted,Ulster Banner,5,2025-08-14 11:12:07.53253+00,Pat,false,,
0374d36a-bbc5-477e-a85b-8d5193ca4027,4eqhh_qB0m_8ify9Ik4J2A_300_box0.jpg,DUNGANNON,National,Building-mounted,Union Jack,5,2025-08-14 13:21:18.225247+00,Pat,false,,
03790395-fdde-415b-ade6-34b1a8e841f9,pdamrMlc16GSy7K1TvwwvA_240_box0.jpg,ANTRIM,Review,,,,2025-08-12 16:19:53.672718+00,Pat,true,Complex case,
03beb606-c857-496c-9e8e-8e0e5ef2dd2f,2EaNtK23mnDuAxCZ0zVlcQ_000_box0.jpg,METROPOLITAN_NEWTOWNABBEY,National,Lamppost-mounted,Union Jack,5,2025-08-22 22:05:18.401732+00,May,false,,
03d15348-2a67-48af-8b74-e0e913836d75,ogvERCgUL9LiLjY_YtEOuA_180_box0.jpg,BELFAST_CITY,National,Lamppost-mounted,Ulster Banner,5,2025-08-29 08:38:07.797933+00,May,false,,
03fd5fb8-6eea-46c8-8667-5e93223b95db,kRYtnLCjupvN7nNs0BRzvw_180_box0.jpg,CARRICKFERGUS,National,Lamppost-mounted,Union Jack,5,2025-08-28 19:50:52.971286+00,May,false,,
043a87ca-18d2-4aed-a166-d315fdb61884,SVrJ9GHs2MNRS4AbrknDpg_300_box0.jpg,DONAGHADEE,National,Pole-mounted (in ground),Union Jack,5,2025-08-13 22:38:31.617736+00,May,false,,
043afb61-0237-40ee-accb-7c3f5297167c,3IkQZm598y4tl6CtqzTcWA_300_box0.jpg,BELFAST_CITY,National,Lamppost-mounted,Ulster Banner,5,2025-08-14 14:00:24.138837+00,Pat,false,,
0448db60-69f6-4a7b-9517-45aeab6c4853,gGMdv-hw6qYkdBE4Va1B3A_000_box0.jpg,GREENISLAND,National,Pole-mounted (in ground),Union Jack,5,2025-08-12 15:32:20.392921+00,Pat,false,,
044bb48a-4a33-479c-a640-5e25d306ab98,kuC0wGxvA5zni4lKxUKOGQ_000_box0.jpg,ENNISKILLEN,National,Lamppost-mounted,Ulster Banner,5,2025-08-14 12:42:20.501771+00,Pat,false,,
04595372-6748-4543-871f-cfff336e72b4,yU_BnhIRcrfADP8jIfZRnQ_000_box0.jpg,BELFAST_CITY,National,Lamppost-mounted,Ulster Banner,5,2025-08-28 20:39:31.754862+00,May,false,,
04832c6d-c7df-4e0d-afee-a4eb0291da51,76czHHtaB-yCoFMHUtwJfQ_180_box0.jpg,ARMAGH,National,Lamppost-mounted,Union Jack,5,2025-08-12 16:10:54.883775+00,Pat,false,,
048d4207-e341-4013-8817-ba5dd8660e6a,eZkT2A6VLMKrGjptylwUHw_300_box0.jpg,DUNGANNON,National,Lamppost-mounted,Ulster Banner,5,2025-08-17 18:24:18.216917+00,May,false,,
04a6e0f5-3191-4200-b64c-071683256e44,cHghmYc4XtPZD843ivJFTw_180_box0.jpg,METROPOLITAN_NEWTOWNABBEY,National,Building-mounted,Union Jack,5,2025-08-14 10:26:43.840603+00,Pat,false,,
04a933b7-601b-4f0c-8cf5-3a577654293a,LH5yNWt1u4HOZ35-NmUztA_240_box0.jpg,ANTRIM,National,Building-mounted,Union Jack,5,2025-08-17 15:47:12.726686+00,May,false,,
04bc3fd5-8d65-4ebc-b7ec-9b21c35745a0,D_1IZCuBExfUzvZmX5AtxQ_060_box0.jpg,BELFAST_CITY,National,Building-mounted,Union Jack,5,2025-08-17 16:45:40.758495+00,May,false,,
04ea0123-c70f-4231-8623-98e503d5ab47,PauwjIzoHrPH_xBhGFbZEw_000_box0.jpg,CARRICKFERGUS,National,Building-mounted,Union Jack,5,2025-08-24 10:10:19.679442+00,May,false,,
04ea21ab-b5d6-4f19-b0a4-56e84e66eae7,V1YSvxeb3rRWh1bgkd3z1A_000_box0.jpg,ANTRIM,Fraternal,Lamppost-mounted,Red Hand Defenders,5,2025-08-17 14:25:54.753626+00,May,false,,
04eff67d-1184-419c-9ba1-d61c50f4d0f6,UaBkydKKh4S7B5GALJIFCg_120_box0.jpg,GREENISLAND,National,Building-mounted,Union Jack,5,2025-08-17 16:18:58.384608+00,May,false,,
04f4175b-5237-4c5b-a7da-602e0c8922a2,BiGl0sGsKLtuEBz2_JyybA_240_box0.jpg,BELFAST_CITY,National,Building-mounted,Scottish Saltire,5,2025-08-13 08:28:17.622385+00,Pat,false,,
0516edc5-7c09-4a38-ae6e-758ad8641b89,323q4QO5brUEWtwTmteKIw_300_box0.jpg,PORTRUSH,National,Lamppost-mounted,Union Jack,5,2025-08-29 08:28:16.737542+00,May,false,,
055d64b7-8a61-4cc1-9774-dd01b4f3df10,MlY7OA8InP58BWpbYTh20w_120_box0.jpg,BELFAST_CITY,National,Lamppost-mounted,Union Jack,5,2025-08-14 10:11:11.117199+00,Pat,false,,
0563e517-a4bd-4f02-9c9f-2b335b8699ff,HQbuCIFRw-PoCgUs1C58kA_000_box0.jpg,BELFAST_CITY,National,Building-mounted,Union Jack,5,2025-08-14 13:28:49.714661+00,Pat,false,,
0564606b-3af3-4c37-9a14-d43b462df577,1wdplEk5_5aDFr9PNKS8Xw_240_box0.jpg,METROPOLITAN_NEWTOWNABBEY,National,Lamppost-mounted,Union Jack,5,2025-08-14 14:14:48.538622+00,Pat,false,,
0565a608-ef7f-4138-94d1-93f765be8fc4,4VTy_rO31jp18X1BDw6oXQ_300_box0.jpg,LARNE,National,Building-mounted,Union Jack,5,2025-08-13 08:56:19.737817+00,Pat,false,,
05953895-178e-4747-a144-b342120a0c52,YtkMb2hDlik0ni2w3yJVRA_300_box0.jpg,METROPOLITAN_LISBURN,National,Lamppost-mounted,Ulster Banner,5,2025-08-28 20:31:22.624446+00,May,false,,
05ad81f0-0845-4104-aa4b-d30c62a86ebd,j2h7iPQKJQig9Fkrh3Lpog_060_box0.jpg,ANTRIM,National,Lamppost-mounted,Union Jack,5,2025-08-28 20:11:48.694385+00,May,false,,
05de7a17-4745-4557-9498-dc152d0d57cb,s0B9aL0aiXv-dpusK2m_QA_060_box0.jpg,BELFAST_CITY,National,Lamppost-mounted,Union Jack,5,2025-08-12 15:50:51.110758+00,Pat,false,,
05dea8e6-b8f4-44cb-bea4-c638f73eceb9,XhDWlAn44lF1eaMc2wYd8w_180_box0.jpg,BELFAST_CITY,Review,,,,2025-08-13 08:49:40.201599+00,Pat,true,Unclear image,
05f8f64a-1cc2-4aee-aaba-f1fc935d5823,FIv04HGleI8biOTFWjjknQ_120_box0.jpg,BELFAST_CITY,National,Building-mounted,Union Jack,5,2025-08-12 15:50:00.157868+00,Pat,false,,
06130503-26cb-4130-ae3a-b70e3a2fa0fa,jx8PKWsUu9bN6m1QSm0bog_060_box0.jpg,CRAIGAVON,Review,,,,2025-08-28 20:05:43.409886+00,May,true,Unclear image,
0614adc2-2e6d-4e1d-a536-e2924b1b83d5,LX-T9Bfqer2CBp0evJ4MjA_060_box0.jpg,BELFAST_CITY,National,Lamppost-mounted,Union Jack,5,2025-08-29 08:34:17.93699+00,May,false,,
06258230-c8cb-4144-8e05-35ceaaad1ce4,jatWD3EpaJYYKQaGFBW_yQ_180_box0.jpg,BELFAST_CITY,National,Building-mounted,Union Jack,5,2025-08-13 22:08:44.472245+00,May,false,,
0631a671-61c6-4663-9854-792d9b9f6e14,0QnMYqU6MBkuZt0dSeQZfg_120_box0.jpg,BELFAST_CITY,National,Lamppost-mounted,Union Jack,5,2025-08-14 12:23:09.239668+00,Pat,false,,
063c6b5b-1160-45d4-9e43-d1e5db3b340b,Pla3QGX9XpgxNggJxtNgEQ_240_box0.jpg,BALLYCLARE,National,Building-mounted,Union Jack,5,2025-08-14 10:19:36.439043+00,Pat,false,,
063ec3f5-4252-4104-83d1-0cbb9457c8ad,IW4o9J9RZKFc5HJsn9MlXQ_180_box0.jpg,BELFAST_CITY,National,Lamppost-mounted,Union Jack,5,2025-08-14 14:12:47.825467+00,Pat,false,,
064752e1-8a74-4a51-a05d-c6aed47154c7,6-zC7Kx50fEkR8RSKYging_180_box0.jpg,CRAIGAVON,National,Lamppost-mounted,Union Jack,5,2025-08-15 00:50:48.389425+00,May,false,,
0661e5bd-7956-47fe-a1c9-655c86ec5244,YM2pXzPLBuER-1QJh9-Esw_180_box0.jpg,CRAIGAVON,National,Building-mounted,Union Jack,5,2025-08-12 15:04:27.318021+00,Pat,false,,
0680da2a-642d-4dee-a12b-be19c4055f0d,HIZCU6CB2_orWTuOzii7cA_000_box0.jpg,CRAIGAVON,Sport,Lamppost-mounted,GAA,5,2025-08-14 10:42:07.02375+00,Pat,false,,
068ab3f4-0cfa-4672-b511-ab0b60a01db1,E75fZu-DiFHt7JnpuSHT8g_060_box0.jpg,BELFAST_CITY,National,Lamppost-mounted,Union Jack,5,2025-08-28 20:29:56.15269+00,May,false,,
06df1018-2c43-4866-8d89-653a7010e997,APT_Z4AdsP_y3BrC2AfzPQ_180_box0.jpg,METROPOLITAN_NEWTOWNABBEY,National,Building-mounted,Union Jack,5,2025-08-28 19:55:58.453724+00,May,false,,
06df8881-1b62-466c-aa87-819e7e7152ef,zYWnmwET8CwP5EY6yCc-QQ_120_box0.jpg,LARNE,National,Building-mounted,Union Jack,5,2025-08-28 20:19:38.80863+00,May,false,,
06f19c69-1763-4492-98d7-c3f3b468fa57,M58kQjmParPbzcYY4dO9Sw_180_box0.jpg,BELFAST_CITY,National,Lamppost-mounted,Union Jack,5,2025-08-11 17:45:28.04084+00,Pat,false,,
070537dd-700e-4389-8a2a-b5b2537f6047,4Qi7nMHTCvh5tzF4CxJSjQ_060_box0.jpg,BELFAST_CITY,National,Lamppost-mounted,Union Jack,5,2025-08-14 13:07:25.692058+00,Pat,false,,
0719c296-5ea9-4567-bd2f-1cb6607b2342,nC3C0z3h2vZHWAM7poUzeA_180_box0.jpg,BELFAST_CITY,National,Lamppost-mounted,Union Jack,5,2025-08-17 16:23:40.836423+00,May,false,,
07254085-5216-4015-9b1a-104fe297efc7,_2lf3_t9B4DAbr95_B--lw_240_box0.jpg,METROPOLITAN_CASTLEREAGH,National,Building-mounted,Union Jack,5,2025-08-14 11:10:31.738114+00,Pat,false,,
0748eaab-8637-4f8f-9e39-3db4dc213937,AO-38VQz0VzY9NAansJ2nQ_300_box0.jpg,BELFAST_CITY,National,Building-mounted,Union Jack,5,2025-08-28 20:28:43.707303+00,May,false,,
07576c1b-a7e6-4858-9396-e93e43ee019c,4Jy2GI5-Tq-88gytPoa1ag_000_box0.jpg,CARRICKFERGUS,National,Pole-mounted (in ground),Union Jack,5,2025-08-28 20:21:15.437189+00,May,false,,
075dfe50-d060-4084-b490-075407a34d82,xINl2AqhVGBHWDlM-TPhVA_000_box0.jpg,LARNE,National,Pole-mounted (in ground),Union Jack,5,2025-08-12 15:03:46.014305+00,Pat,false,,
0769b90a-4a18-4f1f-865a-5f890e0c2a93,NajRij5zSfFbJ0VMyVD0kA_000_box0.jpg,BELFAST_CITY,National,Building-mounted,Union Jack,5,2025-08-11 18:24:05.866475+00,Pat,false,,
077d872f-7c58-4a11-aefb-8ca579816a3f,EVGnW1cPIucIkLO0kLQSqg_120_box0.jpg,CRAIGAVON,National,Lamppost-mounted,Ulster Banner,5,2025-08-29 08:21:42.792803+00,May,false,,
077da788-85c3-4cc4-86f1-2b8c5a49e492,B8pk_HGFOAfo2lWp4Ee5HA_120_box0.jpg,BELFAST_CITY,National,Pole-mounted (in ground),Ulster Banner,5,2025-08-12 15:49:24.021129+00,Pat,false,,
0783cb78-34cf-4be0-ab3b-d40080f146ff,YKu5Kh1uqnHv33s3-8AX1A_000_box0.jpg,METROPOLITAN_NEWTOWNABBEY,National,Building-mounted,Ulster Banner,5,2025-08-12 15:54:10.31209+00,Pat,false,,
079dd0f0-69d4-492a-987d-e56388026e14,YorJre0_QSWAj8pnQjEuVg_240_box0.jpg,BELFAST_CITY,National,Lamppost-mounted,Union Jack,5,2025-08-14 09:34:47.113649+00,Pat,false,,
07a99a94-1227-4843-bd5b-3d4feb0e6d33,IysqmNb_x36sQPiyaQlauA_240_box0.jpg,COLERAINE,Review,,,,2025-08-14 11:08:51.769061+00,Pat,true,Unclear image,
07a9a807-e458-4e3f-a6ba-b473048c6659,CeSIdxCocKYaj-RNKpq7fg_180_box0.jpg,BELFAST_CITY,National,Lamppost-mounted,Union Jack,5,2025-08-28 20:05:52.530748+00,May,false,,
07af7359-09d3-48fd-804f-e972345f5a57,5ds3s8GXWrw1F2IR0cnq8g_120_box0.jpg,METROPOLITAN_NEWTOWNABBEY,Review,,,,2025-08-14 13:09:00.037328+00,Pat,true,Complex case,
07afa989-a309-47b3-a971-d533dce56645,tmM3PV6h3tibtti0Q3uqlQ_240_box0.jpg,BELFAST_CITY,National,Lamppost-mounted,Union Jack,5,2025-08-15 20:50:10.132406+00,May,false,,
07b66506-a94c-4816-af14-2e3d49ce1001,ueINPMUk4ykgGUsNluEEhA_120_box0.jpg,HOLYWOOD,National,Building-mounted,Union Jack,5,2025-08-11 18:20:14.747294+00,Pat,false,,
07b75699-34db-43df-83bb-91a576963dba,Pcr0Hkl-7mnp7wDIsvPx1Q_300_box0.jpg,HOLYWOOD,National,Lamppost-mounted,Ulster Banner,5,2025-08-14 10:36:53.960317+00,Pat,false,,
07bf4c8b-2cd2-4de2-b45d-d79e90aa684b,4w4jEFghuBFEnwfjd4QXQQ_240_box0.jpg,BANGOR,National,Lamppost-mounted,Union Jack,5,2025-08-17 18:22:31.759762+00,May,false,,
07f01346-5795-40a5-913d-e59bb459b099,ohewtsopjpliEGDga62wTw_120_box0.jpg,LISBURN_CITY,National,Lamppost-mounted,Union Jack,5,2025-08-13 08:53:53.53391+00,Pat,false,,
07f958fd-77eb-43a6-9f9d-d0b7c5534fa6,F3fRKfc1CpKrMZwoUYoU6w_000_box0.jpg,RANDALSTOWN,Review,,,,2025-08-28 19:43:28.217238+00,May,true,Unclear image,
08056378-1c69-4dbd-9823-d4a2a73bb3b1,zbRLYaNIMnGG_vt6LHGJFw_120_box0.jpg,BALLYMENA,National,Building-mounted,Union Jack,5,2025-08-13 08:25:07.443771+00,Pat,false,,
081e964b-a08a-4c49-bc15-5f8d2923b15d,3rdD53D5SIHHmSNnuS1cEQ_000_box0.jpg,CARRICKFERGUS,National,Building-mounted,Ulster Banner,5,2025-08-22 22:14:32.880936+00,May,false,,
0836936e-9cc8-4638-8530-20b79eac09f3,3WZNWOhYOag2UzQgPB5HuQ_240_box0.jpg,METROPOLITAN_CASTLEREAGH,Proscribed,Pole-mounted (in ground),Other Proscribed,5,2025-08-28 20:49:39.930914+00,May,false,,
084073d9-74b2-48ad-ab49-78ca8a0eee1d,Bq2CmPSL5qKOoNdqAfNyqg_180_box0.jpg,BELFAST_CITY,National,Building-mounted,Union Jack,5,2025-08-13 22:05:30.315053+00,May,false,,
08581ce9-58d9-493f-9a89-80b2e535f07e,FUKmfZP517UR15TpnxkjtA_300_box0.jpg,MOIRA,National,Lamppost-mounted,Union Jack,5,2025-08-28 20:41:18.740984+00,May,false,,
08c7fe56-8393-4d5f-bac8-53da74e167d5,1Tlpsi_5gn3eSfaAAozT8Q_240_box0.jpg,DUNGANNON,Fraternal,Pole-mounted (in ground),Red Hand Defenders,5,2025-08-28 20:11:15.028406+00,May,false,,
08e998b9-4e1b-464c-a889-965e92a69d85,u9rWvaqFSIxE-Qy7dDtflA_240_box0.jpg,METROPOLITAN_CASTLEREAGH,National,Building-mounted,Union Jack,5,2025-08-13 22:09:37.555516+00,May,false,,
09164797-dcdd-4785-a3f2-e0302d879ac9,L9sMj6MKCV6QeLiABKaLaQ_060_box0.jpg,BELFAST_CITY,National,Building-mounted,Union Jack,5,2025-08-29 08:30:59.741001+00,May,false,,
094fa823-cb7c-42ef-a49d-a34d589ce6da,47FwALx6kHaNNtt_g3bzuQ_060_box0.jpg,METROPOLITAN_NEWTOWNABBEY,Review,,,,2025-08-14 13:54:46.537963+00,Pat,true,Complex case,
098da62d-d125-4cf3-92a5-97ba40d59c50,vqxyDg5Smwk0JUDivX3W9w_180_box0.jpg,BALLYCLARE,National,Lamppost-mounted,Ulster Banner,5,2025-08-28 19:59:31.252623+00,May,false,,
0990f874-b216-4bb5-8a57-b737ab658012,dtbbRGRBFipVC89wEO2MlQ_180_box0.jpg,METROPOLITAN_CASTLEREAGH,National,Building-mounted,Union Jack,5,2025-08-14 12:47:55.429532+00,Pat,false,,
09adc4b1-baa1-4524-91ad-1403fd97c01f,v2-_GjgxXmcY4Xw6dVtWVw_060_box0.jpg,BELFAST_CITY,National,Lamppost-mounted,Ulster Banner,5,2025-08-15 00:39:14.2384+00,May,false,,
09b956fc-0bc9-491e-a3fb-899d840c0cf2,6qKUzPHbVhysy-RJooOX6Q_240_box0.jpg,BELFAST_CITY,National,Building-mounted,Ulster Banner,5,2025-08-22 22:05:52.667301+00,May,false,,
09ced461-6533-450e-8864-d110fa716add,MmRQ3DT1qHzIUlkqJr-tlA_000_box0.jpg,PORTRUSH,National,Lamppost-mounted,Union Jack,5,2025-08-28 20:44:58.94623+00,May,false,,
09f4df27-1e49-4af5-924f-34f07af18a99,wWGSyFy5YQc48fKuGKKRdQ_000_box0.jpg,BELFAST_CITY,National,Building-mounted,Union Jack,5,2025-08-11 18:09:58.128025+00,Pat,false,,
09fd7d47-696a-486a-9de3-499d801e58d0,jUAgIeO4985RnU8WBo0LIw_240_box0.jpg,CARRICKFERGUS,National,Building-mounted,Union Jack,5,2025-08-13 09:07:05.323335+00,Pat,false,,
0a080e4e-7763-4a9d-ac9d-ee33c13973ea,ReYXr3s-p6NjL65RTKRV1Q_180_box0.jpg,CRAIGAVON,Fraternal,Pole-mounted (in ground),Orange Order,5,2025-08-17 18:21:40.431467+00,May,false,,
0a307552-8748-4b24-b304-8428cf8ad261,cREIFHFLS_C1w1wTVwI5JA_120_box0.jpg,CARRICKFERGUS,National,Building-mounted,Union Jack,5,2025-08-29 08:37:31.901262+00,May,false,,
0a417904-759c-44d3-bce0-726a3740c670,3UhJEtDd7lgFd5mTHNBGTA_240_box0.jpg,CRAIGAVON,National,Lamppost-mounted,Union Jack,5,2025-08-29 08:22:24.745347+00,May,false,,
0a4be446-da3c-40e7-88e0-d093940c3640,_hlUIRDFKI3mcfaqfJ04pA_120_box0.jpg,ARMAGH,National,Lamppost-mounted,Union Jack,5,2025-08-29 08:29:52.989013+00,May,false,,
0a4c33b3-3ed8-4999-8586-ccfa794f7b01,OI3fqnFd5HDjnsw2_DGIhA_120_box0.jpg,BELFAST_CITY,National,Building-mounted,Union Jack,5,2025-08-12 16:14:54.744327+00,Pat,false,,
0a50c44e-3b93-4232-b33e-e16f60c4d4bd,UZMSIN6jMdZg1tTF9IDjEA_240_box0.jpg,NEWRY,International,Lamppost-mounted,Other International,5,2025-08-13 22:26:29.929094+00,May,false,,
0a5b686e-ee1e-4a92-8339-23dde62821ee,YofzfXZ71gCDOop8Sxc9_w_180_box0.jpg,BELFAST_CITY,Review,,,,2025-08-13 21:56:31.959806+00,May,true,Not a flag,
0a6c4e5c-43bb-45aa-b89b-88fd67c70060,doy1mL6Srtrvskh8tSM27A_300_box0.jpg,LISBURN_CITY,National,Building-mounted,Union Jack,5,2025-08-17 16:15:48.951942+00,May,false,,
0a87df60-8208-4158-8cba-01820e13d35b,C0s5UhhDw09o7aiaqr7mTw_180_box0.jpg,BELFAST_CITY,National,Building-mounted,Union Jack,5,2025-08-13 09:11:21.907016+00,Pat,false,,
0a9936f1-d540-425b-ad8b-2a9e0a266770,SwD1irf0QWx_IqWAfaTfqw_300_box0.jpg,BELFAST_CITY,Sport,Lamppost-mounted,GAA,5,2025-08-22 22:02:30.991848+00,May,false,,
0aa387d7-7717-4101-a122-99a221bd62be,tS1Wx8JK4G5LGkZOtP2a0Q_300_box0.jpg,BELFAST_CITY,Review,,,,2025-08-14 10:40:58.065692+00,Pat,true,Complex case,
0ad0297c-9992-494a-b205-5e322b46dcf7,axRSAHByzmqRf1c8qvUirQ_060_box0.jpg,DUNGANNON,National,Building-mounted,Union Jack,5,2025-08-11 18:07:20.952576+00,Pat,false,,
0ad15543-6f2a-433d-b801-40d302d1be6e,zpQprc03odWifc06jJFr-A_120_box0.jpg,BELFAST_CITY,National,Building-mounted,Union Jack,5,2025-08-13 09:05:33.095111+00,Pat,false,,
0ad1881e-829e-456a-a79f-2f6b97da4e12,3Ta6UG4rzX3c23aaDU06zw_180_box0.jpg,BELFAST_CITY,National,Lamppost-mounted,Union Jack,5,2025-08-14 13:57:03.042484+00,Pat,false,,
0ad61c15-61bc-47c5-9825-10603b9fa3b4,n2er0MUABfJcbOZ4rBTaLw_300_box0.jpg,MOIRA,National,Lamppost-mounted,Ulster Banner,5,2025-08-14 14:14:07.021523+00,Pat,false,,
0ae9e5cc-5935-44b4-80bf-4c468f414e25,GXI9V9I58cS3KTfqbZq9gg_060_box0.jpg,LARNE,National,Building-mounted,Union Jack,5,2025-08-13 22:07:32.378114+00,May,false,,
0b04e422-af2d-48a8-b873-43fd22c6f7cb,aMjCPQg8vxeTE4Jv1r4jEw_180_box0.jpg,BELFAST_CITY,National,Building-mounted,Ulster Banner,5,2025-08-12 15:07:16.932617+00,Pat,false,,
0b09ce54-c5b6-4497-8930-d78d3f7cafe7,xsFyIjhYUyXnsLcqEFfDgg_300_box0.jpg,BELFAST_CITY,National,Building-mounted,Ulster Banner,5,2025-08-12 15:16:22.65716+00,Pat,false,,
0b126c72-5e25-4703-92a8-a50d4afc3a00,_bK-4zKx3eo-q_EO0BBBfA_240_box0.jpg,GREENISLAND,National,Pole-mounted (in ground),Union Jack,5,2025-08-12 16:18:33.773533+00,Pat,false,,
0b218073-24be-4a40-b7bf-50b261fc4c93,X_j2f0rV5gERq72h9oOcCg_060_box0.jpg,DERRY_CITY,National,Lamppost-mounted,Ulster Banner,5,2025-08-15 00:28:03.190558+00,May,false,,
0b541dd7-a9fe-4a3d-be40-daf56e3a780c,zX9Ql2ACLTnO5EfOKKg55g_060_box0.jpg,COMBER,National,Pole-mounted (in ground),Union Jack,5,2025-08-14 10:49:27.214625+00,Pat,false,,
0b7ded43-0b83-4b45-b2dc-069c3e702006,V6CoBU7eYPN37a2sBxt7BQ_000_box0.jpg,BELFAST_CITY,National,Lamppost-mounted,Union Jack,5,2025-08-14 12:38:02.751388+00,Pat,false,,
0b874b35-a54a-4f2a-8876-6f51e65a6d4a,Xf0wHyrihmTpsCZMSIYTqg_180_box0.jpg,CARRICKFERGUS,National,Building-mounted,Union Jack,5,2025-08-15 20:58:05.971173+00,May,false,,
0bb6e5d9-5b2b-4bae-8834-e11e85d5f8f5,SAjblzALOr8jguBWWVKpGQ_000_box0.jpg,BELFAST_CITY,National,Building-mounted,Union Jack,5,2025-08-17 16:58:20.222371+00,May,false,,
0bbf7582-b375-43e0-a4ac-2b35f8d4d57a,6nrh9857GWNMH3e7xgUWMg_180_box0.jpg,BELFAST_CITY,National,Building-mounted,Union Jack,5,2025-08-29 08:18:56.417533+00,May,false,,
0bc83ec4-986c-4fdf-aeef-ad297110fd40,x_R2SgfVHSccskE68GWUxg_180_box0.jpg,LISBURN_CITY,Review,,,,2025-08-14 11:04:41.967435+00,Pat,true,Unclear image,
0bca1b4a-9846-4b7a-b4ad-172f0f224667,2vMmXgFTqk39AA7PErS2OA_240_box0.jpg,BELFAST_CITY,National,Pole-mounted (in ground),Union Jack,5,2025-08-13 22:01:10.751408+00,May,false,,
0bca42cf-9b0d-4050-b222-eca9ea2a7f7a,wbZ5497G3bmNSO2QZ5ckPg_300_box0.jpg,BELFAST_CITY,National,Lamppost-mounted,Union Jack,5,2025-08-14 12:57:26.754133+00,Pat,false,,
0bcda04c-c80e-4be2-aa58-ec44bcd3dcda,t7Xocm8Hy2WgXqL8_bsnVg_180_box0.jpg,BALLYMENA,National,Pole-mounted (in ground),Ulster Banner,5,2025-08-14 12:27:52.96269+00,Pat,false,,
0bdde93d-11d3-4d00-83e7-a87d29dcdffa,CluybccKl9m2LFwVpHcRTg_180_box0.jpg,BELFAST_CITY,National,Lamppost-mounted,Union Jack,5,2025-08-22 22:28:56.181852+00,May,false,,
0be8e390-fe67-4c3d-b774-d4db4dd4fc8c,8laRr-uc2kdYh81Xikz2ZQ_120_box0.jpg,GREENISLAND,Proscribed,Lamppost-mounted,Other Proscribed,5,2025-08-14 10:25:17.856639+00,Pat,false,,
0bf97814-6e66-427d-9738-15aff9697170,exSgwqc40ZBGISwokVRDag_060_box0.jpg,CARRICKFERGUS,National,Building-mounted,Union Jack,5,2025-08-12 15:14:39.879604+00,Pat,false,,
0bffc90e-817a-404f-b315-27ea2f025503,qSW4RK-aKM9i5uH0khmnFg_240_box0.jpg,LISBURN_CITY,National,Pole-mounted (in ground),Union Jack,5,2025-08-13 16:22:52.729455+00,Pat,false,,
0c03f4c3-2c36-4c38-b481-a9f563f0e197,bxrhAewo821oIoc46Nr3LA_240_box0.jpg,GREENISLAND,National,Building-mounted,Ulster Banner,5,2025-08-14 09:35:46.285834+00,Pat,false,,
0c389b0e-5368-48c3-b318-74688aed5811,Hh3fQMXlf_MwY_77bTRWWQ_180_box0.jpg,METROPOLITAN_NEWTOWNABBEY,National,Building-mounted,Union Jack,5,2025-08-17 16:01:13.251943+00,May,false,,
0c3d4517-5734-44ab-8bea-5ea17d59b1ac,eIXRcCris7uSOuymMP0eHA_060_box0.jpg,MOIRA,National,Lamppost-mounted,Union Jack,5,2025-08-14 11:07:48.661435+00,Pat,false,,
0c4e7d84-e014-44dd-ab7d-a5def972c129,q-eSEkliH1tM9tIF93kVzg_180_box0.jpg,CARRICKFERGUS,Review,,,,2025-08-17 18:22:13.349981+00,May,true,Unclear image,
0c4f37bf-2ea0-490a-b7a2-3d889360022c,Yv-eGy_zO4c2gSAO11YmKA_000_box0.jpg,BELFAST_CITY,National,Pole-mounted (in ground),Ulster Banner,5,2025-08-17 17:07:13.439917+00,May,false,,
0c528cf3-01a5-442e-ac25-4d4860655186,NiOFOEAUz1yGqBjd_ugdlw_180_box0.jpg,ANTRIM,National,Building-mounted,Union Jack,5,2025-08-11 18:24:52.938132+00,Pat,false,,
0c5ca140-0d8d-4036-b210-2189208e21c4,BuRRX9DOPI9YUUZSTyvXzg_060_box0.jpg,COLERAINE,National,Lamppost-mounted,Ulster Banner,5,2025-08-29 08:44:27.854282+00,May,false,,
0c91d8cc-4d20-40dc-b5f7-d06e70447fb2,-oMxxSB9I-_LBRggjh8UsA_120_box0.jpg,BELFAST_CITY,National,Building-mounted,Union Jack,5,2025-08-28 20:52:32.095102+00,May,false,,
0c93ed3f-db09-46b5-b2be-ac23ed34b835,IPakhaz715izcnbI2ObrJg_240_box0.jpg,BELFAST_CITY,National,Pole-mounted (in ground),Irish Tricolor,5,2025-08-12 15:04:03.600001+00,Pat,false,,
0cc6bb3a-b328-4fc9-9387-63391c3aa1b4,emAi2XudR10SF82Ss-ILsA_120_box0.jpg,NEWTOWNARDS,Fraternal,Building-mounted,Apprentice Boys,5,2025-08-13 22:31:30.43036+00,May,false,,
0cce0754-3d8f-472a-b605-351a35226801,W3RZ3szy8ttmc09PgrBQ_w_300_box0.jpg,ARMAGH,National,Pole-mounted (in ground),Union Jack,5,2025-08-14 10:57:23.24955+00,Pat,false,,
0cce326b-c7b6-4a5d-b7f0-89da0e1ad156,7_fyxqc6yaojHNAoFb13cw_000_box0.jpg,GREENISLAND,National,Lamppost-mounted,Union Jack,5,2025-08-14 10:28:51.38136+00,Pat,false,,
0cd3f681-eb32-4201-8d07-2e57d0deb125,DgEJNvRBVT4IpsEeYpoPmg_000_box0.jpg,LISBURN_CITY,Review,,,,2025-08-13 16:20:05.871509+00,Pat,true,Complex case,
0ce24fe6-9851-4fe8-ab81-46f92c7d7cca,J0f3lX4jxun5XSqd0JuCLg_120_box0.jpg,LARNE,National,Lamppost-mounted,Union Jack,5,2025-08-14 09:43:30.265241+00,Pat,false,,
0ce7dd02-00ce-4ac4-bf57-ba33f3fbf14d,3Re4pekjT8KnbktrR8TSzg_300_box0.jpg,BALLYCLARE,National,Lamppost-mounted,Ulster Banner,5,2025-08-15 00:41:13.921784+00,May,false,,
0ce8e85a-9743-414d-93df-5eeb03fbb08c,V6CoBU7eYPN37a2sBxt7BQ_060_box0.jpg,BELFAST_CITY,National,Pole-mounted (in ground),Ulster Banner,5,2025-08-28 20:46:33.473392+00,May,false,,
0cf388a8-1e87-4874-996e-096e72e840a1,5tKODgX-wW7y5GrPF2PEbA_300_box0.jpg,METROPOLITAN_LISBURN,National,Lamppost-mounted,Union Jack,5,2025-08-15 00:29:12.544187+00,May,false,,
0d01bc69-ce9d-491a-9d35-653fa33eaeff,7LujzmRE7KUwGqGP1yQeXQ_000_box0.jpg,BELFAST_CITY,National,Building-mounted,Union Jack,5,2025-08-14 12:22:46.758102+00,Pat,false,,
0d2158d1-2b33-4ec3-9444-f9e249b6daee,KGBsUS1ILhd3-QvJxD_ILw_300_box0.jpg,LARNE,National,Lamppost-mounted,Ulster Banner,5,2025-08-13 08:51:31.844594+00,Pat,false,,
0d2a88c2-7916-4c77-ade9-5053c9b933c3,T-qfT4d0Kqn7E4DxlIbrRg_000_box0.jpg,CRAIGAVON,National,Lamppost-mounted,Union Jack,5,2025-08-11 18:16:13.12763+00,Pat,false,,
0d435d4b-4e63-4b4c-8193-8a88a4cb1522,LYW7Zw8Y8Wb8-KV28CSo8g_000_box0.jpg,DROMORE_BANBRIDGE,National,Lamppost-mounted,Ulster Banner,5,2025-08-14 12:54:24.449704+00,Pat,false,,
0d4aeb9d-4d21-440a-92f9-d266f9dce44c,dePC1588bJH2MN-DfsWSnA_180_box0.jpg,COLERAINE,National,Lamppost-mounted,Ulster Banner,5,2025-08-15 20:55:31.203199+00,May,false,,
0d7089ee-466a-46ee-bad3-32afc5649059,2ICY8QSznynWMbL5NpLhIA_180_box0.jpg,BELFAST_CITY,National,Building-mounted,Union Jack,5,2025-08-12 16:16:28.780282+00,Pat,false,,
0d79102a-f7b7-492f-b9d3-0822c98b614b,gXzS2k0R_2nAIMgJ72FcNw_240_box0.jpg,ENNISKILLEN,National,Building-mounted,Union Jack,5,2025-08-13 08:49:05.409798+00,Pat,false,,
0d798ac5-4959-44b0-8db9-f473590c4f3e,KCpxW7X-IbiOmHHV95cn9A_240_box0.jpg,BELFAST_CITY,Review,,,,2025-08-14 09:23:58.512687+00,Pat,true,Other,
0da576ba-4d75-4c15-a9fa-b8b3c3bbdace,DrJBBOLSv5p8PYN9taUStA_000_box0.jpg,METROPOLITAN_NEWTOWNABBEY,National,Lamppost-mounted,Union Jack,5,2025-08-14 12:27:01.481695+00,Pat,false,,
0dea62f3-9fc8-4042-8cf6-9b8c3bc1ea0f,9uWh5DayURhQTeX_fcZJOQ_120_box0.jpg,BELFAST_CITY,National,Lamppost-mounted,Union Jack,5,2025-08-13 08:24:57.128566+00,Pat,false,,
0df31ca6-994a-4a39-9efc-a6b0242924b2,g3ajQDo6nS8BOy7QNloF_w_180_box0.jpg,BELFAST_CITY,National,Lamppost-mounted,Union Jack,5,2025-08-14 13:28:55.049981+00,Pat,false,,
0df40ebc-03c8-4e65-924c-1345e3a9174c,2YdMO9RoB0XHIgi2L5FcsQ_000_box0.jpg,LISBURN_CITY,National,Lamppost-mounted,Union Jack,5,2025-08-14 09:30:34.726514+00,Pat,false,,
0df89000-e3a1-4ee5-98dd-7d1c0a27c837,0Uvr2YHJqh_oA6JIFyEaFg_180_box0.jpg,BELFAST_CITY,National,Lamppost-mounted,Union Jack,5,2025-08-13 08:53:47.787054+00,Pat,false,,
0e125bd6-1046-41c1-aa23-d17ac2593a03,4usYx2UCmqrok4IJjyq7iQ_240_box0.jpg,CRAIGAVON,Review,,,,2025-08-13 22:55:37.552966+00,May,true,Not a flag,
0e13831c-e5eb-4643-a551-248170b99948,t6GjlqXYZKOsNdLM_lGEwQ_300_box0.jpg,BELFAST_CITY,National,Lamppost-mounted,Union Jack,5,2025-08-15 00:29:06.687675+00,May,false,,
0e18a5cf-f3c0-412f-bbbc-a2ccc6ca7d05,nC6Nbm5jb_4-WyCbevg6Fg_300_box0.jpg,LARNE,National,Building-mounted,Ulster Banner,5,2025-08-14 12:53:01.086744+00,Pat,false,,
0e1906e3-da44-48d7-aa79-585aa1462d02,to-9gbBCFphyLzIUgV7rQw_240_box0.jpg,METROPOLITAN_LISBURN,National,Lamppost-mounted,Union Jack,5,2025-08-14 11:08:03.686276+00,Pat,false,,
0e333955-d864-407d-9c48-23e4e378d255,ka_V76ZGKj7j_hNzLfZcMQ_180_box0.jpg,BELFAST_CITY,National,Building-mounted,Union Jack,5,2025-08-12 15:55:15.696697+00,Pat,false,,
0e431177-8d9e-4e49-a96e-67fcf4fbaeb6,KT0ZLHW4dojUdbP2uwUeMg_300_box0.jpg,MAGHERAFELT,Proscribed,Pole-mounted (in ground),YCV,5,2025-08-28 20:38:44.416748+00,May,false,,
0e435174-cc2b-49f1-945f-463fa9d4f6e9,hGRpsp551xNVmzpUU-3cFg_000_box0.jpg,METROPOLITAN_LISBURN,National,Building-mounted,Union Jack,5,2025-08-17 15:41:36.671821+00,May,false,,
0e4c87c2-8d5c-4448-8aa6-37ec3d84a618,L9sMj6MKCV6QeLiABKaLaQ_300_box0.jpg,BELFAST_CITY,National,Lamppost-mounted,Union Jack,5,2025-08-13 16:26:11.0118+00,Pat,false,,
0e4d8a56-ef06-4a76-b032-8b284f555382,787dUPyzs5K1dZ9ryn9iOw_240_box0.jpg,METROPOLITAN_LISBURN,National,Building-mounted,Ulster Banner,5,2025-08-11 18:20:04.410676+00,Pat,false,,
0e6ebc69-4360-4bb6-acc1-54878b62e5bd,YA6UsP3la4Olcnmg8UftJA_000_box0.jpg,BALLYCLARE,Proscribed,Lamppost-mounted,YCV,5,2025-08-29 08:16:36.739921+00,May,false,,
0e82bc0b-41f4-40ab-98dc-ddf1135a28e7,eaGZ97vdXSznaQ_eA9hWIw_000_box0.jpg,METROPOLITAN_CASTLEREAGH,National,Building-mounted,Ulster Banner,5,2025-08-13 22:12:52.045116+00,May,false,,
0e91681a-efad-4ff4-aad8-682647d0b062,zPwtl-nIylsXHEU869stTw_120_box0.jpg,CARRICKFERGUS,National,Pole-mounted (in ground),Union Jack,5,2025-08-14 09:24:07.253079+00,Pat,false,,
0e93c7d0-feef-4407-82d8-e08f72e48449,qJjheSqLRlP1Nwomzd9rGw_120_box0.jpg,BELFAST_CITY,National,Lamppost-mounted,Union Jack,5,2025-08-12 15:53:47.453966+00,Pat,false,,
0ea91bc9-e503-49ab-9bec-4bf16d5de71a,roPTxDXSZfhOM9KrbrxeUQ_060_box0.jpg,BELFAST_CITY,National,Lamppost-mounted,Union Jack,5,2025-08-22 22:08:08.569969+00,May,false,,
0ed49f84-abb2-4fd2-a14a-501c9ec21ecf,KikCb8UFJXCX6NIGDroOyw_000_box0.jpg,ANTRIM,National,Building-mounted,Ulster Banner,5,2025-08-11 18:22:56.996088+00,Pat,false,,
0ee1f076-da36-41dd-8287-388ad081303a,1BsUX89IZpEZKuxBP-SQrA_180_box0.jpg,LISBURN_CITY,National,Lamppost-mounted,Union Jack,5,2025-08-29 08:53:56.837013+00,May,false,,
0ef03a94-cc19-47e5-9f3a-59354e9a0df2,QRQWaSMBLudT_-NlE1NjBQ_240_box0.jpg,BELFAST_CITY,National,Lamppost-mounted,Union Jack,5,2025-08-14 13:10:32.89438+00,Pat,false,,
0f05ee5e-aa74-4515-aba5-3270ff9090d2,1hlyW5gy965OQqlLxun6Qg_180_box0.jpg,HILLSBOROUGH_AND_CULCAVY,Review,,,,2025-08-12 15:45:16.757498+00,Pat,true,Complex case,
0f0a0712-2aad-4646-b9b1-13099eec8377,-oocaCXE25nN-osFZBPDyA_300_box0.jpg,LARNE,National,Building-mounted,Union Jack,5,2025-08-12 14:59:55.491308+00,Pat,false,,
0f1c8b55-5608-40c5-9049-6adcc8c52df9,GQMbE8OHlwSeWyJqugIqng_300_box0.jpg,BELFAST_CITY,National,Lamppost-mounted,Union Jack,5,2025-08-14 12:36:54.577139+00,Pat,false,,
0f1f2ec2-49f3-4b74-9441-792aaedb87ed,BZ3jOLBTgxjGlZb8xiH0rQ_300_box0.jpg,BELFAST_CITY,National,Building-mounted,Union Jack,5,2025-08-12 16:13:25.527885+00,Pat,false,,
0f24af87-5c30-4521-bb19-6d2d6a7d4a23,cFisiCPp2S2ApKdk9VzioQ_300_box0.jpg,BANGOR,Proscribed,Building-mounted,Other Proscribed,5,2025-08-15 00:48:32.383756+00,May,false,,
0f388bdb-c6eb-4e1c-8390-1939758054cb,XOzlYa7hjJteTDTbtDLbZA_060_box0.jpg,BANGOR,National,Building-mounted,Union Jack,5,2025-08-22 22:05:02.784088+00,May,false,,
0f40909d-9110-46d9-aca7-9c76884dae92,h7U6To4-NmabJwgYXspllw_120_box0.jpg,BELFAST_CITY,National,Lamppost-mounted,Union Jack,5,2025-08-14 10:57:29.934683+00,Pat,false,,
0f464f68-9b49-4c4e-a764-213a99f20dde,NvUY0H19VEcv1zFsVvH-YQ_180_box0.jpg,CRAIGAVON,National,Building-mounted,Union Jack,5,2025-08-13 22:50:39.358431+00,May,false,,
0f620bc8-1331-4ef5-8d7c-2306ea9a781b,lbxwueQsqk4H-RgV7d4yIw_240_box0.jpg,BELFAST_CITY,Review,,,,2025-08-13 22:32:29.313694+00,May,true,Not a flag,
0f666285-b78c-4938-b35a-2934a15d7606,8SSDymoO-0sJ_xRlRMtRxg_300_box0.jpg,COLERAINE,National,Building-mounted,Union Jack,5,2025-08-12 14:58:28.548574+00,Pat,false,,
0f79f884-0733-44ac-8c92-f5c9719821ca,ZiJDauVFAOWljzxf98tZQQ_000_box0.jpg,ENNISKILLEN,National,Lamppost-mounted,Union Jack,5,2025-08-14 12:34:01.703657+00,Pat,false,,
0fb4dca4-c069-4f43-954c-388284680b68,aUNo5yPX0ftK8Ntthmt8Gg_180_box0.jpg,BELFAST_CITY,National,Lamppost-mounted,Union Jack,5,2025-08-29 08:24:33.260901+00,May,false,,
0fde6eaa-4dae-4f2b-b1f0-6dd755c1d4e5,6zNboJisejHoUe_1BVhNZg_120_box0.jpg,BALLYMENA,National,Lamppost-mounted,Union Jack,5,2025-08-17 15:35:50.876143+00,May,false,,
0fe81982-c741-400a-b1f0-65cf9db99f35,sLXrhN-WzQXKCiyzztMehA_180_box0.jpg,BELFAST_CITY,Review,,,,2025-08-11 18:23:14.804713+00,Pat,true,Complex case,
100a38c5-e5fb-43d4-973c-e6265664dbea,vafZ8HdcozEoYnL7qJxKDA_060_box0.jpg,BELFAST_CITY,National,Lamppost-mounted,Union Jack,5,2025-08-15 20:53:41.114962+00,May,false,,
1010bfc4-9005-4011-b70f-5c308685e172,nWBabJOrSyTM5TuxFsNH3Q_240_box0.jpg,BELFAST_CITY,National,Lamppost-mounted,Ulster Banner,5,2025-08-12 15:56:57.478186+00,Pat,false,,
1026c532-d30c-41d2-90c1-9816e650891b,GmnTBUP3mu1biFNauEF45g_240_box0.jpg,LISBURN_CITY,Review,,,,2025-08-14 13:44:11.412894+00,Pat,true,Unclear image,
105494d5-08bb-4134-b8b4-4969d6d1a29b,Z2jadd2fUW5FnxeQ3mjq3Q_240_box0.jpg,BALLYMENA,National,Lamppost-mounted,Union Jack,5,2025-08-14 13:51:33.433332+00,Pat,false,,
105a204e-ec7d-45c7-8124-249c537ce45c,SlUMQgRZpJRAg5tAlq_u7A_180_box0.jpg,BALLYMENA,National,Building-mounted,Ulster Banner,5,2025-08-28 19:48:30.651173+00,May,false,,
106318f8-1697-43c0-9af9-9d2b0d44e460,Si0-rMNVENRqiYvt1UdVRw_120_box0.jpg,BALLYMONEY,National,Lamppost-mounted,Union Jack,5,2025-08-13 22:42:37.312945+00,May,false,,
106a4ffa-cf04-4806-8928-9d131d81a44c,DjAFSRfsFuvls8weDWsZPw_180_box0.jpg,CRAIGAVON,National,Lamppost-mounted,Union Jack,5,2025-08-13 16:34:06.561379+00,Pat,false,,
10791064-c008-423a-8dcc-dba85269f30a,ddLNy3yckL1mYuA7H9n9YQ_240_box0.jpg,BELFAST_CITY,Review,,,,2025-08-14 12:27:26.767661+00,Pat,true,Complex case,
107cf509-7f49-4285-8b17-062b4212baa6,I86vkimO6h60dTOGYOVc8Q_000_box0.jpg,MAGHERAFELT,National,Pole-mounted (in ground),Union Jack,5,2025-08-12 16:12:24.914105+00,Pat,false,,
10878780-6ebb-44ce-a4e6-76d746944fab,_paoM1l5H08uYZMu8InyFQ_180_box0.jpg,BELFAST_CITY,National,Lamppost-mounted,Ulster Banner,5,2025-08-13 22:48:36.72595+00,May,false,,
1088a2d2-ee15-412c-a4a8-2065afea37aa,ZSNVobMbGxYCzQdg3UJjbA_180_box0.jpg,BELFAST_CITY,National,Lamppost-mounted,Ulster Banner,5,2025-08-14 10:23:13.228921+00,Pat,false,,
108ad6c5-8280-41a9-9d0b-a37626128937,2O_VMFz2dV6aMMwK9z8Epw_120_box0.jpg,CRAIGAVON,Review,,,,2025-08-14 09:18:29.258137+00,Pat,true,Unclear image,
1096582a-6380-49d6-971f-09ebfb268085,IV4S1Uy-752RPCtF5C07PA_060_box0.jpg,CRAIGAVON,National,Building-mounted,Ulster Banner,5,2025-08-13 08:44:49.108214+00,Pat,false,,
10bc338a-ec8e-470e-8dd1-802e39e70c8c,L_U_4jqq33Oi9OWN6EBVGw_300_box0.jpg,BELFAST_CITY,National,Building-mounted,Union Jack,5,2025-08-17 16:50:18.783964+00,May,false,,
10c9cd9c-0e5c-4022-9e30-ca4459ff49b4,Z5czDmqdY-5EN3rfmTcnfA_240_box0.jpg,METROPOLITAN_NEWTOWNABBEY,National,Pole-mounted (in ground),Union Jack,5,2025-08-14 09:34:42.047606+00,Pat,false,,
1139e0d4-1163-4bb5-b31c-996008538b55,BOvUsSKsKdDQTc_fGqi0Vw_240_box0.jpg,CRAIGAVON,Review,,,,2025-08-12 15:53:08.861372+00,Pat,true,Unclear image,
1142efc3-c844-472f-aa1a-ce47b971008e,Rg58_4WuDcxv2qZi54zv-w_060_box0.jpg,LISBURN_CITY,National,Pole-mounted (in ground),Union Jack,5,2025-08-14 09:30:27.937529+00,Pat,false,,
114b663c-400e-4580-8f08-c3f3b9565e7b,tK6rGj023BKtWPHw53YDZw_000_box0.jpg,CARRICKFERGUS,National,Building-mounted,Union Jack,5,2025-08-14 11:06:30.369234+00,Pat,false,,
115f3f77-3f77-4e94-b4af-9fa89867a120,8pSdbKHx8u1eofI7KJhteg_120_box0.jpg,CARRICKFERGUS,National,Building-mounted,Ulster Banner,5,2025-08-11 18:03:33.949579+00,Pat,false,,
1160b9f5-7de4-455d-8dbb-23327ecc3bb0,2TFHfDPtsSngRWrRhYwZfw_060_box0.jpg,OMAGH_TOWN,National,Pole-mounted (in ground),Union Jack,5,2025-08-12 15:52:09.347283+00,Pat,false,,
116f15f9-ab39-4725-8f2a-537ffb4f134e,gR9ZawktXxp-KSeGBmyYAQ_000_box0.jpg,METROPOLITAN_NEWTOWNABBEY,National,Building-mounted,Union Jack,5,2025-08-13 16:22:21.94554+00,Pat,false,,
11a4263b-59f8-4b77-91e0-c4e9128d139e,CRcWZEHz-nM1AgTKs3Dd-g_060_box0.jpg,COLERAINE,National,Lamppost-mounted,Union Jack,5,2025-08-28 19:44:34.730414+00,May,false,,
11e0678b-0acf-4d52-b0be-c9194139e8d7,uREiq4eXUra8Bu_ZSGlYOw_240_box0.jpg,BALLYCLARE,National,Building-mounted,Union Jack,5,2025-08-12 16:09:51.548932+00,Pat,false,,
11ee2ae4-ecf8-4866-a008-8f9ba28de844,EfZN5RLlcODb_zF18cGVzg_120_box0.jpg,BALLYMENA,National,Building-mounted,Union Jack,5,2025-08-14 13:50:35.367367+00,Pat,false,,
11f164ba-0948-40b7-b7e1-e478800311ec,UFtpolwLPuBxAgEIOsTg3A_120_box0.jpg,BELFAST_CITY,National,Lamppost-mounted,Ulster Banner,5,2025-08-14 13:48:38.901174+00,Pat,false,,
12013cde-606e-4ceb-ac92-eb327cfc45cd,43TFSuC0SIeN7z16u6Uzrg_300_box0.jpg,LISBURN_CITY,National,Building-mounted,Union Jack,5,2025-08-13 16:20:28.299682+00,Pat,false,,
12298327-bc6c-4c90-a2df-9f72c0aed81f,5xoEjOdxInQOJHRIgC3tbg_000_box0.jpg,CARRICKFERGUS,National,Building-mounted,Union Jack,5,2025-08-28 20:39:51.540865+00,May,false,,
1254ad7b-5915-4e38-9374-3d652fea13f5,LqToTPMkKebrkeCOJFg1uA_240_box0.jpg,METROPOLITAN_NEWTOWNABBEY,Proscribed,Building-mounted,YCV,5,2025-08-12 15:09:07.722354+00,Pat,false,,
127666b5-263e-477e-adda-904f1b27249f,NIr17urFJ5dhirdcUFWi0g_300_box0.jpg,BALLYMONEY,National,Lamppost-mounted,Union Jack,5,2025-08-13 22:50:24.440191+00,May,false,,
12820c9b-4a3e-4a17-b696-24425b943be7,bDD9VVGTxf30CiG6VOFTKw_060_box0.jpg,DERRY_CITY,Sport,Lamppost-mounted,Supporters Club,5,2025-08-29 08:36:57.297382+00,May,false,,
12a7c390-3bf0-4f4f-acac-48ebe8eaf27c,zFQM6yHhNVlhfi5XTrZ77g_120_box0.jpg,LARNE,National,Lamppost-mounted,Union Jack,5,2025-08-13 22:02:54.746223+00,May,false,,
12b44491-ff86-49e3-aea3-c42f54d4b333,z-IwH_tfkLFlDnOvqwhE9A_300_box0.jpg,BELFAST_CITY,National,Lamppost-mounted,Union Jack,5,2025-08-12 15:27:39.027484+00,Pat,false,,
12bd5080-fde1-4458-b07c-4dc3f84cab0e,cLok6B3rg6Us-jhdfHa_kg_060_box0.jpg,BELFAST_CITY,National,Pole-mounted (in ground),Union Jack,5,2025-08-13 22:33:13.032201+00,May,false,,
12c9743c-131b-4077-9c78-31e0fbb7fc33,Piuj8b6sm_tPIyFw-VG4Vg_000_box0.jpg,CARRICKFERGUS,National,Lamppost-mounted,Union Jack,5,2025-08-13 22:56:08.505272+00,May,false,,
12d5ad93-62c0-47e0-86fa-ea6ecaa607e8,npOqdSFKg1tl9DsoD65oIw_180_box0.jpg,COMBER,National,Pole-mounted (in ground),Union Jack,5,2025-08-29 08:35:04.574424+00,May,false,,
12d82292-47e7-4b88-8299-23b0aa04c066,oQEYY4T9MIqEOaa8ntc5GA_000_box0.jpg,ENNISKILLEN,National,Lamppost-mounted,Ulster Banner,5,2025-08-14 12:24:36.260841+00,Pat,false,,
12e3a1ea-f70e-4784-b571-71c9c4a927f8,OgGwufRhC3CosChgfd11aA_000_box0.jpg,COLERAINE,National,Building-mounted,Ulster Banner,5,2025-08-14 13:28:13.985874+00,Pat,false,,
12f49844-c048-49ef-8fe2-8bfffb447cad,EHS80wv-ltFUPFJrEmbqRQ_300_box0.jpg,METROPOLITAN_NEWTOWNABBEY,National,Window display,Union Jack,5,2025-08-13 22:04:57.095477+00,May,false,,
1300e81e-ba76-431d-bff0-3e9b11939891,OTvcKJyq8fewVX5uGn_1lg_120_box0.jpg,METROPOLITAN_CASTLEREAGH,National,Lamppost-mounted,Ulster Banner,5,2025-08-14 10:51:59.07956+00,Pat,false,,
130a1fbc-af71-4f57-80a8-9c5ddb4a3fb7,RETBwslNDg1QgoQ2rVE8tQ_300_box0.jpg,BELFAST_CITY,National,Building-mounted,Union Jack,5,2025-08-12 16:21:13.344428+00,Pat,false,,
130d0231-a70a-41ab-8614-5670a2831ae6,NCVDMkN3l_Vna6Kt9kxNag_180_box0.jpg,CARRICKFERGUS,National,Building-mounted,Union Jack,5,2025-08-13 22:04:36.147183+00,May,false,,
1312ff0d-1e10-4fac-826a-1bf6e912b8e9,4fbtiDzXHJmaxM7pYwOyPw_060_box0.jpg,HILLSBOROUGH_AND_CULCAVY,Review,,,,2025-08-14 14:00:35.066785+00,Pat,true,Unclear image,
13273a7d-1344-4116-bcd5-c14dec18eb6d,7sqze4PjT96qA_APsaVrtA_180_box0.jpg,BANGOR,Review,,,,2025-08-14 12:44:17.987486+00,Pat,true,Unclear image,
13387869-7a78-4036-aeef-0c11c891e299,agICazgSWhobtrVSXyIuUQ_000_box0.jpg,CARRICKFERGUS,National,Lamppost-mounted,Ulster Banner,5,2025-08-14 11:10:06.809182+00,Pat,false,,
1340405b-c6af-48f2-a388-dc869b1db86f,0NgkBRyUD-anyhXc5VQicA_240_box0.jpg,BELFAST_CITY,National,Building-mounted,Union Jack,5,2025-08-14 13:41:48.953062+00,Pat,false,,
13628c88-d144-4b77-bfab-3c030472974d,mm06TsAD45lesnkfXsDr3w_300_box0.jpg,BELFAST_CITY,Review,,,,2025-08-22 22:02:16.328378+00,May,true,Unclear image,
13641f22-4129-49d8-90cf-462dfe939d1b,WGFjtau-QH1M7dWXOuoeXg_300_box0.jpg,BALLYCLARE,National,Building-mounted,Union Jack,5,2025-08-13 08:37:01.138155+00,Pat,false,,
137a0000-1c4a-4069-83af-1753904d2fd4,r2d5JgCTSFs0LOEiAmDPKg_120_box0.jpg,BELFAST_CITY,National,Lamppost-mounted,Union Jack,5,2025-08-13 22:07:58.940564+00,May,false,,
138736ef-4d62-4a94-816c-6ce8acfb7afe,iSGO-4h_HVZoBv3g5DOwoQ_180_box0.jpg,CARRICKFERGUS,National,Lamppost-mounted,Union Jack,5,2025-08-13 08:25:37.133428+00,Pat,false,,
139dd92a-bc23-4d58-98c9-31e5079fc3d0,nEgfucLQmSodjUiB2sHeFw_000_box0.jpg,BANGOR,Review,,,,2025-08-11 19:00:58.764152+00,Pat,true,Unclear image,
13ce61d4-a434-4d18-84d5-61fd8dc8be58,clkQ-yY5KRbbgKLGjQKrxg_120_box0.jpg,BELFAST_CITY,National,Building-mounted,Union Jack,5,2025-08-14 10:37:09.290157+00,Pat,false,,
13e34a0c-5686-48e8-af2d-222829b1b941,UP_KNEnV0QQpYPYFdySgQg_000_box0.jpg,BELFAST_CITY,Proscribed,Lamppost-mounted,UDA,2,2025-08-14 12:56:22.975607+00,Pat,false,,
13e50172-aca1-498b-880b-f5f3d3c26aeb,iFg5gNsnyUjaObGqQd0SWw_120_box0.jpg,BELFAST_CITY,National,Building-mounted,Union Jack,5,2025-08-17 18:23:22.394904+00,May,false,,
13e8f1dd-14c1-4f44-9fd8-873509e12e0e,QUs7MBAEUWCCCelrUuiTag_120_box0.jpg,BALLYMENA,Review,,,,2025-08-15 00:49:12.090354+00,May,true,Unclear image,
1405e13f-ec2f-4739-a457-c41fc2e01b27,yjPLtNX93CnKazrx2Lj0lg_180_box0.jpg,METROPOLITAN_NEWTOWNABBEY,National,Lamppost-mounted,Ulster Banner,5,2025-08-22 22:16:35.094425+00,May,false,,
1410e9e0-23c0-4ab3-8f00-0ff541a92939,5w78Pnsnjff5vPNQ-3QKdg_300_box0.jpg,LARNE,National,Building-mounted,Union Jack,5,2025-08-14 12:41:13.791016+00,Pat,false,,
142d5057-e61f-4cd7-9352-eb4b13a24e1e,FbBdhj7Xu_0ZH5DeX_LieA_180_box0.jpg,BELFAST_CITY,National,Building-mounted,Union Jack,5,2025-08-12 15:00:45.831738+00,Pat,false,,
144756af-136d-46cd-a658-9c74730e6818,s6Uftdx9wb9C4QYdTfQTWw_180_box0.jpg,COLERAINE,National,Building-mounted,Union Jack,5,2025-08-12 15:34:21.659047+00,Pat,false,,
14483c89-9207-43eb-9df9-d111e1b9b1f7,qRbrUaHhDUVHu3g9clqsww_000_box0.jpg,BALLYCLARE,National,Lamppost-mounted,Union Jack,5,2025-08-14 12:48:41.950388+00,Pat,false,,
146ad9d9-a6ae-4926-bb8e-1c76d1a7ec47,zoDra4Nzox6bbtqzPvJkOQ_060_box0.jpg,BELFAST_CITY,National,Lamppost-mounted,Union Jack,5,2025-08-14 12:33:57.700251+00,Pat,false,,
1499673f-39bb-481d-80e9-242298ba11cd,MXHFeMi6eD161BPuZVO14A_060_box0.jpg,BELFAST_CITY,National,Pole-mounted (in ground),Union Jack,5,2025-08-13 08:29:02.167101+00,Pat,false,,
14a10db9-e21a-4b75-8a03-6b4a9de33fb9,XKT7ZWpJXQx1jo8JBcU_ow_180_box0.jpg,MAGHERAFELT,National,Lamppost-mounted,Ulster Banner,5,2025-08-11 18:16:52.116021+00,Pat,false,,
14a31f47-b696-451c-b797-caf9342628d6,x6gRpO1NYBEEoTam8QKYlQ_000_box0.jpg,BELFAST_CITY,National,Building-mounted,Union Jack,5,2025-08-14 12:23:19.255488+00,Pat,false,,
1503fa88-a550-4bea-b13a-f2f04431cfcd,yHHLoMWBs3EjrjZRdABIBw_120_box0.jpg,BALLYMENA,Review,,,,2025-08-29 08:31:48.611758+00,May,true,Unclear image,
1504ab89-a854-42e4-9399-ef90fa080fb8,Fepaji6UqRh2p9WpJiGGPA_180_box0.jpg,METROPOLITAN_NEWTOWNABBEY,National,Building-mounted,Union Jack,5,2025-08-28 20:53:43.798008+00,May,false,,
15060459-97ec-49cf-ba6e-8578bbc30526,mA3Ws43eSQjbwK9h6EyaLg_180_box0.jpg,BELFAST_CITY,Review,,,,2025-08-13 22:42:22.826978+00,May,true,Unclear image,
1510ba7b-277c-418c-8345-cddca4a3777b,BcqsxuuXni9AobCbWuqgsw_300_box0.jpg,COLERAINE,National,Lamppost-mounted,Union Jack,5,2025-08-14 14:08:27.861607+00,Pat,false,,
1510c24e-53a1-4320-9cfc-3140ea3b4d9a,-Ik8_Iq2GJRfMQ0nMHeFig_000_box0.jpg,BELFAST_CITY,National,Pole-mounted (in ground),Union Jack,5,2025-08-14 14:15:43.335465+00,Pat,false,,
152319ea-37f0-468e-9608-72a9947d29a5,HAMbVZxvISaE9W3Lc1bNLw_120_box0.jpg,BELFAST_CITY,National,Lamppost-mounted,Union Jack,5,2025-08-12 15:45:49.6019+00,Pat,false,,
15314d9a-94bc-46c5-99e2-9f76e366e872,03dHxE5IdKM135AeL8g9Jw_060_box0.jpg,COLERAINE,National,Building-mounted,Union Jack,5,2025-08-13 22:09:22.901705+00,May,false,,
153366f6-1c2d-41e5-bc1f-24c741cb3704,ainUhdiDMbEnQPbsrmJ5Tg_000_box0.jpg,LISBURN_CITY,National,Lamppost-mounted,Union Jack,5,2025-08-17 15:06:07.539473+00,May,false,,
153c1005-497f-4ffb-a36d-8a09ce15b54b,K-65Pjxc7SPYf6tbRKO7OQ_300_box0.jpg,CRAIGAVON,National,Lamppost-mounted,Union Jack,5,2025-08-14 10:37:00.53727+00,Pat,false,,
15461224-79fd-493e-bafd-8ff16c8e8025,JERIhXs-5WRvd70SsDR5cQ_120_box0.jpg,BELFAST_CITY,National,Building-mounted,Union Jack,5,2025-08-28 20:19:05.691924+00,May,false,,
154a34f4-9510-4465-a6ec-1ae6b21229c4,XhumDmAOpBQB_qtn9PH9Bg_060_box0.jpg,BELFAST_CITY,National,Building-mounted,Ulster Banner,5,2025-08-13 08:41:14.09941+00,Pat,false,,
1588585b-ca9d-479a-aedd-125ba07b5b53,jvjrSvYRl87tlF6S9MN9dw_000_box0.jpg,BELFAST_CITY,National,Building-mounted,Union Jack,5,2025-08-13 22:32:03.695599+00,May,false,,
15a368e9-5cf5-4ac8-8536-d48519aa0bef,knhiBfT2xFxWlwoMOv_Tbg_000_box0.jpg,LISBURN_CITY,Review,,,,2025-08-12 16:11:29.361969+00,Pat,true,Unclear image,
15bd3548-3429-4781-8e22-007b3c8a956d,lTCLFTYdKCU9RNEqfAhamQ_180_box0.jpg,LISBURN_CITY,National,Pole-mounted (in ground),Union Jack,5,2025-08-11 18:04:06.371369+00,Pat,false,,
15c128b5-a589-4b52-8b14-472dd805bbbd,kTY4aF7AqDt-zfbiwKMdGA_240_box0.jpg,CRAIGAVON,National,Lamppost-mounted,Union Jack,5,2025-08-14 09:52:47.407285+00,Pat,false,,
15c22539-4043-44cb-bfef-8c28b8537c2d,K97r1Mj8PzWREJqhjiANUg_300_box0.jpg,BALLYCLARE,National,Lamppost-mounted,Union Jack,5,2025-08-22 22:13:31.790257+00,May,false,,
15e844db-b859-4379-8915-6f5c2a0363eb,wX_l-ceP1sakuxRm2dc1zw_120_box0.jpg,LARNE,National,Lamppost-mounted,Ulster Banner,5,2025-08-28 20:13:00.029099+00,May,false,,
15ea9086-68c1-473c-820b-29f03514bf46,LFokK8a1B8PS0xIYVa9B-Q_240_box0.jpg,BELFAST_CITY,National,Lamppost-mounted,Union Jack,5,2025-08-14 12:44:52.695101+00,Pat,false,,
15f1b2f0-ee6c-4a90-95b9-26a97ad9dfc6,HpT4IIhdHdDPl7KOy-uWug_120_box0.jpg,HILLSBOROUGH_AND_CULCAVY,National,Lamppost-mounted,Union Jack,5,2025-08-14 11:12:57.574594+00,Pat,false,,
15fb0ef1-10d4-47c3-a3fc-59d79e12dbd7,8LOoWg4vHHGUb19BQgHl_Q_120_box0.jpg,BELFAST_CITY,Review,,,,2025-08-14 13:26:35.220709+00,Pat,true,Unclear image,
16379cf0-f4f1-4f18-bcc2-cd937997aac9,_GQfiqvWxXt9VP8Fu4aUQQ_120_box0.jpg,BELFAST_CITY,National,Lamppost-mounted,Union Jack,5,2025-08-13 16:22:27.517757+00,Pat,false,,
163fe3dd-ff58-4096-95c9-466b33e249ea,3_3o08SRcPbd-OG1Xbs0OA_180_box0.jpg,METROPOLITAN_NEWTOWNABBEY,National,Lamppost-mounted,Union Jack,5,2025-08-13 08:51:37.716935+00,Pat,false,,
1651c87c-9a8d-4cd8-b403-c347023404a0,1mbEatxJUjiciEwf-NMGtg_120_box0.jpg,LISBURN_CITY,National,Temporary installation,Union Jack,5,2025-08-17 15:52:12.500916+00,May,false,,
16817695-e406-44ec-888f-23d2a73ae266,JDxGKQNYlg2jF-KMicnNCA_180_box0.jpg,ANTRIM,National,Lamppost-mounted,Union Jack,5,2025-08-29 08:19:58.511825+00,May,false,,
169f8f88-07df-47dc-a15d-24112c52a5f7,wg_ytb3OasPleL3e5ezZEw_240_box0.jpg,COOKSTOWN,National,Lamppost-mounted,Union Jack,5,2025-08-28 20:23:47.013198+00,May,false,,
16b04fc9-a25e-4a39-a603-f7d5018e7012,8Tl9QfwFKkV9gQb0nJKybg_000_box0.jpg,LISBURN_CITY,National,Lamppost-mounted,Ulster Banner,5,2025-08-13 08:54:45.608456+00,Pat,false,,
16bd1fdd-975d-4320-bf6e-0b7785133e40,DCVHhJTAu9a8HYJsWw9HFQ_240_box0.jpg,COLERAINE,National,Lamppost-mounted,Union Jack,5,2025-08-22 22:27:47.722236+00,May,false,,
16c4a7c7-9505-431c-b20d-efe37f092f73,gnegqqk6-lz4DgHfyZcwMg_120_box0.jpg,ANTRIM,National,Lamppost-mounted,Union Jack,5,2025-08-13 22:41:05.644606+00,May,false,,
16d16852-7832-4763-b5f9-c3296525f4e7,s0tmchSCv4y6tHf6aUfgDw_240_box0.jpg,METROPOLITAN_NEWTOWNABBEY,National,Building-mounted,Ulster Banner,5,2025-08-13 16:21:39.18997+00,Pat,false,,
1715cc21-3f2b-4479-83ed-84dfd9b5364f,dUdbGU0o_pJVPAg80BetRg_180_box0.jpg,BELFAST_CITY,National,Lamppost-mounted,Union Jack,5,2025-08-15 00:28:40.687372+00,May,false,,
17199b21-7093-4a48-b5f9-2b94478b875e,YKu5Kh1uqnHv33s3-8AX1A_180_box0.jpg,METROPOLITAN_NEWTOWNABBEY,National,Building-mounted,Union Jack,5,2025-08-17 17:06:47.570331+00,May,false,,
174c6f9e-9123-4e52-94e4-905d263972f2,QggLarqSNSVdxKxd_R1iZA_060_box0.jpg,CARRICKFERGUS,Sport,Lamppost-mounted,Supporters Club,5,2025-08-29 08:15:25.498087+00,May,false,,
176be3ce-e372-41d0-9d68-e310662bf8bb,jEz5QkbXJIKr1GdK55jyeQ_000_box0.jpg,WHITEHEAD,National,Pole-mounted (in ground),Ulster Banner,5,2025-08-14 13:45:11.335078+00,Pat,false,,
176f6577-80b8-46f6-8711-38c85a4c6578,1abaIv-p3CAB27jRUWIZqg_000_box0.jpg,BALLYMENA,National,Building-mounted,Union Jack,5,2025-08-13 16:25:40.97112+00,Pat,false,,
17923719-5132-447a-b152-8945de19f563,H4z9pQ49Ypwx47SW7skLqw_060_box0.jpg,BELFAST_CITY,National,Lamppost-mounted,Union Jack,5,2025-08-14 12:48:20.262628+00,Pat,false,,
17d2407a-5f2c-489c-b5de-84c6c6cc5183,7pIv2QGqLtD21Icixd_d6A_060_box0.jpg,BELFAST_CITY,National,Building-mounted,Ulster Banner,5,2025-08-29 08:24:03.68106+00,May,false,,
17dce080-7b12-4e7c-9122-687d9b87c7e1,Ifi0geKL2VQeh7tliOCSlA_240_box0.jpg,BELFAST_CITY,Sport,Pole-mounted (in ground),Supporters Club,5,2025-08-28 20:18:00.277439+00,May,false,,
17f03c55-6ee5-4838-bfb2-5552be6d948a,MN9DS3gDhirxdcdCOjc1Nw_300_box0.jpg,BELFAST_CITY,National,Lamppost-mounted,Ulster Banner,5,2025-08-14 12:25:45.518712+00,Pat,false,,
17f5f5b5-8af1-4c4d-aa9c-34665fadcb0c,vUI1gl2NA2wHeqlrQ9p9dw_300_box0.jpg,BELFAST_CITY,National,Pole-mounted (in ground),Union Jack,5,2025-08-14 13:10:22.226204+00,Pat,false,,
17f76b92-84a4-4963-89b6-9ca12d002d62,WFoDggt1Xs4wwjLIQ2KAww_120_box0.jpg,BELFAST_CITY,National,Lamppost-mounted,Union Jack,5,2025-08-14 10:28:46.392102+00,Pat,false,,
180701a6-32a1-4e60-8fd8-89731707bee5,A2srRb8toiqtFCcDUNHWRQ_000_box0.jpg,CRAIGAVON,National,Lamppost-mounted,Ulster Banner,5,2025-08-28 20:48:29.881991+00,May,false,,
18072f63-59ee-4d81-a2f7-784222bc6596,b_3_vLUXvR0v63Jgsq5n-A_120_box0.jpg,LISBURN_CITY,National,Lamppost-mounted,Ulster Banner,5,2025-08-17 15:47:24.329594+00,May,false,,
1814cb5a-425f-4887-a35c-be67ff20d910,0HFjAfZTYxrNniqOLLapjg_120_box0.jpg,DERRY_CITY,National,Lamppost-mounted,Union Jack,5,2025-08-13 22:16:34.748103+00,May,false,,
182fb6dc-1690-48c7-bffc-771fa2923494,yyp37AjzTwSwL5zNoqNO5w_000_box0.jpg,BELFAST_CITY,Review,,,,2025-08-14 12:58:12.337953+00,Pat,true,Complex case,
184a7dd2-7e08-4dff-84fd-e1687dfda541,B34QgDkAdlsHOYj-C32gWg_120_box0.jpg,ARMAGH,National,Lamppost-mounted,Union Jack,5,2025-08-14 13:41:24.956392+00,Pat,false,,
187f0a6b-4ab8-4a11-95b9-e0e3f9051983,ZWEy8LjpVQgGY4m69QjwtQ_300_box0.jpg,LISBURN_CITY,National,Lamppost-mounted,Union Jack,5,2025-08-15 00:50:39.304824+00,May,false,,
188a8d1a-4a3f-4830-bec4-e3da51e582ec,NkAFg7_TU4XZE4Ozs4PWeA_240_box0.jpg,MAGHERAFELT,Review,,,,2025-08-28 20:43:04.836468+00,May,true,Unclear image,
18b5c0ed-d1b4-4326-b395-ff13748ca21e,z4OK6Jr8oBQxysuenadqXQ_300_box0.jpg,CRAIGAVON,National,Lamppost-mounted,Union Jack,5,2025-08-28 20:15:34.441428+00,May,false,,
18c7212d-aeb0-4b75-8816-bcf655a239ad,855hyEsnEY_SJ5bEz4Ocww_240_box0.jpg,LISBURN_CITY,National,Building-mounted,Union Jack,5,2025-08-14 10:07:23.400933+00,Pat,false,,
18cbe3d7-5710-48f4-ab86-f0ac67a26a06,zs0gtL41bkB-HwQkEVpsng_300_box0.jpg,ANTRIM,Proscribed,Pole-mounted (in ground),UDA,1,2025-08-14 11:09:17.851257+00,Pat,false,,
18d81b46-aa3a-4eab-a833-409353a7641a,rI510WnbVT2EohIkgwcBCw_240_box0.jpg,BALLYMENA,National,Building-mounted,Ulster Banner,5,2025-08-13 22:47:02.268754+00,May,false,,
18eb7c14-6ca3-4980-b185-38da2fa5975d,0PzD3DjIOG8paN6SguoxvA_000_box0.jpg,COOKSTOWN,National,Pole-mounted (in ground),Union Jack,5,2025-08-14 14:09:54.509094+00,Pat,false,,
190a0b0e-832e-4e26-8483-12c716c7c1be,I2Kgj3ti6sOG8rUjeDvHcA_120_box0.jpg,BELFAST_CITY,National,Building-mounted,Union Jack,5,2025-08-28 20:49:20.540353+00,May,false,,
193b9768-e216-4b2d-b3f6-04e19211ea42,Npe63dEAXuWfiOvPnNRBPw_120_box0.jpg,LARNE,National,Lamppost-mounted,Union Jack,5,2025-08-29 08:32:07.369836+00,May,false,,
1957a1e3-8ffc-4b97-9602-58a1725332fe,wLClW6lG7wp0SB3kvHAOcg_000_box0.jpg,RANDALSTOWN,National,Pole-mounted (in ground),Union Jack,5,2025-08-17 16:45:35.885002+00,May,false,,
19733dbf-3a63-4740-a60e-ffc7929f24fc,t0YEe2mddghqzruCV0SdFA_120_box0.jpg,BELFAST_CITY,National,Lamppost-mounted,Union Jack,5,2025-08-13 09:08:47.625627+00,Pat,false,,
1974afbe-fce4-4efb-87c8-345d15ecc862,iHSGQugXM76K0xJS-ziN7A_300_box0.jpg,LARNE,Proscribed,Lamppost-mounted,UDA,5,2025-08-14 12:46:24.941136+00,Pat,false,,
19d20bd8-0f05-409b-b97e-c397cc321d4f,uiU4kCangHFW6Crj3732Ng_120_box0.jpg,COOKSTOWN,Review,,,,2025-08-14 13:34:09.596358+00,Pat,true,Complex case,
19e6fe88-d413-4428-a565-ee0602634f28,uFGCXpftWihS4ai6E_I6FQ_000_box0.jpg,DUNGANNON,National,Pole-mounted (in ground),Union Jack,5,2025-08-15 00:29:01.176601+00,May,false,,
19f1417f-64da-43a1-baad-773ddffc6f94,X_PiMtES5CRo15j1Bo_ULw_180_box0.jpg,BELFAST_CITY,National,Lamppost-mounted,Ulster Banner,5,2025-08-29 08:29:17.985887+00,May,false,,
1a0490de-e2f5-4f7f-9c6b-c5915d0a4367,fSWAWh5JYO8Rcr3nFtcL3w_300_box0.jpg,CRAIGAVON,National,Lamppost-mounted,Union Jack,5,2025-08-28 20:40:02.657963+00,May,false,,
1a0d969c-0531-4f27-b623-24641d21897b,FGSpSNuWyv8l_IM7z8RmnA_180_box0.jpg,METROPOLITAN_NEWTOWNABBEY,National,Pole-mounted (in ground),Union Jack,5,2025-08-15 20:56:43.168374+00,May,false,,
1a10084e-2a70-4194-81c9-d482d81dace2,EZ9X7-boL1zSe1etdkhCNg_240_box0.jpg,CARRICKFERGUS,National,Building-mounted,Union Jack,5,2025-08-17 17:06:15.082244+00,May,false,,
1a2b0977-46a0-40c4-b609-151f37c39235,tsnczyesBCS7YNEeZahgww_240_box0.jpg,BELFAST_CITY,National,Building-mounted,Union Jack,5,2025-08-13 16:25:33.183014+00,Pat,false,,
1a37dd1b-e994-4da6-8c14-cad26f463dc0,RDY1wK4Lve_dI84LO1rx5g_000_box0.jpg,BELFAST_CITY,National,Lamppost-mounted,Union Jack,5,2025-08-13 08:43:52.468915+00,Pat,false,,
1a5cc0d4-bf6e-473e-b2db-4fad3ba1609b,noZymIrRNUdSgWUCconaXA_000_box0.jpg,METROPOLITAN_NEWTOWNABBEY,National,Lamppost-mounted,Union Jack,5,2025-08-14 09:51:00.857822+00,Pat,false,,
1a5d1a89-c51d-4e71-b548-b4a91fb195e8,o8pJ2F7Jq-UjZOSEl2whBw_180_box0.jpg,COLERAINE,National,Building-mounted,Union Jack,5,2025-08-13 22:48:46.686279+00,May,false,,
1aa14b2e-8a6c-4d45-9af4-5ce358b9e744,asVmtvLgxUVEEQYwnQnJ_g_120_box0.jpg,ANTRIM,Sport,Building-mounted,Local Club,5,2025-08-28 19:48:19.966846+00,May,false,,
1aaf3bb2-6d53-43c2-87e2-779341a0ed33,WoQYMA4NNnAgvKv4cUs50Q_120_box0.jpg,LARNE,Review,,,,2025-08-14 12:45:59.041355+00,Pat,true,Unclear image,
1ab3f824-5aed-46f2-a544-03f908b70d82,EPFWwF4vIW6M8lb6Qk_gGQ_000_box0.jpg,ARMAGH,National,Lamppost-mounted,Union Jack,5,2025-08-13 22:14:45.364543+00,May,false,,
1abe7499-d98c-4ee2-aa2d-689fb16fba3a,VQGMlDXxjRtFpApXsqsFQQ_240_box0.jpg,LISBURN_CITY,National,Lamppost-mounted,Ulster Banner,5,2025-08-14 09:33:29.58694+00,Pat,false,,
1abff297-0815-4995-84d9-398881b96419,J306HVwfDGlrz65lti-Mmw_120_box0.jpg,BELFAST_CITY,National,Building-mounted,Scottish Saltire,5,2025-08-17 14:39:05.963484+00,May,false,,
1ad280e7-f311-42f8-be6b-29a313111435,UoInVOQ_o0EU8kE7MWY7bA_000_box0.jpg,BELFAST_CITY,National,Lamppost-mounted,Union Jack,5,2025-08-17 17:02:17.257678+00,May,false,,
1aee48c1-4831-4dc4-8e5f-6bfc0bdf912d,EBiQ1JMhIsDJ2wMjHSHshw_300_box0.jpg,CARRICKFERGUS,Review,,,,2025-08-14 13:10:56.406025+00,Pat,true,Complex case,
1b3d5108-7f30-44c0-a290-c096c75fbd0b,T-kumh4JRpHAk-972AEiMw_300_box0.jpg,DERRY_CITY,National,Lamppost-mounted,Union Jack,5,2025-08-13 22:27:15.041526+00,May,false,,
1b481f32-dcf3-4b5e-a3c5-062187e8ac48,VNVSKvDCq_9HOqAd9DcxxQ_300_box0.jpg,METROPOLITAN_LISBURN,National,Lamppost-mounted,Union Jack,5,2025-08-28 20:20:07.481194+00,May,false,,
1b484f68-3c6a-4fa5-8726-fe6e81a8549f,DnNtZ68qAdv5YOO0T_aGoA_240_box0.jpg,LISBURN_CITY,National,Building-mounted,Union Jack,5,2025-08-28 19:55:08.469432+00,May,false,,
1b5ec396-c2d6-4a3d-b17f-0e5f2d26c6f3,Ulr07mzywoe9Pd8spdEzJA_240_box0.jpg,METROPOLITAN_NEWTOWNABBEY,National,Building-mounted,Union Jack,5,2025-08-17 16:47:45.763276+00,May,false,,
1ba61400-47e8-4ec3-b8f2-f09048bd1ef6,_VihkeTx1yFaUxtoG1s1rA_300_box0.jpg,BELFAST_CITY,Military,Building-mounted,Royal Irish Regiment,5,2025-08-29 08:51:44.958205+00,May,false,,
1bcd9385-080b-4dc2-92b6-132b9b3ee977,7Q7UxNy33BRW7qdRQOWJbA_300_box0.jpg,ARMAGH,National,Pole-mounted (in ground),Union Jack,5,2025-08-12 15:43:56.158736+00,Pat,false,,
1bd804a2-59ec-429f-8504-6a9cc9281ffb,UXQ2OEWf33Hv0mTDQc-tUg_120_box0.jpg,BELFAST_CITY,National,Building-mounted,Union Jack,5,2025-08-14 13:16:13.632414+00,Pat,false,,
1bf027aa-5e18-4943-9f96-749c5ee2c88a,pKontjlIEjHlQ9oQcp0Ttg_300_box0.jpg,METROPOLITAN_NEWTOWNABBEY,National,Building-mounted,Ulster Banner,5,2025-08-14 09:46:45.300899+00,Pat,false,,
1bf7534a-7ba3-48e0-8de3-67e9d51b966a,86a5qt7Zm5j4splCd0fItg_300_box0.jpg,BALLYMENA,Review,,,,2025-08-14 12:36:59.812481+00,Pat,true,Unclear image,
1c20c22d-f9e1-4836-987b-a74abac07e2b,541UKFM6ZZ_bVYALkfGsKw_060_box0.jpg,BELFAST_CITY,National,Lamppost-mounted,Union Jack,5,2025-08-17 15:07:10.296095+00,May,false,,
1c21ef70-1153-4fa9-9373-05620758fdd4,REkz8UNWeBiGzw-ApXPIRA_180_box0.jpg,BELFAST_CITY,National,Lamppost-mounted,Union Jack,5,2025-08-12 16:02:43.704033+00,Pat,false,,
1c26d0d7-897b-4245-8572-cc99daeda602,SsKBXQBrc1tt-io41Z36zQ_240_box0.jpg,METROPOLITAN_NEWTOWNABBEY,National,Lamppost-mounted,Union Jack,5,2025-08-12 15:36:59.363118+00,Pat,false,,
1c4267fb-c21d-4ecd-a436-c5698f3612c7,Fpa9_NG9wApizeVyUrzZGA_120_box0.jpg,METROPOLITAN_LISBURN,National,Lamppost-mounted,Union Jack,5,2025-08-14 12:31:39.856491+00,Pat,false,,
1c679e6b-27b6-4cd3-aa17-a9687284372a,FTDHoNGenPYbvcAX4O8jTw_180_box0.jpg,MAGHERA,Proscribed,Lamppost-mounted,UDA,5,2025-08-14 13:21:56.685511+00,Pat,false,,
1c6da635-914f-44fe-80fa-0d83757dcd20,mSH_jBMvnaUDD2_k7c_f-g_060_box0.jpg,BELFAST_CITY,National,Lamppost-mounted,Ulster Banner,5,2025-08-29 08:40:51.10987+00,May,false,,
1c743ee7-3dc2-4e03-9128-472bb99ffc09,iURITOK4YZ07plJ7lnHrpw_300_box0.jpg,LISBURN_CITY,National,Lamppost-mounted,Ulster Banner,5,2025-08-14 11:16:38.12103+00,Pat,false,,
1c9fc2b9-fc29-43a7-b13d-0385439596ac,pPJAWje95fcL9uaHwNLG_g_120_box0.jpg,BELFAST_CITY,Proscribed,Lamppost-mounted,YCV,5,2025-08-29 08:45:22.742137+00,May,false,,
1cb4154c-69cc-48be-b7b7-80a21a466dbb,BDp9mN72kLewX1XWtWcFAg_000_box0.jpg,BALLYCLARE,Review,,,,2025-08-28 20:46:25.070633+00,May,true,Unclear image,
1ce8304d-a2c8-432f-b6c8-092283baec1b,RK9YXJVDYvQvw0GwGZqFdg_300_box0.jpg,BELFAST_CITY,Fraternal,Lamppost-mounted,Apprentice Boys,5,2025-08-17 14:35:40.668236+00,May,false,,
1ce9f53d-52ea-44c2-be73-4fe1e54067eb,j4jNYrggIxnw68N9uRrzig_300_box0.jpg,BELFAST_CITY,Review,,,,2025-08-12 15:17:55.601057+00,Pat,true,Other,
1d125044-c60e-4e6c-8e6d-cb3dce1a3401,8VR5aORVKvlKJUXDG48R8w_120_box0.jpg,BELFAST_CITY,National,Building-mounted,Union Jack,5,2025-08-13 09:06:13.552282+00,Pat,false,,
1d24245a-5193-4c35-84a7-42b45092ccbb,tK14aLNqLrYUljoNQkN_LA_240_box0.jpg,CRAIGAVON,National,Building-mounted,Union Jack,5,2025-08-14 13:35:06.182421+00,Pat,false,,
1d31f7fb-b48c-478d-85ed-83c7daf77634,u0fzEruiClFTtOInoda2tg_300_box0.jpg,BALLYNAHINCH,National,Pole-mounted (in ground),Union Jack,5,2025-08-13 08:43:47.017834+00,Pat,false,,
1d3ad217-5f9a-4a00-9fc0-f0c8947a25ce,g5EO7IxU9WDfRRIpqMv81g_300_box0.jpg,LARNE,National,Lamppost-mounted,Union Jack,5,2025-08-13 22:49:39.688772+00,May,false,,
1d435371-5312-47de-bba7-728a4e2abb4d,soFi3wCoufMGUQ5U4UtVXQ_000_box0.jpg,BELFAST_CITY,National,Lamppost-mounted,Union Jack,5,2025-08-29 08:41:47.396378+00,May,false,,
1d5f3331-7bb8-450e-b7cb-5fb8fcc7503a,H3wDPwGQJ14NW5IYgj00Ng_180_box0.jpg,LISBURN_CITY,National,Lamppost-mounted,Ulster Banner,5,2025-08-29 08:43:48.317672+00,May,false,,
1d6d70c3-140a-4072-9d88-5c1331ea34db,UTkEHaaGcrJql9ebb6Kk1Q_120_box0.jpg,METROPOLITAN_NEWTOWNABBEY,Proscribed,Lamppost-mounted,Other Proscribed,4,2025-08-15 20:49:39.986547+00,May,false,,
1d77518c-2e5c-49e5-8b7a-9e7b93ac4dbe,r7yunnhOm1EON0kexM5bDA_060_box0.jpg,LISBURN_CITY,Review,,,,2025-08-14 12:31:16.43645+00,Pat,true,Complex case,
1ddf4d3c-c786-45a1-9dfa-205fc10a3123,G-6NTbxEcQkVSC8jrWCUyA_120_box0.jpg,METROPOLITAN_CASTLEREAGH,National,Lamppost-mounted,Ulster Banner,5,2025-08-14 13:04:14.02568+00,Pat,false,,
1df8f9ff-9db3-4919-abb6-3b4af33b194a,oozP4C4AUdimw8vUsfSjgQ_000_box0.jpg,BELFAST_CITY,National,Lamppost-mounted,Union Jack,5,2025-08-17 16:52:07.395868+00,May,false,,
1e238dc5-faa0-4b1d-accc-e46fccfbef89,XwPsrCYr064iHgptJavB6A_000_box0.jpg,METROPOLITAN_LISBURN,National,Building-mounted,Union Jack,5,2025-08-29 08:49:13.500485+00,May,false,,
1e2dae4e-cc2c-4a36-9f04-6bdb01f5ae67,aty70FysBfZmAB9d8u9VfA_180_box0.jpg,ARMAGH,National,Lamppost-mounted,Union Jack,5,2025-08-14 12:19:24.550626+00,Pat,false,,
1e2f65a9-c9fa-47d6-9e03-9a8809ab75db,I7KnbSScOQbtOBoGvkfxbw_300_box0.jpg,METROPOLITAN_NEWTOWNABBEY,National,Building-mounted,Union Jack,5,2025-08-15 00:38:34.166905+00,May,false,,
1e33d063-5240-470d-94b4-d5f2e6fb537c,2JOKkb3VnVCxFZs0ny8hNQ_300_box0.jpg,BELFAST_CITY,National,Building-mounted,Union Jack,5,2025-08-14 09:46:17.45828+00,Pat,false,,
1e48008d-0d46-4d36-820a-7bace7e7cee2,MjvUYAKHtOTZ5gwFXQL4eQ_300_box0.jpg,METROPOLITAN_NEWTOWNABBEY,National,Lamppost-mounted,Ulster Banner,5,2025-08-14 13:12:37.038133+00,Pat,false,,
1e69a585-5a25-4085-a2ac-5b17f54a1973,Dtx5M8gKQ1YhoH7Rr1xaZg_240_box0.jpg,BELFAST_CITY,National,Building-mounted,Irish Tricolor,5,2025-08-12 15:43:26.840944+00,Pat,false,,
1e9b7111-bd77-4ba6-bb79-908697543fb7,24oWiqyplniLi37y-T9mTg_240_box0.jpg,COMBER,National,Pole-mounted (in ground),Union Jack,5,2025-08-14 14:12:28.940292+00,Pat,false,,
1ea46731-5402-4ada-ae02-15c7702e7a64,xMdFWadcEjavNCo-EGINtw_180_box0.jpg,BALLYMENA,National,Building-mounted,Ulster Banner,5,2025-08-14 13:43:10.90133+00,Pat,false,,
1ea4dc2d-4517-4995-afdb-861b1d23c223,ELeQagBJEpukMiZyZpMR5g_300_box0.jpg,BELFAST_CITY,National,Building-mounted,Union Jack,5,2025-08-11 18:18:33.973212+00,Pat,false,,
1ec40828-afa3-4527-9f6a-4b689621570f,twKJH65ygQQh6jLqgCDdMg_240_box0.jpg,METROPOLITAN_LISBURN,National,Pole-mounted (in ground),Irish Tricolor,5,2025-08-12 15:54:48.244459+00,Pat,false,,
1ec44c9b-0239-4f41-bd19-744a322e4177,OZO3Y_J1wJSkUwow47zXPA_300_box0.jpg,METROPOLITAN_LISBURN,National,Building-mounted,Union Jack,5,2025-08-12 15:04:19.277554+00,Pat,false,,
1f1f0b3c-17ee-4fc1-8a2b-7045dc30491e,nE2sN3cYEwMO7C7LxnQl1A_060_box0.jpg,LISBURN_CITY,National,Lamppost-mounted,Union Jack,5,2025-08-13 22:06:02.111876+00,May,false,,
1f2b695a-3b4b-4ff3-808b-cf23f32e060b,_zDhzamPXL9YDaWB9Ppfug_180_box0.jpg,HILLSBOROUGH_AND_CULCAVY,National,Lamppost-mounted,Union Jack,5,2025-08-14 10:14:25.581361+00,Pat,false,,
1f37ed87-cdc2-4275-af88-bc761dda85a0,96THV9zwJ94W8Auod40Xng_120_box0.jpg,ANTRIM,National,Lamppost-mounted,Union Jack,5,2025-08-13 08:30:47.620285+00,Pat,false,,
1f3dc85a-f49f-45fc-9602-f7a723fc6cc8,Pe8lJ0kBkXbLdoEwumLAVw_180_box0.jpg,LARNE,National,Lamppost-mounted,Ulster Banner,5,2025-08-13 16:25:14.879493+00,Pat,false,,
1f5c6a8e-9dd0-47e3-8dfb-4efd242befa2,ZPgHMYe4FEABpUzqC0sNkw_000_box0.jpg,COOKSTOWN,Review,,,,2025-08-14 13:38:02.309959+00,Pat,true,Not a flag,
1f822e92-cff8-4acd-a16a-4c838db73110,V3VT-0YhmJSGbCPOzl1KrA_060_box0.jpg,LISBURN_CITY,National,Lamppost-mounted,Union Jack,5,2025-08-22 22:05:07.407621+00,May,false,,
1f934498-170a-485a-8882-c1e268ed7ef8,VvAVvmVSUqyxxD8bFs6Qbw_180_box0.jpg,CARRICKFERGUS,National,Window display,Ulster Banner,5,2025-08-13 22:05:06.50943+00,May,false,,
1fd107ff-9fa0-4b35-9f90-30dce4645b0b,wmil1vCgawbgepXBxjBKOA_000_box0.jpg,METROPOLITAN_CASTLEREAGH,National,Lamppost-mounted,Ulster Banner,5,2025-08-14 10:17:16.222898+00,Pat,false,,
1ffc67bd-b38e-4a0c-9a7f-fa93329ff24d,lrDSQvSlLiKwniQ0DXQn5Q_240_box0.jpg,GREENISLAND,Review,,,,2025-08-14 10:21:12.811138+00,Pat,true,Complex case,
2022d58d-8d91-47eb-92dc-ace754e59f52,rTg49fPOlYPLf9rAWNZavQ_000_box0.jpg,CRAIGAVON,National,Lamppost-mounted,Union Jack,5,2025-08-14 12:19:10.913604+00,Pat,false,,
20254d3a-f505-49f3-abb0-15a2a7666db9,0OTTKUcllhNzVVXh4ulZFQ_060_box0.jpg,DONAGHADEE,National,Lamppost-mounted,Union Jack,5,2025-08-13 22:28:40.446456+00,May,false,,
207cda71-6cf7-46d8-8e82-43e3e69b5544,VsAFRlplOYzdKNdeU_x8Vw_060_box0.jpg,METROPOLITAN_NEWTOWNABBEY,National,Building-mounted,Union Jack,5,2025-08-28 20:15:14.520154+00,May,false,,
2095c35d-9560-4227-8378-4c8c32e3f993,NHSPi4Hbj0YiC1W1TuJGOQ_240_box0.jpg,BELFAST_CITY,National,Lamppost-mounted,Union Jack,5,2025-08-13 22:28:01.400132+00,May,false,,
20a88d48-2741-4042-b533-c480dfb518b5,BQ72zpsXSpyApx2_gsuY0g_120_box0.jpg,BELFAST_CITY,National,Building-mounted,Union Jack,5,2025-08-17 15:52:19.154326+00,May,false,,
20a8a230-8350-4603-adf7-eb93b3a05d79,lmMh5gIIMXQ_bqGOSOQ_ZQ_240_box0.jpg,BALLYMENA,National,Building-mounted,Union Jack,5,2025-08-17 15:07:58.689208+00,May,false,,
20b662a0-c4f9-4e22-ade6-1266f36cb8d7,KitgepCJiKqmDh_oXtcTmQ_000_box0.jpg,BALLYMENA,National,Building-mounted,Union Jack,5,2025-08-28 20:15:47.52779+00,May,false,,
20bb18d4-23ef-47cb-8233-bdb945b28793,rLFnEaJsGvOj5OtNKG_iWA_240_box0.jpg,CARRICKFERGUS,National,Building-mounted,Union Jack,5,2025-08-13 22:04:10.529796+00,May,false,,
20bd3d24-c70d-4b54-9c5a-0188826d69e5,Ol_woCpSY85MDHKbIqHs5w_060_box0.jpg,BELFAST_CITY,National,Building-mounted,Union Jack,5,2025-08-15 20:55:06.375355+00,May,false,,
20d8b783-85dc-44f5-ab8b-4db71c90f374,o94rtyGpKSSgr-mMm1Vd7Q_240_box0.jpg,LISBURN_CITY,National,Building-mounted,Union Jack,5,2025-08-11 18:12:12.800187+00,Pat,false,,
20f81e51-bc32-419b-a205-f8e51dc62dd2,uwUXeuopPLnRPZ_eSqSreQ_120_box0.jpg,LISBURN_CITY,National,Lamppost-mounted,Ulster Banner,5,2025-08-11 18:15:17.301999+00,Pat,false,,
2101ecb9-8beb-44a8-b59d-b841a207eca7,jGFs8lojPeRKteK6iVR2_Q_000_box0.jpg,BELFAST_CITY,National,Building-mounted,Union Jack,5,2025-08-14 13:16:05.126721+00,Pat,false,,
2115b9fc-2149-4013-abf7-203418425aa4,3Rloiy-BVZC4qRJns3kqtw_000_box0.jpg,METROPOLITAN_CASTLEREAGH,National,Lamppost-mounted,Union Jack,5,2025-08-14 13:07:01.300498+00,Pat,false,,
2149e7da-0ba1-41b5-8cb0-f244823c9c2d,JF_rbsW43SsHzAbQy3KaJg_120_box0.jpg,BELFAST_CITY,National,Lamppost-mounted,Union Jack,5,2025-08-14 14:01:57.071971+00,Pat,false,,
215af36c-b4dd-4ed2-9cae-f86fa84d5f3e,2GX1DPniKG8DfAK36V4sBg_060_box0.jpg,METROPOLITAN_LISBURN,National,Building-mounted,Union Jack,5,2025-08-14 13:49:01.089082+00,Pat,false,,
215c0af2-4cfe-40c9-bb0f-e7c17abc9f5d,rLKLQOfLypgMOA7sIPhDWg_060_box0.jpg,ARMAGH,National,Building-mounted,Union Jack,5,2025-08-28 20:47:17.304929+00,May,false,,
219195c3-70ec-4742-8a50-65c09896843a,kRigBsSe58JbQNHSre4jrA_180_box0.jpg,CRAIGAVON,National,Lamppost-mounted,Union Jack,5,2025-08-13 22:38:41.154137+00,May,false,,
21a58158-fe3f-4d02-9c24-e03dca0a68c4,TurkvUffFmilRITUDLfwmw_060_box0.jpg,LISBURN_CITY,National,Lamppost-mounted,Union Jack,5,2025-08-17 17:03:07.177108+00,May,false,,
21add664-a182-4b95-9c71-2b37d3b5b77d,NSKw5WlrmjiM3kY0-3xQXw_180_box0.jpg,LARNE,Review,,,,2025-08-28 20:31:36.723531+00,May,true,Unclear image,
21b0d663-9669-4adc-a799-2e2beefffb9a,dbqkuyo38AxWy0KG2MzUNQ_240_box0.jpg,LISBURN_CITY,National,Lamppost-mounted,Union Jack,5,2025-08-13 22:11:17.306769+00,May,false,,
21d1fbbd-3339-49b7-9870-467182ac234e,qGLr5sxrj-1glRwhsRU68Q_060_box0.jpg,OMAGH_TOWN,National,Lamppost-mounted,Union Jack,5,2025-08-14 13:06:46.475521+00,Pat,false,,
2202d1c5-e314-4456-bacd-8a1ac42727f5,v2Jvd4DIj7bhHtUzycSUjA_240_box0.jpg,BELFAST_CITY,National,Building-mounted,Union Jack,5,2025-08-13 08:35:54.677986+00,Pat,false,,
2232d32e-76ed-41cf-9c94-00f3c2fd9558,F1lRKRVKNG9mv5SgOpz0ZA_300_box0.jpg,BELFAST_CITY,National,Lamppost-mounted,Union Jack,5,2025-08-15 20:56:48.814622+00,May,false,,
223c8bd3-137e-47ec-8abb-c96191b2da66,Z4uttqrr0E83Yi08CFtHEg_000_box0.jpg,BALLYMENA,National,Lamppost-mounted,Union Jack,5,2025-08-22 22:09:46.775475+00,May,false,,
22413786-1a09-4461-8fb8-742a866c2d42,0AlcBEostYJFJv7Qu-yTkA_180_box0.jpg,BELFAST_CITY,National,Building-mounted,Union Jack,5,2025-08-12 16:16:58.110567+00,Pat,false,,
2244771e-19a8-4963-96b1-d93769669153,PzkxjxrIhhIKCCNSQoyTEQ_240_box0.jpg,COOKSTOWN,Fraternal,Pole-mounted (in ground),Royal Black Institution,5,2025-08-28 19:44:19.082319+00,May,false,,
2254ddcc-32dc-4fc7-8772-f150868ddaa9,KqVVAjV-i6PoeXgQQOqZcw_120_box0.jpg,CARRICKFERGUS,National,Lamppost-mounted,Ulster Banner,5,2025-08-12 15:12:25.62759+00,Pat,false,,
2263f854-4a8e-4e32-8dda-8287e98a453c,hFmzzDzCmOAxHwOgMF41Lw_000_box0.jpg,RANDALSTOWN,Fraternal,Building-mounted,Apprentice Boys,5,2025-08-17 16:23:51.370042+00,May,false,,
226845d6-be53-44df-941c-2518b7b9bba3,Ua7Y_W32C09C93JSAF_UmA_060_box0.jpg,COMBER,National,Pole-mounted (in ground),Union Jack,5,2025-08-17 17:02:51.524603+00,May,false,,
227b09e0-8ffa-4dc2-b30b-f007355a5017,6YCWyDyv1CvasyXqpOXMNw_240_box0.jpg,BALLYMENA,National,Pole-mounted (in ground),Union Jack,5,2025-08-12 15:14:31.868635+00,Pat,false,,
2283d6ff-bb39-47e1-8058-0231a8a6f48a,nv-pSTgYT_uCL4Rki1CH1A_180_box0.jpg,METROPOLITAN_NEWTOWNABBEY,National,Pole-mounted (in ground),Union Jack,3,2025-08-14 13:46:08.421178+00,Pat,false,,
22c47b51-0c8b-4bb5-9f1c-4e0e3e0ade8c,zSjV2Onu1yHv1nJTrsfVCg_180_box0.jpg,BELFAST_CITY,National,Lamppost-mounted,Union Jack,5,2025-08-14 13:46:33.233601+00,Pat,false,,
22c9f3f6-9a73-49df-ad22-59a3ef468eb2,enQExw9UH17W9-yiORNo2Q_120_box0.jpg,BALLYMENA,National,Building-mounted,Union Jack,5,2025-08-22 22:05:41.981616+00,May,false,,
22ce0631-3b69-4916-8e23-62f7faf45bc5,DCGkHfjUpJo40NYShdR2lw_300_box0.jpg,CRAIGAVON,National,Lamppost-mounted,Ulster Banner,5,2025-08-12 15:05:54.773548+00,Pat,false,,
22cf14a8-13b2-4e99-acd4-495c05f61991,tP4CMYHekRdrmrJU8sZn-w_120_box0.jpg,ANTRIM,National,Lamppost-mounted,Union Jack,5,2025-08-14 12:42:55.980814+00,Pat,false,,
22d9842a-d772-4b86-8622-6d4e04a521e0,KZEbah5jR36GL1XmLJiNow_180_box0.jpg,CARRICKFERGUS,National,Pole-mounted (in ground),Union Jack,5,2025-08-11 18:18:05.0207+00,Pat,false,,
22e47543-efee-4402-bd17-371505eb463e,nKwnPWmfL07Dbtxmg6jsng_000_box0.jpg,BELFAST_CITY,National,Lamppost-mounted,Union Jack,5,2025-08-28 20:03:53.279027+00,May,false,,
22e73203-8bc9-40bf-8980-c2a32ad3b2c4,iAGhk-yexcXqAg6XgTc95Q_000_box0.jpg,METROPOLITAN_NEWTOWNABBEY,National,Lamppost-mounted,Union Jack,5,2025-08-17 16:44:45.825723+00,May,false,,
22ebda29-b212-49c8-bfe8-3c95528dbfcf,EdcBb_9vRN4UdNejR1MH3g_300_box0.jpg,LARNE,National,Lamppost-mounted,Union Jack,5,2025-08-13 22:28:24.754387+00,May,false,,
22f868e6-fdc2-46f9-8ba0-d8cfc00598de,P6BApz3_WNWg8tlXVI_cZQ_300_box0.jpg,BELFAST_CITY,National,Lamppost-mounted,Union Jack,5,2025-08-12 15:07:06.085986+00,Pat,false,,
2314c23f-96e9-47f0-b830-d80218f91ac6,m5L2Er7Id-PmWBHiI7zjWg_060_box0.jpg,BELFAST_CITY,National,Lamppost-mounted,Union Jack,5,2025-08-15 20:55:34.308474+00,May,false,,
2323e721-ccc4-44b5-82f5-263385dff723,FqNISaM4TrMCsXm_BKnyRQ_120_box0.jpg,BELFAST_CITY,National,Building-mounted,Ulster Banner,5,2025-08-22 22:28:26.515214+00,May,false,,
23322d4f-684e-4e14-8ffe-15e3cd77d42d,LR1D6XbTRrvNvoFQahOXMw_060_box0.jpg,METROPOLITAN_NEWTOWNABBEY,National,Lamppost-mounted,Union Jack,5,2025-08-29 08:13:28.698315+00,May,false,,
2344f2cc-bc7c-40a5-872f-ee1c073d53ff,L-gduS7EXL1NiVIzy6yOiw_180_box0.jpg,LARNE,Proscribed,Lamppost-mounted,UDA,5,2025-08-28 20:12:19.949401+00,May,false,,
23577882-d135-4411-b45d-cea4c72ffddb,fy0LJ2hIjVgjC6qYWXqAjw_060_box0.jpg,LARNE,National,Building-mounted,Ulster Banner,5,2025-08-12 15:00:55.507898+00,Pat,false,,
2396c889-4f90-49b8-95b6-eafff1941835,1Mo7XLh3Xyf0usQBsnCPxQ_120_box0.jpg,CRAIGAVON,International,Pole-mounted (in ground),Israeli,5,2025-08-17 16:54:15.967326+00,May,false,,
23aaf3fe-5470-43ec-b942-d22426b86b91,ZktlO3UloYf8EuyEVVSK2w_060_box0.jpg,BELFAST_CITY,National,Lamppost-mounted,Union Jack,5,2025-08-29 08:33:57.366104+00,May,false,,
23c36d13-2ab3-4df9-9c8c-fddb03f270f2,-_oQ_zPY3DmGX2kvsYuHng_180_box0.jpg,CARRICKFERGUS,National,Pole-mounted (in ground),Union Jack,5,2025-08-14 10:31:02.570278+00,Pat,false,,
23dbda4d-5d3e-4f22-82f8-b1334946c9d1,8jncloVqECss14iabmGYNQ_180_box0.jpg,GREENISLAND,National,Lamppost-mounted,Union Jack,5,2025-08-28 20:42:38.310252+00,May,false,,
23dc86d5-014c-4afd-a20a-fc1d753f39a7,UtBALFlwLG0uMNCyiznP4g_180_box0.jpg,METROPOLITAN_LISBURN,National,Building-mounted,Union Jack,5,2025-08-13 08:36:53.433173+00,Pat,false,,
2419191f-b948-4cad-a7dd-ece2f5357c4a,ZSoVBpHkQUNAPe5j4ERpxQ_300_box0.jpg,METROPOLITAN_CASTLEREAGH,National,Lamppost-mounted,Union Jack,5,2025-08-14 12:53:41.318183+00,Pat,false,,
24249014-7dad-42d4-8dfd-4f892021ecb3,R7crVx-NrrNeHcUm-EuvXw_120_box0.jpg,ANTRIM,National,Building-mounted,Union Jack,5,2025-08-14 09:41:54.96728+00,Pat,false,,
244d7755-a14c-4b52-a10b-fd19ff0f13a2,ans0SwqC8nYAfuy_JcOsTg_180_box0.jpg,MAGHERA,Military,Lamppost-mounted,Royal Irish Regiment,5,2025-08-29 08:24:24.314476+00,May,false,,
245c3f1d-47b4-47bd-9a9f-91975748e84f,0BEffEW67ch6ncJ5V92R-g_120_box0.jpg,GREENISLAND,National,Lamppost-mounted,Union Jack,5,2025-08-29 08:45:01.219957+00,May,false,,
246305c7-88c0-42e9-b2c0-4355cb52cba8,ZXaNXfPMveXJFUtf0vuIPQ_120_box0.jpg,LISBURN_CITY,National,Lamppost-mounted,Union Jack,5,2025-08-14 12:50:11.582701+00,Pat,false,,
247de7a8-e045-4f29-9e84-f9b589bc9ff9,Z4le8AfQF49iDK-Tu0A-vg_060_box0.jpg,WHITEHEAD,National,Lamppost-mounted,Union Jack,5,2025-08-24 10:09:19.251369+00,May,false,,
24a093d6-45cd-4b30-8eb6-2c45d273a64d,Lim4yd1cn5_bygabbdwRYQ_300_box0.jpg,CRAIGAVON,Review,,,,2025-08-24 10:12:39.354512+00,May,true,Not a flag,
24bc12f4-436c-469e-9d6f-479043a0b403,_r_9Xv-3Ud_H5v3zRYZPrg_060_box0.jpg,METROPOLITAN_LISBURN,National,Building-mounted,Ulster Banner,5,2025-08-14 11:17:36.245796+00,Pat,false,,
24c2e21f-abfd-43b4-a417-3c5e6328a9fb,5eaPwW52Uw0_8TocQeBQwQ_240_box0.jpg,COMBER,Review,,,,2025-08-14 13:13:46.564649+00,Pat,true,Unclear image,
24f7b280-79fb-467f-bb14-771319928def,Fw-zMbkBy9KpOyMGhdJpeQ_120_box0.jpg,METROPOLITAN_NEWTOWNABBEY,National,Building-mounted,Union Jack,5,2025-08-14 13:44:20.140744+00,Pat,false,,
25227a41-86e3-4fe9-9681-e99ef5c42791,4V7RqDf-9Qpa8nQWp0gryQ_060_box0.jpg,BELFAST_CITY,National,Building-mounted,Union Jack,5,2025-08-13 22:46:43.924149+00,May,false,,
255fdf83-190d-4dba-866b-fe2480ba579c,2EDYk5GqL1ulnr56b7RHGw_000_box0.jpg,BELFAST_CITY,National,Building-mounted,Ulster Banner,5,2025-08-13 16:33:59.860816+00,Pat,false,,
2565e307-a403-472c-8509-8ef287213bcc,0pwEdBiqypljk98moyLdug_000_box0.jpg,WHITEHEAD,National,Lamppost-mounted,Union Jack,5,2025-08-28 20:29:35.522777+00,May,false,,
2579ec96-28bd-4eac-ad99-c1a86cfb925d,gmnsC0oJwraiioXqSfcqXA_000_box0.jpg,COOKSTOWN,Proscribed,Building-mounted,UVF,5,2025-08-12 15:59:21.842024+00,Pat,false,,
2584b87b-6af2-4fdb-9632-fa47dea713d6,2RQQ3t1w3Ym_L6FHwKuFGw_180_box0.jpg,OMAGH_TOWN,National,Lamppost-mounted,Union Jack,5,2025-08-14 10:23:22.375625+00,Pat,false,,
258aa531-8fad-4147-b909-00975a3942cb,Bxc4LCd0pEEAr0YhLYQa_w_180_box0.jpg,BELFAST_CITY,National,Lamppost-mounted,Ulster Banner,5,2025-08-12 16:12:31.871139+00,Pat,false,,
2597201b-4cd6-48b7-aa93-a2cd6959c567,X64JX3M_c7K_1nvetEsHHg_000_box0.jpg,CARRICKFERGUS,National,Window display,Union Jack,5,2025-08-15 20:53:28.726377+00,May,false,,
25de5e5a-bbe0-4e77-b24b-a3c6025a8f30,2icaFDIh0AlGhd8wOFImWw_000_box0.jpg,DOWNPATRICK,International,Pole-mounted (in ground),Other International,5,2025-08-14 12:23:54.759651+00,Pat,false,,
25f5e24d-b134-418e-b010-b40659e60dc4,l7eKd1rfGVurVgfmnQfqkQ_120_box0.jpg,CARRYDUFF,National,Lamppost-mounted,Union Jack,5,2025-08-29 08:40:36.387408+00,May,false,,
2602dc18-5290-4271-919d-ecb906bb0477,VynrffH2Z3wwUUHyzUkZwA_060_box0.jpg,CARRICKFERGUS,National,Lamppost-mounted,Union Jack,5,2025-08-13 16:26:17.524684+00,Pat,false,,
26050526-678c-4d9f-9af8-0e8b0428472d,kf-FunO3jDTVjxOsfYwRbA_240_box0.jpg,BELFAST_CITY,National,Lamppost-mounted,Union Jack,5,2025-08-13 08:45:06.471919+00,Pat,false,,
263019e1-f1aa-4bca-b67b-6d9d44db5650,BIOiwQWgB5EcYqnptvjnog_000_box0.jpg,BALLYCLARE,National,Building-mounted,Union Jack,5,2025-08-13 16:31:58.541371+00,Pat,false,,
263a0524-6b6a-41af-8992-653e59667f26,8laRr-uc2kdYh81Xikz2ZQ_060_box0.jpg,GREENISLAND,Review,,,,2025-08-14 10:49:17.610869+00,Pat,true,Complex case,
264e7109-b738-466e-aead-00c2fd673d9d,OMFnzSO1UZZjUi8wdQOmiA_300_box0.jpg,BELFAST_CITY,National,Lamppost-mounted,Union Jack,5,2025-08-14 10:56:26.209404+00,Pat,false,,
2657b4c0-c86a-4866-af9c-f3e30e15d82c,PPJA0h1UaqNnBD2Myic7bw_000_box0.jpg,DROMORE_BANBRIDGE,National,Building-mounted,Union Jack,5,2025-08-14 10:19:03.393182+00,Pat,false,,
265b8d7d-ae6a-439c-a76d-dab1cdd7b32a,Fvi5ROPndntVoBH5QBQL0Q_060_box0.jpg,BELFAST_CITY,National,Lamppost-mounted,Ulster Banner,5,2025-08-13 08:27:19.354237+00,Pat,false,,
2678e373-b9e8-466f-aa80-8f4b6a61545f,MpAXOwUh4Bz_MCwMWW3k9g_240_box0.jpg,CRAIGAVON,National,Building-mounted,Union Jack,5,2025-08-14 10:33:26.543115+00,Pat,false,,
269145c4-34f0-4e57-8911-d29d14b6848e,0JdHz_g8AMbxHszsVz3EnA_120_box0.jpg,BELFAST_CITY,National,Lamppost-mounted,Union Jack,5,2025-08-14 10:37:54.770963+00,Pat,false,,
26a3d85d-fb4e-469e-82f6-1c64ce962767,Xi0_wRWE_FPffZ9_38jkgg_000_box0.jpg,COLERAINE,National,Building-mounted,Union Jack,5,2025-08-14 13:32:01.140288+00,Pat,false,,
26a8a7eb-3365-4e5d-ac5c-8801a0b1a65f,v7HuEWHyD1ngfaLuHhdljQ_180_box0.jpg,BELFAST_CITY,National,Building-mounted,Union Jack,5,2025-08-14 13:50:50.655871+00,Pat,false,,
26aeeb36-db86-4f13-a698-8b3cc58295e1,Q3xfM_pKeDoftAmXsvTF5Q_000_box0.jpg,BELFAST_CITY,National,Lamppost-mounted,Union Jack,5,2025-08-17 18:22:35.867267+00,May,false,,
26bd23c3-a034-410f-9d8c-8aa4db39f4d8,7eWdIeFG60J_WqBpfhG3aQ_000_box0.jpg,METROPOLITAN_CASTLEREAGH,Review,,,,2025-08-14 10:26:07.239429+00,Pat,true,Unclear image,
26bd97d3-7f1d-4c80-888c-f266363089f2,tudBUcU1nG1147tpiyyJSQ_000_box0.jpg,LISBURN_CITY,National,Lamppost-mounted,Ulster Banner,5,2025-08-14 13:48:23.411257+00,Pat,false,,
26ffeffd-b8c4-49de-a132-a0530a1811b0,iArHDN-eoq8DWS6ZNqJzmQ_060_box0.jpg,LISBURN_CITY,National,Building-mounted,Union Jack,5,2025-08-13 09:08:18.994205+00,Pat,false,,
2703ee9e-d6c0-4b90-bbb7-ec885619e283,szZqonjGMWVwnZ_rrtEypA_000_box0.jpg,BELFAST_CITY,National,Lamppost-mounted,Ulster Banner,5,2025-08-17 17:07:26.929017+00,May,false,,
270a8c98-036a-42f5-bb5a-32909e98ae0f,NoXYT7nSxfPYMYmsDMOtLw_180_box0.jpg,COLERAINE,Fraternal,Lamppost-mounted,Orange Order,5,2025-08-13 22:14:27.987015+00,May,false,,
270e3851-bc36-456b-93ad-57afb26f8da0,9jPS6A_K5iaAhwti9kgWcA_000_box0.jpg,ENNISKILLEN,National,Lamppost-mounted,Union Jack,5,2025-08-17 16:23:54.845438+00,May,false,,
27181ded-5d73-439f-9c51-c5cb970745a0,zMJstV263EfFfN_M5m2eOQ_000_box0.jpg,DERRY_CITY,National,Lamppost-mounted,Union Jack,5,2025-08-13 08:52:42.942014+00,Pat,false,,
279118cd-6fe9-479b-ab26-8a73f1824051,X26iZXdwizOg_GrWJag9hA_300_box0.jpg,COLERAINE,National,Building-mounted,Union Jack,5,2025-08-14 10:32:28.033258+00,Pat,false,,
27a41e7e-8a06-4899-bcad-3d26a685c1d9,epor1sGIQv3o9SAZKIwlog_060_box0.jpg,BELFAST_CITY,National,Lamppost-mounted,Union Jack,5,2025-08-14 10:14:29.490852+00,Pat,false,,
27c8c976-d111-48af-827c-9105515a2eeb,yDBeYuWdyulxmJeB0nmxcQ_180_box0.jpg,NEWTOWNARDS,National,Building-mounted,Ulster Banner,5,2025-08-14 12:57:49.834551+00,Pat,false,,
27d2fea3-63cf-4f13-91fc-2f374f1b5616,NVJXlMhL8KG17tCor7OHcA_180_box0.jpg,BALLYMENA,National,Lamppost-mounted,Union Jack,5,2025-08-14 12:32:38.170917+00,Pat,false,,
27e5434f-1930-43b6-b0d6-afd313f6ab94,QxHlDAMxqeeB4ITFt4KLLg_060_box0.jpg,BELFAST_CITY,National,Lamppost-mounted,Union Jack,5,2025-08-14 13:46:51.560284+00,Pat,false,,
28343c96-ec6a-493f-89e1-a4154f75f43b,-tAiVvJ56n1ieaOLSsyl_A_120_box0.jpg,CARRICKFERGUS,National,Lamppost-mounted,Union Jack,5,2025-08-14 13:20:54.503527+00,Pat,false,,
283c6743-572f-45bc-91be-18fb194bab65,KBWxitkEYZKU_19F43Ww9w_000_box0.jpg,BELFAST_CITY,National,Lamppost-mounted,Union Jack,5,2025-08-28 20:48:13.565242+00,May,false,,
285866e3-6922-45e6-95e2-1f09ae3326c9,OFf4w8zEOm6WQk6vJOwhrg_240_box0.jpg,BELFAST_CITY,National,Building-mounted,Union Jack,5,2025-08-29 08:47:16.663361+00,May,false,,
285f69de-0116-42e0-8cd1-dc57ab5ce1fe,nxW8AKsrRdVEji-xKS9Jmg_000_box0.jpg,LISBURN_CITY,National,Lamppost-mounted,Ulster Banner,5,2025-08-28 20:18:52.089389+00,May,false,,
2889532e-0cf1-4271-9379-ede569359a61,2y-vAqWRLjOMlEjVSvMWDQ_300_box0.jpg,BELFAST_CITY,National,Building-mounted,Union Jack,5,2025-08-13 22:14:51.502771+00,May,false,,
28bc6737-851d-46ca-9591-b95d21a746e7,RrBBZCg0UTy_x2EewnOQxw_120_box0.jpg,BELFAST_CITY,National,Lamppost-mounted,Union Jack,5,2025-08-28 19:44:55.746735+00,May,false,,
28d7c7a8-e2ff-402d-a692-93f719497a07,r77XVdKbnqe3rJ0itRU0gQ_000_box0.jpg,GREENISLAND,National,Lamppost-mounted,Union Jack,5,2025-08-13 22:53:56.295342+00,May,false,,
28f50c88-c70d-4d9e-90fe-c34bb87d63d2,E96l82WZO01p2VpUGsSV6A_000_box0.jpg,BALLYMENA,National,Building-mounted,Ulster Banner,5,2025-08-29 08:53:10.295572+00,May,false,,
28fbdc9e-604d-43a0-8677-fe8f03c8c824,rvOqPLs28MwazHQVETUJCA_240_box0.jpg,BELFAST_CITY,National,Lamppost-mounted,Union Jack,5,2025-08-14 14:02:46.57558+00,Pat,false,,
28fc97a2-26dc-46b9-b892-c84cb45931af,eqS9H-5hKaCkuHnels7R3w_060_box0.jpg,DOWNPATRICK,International,Pole-mounted (in ground),Other International,5,2025-08-14 13:08:23.884332+00,Pat,false,,
29573b8b-404b-4d29-810b-3eab1e439f82,0bCtpqCEUYdnXwG5_JbpPg_180_box0.jpg,DUNGANNON,International,Lamppost-mounted,Palestinian,5,2025-08-22 22:04:57.152245+00,May,false,,
296b4e33-5be7-4185-a387-f6fe41a56c1d,oB5NRT1JKCnMsgOddVwc2w_180_box0.jpg,BELFAST_CITY,National,Building-mounted,Union Jack,5,2025-08-29 08:33:32.035772+00,May,false,,
29826861-790c-4e03-9f50-531412e78c00,PyzBK7_Jeq3PCAd5BW2Paw_300_box0.jpg,BELFAST_CITY,National,Lamppost-mounted,Union Jack,5,2025-08-17 16:52:09.919927+00,May,false,,
298b99de-fb51-436a-9941-7154456d441b,QsaNpJp5oabwB6NMGn52cA_300_box0.jpg,LISBURN_CITY,National,Building-mounted,Union Jack,5,2025-08-14 13:51:07.772026+00,Pat,false,,
298c21ed-e1a7-41df-9e02-4d402080f406,F0TQiD-6IqvrCyd_PAsx6Q_240_box0.jpg,BALLYMENA,Review,,,,2025-08-14 12:28:44.514017+00,Pat,true,Other,
2994bf56-62f1-47cf-8102-8968683d994c,XUBhLHIN77c4BX2YOaUQjA_000_box0.jpg,GREENISLAND,National,Building-mounted,Union Jack,5,2025-08-14 12:21:41.411808+00,Pat,false,,
29b11536-d908-4aec-9194-e9faea07ab44,K-5vGlJB7zAJWHvtcQtn5g_240_box0.jpg,LISBURN_CITY,National,Lamppost-mounted,Scottish Saltire,5,2025-08-28 20:44:27.60156+00,May,false,,
29c0ed0e-2a00-4dbb-8d06-147775937831,9FeIfpEO911FrWPzCXT0KA_060_box0.jpg,BELFAST_CITY,National,Lamppost-mounted,Ulster Banner,5,2025-08-29 08:39:18.330395+00,May,false,,
29c941aa-d8b5-4ae3-aa33-dcb930ab2ffc,-b-sRqBieO7-rXbZHjUGkg_240_box0.jpg,BELFAST_CITY,Review,,,,2025-08-13 22:11:36.254681+00,May,true,Unclear image,
29e7012d-f90f-4121-b90b-50b5635e7229,6_e4sXQHgaojmmPnm2YumA_180_box0.jpg,METROPOLITAN_NEWTOWNABBEY,National,Lamppost-mounted,Ulster Banner,5,2025-08-13 08:29:30.282061+00,Pat,false,,
29eacaf1-141c-4c08-b7ed-865f72c9a065,yF3Nla18-pqlRbTpmC1RHA_180_box0.jpg,BELFAST_CITY,National,Building-mounted,Union Jack,5,2025-08-14 09:38:00.53724+00,Pat,false,,
2a2202e3-b306-49ad-a977-71582bb8a9d3,lEWdxTWe_4wSmTEc2I2FHQ_300_box0.jpg,COLERAINE,Review,,,,2025-08-14 12:29:26.068547+00,Pat,true,Complex case,
2a27f8b7-0636-4a97-8ac7-3922a89f3a5f,aWvygKl5qMcyUg4fregH9Q_060_box0.jpg,CRAIGAVON,National,Building-mounted,Union Jack,5,2025-08-14 12:27:37.005327+00,Pat,false,,
2a602476-e713-44c5-adf8-351975f8b8e2,VsKJESl_p5kZ9pIVMlX6hg_240_box0.jpg,ARMAGH,National,Lamppost-mounted,Union Jack,5,2025-08-22 22:14:07.553785+00,May,false,,
2a63eb01-aae8-45db-8a11-3bba2d19a3ff,8Nr4BEEfFrokNNTuwjRtIg_120_box0.jpg,BELFAST_CITY,National,Lamppost-mounted,Union Jack,5,2025-08-14 09:51:22.653649+00,Pat,false,,
2a63fbb5-6b82-4e91-a547-68e4a8d19598,lgYwQXopZyy0U_rNwlcLGQ_120_box0.jpg,METROPOLITAN_NEWTOWNABBEY,National,Lamppost-mounted,Ulster Banner,5,2025-08-28 19:55:50.828742+00,May,false,,
2a690708-98a9-4b6b-9d2a-0215cc080c06,3N-daAk0scuUcyzKUPTriQ_300_box0.jpg,ENNISKILLEN,Review,,,,2025-08-29 08:37:38.733912+00,May,true,Not a flag,
2a7c5716-93b9-4d73-b6e7-4f9ba124a632,aHlOSoWC-H1AuwPqXEVVWQ_060_box0.jpg,BELFAST_CITY,National,Building-mounted,Union Jack,5,2025-08-13 22:14:01.52778+00,May,false,,
2aa18ced-dcad-46f3-9b17-97b937f60ff3,v9zzA_T7mUOjO0sg1jzz1Q_120_box0.jpg,CARRICKFERGUS,National,Lamppost-mounted,Union Jack,5,2025-08-29 08:17:26.689967+00,May,false,,
2ab91ea7-adb8-4885-981b-4fdcba022a07,ifpmSqbHsVgfuTwjZgs56g_240_box0.jpg,COLERAINE,National,Building-mounted,Union Jack,5,2025-08-14 12:58:20.597249+00,Pat,false,,
2abaeff7-d2ea-437c-b76d-126b07c196be,qz60qxjnSSJRltQ8Fxys4g_060_box0.jpg,BELFAST_CITY,National,Building-mounted,Ulster Banner,5,2025-08-22 22:15:11.784898+00,May,false,,
2adaa913-bd90-400b-9cd4-c519ea637305,0lgdw9-yA4mFhsQF_Nxvpw_000_box0.jpg,METROPOLITAN_NEWTOWNABBEY,Proscribed,Lamppost-mounted,UDA,5,2025-08-17 15:45:43.466042+00,May,false,,
2af07f9f-91ad-423f-b9c8-9721801751be,QqDPZVtDPetyMRF3U5FiCQ_000_box0.jpg,BELFAST_CITY,National,Lamppost-mounted,Union Jack,5,2025-08-29 08:17:00.388465+00,May,false,,
2b0c4b42-c0ee-4e50-906b-af8b88d951b2,S93lAYAYdpWzoBlor0cGSg_180_box0.jpg,BELFAST_CITY,National,Building-mounted,Union Jack,5,2025-08-14 10:52:50.276834+00,Pat,false,,
2b38385b-d296-46f4-8aa0-6493375a6640,ZG0MMq5cWeqXRoxJt58QIg_060_box0.jpg,LISBURN_CITY,National,Building-mounted,Union Jack,5,2025-08-11 18:07:02.484164+00,Pat,false,,
2b56944e-2e13-4624-a7ee-3b731329db98,WuGVJe_o1yUWpLwnPD65Fw_000_box0.jpg,LARNE,National,Building-mounted,Union Jack,5,2025-08-15 20:53:09.938715+00,May,false,,
2b6b0e59-5b98-40d2-91b0-97d24589765b,X1DQFMnyRhYmi7rzWB3YCw_000_box0.jpg,BELFAST_CITY,National,Building-mounted,Union Jack,5,2025-08-14 12:44:11.918717+00,Pat,false,,
2b6c982a-05b0-4f40-8078-a4d056fcbce8,bKd9s8m0YngZIFh36AVg-Q_120_box0.jpg,CRAIGAVON,National,Lamppost-mounted,Union Jack,5,2025-08-28 20:24:29.269726+00,May,false,,
2b931187-b382-4b94-8c40-720ff9178a0b,O-0HbK94K6tyNJoVJl7bDA_180_box0.jpg,NEWTOWNARDS,National,Building-mounted,Union Jack,5,2025-08-14 11:11:36.86575+00,Pat,false,,
2bc14d42-aed4-429a-8a83-8b509aa75078,lXDFjtJ51XitcGaipbi22Q_120_box0.jpg,CARRICKFERGUS,National,Building-mounted,Union Jack,5,2025-08-13 16:27:10.569339+00,Pat,false,,
2bca9025-5e06-42fc-9ccb-a79e8e2e1a64,C9WcoYSoK5t416iBz--XUA_060_box0.jpg,ARMAGH,National,Lamppost-mounted,Union Jack,5,2025-08-13 08:54:50.989208+00,Pat,false,,
2bcda250-3a4d-4cec-a451-069066775d80,KAwXTTiZlI5-oTvEdYnw3g_000_box0.jpg,GREENISLAND,National,Lamppost-mounted,Union Jack,5,2025-08-14 09:41:35.177404+00,Pat,false,,
2be806a2-9830-41ad-813d-7edfbeeea08f,aC1eDqUysvZa7vkO8mt8Iw_180_box0.jpg,STRABANE,International,Lamppost-mounted,Palestinian,5,2025-08-14 11:04:04.592346+00,Pat,false,,
2c01483f-c66f-4a6a-b13a-ed1867d2b6e9,J2mAlq4zgxrmRTpmAz8_9w_180_box0.jpg,BELFAST_CITY,National,Lamppost-mounted,Union Jack,5,2025-08-28 20:39:18.413591+00,May,false,,
2c147371-3084-459f-aa78-448d2e563915,YcExpI8SfkDDCiVGOHHjUw_300_box0.jpg,BALLYCLARE,National,Lamppost-mounted,Ulster Banner,5,2025-08-14 09:37:14.100684+00,Pat,false,,
2c41ab92-e30c-4b5a-9d80-fde8a999948d,8W9H8Atyfv-En2R5PZmXVw_240_box0.jpg,BELFAST_CITY,National,Lamppost-mounted,Ulster Banner,5,2025-08-14 12:30:16.966025+00,Pat,false,,
2c6b8c84-7d7a-47ce-a06d-01168b1213ad,M9G8cisbO3MuplTzxsqb7Q_300_box0.jpg,GREENISLAND,National,Lamppost-mounted,Union Jack,5,2025-08-29 08:27:55.880076+00,May,false,,
2c7d9e6a-adff-4ea6-811e-cf402fba9d91,xdUhVY1QMqEUuk9H-DHrgQ_000_box0.jpg,GREENISLAND,National,Building-mounted,Union Jack,5,2025-08-13 22:05:34.96177+00,May,false,,
2c8261c2-4d09-4614-8d27-3e35ecbf7151,hKK-6yTbY_F4T6AHa-IOHA_180_box0.jpg,BELFAST_CITY,National,Building-mounted,Union Jack,5,2025-08-13 22:15:33.938053+00,May,false,,
2c9c1d1b-87f7-415f-ba75-941f798ae6dd,sBzDmwWmHip4521S6Kv6ow_180_box0.jpg,CRAIGAVON,National,Pole-mounted (in ground),Ulster Banner,5,2025-08-11 18:23:45.401266+00,Pat,false,,
2cb95d63-917a-4918-96a4-118dce147a43,ZuQhogVJhk_4635jS-xr_g_180_box0.jpg,BELFAST_CITY,National,Building-mounted,Union Jack,5,2025-08-11 18:26:24.748823+00,Pat,false,,
2cc8ba07-b9c2-47e2-9feb-ac5d792280ac,7Zp7crrAd2C_nfg7PU0NbA_000_box0.jpg,COLERAINE,National,Building-mounted,Ulster Banner,5,2025-08-17 17:03:35.576458+00,May,false,,
2cf38e53-584d-4677-b69d-afd25e58bcb0,YmHPzrPD989aA117ZfsW3w_300_box0.jpg,BELFAST_CITY,National,Lamppost-mounted,Union Jack,5,2025-08-14 12:51:12.671722+00,Pat,false,,
2d37ea8d-afdd-4748-83ac-6b2362eb9adf,3llG26luglOX6emmrbPHEw_180_box0.jpg,BELFAST_CITY,Review,,,,2025-08-14 14:14:24.60253+00,Pat,true,Not a flag,
2d3e0c8b-18e0-43af-b3e8-1ea1f30b13a9,bGrS6gGT5MYK61KTnihP1g_300_box0.jpg,CRAIGAVON,National,Lamppost-mounted,Ulster Banner,5,2025-08-22 22:17:42.121104+00,May,false,,
2d4d79a0-1c79-44a8-88a3-79930c2d0d8f,c1ogZ7_nY-bhLEOkb3E4nw_060_box0.jpg,BELFAST_CITY,National,Lamppost-mounted,Union Jack,5,2025-08-15 20:58:08.607397+00,May,false,,
2d522439-88b5-41af-956b-f7c6df35909c,uCM1dMEmvXZdM7Eiq9op3Q_180_box0.jpg,LISBURN_CITY,Review,,,,2025-08-28 20:48:53.977782+00,May,true,Unclear image,
2d667b20-9c16-4605-bb19-91572f06262c,BZVx9YtHFTMKdkIkkqRp3w_120_box0.jpg,LISBURN_CITY,National,Pole-mounted (in ground),Ulster Banner,2,2025-08-14 13:17:06.586788+00,Pat,false,,
2d719d26-2d25-4401-8f71-c4b55da09aab,J-piZDC8ZnD2rZh96TyyRQ_000_box0.jpg,METROPOLITAN_LISBURN,National,Building-mounted,Union Jack,5,2025-08-17 14:37:15.036005+00,May,false,,
2d779472-3610-4f67-a7ee-3ebecd7290f5,uKXG0aRpU7xcoULUWVIolQ_120_box0.jpg,LISBURN_CITY,National,Lamppost-mounted,Union Jack,5,2025-08-15 00:33:43.020489+00,May,false,,
2d8eba61-340b-480b-94a9-487e66df8a2b,jRKztm13wJWQQ5MEmDHodQ_060_box0.jpg,LARNE,National,Building-mounted,Union Jack,5,2025-08-28 20:22:18.567552+00,May,false,,
2d93c572-7a1b-4d44-9569-c4fe518ce87e,aeHtdMUKaFrfD0N2n_eZhQ_240_box0.jpg,METROPOLITAN_NEWTOWNABBEY,National,Building-mounted,Union Jack,5,2025-08-14 10:51:49.869845+00,Pat,false,,
2dc21d78-dbc3-4920-8fbc-b4ec35d162a9,hgzi1iqKrM60cZphuPgRzQ_060_box0.jpg,CRAIGAVON,Review,,,,2025-08-14 11:12:42.983832+00,Pat,true,Complex case,
2dd49c10-32c8-4cb2-9599-c99edcf818e2,KFB3LdHxJg7Pc4IJCG5TQQ_060_box0.jpg,PORTSTEWART,International,Pole-mounted (in ground),Other International,5,2025-08-17 15:51:35.778258+00,May,false,,
2df0f198-14fc-4a10-8e0b-23418fced3da,7ADZzSE8_5KDXmovqQzkqA_060_box0.jpg,BELFAST_CITY,Historical,Building-mounted,Regimental Colors,5,2025-08-28 20:21:01.65891+00,May,false,,
2e02afae-4dd0-44fc-9bf0-c3950dd6839c,cq7s4IJ5fYD8quVrl7PtiQ_240_box0.jpg,WARRENPOINT,Sport,Lamppost-mounted,Supporters Club,5,2025-08-28 20:09:43.003157+00,May,false,,
2e13da3e-397a-40ea-86b6-3c8ebff7816b,KMBeU-o2MmI3yAlX8imRig_120_box0.jpg,CRAIGAVON,National,Lamppost-mounted,Union Jack,5,2025-08-14 13:29:39.453812+00,Pat,false,,
2e482cee-5dce-4c19-9a1a-6ff458481dcb,jC9xZsuZeMIU8bwO9E9z2g_000_box0.jpg,BELFAST_CITY,National,Building-mounted,Union Jack,5,2025-08-17 15:40:41.207666+00,May,false,,
2e7cdda9-e90a-4010-83cf-42c614c32e91,sn3Z7tVpC3JUaR3PoexnjA_060_box0.jpg,CARRICKFERGUS,National,Building-mounted,Union Jack,5,2025-08-14 10:50:48.097988+00,Pat,false,,
2e7d02af-fe40-4c64-99e0-e8f4bceacd71,KMLb2n1dHYuOzbJqRyDC1w_300_box0.jpg,BELFAST_CITY,National,Building-mounted,Union Jack,5,2025-08-14 12:54:06.660913+00,Pat,false,,
2eb58b7f-deee-43db-88e2-1a19f29837ed,1sUg69Y3dG7AtA6QEhJxWg_180_box0.jpg,BELFAST_CITY,Fraternal,Building-mounted,Apprentice Boys,5,2025-08-17 18:22:25.237145+00,May,false,,
2eb7b99b-58c6-4a61-8dad-d340d4b8204a,TJmezl6Rw7wSAC1K7agXNg_240_box0.jpg,CRAIGAVON,National,Lamppost-mounted,Union Jack,5,2025-08-28 20:06:16.375416+00,May,false,,
2eb9f4d8-a0ae-475a-a181-1a51128754fb,ppjIIpZHsnwhmR3aIC6tTw_000_box0.jpg,CRAIGAVON,National,Building-mounted,Ulster Banner,5,2025-08-13 16:27:00.931245+00,Pat,false,,
2ed92b0f-6d96-4300-9e52-3983bac0d535,vSnlwGWW2__JVP5U6reFtg_240_box0.jpg,METROPOLITAN_NEWTOWNABBEY,National,Building-mounted,Union Jack,5,2025-08-12 15:56:49.750182+00,Pat,false,,
2edd1ebf-7244-4d03-8cee-f4f10c12dd1a,cEuABi5TInnFVwHsrNAdfA_300_box0.jpg,METROPOLITAN_CASTLEREAGH,Review,,,,2025-08-12 15:55:41.949219+00,Pat,true,Complex case,
2ef2dffa-6ff0-49d6-9526-ad6767e912fb,_k_hNn0aN4AWpUn-q_HWfg_120_box0.jpg,METROPOLITAN_LISBURN,National,Building-mounted,Irish Tricolor,5,2025-08-29 08:48:51.478121+00,May,false,,
2f02d337-02c1-43f1-825a-96f8f7b02961,Dx18XtZwfxEEb9Bp4UX_fg_300_box0.jpg,BELFAST_CITY,National,Pole-mounted (in ground),Union Jack,5,2025-08-14 12:51:36.014854+00,Pat,false,,
2f38bb10-2cca-414c-b500-b51d0b3ccab0,vvSMoPsIfwxWgjempr-K9w_300_box0.jpg,BELFAST_CITY,National,Building-mounted,Ulster Banner,5,2025-08-11 18:15:56.909064+00,Pat,false,,
2fd4faf6-f681-47ab-8d53-0144dec1e3d0,cqbN1vRTfgUP4ZIWO3EE6w_120_box0.jpg,BELFAST_CITY,Review,,,,2025-08-12 15:56:09.975574+00,Pat,true,Complex case,
2fead3f1-1b73-40b3-a93d-d854da91b47a,w_ct0rdHw-zjDLQlbLOUHQ_300_box0.jpg,BELFAST_CITY,Review,,,,2025-08-14 12:23:35.878578+00,Pat,true,Other,
3014e250-c6b6-43be-b083-b2e7e8775310,oJgZtBxK1aVfsHw3N8Ukqg_240_box0.jpg,BELFAST_CITY,National,Building-mounted,Ulster Banner,5,2025-08-13 16:34:46.721325+00,Pat,false,,
3040e8fe-8cda-40b1-8cca-e6da7a703102,Fepaji6UqRh2p9WpJiGGPA_120_box0.jpg,METROPOLITAN_NEWTOWNABBEY,Proscribed,Pole-mounted (in ground),Other Proscribed,5,2025-08-17 16:56:36.042866+00,May,false,,
30773299-a7f7-4663-9455-c431cf7bb190,IHuR_zjPV4AddKYg4jMXpQ_060_box0.jpg,NEWTOWNARDS,National,Lamppost-mounted,Union Jack,5,2025-08-28 20:10:23.834911+00,May,false,,
30a746d2-73ac-4fc3-99bb-b4e607d00bdf,DZlpz5N_A9gObKDjn8mR_Q_180_box0.jpg,BELFAST_CITY,National,Lamppost-mounted,Union Jack,5,2025-08-14 10:25:24.241847+00,Pat,false,,
30d86662-f2f6-4283-b50b-88dd471e7473,5MynCdhkqyBDoq5E85hSjg_120_box0.jpg,LARNE,National,Lamppost-mounted,Ulster Banner,5,2025-08-13 21:59:10.218959+00,May,false,,
30dbee0f-d0ee-4c97-b0a2-5f6c11adbf9c,3Eb4cEw-8xSNSmnxEDRl9g_300_box0.jpg,METROPOLITAN_NEWTOWNABBEY,National,Lamppost-mounted,Union Jack,5,2025-08-14 09:46:50.553961+00,Pat,false,,
31017b49-8e40-4e75-8202-d6ec340223a4,xfCljhxuuFhocFrKQ_sdkA_300_box0.jpg,COOKSTOWN,National,Lamppost-mounted,Union Jack,5,2025-08-22 22:15:18.327525+00,May,false,,
3102eee4-10b0-4128-ab9d-fe9f006c9e68,6y1WNausxfKNCnV9o078YQ_240_box0.jpg,LARNE,National,Lamppost-mounted,Union Jack,5,2025-08-14 13:26:39.274462+00,Pat,false,,
3120a771-c2df-4784-8ca0-7f6ca91db0de,V7qHHLutxFF9tTSQed3kLQ_180_box0.jpg,CARRICKFERGUS,National,Building-mounted,Union Jack,5,2025-08-12 16:02:09.363365+00,Pat,false,,
31303a50-cf14-4705-8b91-929c7e17d6a3,njig9PNUn24SIRk6rJTGSw_120_box0.jpg,LARNE,National,Lamppost-mounted,Ulster Banner,5,2025-08-14 13:00:07.846445+00,Pat,false,,
313e0168-32f7-43f8-bb92-76d878a5c043,l2PJn0B6Y8H8j8VRcaDVIQ_000_box0.jpg,BELFAST_CITY,National,Building-mounted,Ulster Banner,5,2025-08-17 16:47:57.999127+00,May,false,,
3146517e-44d9-4890-b68b-cb5dbc1852ac,Q1SIsny1btVIC76da1Q_Ag_180_box0.jpg,METROPOLITAN_NEWTOWNABBEY,National,Building-mounted,Union Jack,5,2025-08-15 00:28:22.795548+00,May,false,,
31672813-a972-4fef-86df-c2862185d03e,nes5lhkw_EHkw0dFQ9tfQQ_180_box0.jpg,BELFAST_CITY,National,Pole-mounted (in ground),Ulster Banner,5,2025-08-17 16:20:00.35814+00,May,false,,
317344d6-5b43-47ae-a397-556a734c4653,3c7Z3M_IKmWUP2tp88idGg_000_box0.jpg,BELFAST_CITY,National,Pole-mounted (in ground),Union Jack,5,2025-08-11 18:25:27.022817+00,Pat,false,,
31a17d0d-b5f1-48c7-8ace-4c4f0499d432,y3anQqjSuuChF8c_Y2e8sA_120_box0.jpg,METROPOLITAN_NEWTOWNABBEY,National,Pole-mounted (in ground),Irish Tricolor,5,2025-08-29 08:53:45.711996+00,May,false,,
31a5a624-6244-4a7f-b6bb-1394f31ed9ad,YJt3mPh9KKpc10X7DL9ekg_180_box0.jpg,BELFAST_CITY,National,Lamppost-mounted,Union Jack,5,2025-08-14 12:38:15.627639+00,Pat,false,,
31ba7045-c228-4e9a-9b4c-f40587bdf7cb,RbAe3P-nTOMOn-DgzsiYmQ_000_box0.jpg,METROPOLITAN_LISBURN,National,Lamppost-mounted,Union Jack,5,2025-08-14 10:37:59.097439+00,Pat,false,,
31be66b9-b631-4293-bcfd-070e431ee881,XJB-72fquvf_AHphoJ8bIw_240_box0.jpg,LISBURN_CITY,National,Building-mounted,Union Jack,5,2025-08-22 22:07:21.302815+00,May,false,,
31ca111a-d773-4f7e-a22f-48ebcb787d11,JHLohPby8RgEbIaTLw59cg_180_box0.jpg,HOLYWOOD,Review,,,,2025-08-17 17:07:20.650266+00,May,true,Unclear image,
31e367e7-57ff-4c0e-a2f1-d752e70bc337,U14cFp7DkMLcwRyFk7EMaQ_300_box0.jpg,LISBURN_CITY,National,Lamppost-mounted,Union Jack,5,2025-08-14 10:20:39.524651+00,Pat,false,,
31f1aa26-c198-4a77-86ff-0b606da35b53,bkB0qh0QjVaVNzmbcFiPog_120_box0.jpg,BELFAST_CITY,National,Pole-mounted (in ground),Union Jack,5,2025-08-12 16:17:29.282445+00,Pat,false,,
320ec51f-b56e-4bc8-b528-92934843a46c,qUgR04czUp0vI5nzaWu1fg_120_box0.jpg,BELFAST_CITY,National,Lamppost-mounted,Ulster Banner,5,2025-08-14 10:08:09.978458+00,Pat,false,,
321be7e7-a592-4ed6-b81a-64568966f961,_hKhTxebhg7b3STXXOMuKw_000_box0.jpg,LISBURN_CITY,National,Building-mounted,Union Jack,5,2025-08-13 08:22:59.641879+00,Pat,false,,
32230d3d-1219-40ee-8d1d-8c135aa7977b,Szw4fLAbINGCvVBLs8vhwA_180_box0.jpg,STRABANE,Review,,,,2025-08-17 14:41:01.312788+00,May,true,Not a flag,
3238c3ad-d4e3-42ea-b716-7ca79125c971,LWAa59yHVpJbmBacumm_Mg_300_box0.jpg,OMAGH_TOWN,National,Lamppost-mounted,Union Jack,5,2025-08-12 15:52:36.698292+00,Pat,false,,
323ce080-5418-4f1a-b1a3-03459798b295,pztT2VO_zwHtzPFJvYLFPg_180_box0.jpg,BALLYCLARE,National,Building-mounted,Union Jack,5,2025-08-22 22:15:50.61565+00,May,false,,
3253fcd3-2714-4cf6-b23c-df0fa823d5ee,ctuCJyB25iDY3p21ktH0nQ_120_box0.jpg,CRAIGAVON,National,Lamppost-mounted,Union Jack,5,2025-08-13 22:28:09.594361+00,May,false,,
32632517-381f-4eb7-a987-d93ce4b2d786,NNzRIawWoSvJCb-9Fbezbg_240_box0.jpg,BELFAST_CITY,National,Lamppost-mounted,Ulster Banner,5,2025-08-14 10:35:12.481951+00,Pat,false,,
3265b58c-272e-4082-a3c5-599fbf72ed20,pCgazH9EAGlEqM3K6lxXhQ_000_box0.jpg,BELFAST_CITY,National,Building-mounted,Union Jack,5,2025-08-28 20:53:32.246827+00,May,false,,
326be37b-8522-4fb4-b1d0-613888d5166a,1Ne3dgawOyGsuKGWnUcapg_000_box0.jpg,ANTRIM,National,Building-mounted,Union Jack,5,2025-08-14 09:25:42.079449+00,Pat,false,,
3283d722-1e6c-4b45-a88b-0543fb2f12f2,MgdlC3ADkXRlsOzn57aqEg_000_box0.jpg,BELFAST_CITY,National,Building-mounted,Union Jack,5,2025-08-14 12:25:55.47902+00,Pat,false,,
328477ba-0d51-4060-8154-91ce9619ab32,3ilRUTyMnqGaE8waS3ipmQ_300_box0.jpg,BELFAST_CITY,National,Building-mounted,Ulster Banner,5,2025-08-12 15:15:31.292483+00,Pat,false,,
32a4a09c-d5cd-41ab-8a0d-3eb1ed466ef4,1TszdCIzR4nJbzT6ktKj0w_120_box0.jpg,METROPOLITAN_CASTLEREAGH,National,Lamppost-mounted,Ulster Banner,5,2025-08-13 22:13:57.246274+00,May,false,,
32a66964-d77a-4c6a-aab7-70ecb9a0d559,B4AA_tbS1EgQDE4YaF3wVw_180_box0.jpg,ANTRIM,National,Building-mounted,Union Jack,5,2025-08-13 22:55:22.373558+00,May,false,,
32aefda7-a98c-4ffc-89ab-55f0a1e99485,Ls2MSclvTv93kxn8dpLypA_000_box0.jpg,BELFAST_CITY,Proscribed,Building-mounted,UFF,5,2025-08-28 20:50:13.065114+00,May,false,,
32f12964-224a-44f8-ae1e-943f245e23a8,dcczb5YbHyOa3DzZrr7EYg_120_box0.jpg,LISBURN_CITY,National,Lamppost-mounted,Union Jack,5,2025-08-14 13:36:14.353563+00,Pat,false,,
32f59c05-3f19-4af8-9ba6-4f95a743ae25,_3_4zFRP_jsBkrATlV9lxw_000_box0.jpg,LARNE,National,Lamppost-mounted,Union Jack,5,2025-08-28 20:49:53.903548+00,May,false,,
3308884d-39b8-4d24-a7ba-33dc3c8ee318,T5H9DzyVxBktxQsjJMepPA_120_box0.jpg,BELFAST_CITY,National,Building-mounted,Ulster Banner,5,2025-08-12 16:17:52.371819+00,Pat,false,,
3311acbe-08cb-4fd9-9aa8-ec2fb143188c,JpIYR7XPgcQfYChi7pmwQQ_300_box0.jpg,COLERAINE,Fraternal,Lamppost-mounted,Orange Order,5,2025-08-14 14:05:25.723006+00,Pat,false,,
3311b57c-181d-4cdb-a08b-40dcbfb93f77,BHyDqdPeylJOa6QZCLBC0A_180_box0.jpg,LISBURN_CITY,National,Building-mounted,Union Jack,5,2025-08-17 17:06:55.444406+00,May,false,,
331bd035-2a21-451f-9198-5153ecf7f606,hZ1Tx7_LwIHhZTzXT8b4SA_300_box0.jpg,BELFAST_CITY,National,Pole-mounted (in ground),Union Jack,5,2025-08-28 19:53:32.759263+00,May,false,,
3324145f-ffba-408a-a7d6-11bdd721631b,YM9ubdC_89NQeqT84IhRbQ_300_box0.jpg,LISBURN_CITY,National,Building-mounted,Union Jack,5,2025-08-14 14:13:53.31432+00,Pat,false,,
33527e9a-7fc7-4ed1-ad16-74be8af7377c,BGJCRY1iDy_w4AD1uWVwUw_180_box0.jpg,DUNGANNON,Sport,Pole-mounted (in ground),GAA,5,2025-08-13 08:38:36.978976+00,Pat,false,,
337e1b24-addd-45d7-a05e-6d7bb92b9425,2AoL-NKLhloyemzeT4qVNg_180_box0.jpg,BELFAST_CITY,National,Lamppost-mounted,Ulster Banner,5,2025-08-14 14:08:35.464514+00,Pat,false,,
338dc3ae-3e3d-49a0-8626-483a42ed3d4d,0s2aiszIrxw5ut4Txqb5KA_300_box0.jpg,LIMAVADY,National,Pole-mounted (in ground),Union Jack,5,2025-08-22 22:06:50.888185+00,May,false,,
33992569-30cb-4fd4-aaa7-d45bdb995cd2,rBRdP7fq_qHvruUs7SbHiQ_060_box0.jpg,BELFAST_CITY,National,Building-mounted,Ulster Banner,5,2025-08-29 08:51:22.045426+00,May,false,,
339fb5e2-64af-4168-bac3-a19281e1fb25,uHzL7J6A_u2qM2kK6UQSJw_000_box0.jpg,BELFAST_CITY,National,Lamppost-mounted,Ulster Banner,5,2025-08-14 09:31:59.044439+00,Pat,false,,
33b7563c-0b2d-402e-ad81-e5d914f6601f,k8COcn8GV-u4eUdUQYFYlg_000_box0.jpg,LARNE,National,Building-mounted,Union Jack,5,2025-08-13 08:37:16.971724+00,Pat,false,,
33d52f57-e909-494c-bd53-6687d37e6ce0,mXzKn6b9AyKd8PiWDWrJrA_180_box0.jpg,MAGHERA,Proscribed,Lamppost-mounted,Other Proscribed,5,2025-08-17 14:25:32.745476+00,May,false,,
33e0809b-6451-4697-9aa2-abc0336dee51,kp1r3ierasjqZgvp3ayETA_060_box0.jpg,METROPOLITAN_CASTLEREAGH,Military,Building-mounted,Historical Units,5,2025-08-28 20:40:55.855532+00,May,false,,
33e63f2a-035c-4ff7-8a7b-a9d166dacdf9,fazLY6zYcm7gRFhUYWQXLw_120_box0.jpg,BELFAST_CITY,National,Lamppost-mounted,Union Jack,5,2025-08-17 15:35:53.9376+00,May,false,,
34090f8b-0956-4d73-9736-6c355fcc2a3b,kNRHg9OfBZi2speG2g4vlA_060_box0.jpg,LARNE,National,Pole-mounted (in ground),Union Jack,5,2025-08-14 13:46:23.066663+00,May,false,,
3435d10a-5df0-425e-9a7b-c54205ae9b85,kItiy8uCndjyokDuwTewwg_180_box0.jpg,LISBURN_CITY,National,Lamppost-mounted,Union Jack,5,2025-08-12 16:17:13.271139+00,Pat,false,,
3443b8c0-b5d3-456d-b61e-e73c2209ce24,AGsMOdlhxycnJV4Zgp-jmA_120_box0.jpg,BELFAST_CITY,National,Building-mounted,Union Jack,5,2025-08-14 10:18:06.297212+00,Pat,false,,
345d59a4-19ab-4afe-9b88-f8b3c842d5f2,r7G59qFpOsHcJn00Io4QSA_120_box0.jpg,CARRICKFERGUS,National,Building-mounted,Union Jack,5,2025-08-13 08:38:45.305539+00,Pat,false,,
34655933-5543-4460-8c26-e0dab108c42b,ESdW6qa2dBL0HwP6NyMdcg_120_box0.jpg,DUNGANNON,National,Pole-mounted (in ground),Union Jack,5,2025-08-14 13:04:05.878771+00,Pat,false,,
34ba2624-eea4-4f01-96bf-921f6f92dd99,HeEca0rtijhnQIPip3BZuw_000_box0.jpg,BELFAST_CITY,National,Building-mounted,Irish Tricolor,5,2025-08-17 14:27:51.293535+00,May,false,,
34dc73e8-5ccb-49cc-8d9d-626ef3ebf306,TEZezrDtaJIpCLMqzfEtPg_120_box0.jpg,METROPOLITAN_CASTLEREAGH,Proscribed,Lamppost-mounted,YCV,5,2025-08-13 22:12:29.209144+00,May,false,,
34f4ba33-6c5c-4052-bce7-0edf6af068ac,vTCUbbojeey38xPIYmWADQ_000_box0.jpg,DONAGHADEE,National,Pole-mounted (in ground),Union Jack,5,2025-08-14 13:11:35.38326+00,Pat,false,,
35088663-7f46-4f01-a4be-c98939be7773,-PXkg1Lz11k5YQKZjLYHiA_180_box0.jpg,CRAIGAVON,National,Lamppost-mounted,Union Jack,5,2025-08-14 10:14:21.539888+00,Pat,false,,
351018e9-3022-4eef-948c-efc56e251e85,7HN88L259wTuM6xQ_ER_ag_120_box0.jpg,BALLYNAHINCH,National,Pole-mounted (in ground),Union Jack,5,2025-08-12 15:48:11.920593+00,Pat,false,,
351dc293-c6d5-4c60-b169-0691d7cc0469,VWld53DILbXF5tV1uvcrtg_060_box0.jpg,MAGHERAFELT,National,Building-mounted,Union Jack,5,2025-08-13 22:42:53.754171+00,May,false,,
35256fd5-5d95-4627-ad32-c989a4176b15,9amvWZdHg_bF2Xq1Em1hVg_060_box0.jpg,BELFAST_CITY,National,Pole-mounted (in ground),Union Jack,5,2025-08-13 16:21:48.544126+00,Pat,false,,
3554ad2c-d2eb-44d5-bd9d-b3be5c66451d,9QQxKrfdUo6_-2RzzN_T2g_180_box0.jpg,LISBURN_CITY,National,Building-mounted,Union Jack,5,2025-08-14 09:37:23.978557+00,Pat,false,,
355a4d22-13e3-40b6-a958-dfef7f78110e,cdmANraItP1GQ8NF2LUnjQ_000_box0.jpg,METROPOLITAN_NEWTOWNABBEY,National,Building-mounted,Ulster Banner,5,2025-08-17 15:43:41.668862+00,May,false,,
355accdb-98cb-4134-b1c3-1792d309db1a,2AsTNQ9OmJh4E62wUD_0CA_060_box0.jpg,METROPOLITAN_NEWTOWNABBEY,National,Lamppost-mounted,Ulster Banner,5,2025-08-29 08:36:49.358955+00,May,false,,
359322d1-1e4c-40b8-b380-a5247649cbac,Ca5z5Sor7pTiNnlpXiu1iA_120_box0.jpg,COLERAINE,National,Building-mounted,Ulster Banner,5,2025-08-14 10:17:43.534299+00,Pat,false,,
35abfacb-12d3-43a3-8943-05669cf7292e,-z_-LGPo29ZoVcW0sPBKDg_120_box0.jpg,METROPOLITAN_NEWTOWNABBEY,National,Building-mounted,Union Jack,5,2025-08-17 18:24:43.631571+00,May,false,,
35c74991-8119-451a-ba72-3ac8f7e28367,GHCDOSh-mby7XEZkPOjIhQ_120_box0.jpg,METROPOLITAN_LISBURN,National,Lamppost-mounted,Union Jack,5,2025-08-28 20:21:19.781897+00,May,false,,
35ea98c6-fb22-4cd7-98f8-5afe8292cacb,LMpKHPskZgHsWzLl7gWmuw_180_box0.jpg,NEWTOWNARDS,National,Lamppost-mounted,Union Jack,5,2025-08-13 08:43:12.915149+00,Pat,false,,
3604c9a9-2517-4ff2-a046-44f254907466,CRQv8AInG4OiZ5gmMCZfTw_060_box0.jpg,METROPOLITAN_NEWTOWNABBEY,National,Pole-mounted (in ground),Union Jack,5,2025-08-29 08:26:17.890868+00,May,false,,
360ff0dd-8f0e-4260-a7d1-6920a4b36501,_3nV9exEb_yGItyW47u4Pw_300_box0.jpg,CARRICKFERGUS,National,Lamppost-mounted,Union Jack,5,2025-08-14 12:41:04.547386+00,Pat,false,,
36161172-2ef9-4562-bab6-f488e0916a98,O0zpbonBXzNTuqx-q48_1w_000_box0.jpg,METROPOLITAN_LISBURN,National,Building-mounted,Irish Tricolor,5,2025-08-14 10:11:21.647184+00,Pat,false,,
36288584-9dcf-47cd-9b0d-f871eca6d45e,zXfjyWILbFBMWhaAORayEg_300_box0.jpg,CRAIGAVON,National,Lamppost-mounted,Union Jack,5,2025-08-12 15:59:27.60551+00,Pat,false,,
362e7d01-085a-4d31-88da-a2916893756e,9ST3_WtB5r551a6iykeG_g_120_box0.jpg,CARRICKFERGUS,National,Building-mounted,Ulster Banner,5,2025-08-29 08:32:26.975121+00,May,false,,
362f30e3-5249-490c-9aaa-0d770a4baae7,tKSIrxyTojbUNu-FGuvPGA_180_box0.jpg,BELFAST_CITY,National,Lamppost-mounted,Union Jack,5,2025-08-29 08:16:26.875176+00,May,false,,
363b8e0d-b1e8-48ac-a440-07f639db6959,9SDQ193Mczg00woNiyDPaA_180_box0.jpg,LARNE,National,Building-mounted,Union Jack,5,2025-08-17 16:52:17.92245+00,May,false,,
3649b0f3-4627-4b06-a312-ac48bfe8cbda,ZqE6XB7TwgS2DNlvVFGVNQ_000_box0.jpg,BELFAST_CITY,Review,,,,2025-08-12 15:11:22.945179+00,Pat,true,Other,
36589381-3c2d-49b6-9a46-164c06e95732,tQ7fmRJYWpRJpGYRJicFyw_120_box0.jpg,CARRICKFERGUS,National,Building-mounted,Union Jack,5,2025-08-14 09:28:00.952401+00,Pat,false,,
36bbd3cf-e1e8-44e7-a37d-6e8aa9c122fb,XNKuMSyBQyo2cM44uvFi9A_120_box0.jpg,BALLYCLARE,National,Lamppost-mounted,Ulster Banner,5,2025-08-14 10:53:40.137979+00,Pat,false,,
36bffdfe-4654-4aed-8482-de5febe2c85e,zYQ3sDNNcUADG8Tw9GTKYg_180_box0.jpg,BELFAST_CITY,National,Building-mounted,Ulster Banner,5,2025-08-29 08:31:27.557827+00,May,false,,
36d828b7-fb7b-4f60-9c64-10e5402b833a,-GAJ7159zm8-kblYOVMhCg_120_box0.jpg,BALLYCLARE,Review,,,,2025-08-13 08:54:02.880143+00,Pat,true,Complex case,
372092cf-8387-4164-962e-774904686a8a,zbxsTiZWeVF-JoVRAExucQ_060_box0.jpg,ENNISKILLEN,National,Lamppost-mounted,Union Jack,5,2025-08-28 20:21:56.648838+00,May,false,,
37250fdb-9d3f-48b5-b5b8-9b4f50d72c36,L52r395VkBOc4fpVBO9xKQ_060_box0.jpg,CRAIGAVON,Review,,,,2025-08-14 13:57:10.229593+00,Pat,true,Unclear image,
37301648-7916-467c-a322-993dd962b933,7-jtqEHAwRc7HAmYYYMYqw_120_box0.jpg,ARMAGH,National,Lamppost-mounted,Union Jack,5,2025-08-15 20:56:09.845908+00,May,false,,
3769c861-cb38-453b-9275-ed891650f321,vmNh-UiKFIB3fVf1ou69xA_060_box0.jpg,METROPOLITAN_NEWTOWNABBEY,Sport,Lamppost-mounted,Supporters Club,5,2025-08-29 08:20:07.249376+00,May,false,,
376bef0c-502c-4dd3-9ed8-8f1addb58e05,kgpRrz3Lq0zMrVFKNQux_Q_120_box0.jpg,BELFAST_CITY,National,Building-mounted,Union Jack,5,2025-08-11 17:46:06.962617+00,Pat,false,,
37a712f2-0ab4-4bb8-a1bb-d9ebf80793cd,YjKxfbADfBjhfF7ls804qg_000_box0.jpg,METROPOLITAN_CASTLEREAGH,National,Lamppost-mounted,Union Jack,5,2025-08-17 14:38:23.17944+00,May,false,,
37b84c86-93c9-4d00-a72a-6b69e9d6d465,4WAbqiZYdQB2vmhrmPb6KQ_060_box0.jpg,ARMAGH,Review,,,,2025-08-14 12:29:36.694187+00,Pat,true,Other,
37ce5a68-71ca-496e-99a2-1d9f856c31f9,QBgm36G9AW9zNyHNFkeXyg_000_box0.jpg,BELFAST_CITY,Review,,,,2025-08-12 15:31:20.758133+00,Pat,true,Complex case,
37df9f8c-4b45-4e91-b0da-d3d2121af605,pP8WDGdREONOQWKRYgn57g_060_box0.jpg,BELFAST_CITY,Review,,,,2025-08-12 15:06:55.745666+00,Pat,true,Unclear image,
37e51b87-1086-454e-b74a-deb1008b6214,xhoRYVIOnw55JoxpO6wS5g_240_box0.jpg,BELFAST_CITY,National,Lamppost-mounted,Union Jack,5,2025-08-13 22:10:48.82068+00,May,false,,
383145b1-6e5a-4f5a-a7de-30bbdc5816d3,nHMwi3kyFSOyyW5kM99deQ_000_box0.jpg,METROPOLITAN_NEWTOWNABBEY,National,Lamppost-mounted,Union Jack,5,2025-08-28 19:54:33.70539+00,May,false,,
385312fe-ad97-4f30-bd7e-9302eac69019,jYzgdsXL7O7ajcmEpR732Q_060_box0.jpg,COLERAINE,Review,,,,2025-08-14 12:25:30.785682+00,Pat,true,Complex case,
3854f34e-a666-46d6-bedf-fee4997a41fa,G8SuBqZIq6W7E9X7dXQSHQ_000_box0.jpg,BELFAST_CITY,National,Building-mounted,Union Jack,5,2025-08-14 12:19:19.472272+00,Pat,false,,
38677a99-8702-4d91-a418-58011c75690e,6tGA7kq8i2CfjgkMoJevSg_240_box0.jpg,CRAIGAVON,National,Pole-mounted (in ground),Union Jack,5,2025-08-28 19:44:06.561641+00,May,false,,
38a54646-91fb-4d2c-93e5-d9803d6dc8a4,eQrH82EKvzwY0BVO-nAYPA_000_box0.jpg,LARNE,National,Building-mounted,Ulster Banner,5,2025-08-28 20:30:39.270829+00,May,false,,
38aaeee7-d71f-4021-b196-e2ddef53832a,4evZ_cuMR0CRcP6c4UHxfQ_120_box0.jpg,LISBURN_CITY,National,Lamppost-mounted,Ulster Banner,5,2025-08-28 20:47:55.36766+00,May,false,,
38c45cb1-f352-49e2-af67-c324e8b16181,iuWtaGaG1qvioVMZ5b1fgg_180_box0.jpg,BELFAST_CITY,National,Building-mounted,Union Jack,5,2025-08-14 10:39:33.06439+00,Pat,false,,
38d4fc0b-ff49-412f-9392-45a5628f9e8e,D-PFjWZmllg4ovARHOWPkA_000_box0.jpg,ANTRIM,Proscribed,Lamppost-mounted,UVF,5,2025-08-28 20:29:44.719413+00,May,false,,
38d7d46e-17f9-4a6f-b6b5-d23ac8c94b62,p8cwL_c4PsOKFU67JtoHJQ_180_box0.jpg,BELFAST_CITY,National,Lamppost-mounted,Union Jack,5,2025-08-28 20:49:47.887155+00,May,false,,
38e31e08-ccc7-42e3-a5f0-f98ae573c339,_NRYrvWsTHhGZ0q34F_D_A_300_box0.jpg,BELFAST_CITY,National,Building-mounted,Union Jack,5,2025-08-12 15:51:27.877126+00,Pat,false,,
38ea4ebb-a67b-4155-92b2-2cad299ec462,I5_SqkxRknzPZlIaUS2BCw_060_box0.jpg,CRAIGAVON,International,Pole-mounted (in ground),Other International,5,2025-08-17 14:38:43.674103+00,May,false,,
38f01425-aa0f-41f2-ba50-bb1655179c01,5lkfdYCE9V3S6S7-vb5d8w_180_box0.jpg,LISBURN_CITY,National,Building-mounted,Union Jack,5,2025-08-11 18:16:06.678003+00,Pat,false,,
390ab8de-7b1e-4b82-bb72-0654160664d0,R8Fwbv-T0uP7HOsgjUt1kA_060_box0.jpg,CRAIGAVON,National,Building-mounted,Union Jack,5,2025-08-11 18:13:29.42931+00,Pat,false,,
391b8540-aa08-4296-b92e-672d77723081,7Wr9i1JRZMFi4YCl8VSMDQ_120_box0.jpg,BELFAST_CITY,National,Lamppost-mounted,Union Jack,5,2025-08-13 08:41:26.735513+00,Pat,false,,
3949ff5e-ee8f-4a69-a8b8-1b976b0a4c25,ymAPATaGYgCdxemyFrYrsw_060_box0.jpg,CRAIGAVON,National,Building-mounted,Union Jack,5,2025-08-13 08:48:11.734611+00,Pat,false,,
395ab584-0b82-4643-ae45-42c0a836701a,oAUhib6OpY4QGlpxvL2TtA_120_box0.jpg,BELFAST_CITY,National,Lamppost-mounted,Union Jack,5,2025-08-13 22:04:39.849495+00,May,false,,
395bb89b-9a95-4cb3-8b1e-251b6cfa78ab,hQ50DVVFye1zEhbFQRa6_w_180_box0.jpg,NEWTOWNARDS,National,Lamppost-mounted,Union Jack,5,2025-08-13 08:25:31.517876+00,Pat,false,,
398b3c43-b2f5-4d1d-8473-1ea4aadafa58,_lCCTO0KL5aQzrCgyrRDNA_000_box0.jpg,METROPOLITAN_CASTLEREAGH,National,Lamppost-mounted,Union Jack,5,2025-08-28 19:45:02.254672+00,May,false,,
39a6e500-5f31-4c67-8823-3e58717d131c,73I5UFp-To7ekpt-6NNT4A_180_box0.jpg,WHITEHEAD,National,Lamppost-mounted,Union Jack,5,2025-08-13 22:28:13.838741+00,May,false,,
39d99ebd-ad03-439e-8d7d-bb5b8a49da9b,1sEqTF56oaFfYuMr6gFIEw_180_box0.jpg,METROPOLITAN_NEWTOWNABBEY,National,Lamppost-mounted,Ulster Banner,5,2025-08-14 10:38:50.501674+00,Pat,false,,
39dd5e90-1fcf-4072-9f51-36ec96163d55,0ct1AAsPRKNRQML_brtfkg_240_box0.jpg,METROPOLITAN_CASTLEREAGH,National,Pole-mounted (in ground),Union Jack,5,2025-08-13 16:23:48.241115+00,Pat,false,,
3a2438fd-6bfc-4b24-a475-8f655a80c8cf,FQ9TX0WUsQsahpFiNCGlew_180_box0.jpg,BANGOR,National,Lamppost-mounted,Union Jack,5,2025-08-13 08:36:05.143939+00,Pat,false,,
3a2827b1-09dd-49a9-b651-50ec090fd0ef,hueMdP2YpoD-RO0tRVlTeg_060_box0.jpg,BALLYMENA,National,Lamppost-mounted,Union Jack,5,2025-08-14 11:04:09.738535+00,Pat,false,,
3a32186a-c7a6-4f98-96b8-bef90e6645a5,vBk_vOTD29iWsk2Pgkn4Pw_300_box0.jpg,BELFAST_CITY,National,Building-mounted,Union Jack,5,2025-08-13 22:06:41.442534+00,May,false,,
3a3e16f4-2126-4429-804c-e00f94bc28de,5AT8-B0YFgjclsLYpOpu-w_240_box0.jpg,DROMORE_BANBRIDGE,National,Building-mounted,Union Jack,5,2025-08-14 13:46:02.068179+00,May,false,,
3a3f4c8e-40b5-4a2a-b287-419f35ccc19f,1UIrz-1WUlkiB6M25bg5rw_300_box0.jpg,BELFAST_CITY,National,Pole-mounted (in ground),Union Jack,5,2025-08-28 20:25:00.343855+00,May,false,,
3a43ff76-c4b9-49d4-9c68-fbef1df0d6df,uV5IlvEh_uYZLjsyViuZzw_240_box0.jpg,BALLYMENA,National,Lamppost-mounted,Union Jack,5,2025-08-13 22:12:11.671512+00,May,false,,
3a4c47a1-cace-481a-a0d1-417976d1960c,cAsW6OX4B0UKKYpFyNEDxw_300_box0.jpg,DUNGANNON,International,Lamppost-mounted,Palestinian,5,2025-08-14 12:35:25.938356+00,Pat,false,,
3a5d4f66-7fd5-4fbe-920b-ecb167331d75,vF5aVsx56zyTq3vBs9vSWA_000_box0.jpg,BELFAST_CITY,National,Building-mounted,Union Jack,5,2025-08-11 18:10:17.845032+00,Pat,false,,
3a6243f3-9310-40a2-a668-6e82acecb53a,9j56uDfIghRz2QtpjL2jMQ_180_box0.jpg,METROPOLITAN_NEWTOWNABBEY,National,Lamppost-mounted,Union Jack,5,2025-08-13 22:56:17.328818+00,May,false,,
3aa0abc8-9573-4c48-b710-315ec592ba30,DnI84sMtAJtI6vA9ufy08Q_180_box0.jpg,CARRICKFERGUS,National,Building-mounted,Union Jack,5,2025-08-15 00:27:26.564625+00,May,false,,
3aa35a99-245c-4713-84e0-fdd6acd582c9,3ldc7_exl6LkU1opZW3pyA_240_box0.jpg,ARMAGH,Proscribed,Lamppost-mounted,Other Proscribed,5,2025-08-13 22:55:56.860301+00,May,false,,
3acda4cc-abf5-43e5-a359-35055875354c,xVaQejxmhdrwAHap2wIedw_120_box0.jpg,COLERAINE,National,Building-mounted,Union Jack,5,2025-08-12 15:47:06.770754+00,Pat,false,,
3b37feb8-2972-4c58-9c63-8471fa92bdb1,0-DSeI3ORHG97AsDx6mK4w_240_box0.jpg,CRAIGAVON,National,Building-mounted,Ulster Banner,5,2025-08-12 15:35:02.963734+00,Pat,false,,
3b67e3cc-ea98-41b6-b287-19c61a75265e,ApLR27j_44JL6OBRiqx2lA_180_box0.jpg,CARRICKFERGUS,National,Building-mounted,Union Jack,5,2025-08-13 08:28:46.17276+00,Pat,false,,
3b69670d-5940-4464-bbdc-95106f458ddb,K-FcF2wALtUHR-oSi_u90Q_300_box0.jpg,CRAIGAVON,Review,,,,2025-08-12 15:16:13.293568+00,Pat,true,Unclear image,
3b99d541-49d6-400c-8c8c-30a9d32c0cfb,eXqCgrsUijUDNDxunlVthA_180_box0.jpg,COLERAINE,National,Lamppost-mounted,Union Jack,5,2025-08-29 08:50:21.003095+00,May,false,,
3ba30e64-1416-4c4e-9185-3ca10cd22f85,pEThhBP9rnGZCUO9lTZ1ww_120_box0.jpg,BELFAST_CITY,National,Lamppost-mounted,Union Jack,5,2025-08-29 08:32:11.423959+00,May,false,,
3bee1a3e-7d9f-4cf7-b458-2016979bd876,faEzqgXAZ2SRpZjDOQ9dbQ_300_box0.jpg,BALLYMENA,National,Lamppost-mounted,Union Jack,5,2025-08-14 10:18:12.120935+00,Pat,false,,
3c491fc4-ae36-4fa9-8771-1c7d3b727d01,ltbYzd6mjIviy00NKIjfzQ_300_box0.jpg,BELFAST_CITY,National,Lamppost-mounted,Ulster Banner,5,2025-08-14 09:52:32.974788+00,Pat,false,,
3c69e339-2e71-4c30-9599-ecbcf3080d27,KYzC5owmjfjJvSuPCWmWaQ_060_box0.jpg,LISBURN_CITY,National,Building-mounted,Union Jack,5,2025-08-14 10:35:04.575871+00,Pat,false,,
3c70fc3e-da7f-4088-8910-25c3b4a6caa9,wKzDvBAtsHDKcBE6RxBKFQ_000_box0.jpg,LISBURN_CITY,National,Lamppost-mounted,Ulster Banner,5,2025-08-13 08:57:39.682832+00,Pat,false,,
3c7a9ace-917f-476c-98b5-1e4f49caf9a0,vO-d56juGwK0clhP-2lAsg_000_box0.jpg,BELFAST_CITY,National,Building-mounted,Union Jack,5,2025-08-28 19:48:45.527281+00,May,false,,
3c81e0e2-71e7-493b-905f-077d2c0f148e,lTOC2aUA5rPskmykWSbX8A_000_box0.jpg,PORTRUSH,National,Lamppost-mounted,Union Jack,5,2025-08-22 22:15:44.756266+00,May,false,,
3c847ffc-bb84-4988-b478-a79dfaacb679,uHvlwZhJpjbzKGc0ueuihQ_180_box0.jpg,CARRICKFERGUS,National,Building-mounted,Ulster Banner,5,2025-08-14 13:56:24.50598+00,Pat,false,,
3c8bd112-7cff-4d42-9470-bea2c699c3f9,W4VfrvBvAsRsXCozwoNp-Q_300_box0.jpg,BALLYMENA,National,Lamppost-mounted,Ulster Banner,5,2025-08-12 15:07:39.042779+00,Pat,false,,
3c9ccef0-faf0-488e-92d3-43cb23a543fc,-qU1T6v3DSfEHk33TIBZSw_120_box0.jpg,BELFAST_CITY,National,Lamppost-mounted,Ulster Banner,5,2025-08-28 19:49:45.324787+00,May,false,,
3ccc3cce-275f-4083-8f37-989b0d986163,LUwK7DGKlmMoyyn5jZZjTA_000_box0.jpg,BELFAST_CITY,National,Lamppost-mounted,Ulster Banner,5,2025-08-14 12:42:50.181753+00,Pat,false,,
3cdc1fb3-ab82-412f-9f29-63e09c055d7c,JnehWX4-THbtrMhhp3I-CQ_120_box0.jpg,ANTRIM,National,Lamppost-mounted,Union Jack,5,2025-08-14 12:50:20.859645+00,Pat,false,,
3cdf18bb-8f2c-46e5-92b5-ac6f5b144d44,zAmBBwKoDj-teIXWqUYUXQ_120_box0.jpg,ARMAGH,National,Building-mounted,Union Jack,5,2025-08-12 15:55:08.187547+00,Pat,false,,
3d08d646-12df-4c91-9b57-0c5e14230ea2,KDNcQirqegL4SafS0OdbcA_180_box0.jpg,CRAIGAVON,National,Lamppost-mounted,Ulster Banner,5,2025-08-12 16:01:23.841879+00,Pat,false,,
3d0d7e6e-bf58-4da4-8235-0b1942a0e744,N8w_mteaqTltQ_hr97ZjPA_120_box0.jpg,BELFAST_CITY,Fraternal,Lamppost-mounted,Apprentice Boys,5,2025-08-13 22:11:13.32405+00,May,false,,
3d1207ae-3319-4976-a471-e9cda0ae6da4,qeagT6n7u7v7EwNqvln2kA_240_box0.jpg,BELFAST_CITY,National,Lamppost-mounted,Ulster Banner,5,2025-08-14 13:10:01.936554+00,Pat,false,,
3d3154b9-5a37-49a5-bcd1-addb56add094,YmnLKwyE35xIDGcWl8Yb4g_000_box0.jpg,LISBURN_CITY,National,Building-mounted,Union Jack,5,2025-08-14 12:24:45.345295+00,Pat,false,,
3d36e417-95c6-42f5-a2d9-97948d1c90f2,k2roG4AVZh6d77JxzqkCIQ_060_box0.jpg,METROPOLITAN_LISBURN,National,Building-mounted,Irish Tricolor,5,2025-08-22 22:16:22.809419+00,May,false,,
3d46991b-d96c-4270-ba88-4de278ff0aad,CIB2w-jQigxX2-vnGwYkfQ_240_box0.jpg,CRAIGAVON,National,Building-mounted,Union Jack,5,2025-08-13 22:00:05.842739+00,May,false,,
3d66bc65-6893-45e8-bcc3-dc9a6d9c395b,AJrk7z_x6qrAHRZ8gtbM0g_180_box0.jpg,BELFAST_CITY,Review,,,,2025-08-14 12:13:51.217088+00,Pat,true,Complex case,
3d8db3b3-6177-4b46-b3eb-44afa0179a53,vhYNEdmpafJ4_L3dpq5Fhg_300_box0.jpg,BALLYMENA,Fraternal,Building-mounted,Apprentice Boys,5,2025-08-15 00:38:28.833278+00,May,false,,
3d9d4fe7-693d-40c8-ba69-36d5d888c895,4L3z0MRekBlvfyfrh6pkOA_000_box0.jpg,BANGOR,National,Building-mounted,Union Jack,5,2025-08-14 11:06:22.716147+00,Pat,false,,
3da17c39-1353-4183-8e31-d32c3e17b21b,k9nT4LHeuRFcw--S-dR7WA_300_box0.jpg,HILLSBOROUGH_AND_CULCAVY,National,Lamppost-mounted,Union Jack,5,2025-08-14 13:12:42.373435+00,Pat,false,,
3db4f670-c7af-41a8-aaf7-b0375c289cf5,H7sy4aoM6wwg0gGCXOel5w_060_box0.jpg,METROPOLITAN_NEWTOWNABBEY,National,Building-mounted,Union Jack,5,2025-08-17 16:43:43.664297+00,May,false,,
3dfa08be-777e-4ab3-9c9e-a1756d8a0dcd,CqYzHxsOXNUwK-NwXNPe6w_300_box0.jpg,BELFAST_CITY,National,Building-mounted,Union Jack,5,2025-08-14 09:41:43.842048+00,Pat,false,,
3e194372-b9f4-45a6-a844-99395f64e7a2,DXXtff8I9yrwP36Rg9Fssg_060_box0.jpg,CARRICKFERGUS,Review,,,,2025-08-14 12:31:28.899156+00,Pat,true,Unclear image,
3e2ff3e6-4b19-473a-bf59-016de3155240,Gvw1ud5WFNFUymgiZFsW7A_240_box0.jpg,BELFAST_CITY,National,Building-mounted,Union Jack,5,2025-08-17 14:39:42.84183+00,May,false,,
3e6900cb-5d12-4352-b0cc-a91499343608,GnlYcaV4FDmPVwM56SOtag_120_box0.jpg,ARMAGH,National,Building-mounted,Ulster Banner,5,2025-08-28 19:42:42.459842+00,May,false,,
3e74934d-c947-416a-a332-11c623ad462f,LmqEJDCid64vZ0yIqUmYpg_060_box0.jpg,METROPOLITAN_NEWTOWNABBEY,National,Building-mounted,Union Jack,5,2025-08-12 15:34:29.618659+00,Pat,false,,
3e76d348-aba5-401c-8cb2-2af1b357d0f0,L8kSmtvlO7D7wgz0kgHKLw_120_box0.jpg,BELFAST_CITY,National,Building-mounted,Ulster Banner,5,2025-08-14 10:58:04.171275+00,Pat,false,,
3e919a68-dfa9-488c-9cdb-f42139be7d6e,m_uzz7C6QKgsDODUdx_EGg_240_box0.jpg,LARNE,International,Lamppost-mounted,Other International,5,2025-08-29 08:41:09.109313+00,May,false,,
3e995979-c7e2-4422-9c5f-bd63486e2412,aYdTjb4hTRvX4pP-QFomMg_120_box0.jpg,LISBURN_CITY,National,Building-mounted,Union Jack,5,2025-08-13 16:23:27.440086+00,Pat,false,,
3eb155c2-c563-4033-9945-ff3c6bb59277,-p9rm9ET-x9h5y3bbatuzg_240_box0.jpg,DUNGANNON,National,Lamppost-mounted,Ulster Banner,5,2025-08-13 08:37:09.446501+00,Pat,false,,
3eb35bb0-4da1-4c75-a2b6-1d9a8968d077,XJB-72fquvf_AHphoJ8bIw_120_box0.jpg,LISBURN_CITY,National,Building-mounted,Union Jack,5,2025-08-14 12:51:25.04549+00,Pat,false,,
3edec3d6-7652-4c7a-bd01-a9894d6d0d77,5jfIo50KRF_lCkVaR1p4nQ_120_box0.jpg,BELFAST_CITY,Review,,,,2025-08-17 16:20:25.584666+00,May,true,Unclear image,
3f83a14a-1e10-4333-ae97-792de553dc1f,fpEZbhJw_BrhkY8ePvCDrg_120_box0.jpg,BELFAST_CITY,National,Lamppost-mounted,Union Jack,5,2025-08-14 13:08:28.190768+00,Pat,false,,
3fa59270-b1ba-481c-887a-92c689483e38,-r-11fE4q9hq4cK2NrPShw_120_box0.jpg,WHITEHEAD,National,Lamppost-mounted,Union Jack,5,2025-08-28 20:32:57.7364+00,May,false,,
3fb51605-7251-4f6b-8fa6-f687a93771c7,4Avi_Jv1st18GYdSrv01RA_180_box0.jpg,LISBURN_CITY,National,Lamppost-mounted,Union Jack,5,2025-08-17 17:07:04.908654+00,May,false,,
3fb677d1-4c17-4122-bbd9-a6df3b9e748c,9khjcYEjcJ_yUrhsr3ydmQ_120_box0.jpg,METROPOLITAN_NEWTOWNABBEY,National,Lamppost-mounted,Union Jack,5,2025-08-14 10:26:12.268623+00,Pat,false,,
3fbd7d4d-ffca-4a20-a0ed-f28dd0ec44a2,Bkl2PUyVAWcfxfL97-BWtQ_300_box0.jpg,CARRICKFERGUS,National,Building-mounted,Union Jack,5,2025-08-14 10:38:08.57442+00,Pat,false,,
3fcd98d3-308e-4fca-a8b0-19d96e7ee8de,-PL5626I3dKKM7BCNE6h4A_240_box0.jpg,BALLYMENA,National,Lamppost-mounted,Union Jack,5,2025-08-14 12:11:34.066475+00,Pat,false,,
3fcf0665-f9d5-4952-aa89-821a9a128dd2,z_NJe6e-eNS3BsdvkPDtmg_000_box0.jpg,BANBRIDGE,National,Lamppost-mounted,Ulster Banner,5,2025-08-14 14:03:03.35117+00,Pat,false,,
400109a3-8f06-4e99-8c89-678c2edfb7e3,6RLLCjkmBYtDhs-34DRq4Q_060_box0.jpg,BELFAST_CITY,National,Building-mounted,Union Jack,5,2025-08-29 08:45:29.396902+00,May,false,,
400180c5-22e8-4ccc-866e-00c2d56b2eb6,_cd35Mm4NwN6FZS4_Ss6Rw_000_box0.jpg,METROPOLITAN_LISBURN,National,Building-mounted,Union Jack,5,2025-08-12 15:41:33.51145+00,Pat,false,,
400cccef-bea5-44b2-b679-87f0c520c2b3,zjkyOfFEgF4boggxBEFUjg_300_box0.jpg,BELFAST_CITY,National,Lamppost-mounted,Ulster Banner,5,2025-08-15 20:54:47.975837+00,May,false,,
40125373-8486-4bb1-8e38-b1319c0ff212,EVGnW1cPIucIkLO0kLQSqg_240_box0.jpg,CRAIGAVON,National,Lamppost-mounted,Union Jack,5,2025-08-14 12:53:53.468929+00,Pat,false,,
401ef15a-5ae6-40a3-a1b4-70b57209ebe9,2Vz8TgdKCqK-Xsiehqi9Rw_300_box0.jpg,METROPOLITAN_CASTLEREAGH,National,Building-mounted,Ulster Banner,5,2025-08-22 22:28:50.441104+00,May,false,,
4021811f-a0b6-443b-9a39-0fdaa6e35b6b,vwGDenYaUdH_DehEuHTsEA_000_box0.jpg,BELFAST_CITY,National,Lamppost-mounted,Union Jack,5,2025-08-11 18:24:13.401998+00,Pat,false,,
4024e3d2-fe36-427c-954a-72a7639b5442,ayuLjBtP6_DjlmKA_1l3ZQ_240_box0.jpg,BELFAST_CITY,Review,,,,2025-08-13 22:01:19.375552+00,May,true,Unclear image,
40452634-9377-40c9-9364-029b64278e7a,kXiUYvg9f5EJofQLQYH_hw_120_box0.jpg,BALLYMENA,National,Lamppost-mounted,Union Jack,5,2025-08-29 08:22:54.131873+00,May,false,,
404a42f0-a1d1-4800-9eb6-fc3c1fb66b2a,ULGPWH7hsb97w2pEKSBE0A_000_box0.jpg,BALLYMONEY,National,Lamppost-mounted,Ulster Banner,5,2025-08-14 09:43:21.895493+00,Pat,false,,
404b5aa1-e638-4758-a611-e8f5715859a6,JBJft1yCMhxDbAiSoT3-Xg_180_box0.jpg,LISBURN_CITY,National,Lamppost-mounted,Union Jack,5,2025-08-17 17:03:40.825166+00,May,false,,
4076220e-da85-427a-ad1c-57c57b5225e4,u37gI96-gkHlnqODJM4bnw_000_box0.jpg,BELFAST_CITY,National,Lamppost-mounted,Union Jack,5,2025-08-13 16:29:52.296127+00,Pat,false,,
407c3b31-f6ae-43aa-b7b4-db99b45e265c,fs9qWDKcS4KmZSuAnz9xcQ_180_box0.jpg,BELFAST_CITY,National,Building-mounted,Union Jack,5,2025-08-14 10:15:56.256173+00,Pat,false,,
40962581-a642-4a75-872c-31a142c2ad50,wWGSyFy5YQc48fKuGKKRdQ_180_box0.jpg,BELFAST_CITY,Review,,,,2025-08-14 14:01:06.496401+00,Pat,true,Complex case,
40c090e6-c18e-45c7-a144-928d1b0ab151,Him866JR8RA0LaoXlljWwg_300_box0.jpg,WHITEHEAD,National,Pole-mounted (in ground),Union Jack,5,2025-08-14 09:28:15.34816+00,Pat,false,,
41128237-365c-463b-8d55-159d13ade518,GJIQp_b014p1eD1GJRNS0Q_000_box0.jpg,BELFAST_CITY,National,Pole-mounted (in ground),Union Jack,5,2025-08-29 08:54:04.757024+00,May,false,,
41301a00-a011-438d-bdf2-cb2b11a5c6b1,FvVPsCHtXwGRfQNLZmDrRw_000_box0.jpg,BELFAST_CITY,National,Building-mounted,Union Jack,5,2025-08-29 08:43:20.986993+00,May,false,,
41358766-8cee-4eb9-b03b-db4689f2ca1e,5cAc1UbZziwM767yk4iCTA_240_box0.jpg,LISBURN_CITY,National,Lamppost-mounted,Ulster Banner,5,2025-08-14 12:36:24.087317+00,Pat,false,,
4141f7cf-d157-422a-9ab0-86542b0665b9,8nkVVe_vzYipaVAl5xpYXQ_240_box0.jpg,LISBURN_CITY,National,Building-mounted,Union Jack,5,2025-08-14 14:04:35.061916+00,Pat,false,,
416e4e44-454a-4ac1-9723-cfbcca201dc1,5RIaytkUR9xzMlyKa9QD0A_180_box0.jpg,BELFAST_CITY,National,Lamppost-mounted,Union Jack,5,2025-08-13 08:57:32.639488+00,Pat,false,,
418bfc6c-b506-4f33-86dd-49d9d4c8ffe9,Q5cObaRzFe-PVS5oFzwHQw_000_box0.jpg,METROPOLITAN_CASTLEREAGH,National,Lamppost-mounted,Union Jack,5,2025-08-13 09:10:53.578009+00,Pat,false,,
41ad6354-bdf9-4ee0-87e7-5e19e493a6a3,HbWKPaf1fm2WMQ471fzXJQ_180_box0.jpg,ANTRIM,National,Lamppost-mounted,Ulster Banner,5,2025-08-14 10:26:20.205641+00,Pat,false,,
41b2a6ab-70f8-4264-aabf-0413949b4475,cdhwNV4u9SLMRc7_w2vqRg_060_box0.jpg,RANDALSTOWN,Review,,,,2025-08-12 15:36:42.241692+00,Pat,true,Complex case,
41b9698c-23e5-4af3-af4f-0c3380a5aa06,hK-T36GBWHkDSv7fdW1Gfw_240_box0.jpg,BELFAST_CITY,National,Lamppost-mounted,Union Jack,5,2025-08-28 20:36:06.071434+00,May,false,,
41d3f22c-c6db-49cd-a498-a0110c208229,Uvw-fEyFFt4EQq6hIbYkJQ_180_box0.jpg,METROPOLITAN_LISBURN,National,Building-mounted,Union Jack,5,2025-08-14 09:48:01.962353+00,Pat,false,,
41dfa004-c77a-4fed-bd79-a38f29d8543b,8Hf9Ste0nzSBwzR60H-mhw_120_box0.jpg,COLERAINE,National,Pole-mounted (in ground),Union Jack,5,2025-08-13 22:31:18.893456+00,May,false,,
41ec9d0f-e3a0-4849-bf17-c8a082513593,7FaqMY3u9U2kHSx1hegkwQ_060_box0.jpg,METROPOLITAN_NEWTOWNABBEY,Review,,,,2025-08-14 12:13:41.825747+00,Pat,true,Complex case,
42000ccb-1077-4e5b-a226-954974d69e60,hUQ-ZuCDraoK2bTfYYHeRQ_120_box0.jpg,BELFAST_CITY,National,Lamppost-mounted,Ulster Banner,5,2025-08-14 09:37:06.231087+00,Pat,false,,
4202a804-f5f9-4d44-b959-345bc3d8c376,B9W4WOHP_1jnagxTkKPv1Q_060_box0.jpg,BALLYMENA,National,Lamppost-mounted,Ulster Banner,5,2025-08-28 20:06:25.519817+00,May,false,,
420395d5-416e-4e40-9e89-921e2bf1a61a,hFJNZcz9Q-8mcvhx1fKTJg_120_box0.jpg,ANTRIM,National,Lamppost-mounted,Union Jack,5,2025-08-29 08:51:34.31097+00,May,false,,
4207ee37-5694-4d2c-9993-0f3d9a5b6eb7,xFEdi_zId3XmFmF0NcmQug_060_box0.jpg,BELFAST_CITY,National,Building-mounted,Union Jack,5,2025-08-15 00:41:05.388016+00,May,false,,
42265a09-34c9-4d2a-a72e-7c9569df0c67,Bti96iJ6c-O-YPFOyB-jjg_060_box0.jpg,METROPOLITAN_LISBURN,National,Building-mounted,Union Jack,5,2025-08-17 16:49:17.014074+00,May,false,,
425dc6c0-83af-45b6-880f-92a13d737955,fFfT4ZfZ97BuLur2RYdeIA_120_box0.jpg,BELFAST_CITY,National,Lamppost-mounted,Union Jack,5,2025-08-28 20:17:35.319465+00,May,false,,
4260b8d0-9d7e-47f6-ab23-fa7aff29c10f,hKK-6yTbY_F4T6AHa-IOHA_300_box0.jpg,BELFAST_CITY,National,Building-mounted,Union Jack,5,2025-08-22 22:05:59.262721+00,May,false,,
4269b894-87f9-416d-ab88-7410582fbed4,b7RB0OkYl2Qx5VEIzHG01Q_180_box0.jpg,BELFAST_CITY,Review,,,,2025-08-14 13:08:47.548616+00,May,true,Unclear image,
426bbb4c-c1bc-479f-b887-1efc02373cfd,Z-DM3Bw-7t3C0etsdfn3PA_240_box0.jpg,BELFAST_CITY,National,Building-mounted,Union Jack,5,2025-08-14 10:54:20.660819+00,Pat,false,,
4276ccf0-abf2-46ae-9d1e-cd3d6a505a4e,xtXZ0ULvcvqYX908uTKwhQ_180_box0.jpg,BELFAST_CITY,National,Pole-mounted (in ground),Union Jack,5,2025-08-12 14:58:59.130462+00,Pat,false,,
427c7128-dcac-4c28-9173-198d43f4dfe1,1zcbKiPPKy6Nan7RKIJt5Q_060_box0.jpg,OMAGH_TOWN,National,Lamppost-mounted,Ulster Banner,5,2025-08-13 22:09:11.100506+00,May,false,,
42c0be77-c8cb-40b0-8b1a-5c3a113c19da,Ld3TDtIsPn7UZKNO5QlTrA_060_box0.jpg,CRAIGAVON,National,Lamppost-mounted,Ulster Banner,5,2025-08-29 08:25:13.222207+00,May,false,,
42c1df27-6532-4b44-ab8e-9fee9bf36cfc,381WdRAWYPIz8CF38MGKGg_120_box0.jpg,METROPOLITAN_NEWTOWNABBEY,National,Lamppost-mounted,Union Jack,5,2025-08-28 20:49:50.879428+00,May,false,,
42cb4cf4-35da-4d26-a58a-dc9fe184a6c0,6WgHB1zVf2oPwnHk2-UBsg_240_box0.jpg,CRAIGAVON,National,Lamppost-mounted,Union Jack,5,2025-08-13 22:36:25.679252+00,May,false,,
42d202f7-c6b7-43ac-8c23-384689dd1814,AM0Qj807DN2Cwz1ta8gHvA_300_box0.jpg,ENNISKILLEN,National,Building-mounted,Union Jack,5,2025-08-13 22:05:58.052559+00,May,false,,
42f6c93c-9fcd-4a50-ab07-3b5f0124c093,lt5bLQJCJrP6tAPnR-avYA_000_box0.jpg,METROPOLITAN_LISBURN,National,Building-mounted,Ulster Banner,5,2025-08-22 22:08:41.554194+00,May,false,,
4305e292-369e-476d-b947-8dd618bd3932,Cpmaomnd3yytTIKtxfKsaA_180_box0.jpg,BELFAST_CITY,National,Building-mounted,Union Jack,5,2025-08-29 08:21:58.35422+00,May,false,,
43277c5e-ec00-48dc-815e-cd7b19750520,8WIn46qP37uY4cFsxE-MhA_000_box0.jpg,BALLYCLARE,National,Building-mounted,Union Jack,5,2025-08-28 20:22:07.705143+00,May,false,,
432adfd6-d1e7-4f7a-a567-eb659f476c4a,NTAKIwNQic1CMYFDDBeEvA_120_box0.jpg,METROPOLITAN_CASTLEREAGH,National,Lamppost-mounted,Ulster Banner,5,2025-08-14 12:47:24.718416+00,Pat,false,,
4348c9f1-8fe0-4a39-84e6-ad680003e219,HTBM4TAHW5RrMI0zOwF7GA_000_box0.jpg,METROPOLITAN_NEWTOWNABBEY,National,Lamppost-mounted,Union Jack,5,2025-08-14 12:58:26.527645+00,Pat,false,,
437a29bc-c07e-492a-9a21-d2d3fe8525fc,pzWLFXhZ9qSsG7rFNWWYEQ_240_box0.jpg,DUNGANNON,National,Pole-mounted (in ground),Ulster Banner,5,2025-08-12 15:27:22.485278+00,Pat,false,,
4399d7f3-138d-4e89-9036-049b43e6b122,IepzT6b44K7JiJEokyhiaQ_060_box0.jpg,BALLYMENA,National,Lamppost-mounted,Union Jack,5,2025-08-29 08:48:20.158527+00,May,false,,
43a64b80-86a7-4f54-9bb3-1d02569e9470,-tjQLxmLZUl18bd12mO14A_000_box0.jpg,HILLSBOROUGH_AND_CULCAVY,National,Pole-mounted (in ground),Union Jack,5,2025-08-28 20:29:03.127306+00,May,false,,
43de9833-8d2e-4a78-ba47-eac839231da5,yUVbbcfD5_deX0BzABe2UQ_000_box0.jpg,METROPOLITAN_NEWTOWNABBEY,Historical,Lamppost-mounted,Battle Standards,5,2025-08-13 22:49:17.617703+00,May,false,,
44244d43-effe-44e8-bab0-6b0575042bc9,nzGfG68Qh5IDfNujaxRzrw_120_box0.jpg,BALLYMENA,National,Lamppost-mounted,Ulster Banner,5,2025-08-13 22:07:01.221577+00,May,false,,
444d30fa-cddc-4bfc-9a83-5b2493add3b1,OtbMwG6FHyDEVnMeaYCHgg_000_box0.jpg,BELFAST_CITY,National,Pole-mounted (in ground),Union Jack,5,2025-08-14 13:04:52.474915+00,Pat,false,,
447aedd9-ba78-4eaa-b291-6f5e837a5d9d,jBCi5p9XqzWT8eOYjSdN6A_180_box0.jpg,LISBURN_CITY,National,Building-mounted,Union Jack,5,2025-08-12 15:32:50.2776+00,Pat,false,,
447e4205-8d65-4651-8265-abd68955c8f8,w01da-kvUXjaAtqi0Lhaxw_180_box0.jpg,ANTRIM,National,Pole-mounted (in ground),Ulster Banner,5,2025-08-15 00:28:30.844411+00,May,false,,
4491a874-edf3-4fb2-8ef1-5b8cfc54e892,16rltDwnrXSKGebrdO-sTw_120_box0.jpg,CARRICKFERGUS,National,Building-mounted,Union Jack,5,2025-08-12 15:53:03.419074+00,Pat,false,,
44a97f30-b947-43c5-a59b-a735999b2e47,hSudhptuNmAHhUEmiIMHrA_120_box0.jpg,METROPOLITAN_NEWTOWNABBEY,Military,Lamppost-mounted,UDR,5,2025-08-29 08:46:14.1269+00,May,false,,
44af43c9-7f9c-4172-a7c2-86334a92e0e5,mTn8fHDjHCNC5oQ0mGrOmA_240_box0.jpg,LISBURN_CITY,Review,,,,2025-08-14 12:57:37.931243+00,Pat,true,Complex case,
44b3c20e-8b64-45b2-b461-8b7c94ad2007,dg7GEVFgzYXSIw7lIA4-tQ_300_box0.jpg,BELFAST_CITY,Review,,,,2025-08-14 10:25:32.289918+00,Pat,true,Unclear image,
44fb6d27-be2f-4762-a88f-d1d495b67ac7,OxvO6TqkvEbtlha8t0FEWw_180_box0.jpg,BELFAST_CITY,National,Lamppost-mounted,Union Jack,5,2025-08-28 20:06:03.093917+00,May,false,,
450883a9-49e7-4461-abde-22c2c7d6f66b,IrWTUn_bHpQIIOIJ-l17DA_000_box0.jpg,BALLYMENA,National,Building-mounted,Union Jack,5,2025-08-11 18:11:20.364765+00,Pat,false,,
450b47b6-ad77-4f0a-aeec-95eba3187c82,ekhPygQhN6fPncW56DD39g_240_box0.jpg,LISBURN_CITY,National,Building-mounted,Union Jack,5,2025-08-14 13:02:19.648334+00,Pat,false,,
4519a0d6-f79e-4872-83db-b1784b5f766d,MeIRU4JtPPjGb2Yz414Liw_180_box0.jpg,BELFAST_CITY,National,Pole-mounted (in ground),Union Jack,5,2025-08-12 16:12:48.955134+00,Pat,false,,
453213de-9baf-41c6-82e8-a4a44a62b8b7,QZ2GRs13a1Frzs3HGftIWA_060_box0.jpg,BELFAST_CITY,Review,,,,2025-08-13 08:30:42.443712+00,Pat,true,Complex case,
4565ef82-23aa-4bd5-bb54-56a5c7894d02,9ZNOsBUjpAYO7uwdCPd7Gw_180_box0.jpg,METROPOLITAN_NEWTOWNABBEY,Fraternal,Pole-mounted (in ground),Orange Order,5,2025-08-13 09:07:31.948371+00,Pat,false,,
45822ed4-f118-4c98-825b-d6027cf8ef66,TQ8GaBgL7XYSOFFzTGx-vQ_180_box0.jpg,BELFAST_CITY,National,Building-mounted,Union Jack,5,2025-08-28 20:36:12.359761+00,May,false,,
4585c4e5-2a8f-4649-9bf5-6652dfbc3243,XwPsrCYr064iHgptJavB6A_120_box0.jpg,METROPOLITAN_LISBURN,National,Building-mounted,Union Jack,5,2025-08-13 22:16:40.180283+00,May,false,,
45992aab-a37e-47e7-88b1-e178b59ca0ce,5hyKizVhM7TwHiFTF3pnDA_060_box0.jpg,CRAIGAVON,National,Building-mounted,Ulster Banner,5,2025-08-29 08:18:46.942968+00,May,false,,
459e7f38-a959-4caf-a68e-30661cb4de9f,7-R2oDfsxGKKzO8l9tnuFQ_300_box0.jpg,BALLYCLARE,National,Pole-mounted (in ground),Union Jack,5,2025-08-14 10:38:17.605555+00,Pat,false,,
45c3fa66-731f-4ccb-b7ea-1c0d832cbcbe,llrp131n2s7lqb49ox1nFA_240_box0.jpg,LARNE,Review,,,,2025-08-14 09:27:40.213378+00,Pat,true,Other,
45cea3e5-5f20-4262-8948-3248a76280aa,uPq75kpjpPKdIJBTGMW3xg_060_box0.jpg,LISBURN_CITY,National,Building-mounted,Union Jack,5,2025-08-13 21:59:55.292509+00,May,false,,
45e9795b-c28d-40bb-88c3-5ba726b8e810,Z9gOUrsxDuvrfdxHqZpKfQ_180_box0.jpg,METROPOLITAN_NEWTOWNABBEY,Proscribed,Lamppost-mounted,YCV,5,2025-08-17 16:00:31.205695+00,May,false,,
465e4393-f958-4295-ac26-36f3aecc2d10,cIC2vEa7ihbGEP76JiPT2A_240_box0.jpg,CRAIGAVON,Review,,,,2025-08-28 20:13:11.858533+00,May,true,Unclear image,
469255c4-1ba4-48b2-84b4-9b4794bbdd16,cFuPid_-WmfTJ52AuNNFoA_300_box0.jpg,BELFAST_CITY,National,Lamppost-mounted,Ulster Banner,5,2025-08-29 08:47:50.027745+00,May,false,,
46a6438c-8c87-4719-b263-afbd558fa9b1,ven9CXbxGng3N42A7RtUfA_240_box0.jpg,BELFAST_CITY,National,Lamppost-mounted,Ulster Banner,5,2025-08-12 15:22:59.271544+00,Pat,false,,
46dc55b1-8033-4905-8a69-795260ef4fe4,QX2aEH-VJjg5ibmGKO4ZdQ_240_box0.jpg,BALLYMENA,National,Building-mounted,Union Jack,5,2025-08-14 13:43:01.007078+00,Pat,false,,
46e1b5b1-e436-4d79-b436-6b489e9ce3b3,asH-RF-hIE9uDeyiAinp-Q_180_box0.jpg,BALLYMENA,National,Lamppost-mounted,Ulster Banner,5,2025-08-24 10:11:48.701841+00,May,false,,
470f69f6-d280-4526-91a1-104a61d0d0ed,KgLaQWaBPYHYB8aY0caeMg_060_box0.jpg,BELFAST_CITY,Proscribed,Lamppost-mounted,YCV,5,2025-08-28 20:03:40.48607+00,May,false,,
4746964a-329b-4a0b-bcd7-36b73ccd24d0,8GAmGVvggXqfDRNXg0kRLw_120_box0.jpg,CRAIGAVON,Review,,,,2025-08-28 19:56:04.875657+00,May,true,Unclear image,
476c3054-a66f-4583-8263-3911bfc64fa0,piczNHkwJEzFN1R4BFKqzQ_000_box0.jpg,BELFAST_CITY,National,Building-mounted,Irish Tricolor,5,2025-08-12 15:29:58.618693+00,Pat,false,,
4781fd54-2b89-4126-aee1-d7b5c2782598,7r1JJ_PQi0n_Nbu0NRh-uw_060_box0.jpg,BELFAST_CITY,International,Building-mounted,Other International,5,2025-08-13 22:54:34.728975+00,May,false,,
47866c46-acd1-4c11-83d6-0bee4bce8821,ulJ892mhh3ew713_iUK9Sg_120_box0.jpg,BELFAST_CITY,Review,,,,2025-08-12 15:44:28.702681+00,Pat,true,Complex case,
47a09fbd-ee71-4aa5-bdb1-ea5a363e51e7,vrKa0_T9nXKeXw21vBkTDw_120_box0.jpg,WARINGSTOWN,National,Pole-mounted (in ground),Union Jack,5,2025-08-13 22:32:57.872017+00,May,false,,
47a4af8d-185d-4120-93e2-0c46b93393f2,ez9olZGKE-fY0KYLyQCtgQ_000_box0.jpg,BELFAST_CITY,National,Lamppost-mounted,Union Jack,5,2025-08-13 22:12:07.813837+00,May,false,,
47aa8adc-9156-4d30-bf96-ef81f5f6b794,ytZGW4KUF5Koc9wLhGuglg_000_box0.jpg,ANTRIM,National,Lamppost-mounted,Ulster Banner,5,2025-08-17 16:45:18.67125+00,May,false,,
47b37944-aaf1-4fb2-b5e0-ade73d8be8a4,A0lbOKNLlzGnQq9FubnszA_240_box0.jpg,BELFAST_CITY,National,Lamppost-mounted,Union Jack,5,2025-08-29 08:40:32.562472+00,May,false,,
47b4dde7-063c-431d-a43d-d6a586ae73b9,lwhkprVqe4wTiFkJv3RSVg_000_box0.jpg,BALLYMENA,National,Lamppost-mounted,Union Jack,5,2025-08-14 10:26:35.761982+00,Pat,false,,
47bf0835-b30f-4452-be1f-0fe4b11c62e1,Nd05GSlx27zhMjqchxePPQ_120_box0.jpg,BELFAST_CITY,National,Lamppost-mounted,Ulster Banner,5,2025-08-28 20:32:17.38869+00,May,false,,
47d8e66e-ff3c-4541-a9e7-0e7aa7b8117d,k8lPsSwC2fBsDNfjvQkIkQ_300_box0.jpg,BELFAST_CITY,National,Lamppost-mounted,Ulster Banner,5,2025-08-29 08:42:12.980397+00,May,false,,
47d90c59-ac87-4e7f-a568-93d33d99bdc3,rVFVUHKG0NCeXWwdc6Pv5A_180_box0.jpg,BELFAST_CITY,National,Building-mounted,Union Jack,5,2025-08-13 22:36:20.747228+00,May,false,,
47edffb4-6fac-4146-81bf-9b82acb0f935,sySq9y2waciw-nMypKBtOw_300_box0.jpg,BANBRIDGE,National,Pole-mounted (in ground),Union Jack,5,2025-08-14 13:36:08.356011+00,Pat,false,,
48012d85-0c8e-46e1-89a5-68ce17353f15,hK-T36GBWHkDSv7fdW1Gfw_000_box0.jpg,BELFAST_CITY,National,Lamppost-mounted,Ulster Banner,5,2025-08-17 18:23:14.348147+00,May,false,,
481a36ea-7955-4618-95cd-2f405b750efa,o3I1H6DoD9PgbgMXbvG-iw_060_box0.jpg,METROPOLITAN_CASTLEREAGH,National,Building-mounted,Union Jack,5,2025-08-15 00:39:06.325791+00,May,false,,
4820b765-6be7-484b-99fc-75ef0481750a,XQF7LnPHyUv2bzddtt6Xig_240_box0.jpg,BELFAST_CITY,National,Lamppost-mounted,Union Jack,5,2025-08-13 22:12:13.316306+00,May,false,,
486446c8-1f0e-42a1-95c3-e9d769ede75f,BbrLokL9EDROmOndYraQWg_000_box0.jpg,CRAIGAVON,National,Building-mounted,Union Jack,5,2025-08-22 22:09:22.674933+00,May,false,,
4868d368-b958-4a50-ac59-d7189bbe6a3c,LNYdDex8M2NmV_ETVXGQqA_120_box0.jpg,GREENISLAND,Proscribed,Lamppost-mounted,YCV,5,2025-08-28 20:41:12.138537+00,May,false,,
486a919e-07c3-4a47-8c44-31bdc52e8458,9MBCMtCqC9KO6GGfUQfFBA_120_box0.jpg,BELFAST_CITY,National,Building-mounted,Union Jack,5,2025-08-14 09:51:17.322466+00,Pat,false,,
488a44c2-f381-44da-a09f-568e0c2ceea2,H64cqtVDrjjSPWCI9eCFVg_300_box0.jpg,BELFAST_CITY,National,Lamppost-mounted,Ulster Banner,5,2025-08-12 15:44:56.793504+00,Pat,false,,
4891806d-0495-4996-83ee-861aaf04e6fb,0bHUNcvcWEo5m5WhdvNsiw_120_box0.jpg,CRAIGAVON,National,Lamppost-mounted,Union Jack,5,2025-08-28 20:52:10.565459+00,May,false,,
4897806e-ad8e-4f89-8105-8d7cd97879a2,sOdpE3Z8GUIaQH33VkDwzQ_300_box0.jpg,BELFAST_CITY,National,Building-mounted,Union Jack,5,2025-08-13 22:03:46.937343+00,May,false,,
48a458b5-cad1-4183-b74b-7bde6be20928,H545O3Sx_zkmdTZHL6XC1A_240_box0.jpg,LISBURN_CITY,National,Lamppost-mounted,Ulster Banner,5,2025-08-14 14:01:14.193576+00,Pat,false,,
48a60881-e133-4733-b0fb-8c0ac264a15c,KQEdNt5fSy1QFzsF8jDPsA_300_box0.jpg,COLERAINE,National,Lamppost-mounted,Union Jack,5,2025-08-17 15:46:45.865717+00,May,false,,
48b433ca-f0be-4eff-b41a-9a8b08f608ab,tllFQCT5oX4q77_Wf4wlpg_300_box0.jpg,BELFAST_CITY,National,Pole-mounted (in ground),Union Jack,5,2025-08-29 08:25:52.666719+00,May,false,,
48c22c8a-482e-4db8-b73d-8c884db93069,KeHR5_0i7Fx5SzFo_FB58A_120_box0.jpg,BELFAST_CITY,National,Building-mounted,Union Jack,5,2025-08-14 13:16:40.502572+00,Pat,false,,
48e3447f-5213-48b0-995d-392e8e5f4790,weYZL1c54gxASzzk1c_17A_300_box0.jpg,ANTRIM,National,Lamppost-mounted,Union Jack,5,2025-08-28 19:42:16.054854+00,May,false,,
4910a4c4-8662-4c8e-b778-228f31ec4687,bZB-Uyev9g5gGeBWOYK5SA_180_box0.jpg,LISBURN_CITY,National,Lamppost-mounted,Union Jack,5,2025-08-13 08:49:29.716766+00,Pat,false,,
4915c9bf-096c-4059-9a92-61c82cdb7632,4z-kKuxRqx7lDvvQ-C1gjw_300_box0.jpg,BELFAST_CITY,National,Lamppost-mounted,Union Jack,5,2025-08-13 08:42:39.285571+00,Pat,false,,
493043d6-af98-43c2-8a7d-37f8dd34bc4b,0Og2MAKprz5VpxRH3odixA_240_box0.jpg,BELFAST_CITY,National,Lamppost-mounted,Union Jack,5,2025-08-17 14:35:58.062755+00,May,false,,
4933b232-1366-485b-bec9-8aed6fee1edb,XpGjYtprxrYShszwRNHPng_300_box0.jpg,CRAIGAVON,Sport,Pole-mounted (in ground),Supporters Club,5,2025-08-29 08:20:57.603143+00,May,false,,
4947efdf-beaa-4a59-b4f3-d4b52db574cf,zg44Lw0PrlCWjTjIsqC8Dg_180_box0.jpg,METROPOLITAN_CASTLEREAGH,National,Building-mounted,Ulster Banner,5,2025-08-28 20:50:27.980894+00,May,false,,
494cbdc3-78c9-46e6-9be0-b3190e460463,kTZnDfXBD77cmtahbl68Iw_240_box0.jpg,CRAIGAVON,National,Building-mounted,Union Jack,5,2025-08-28 20:17:18.204633+00,May,false,,
4953dfc1-98b1-457c-b8cd-6ab1055fe5d4,ZZlXz4Smdyr5vtEATzhgDQ_180_box0.jpg,BELFAST_CITY,National,Lamppost-mounted,Union Jack,5,2025-08-17 17:07:55.390499+00,May,false,,
498790c8-18bb-4f4f-9c1c-1dcfb88f1c9e,8RBgaOK5P0cM5oY38-AURQ_300_box0.jpg,CRAIGAVON,National,Lamppost-mounted,Scottish Saltire,5,2025-08-14 12:54:39.573255+00,Pat,false,,
49aed8ca-da3b-4c6a-9963-8a3e906e222e,xHK101lo5h4gz0ungK9PFg_060_box0.jpg,LARNE,National,Lamppost-mounted,Ulster Banner,5,2025-08-12 15:13:14.394557+00,Pat,false,,
49b4fc0f-44b6-4f9b-bc86-21258a2884dd,-4k2DxqwprJgKOLVhvz0Tw_120_box0.jpg,LISBURN_CITY,National,Building-mounted,Union Jack,5,2025-08-14 10:50:13.943783+00,Pat,false,,
49d3376c-1aae-4a14-82cd-27624da1b739,sPkG2d698cNkQLAOHdp68g_000_box0.jpg,LISBURN_CITY,National,Building-mounted,Union Jack,5,2025-08-15 00:49:25.59823+00,May,false,,
49d8ef68-41b4-4de2-9cb6-319bcc437646,OCq-Rkbdqjk-GWha9zW1sw_300_box0.jpg,ANTRIM,National,Lamppost-mounted,Union Jack,5,2025-08-14 13:31:51.097254+00,Pat,false,,
49e599f8-469e-4619-ad7a-05fce5620729,jGPHIeHaBi_bN0viSr1_ng_180_box0.jpg,LISBURN_CITY,National,Lamppost-mounted,Union Jack,5,2025-08-14 10:38:57.361338+00,Pat,false,,
4a43bdfa-7381-4f43-94d5-3a8514fc2178,L-dr3qWlG6pHXhTTaMJ5tA_120_box0.jpg,BELFAST_CITY,National,Lamppost-mounted,Union Jack,5,2025-08-13 22:36:03.971881+00,May,false,,
4a5f1147-f3e6-48cd-9754-3e0290d7cc7e,UCttwdHY4bSauEHeNpHE7A_120_box0.jpg,BELFAST_CITY,National,Building-mounted,Union Jack,5,2025-08-28 20:11:44.315269+00,May,false,,
4a6e5953-15f0-4438-8cbd-f11ab24be890,_EnLmyk1ww0PYUGbADE6Kw_120_box0.jpg,BALLYMENA,National,Lamppost-mounted,Ulster Banner,5,2025-08-14 13:05:49.041176+00,Pat,false,,
4a8a568c-389b-4be5-b8f3-48e37e914cb6,7t3wKXPaatcA7BGPvuDXbw_000_box0.jpg,LISBURN_CITY,National,Building-mounted,Union Jack,5,2025-08-13 22:03:07.382351+00,May,false,,
4a8b04bc-9e28-447a-a9df-98d5b73f667b,WQll6Zc2xQsH3G5ZvvXqqg_120_box0.jpg,METROPOLITAN_NEWTOWNABBEY,National,Building-mounted,Union Jack,5,2025-08-12 15:17:09.501906+00,Pat,false,,
4a8d4086-26e5-49cb-81d5-2d90a9e0c5ee,iveUE-rau4BlZ1lnNwlFeQ_240_box0.jpg,CRAIGAVON,National,Building-mounted,Union Jack,5,2025-08-29 08:27:12.121466+00,May,false,,
4ae05692-6912-42b5-ac63-485771533a6d,Ns4fEzawJdyjsvedLygpEg_300_box0.jpg,BELFAST_CITY,National,Lamppost-mounted,Ulster Banner,5,2025-08-22 22:28:08.231537+00,May,false,,
4aec829c-a5a2-48ca-ba02-5eb8953344d8,goEJ-1XEIGwcOAlVfth3Lw_000_box0.jpg,CRAIGAVON,Proscribed,Lamppost-mounted,Other Proscribed,5,2025-08-28 20:46:15.192981+00,May,false,,
4af4d57f-620d-457d-992e-e5bdc585c3bc,H2i2E41WJyAx5fZPBNAkrQ_120_box0.jpg,HILLSBOROUGH_AND_CULCAVY,National,Lamppost-mounted,Union Jack,5,2025-08-14 13:46:10.850712+00,May,false,,
4af7d4b4-281e-4c36-a97a-07b7d2ab1021,T8QFEYqymwWnKbtuz5Yv1Q_300_box0.jpg,BELFAST_CITY,National,Lamppost-mounted,Union Jack,5,2025-08-14 12:41:00.302515+00,Pat,false,,
4b0bb176-7e53-4cda-8d03-a1efa1ff4d15,q6z7qf-QQgEG6bGiRgpwgg_300_box0.jpg,METROPOLITAN_NEWTOWNABBEY,National,Lamppost-mounted,Union Jack,5,2025-08-14 12:43:11.896355+00,Pat,false,,
4b17fe32-b444-47de-a936-8e8876b7cfee,KBOkDu2V088cDf0mNuEiHw_000_box0.jpg,BELFAST_CITY,National,Building-mounted,Union Jack,5,2025-08-13 22:32:17.912627+00,May,false,,
4b6b8fbd-20f7-4729-bd68-c1476d333572,ooIFEwYoAQ9wzSENwLSTMQ_120_box0.jpg,BELFAST_CITY,National,Building-mounted,Irish Tricolor,5,2025-08-28 20:14:54.762782+00,May,false,,
4b76e075-f1d2-40bd-81e5-210cc4e74796,TvbYeeb0lfBXjocaqq4okw_300_box0.jpg,BALLYMENA,National,Building-mounted,Union Jack,5,2025-08-13 09:08:42.233729+00,Pat,false,,
4b8544b2-d365-4224-8bee-526faca92f10,7WjrTQmGacdainpDrj1IYQ_000_box0.jpg,BELFAST_CITY,National,Building-mounted,Ulster Banner,5,2025-08-12 16:11:54.318563+00,Pat,false,,
4b85c7ee-3711-4080-b63d-c59cc2b163f1,CntJqkrwuHc1jTnwfJpsvw_300_box0.jpg,GREENISLAND,National,Building-mounted,Union Jack,5,2025-08-13 22:15:24.718917+00,May,false,,
4b87a584-86b0-4e10-8fcd-7e895c7b94bf,R_755CLHUyxwvFHNXLAwiQ_180_box0.jpg,BELFAST_CITY,National,Building-mounted,Union Jack,5,2025-08-13 22:07:28.452833+00,May,false,,
4b92acdf-aeda-4e25-af46-7f77db52e440,TcQ6GbotHWV5UAyvGaGfiA_240_box0.jpg,GREENISLAND,National,Lamppost-mounted,Union Jack,5,2025-08-29 08:34:09.353451+00,May,false,,
4b9620ee-1f5c-4ae7-9bb4-e45de194561b,qAirGM0qBMRNqzYDqTe0vQ_120_box0.jpg,BELFAST_CITY,National,Building-mounted,Ulster Banner,5,2025-08-12 15:56:20.429939+00,Pat,false,,
4bad5ce5-c9ce-4c5a-95f3-523d7bc94db1,lnqwMQmZNt0WVk46IfEpgw_000_box0.jpg,BELFAST_CITY,National,Lamppost-mounted,Ulster Banner,5,2025-08-28 19:53:51.912281+00,May,false,,
4bd83ce5-6d77-43b7-8bbe-527153dc7314,y8abI53es2IBttpL3lUC7w_240_box0.jpg,CRAIGAVON,Sport,Building-mounted,Supporters Club,5,2025-08-29 08:40:00.81761+00,May,false,,
4be2182a-9f94-45a7-b680-86012205f41d,fSl__Eq_IybmVur__YRMXA_120_box0.jpg,BANGOR,National,Lamppost-mounted,Union Jack,5,2025-08-14 10:17:07.780454+00,Pat,false,,
4bf3913e-be22-43ae-a51c-c87d4db5c476,G4CwZ-Jsfu9pTggvQcdmug_120_box0.jpg,BALLYCLARE,National,Building-mounted,Union Jack,5,2025-08-14 12:30:45.678624+00,Pat,false,,
4bf99a72-636f-43b6-b62f-9a95a30031f6,Piuj8b6sm_tPIyFw-VG4Vg_180_box0.jpg,CARRICKFERGUS,National,Building-mounted,Union Jack,5,2025-08-13 22:11:24.046754+00,May,false,,
4c2ba97f-ae19-4a85-8e20-b3885e2e9b02,EhLS4XPdc0NvFw3lC6THIQ_300_box0.jpg,CRAIGAVON,Proscribed,Pole-mounted (in ground),Other Proscribed,5,2025-08-17 16:46:16.297015+00,May,false,,
4c2d7827-17a1-43d5-87b1-31258abfd08c,V2mIXea8wz_qvm5U8464nw_060_box0.jpg,BELFAST_CITY,National,Lamppost-mounted,Union Jack,5,2025-08-12 15:39:10.012411+00,Pat,false,,
4c381dfc-4186-4fb2-a4d0-8b964f5d317a,eaL6SalbqaIkyhB-JfcSdw_120_box0.jpg,METROPOLITAN_NEWTOWNABBEY,National,Lamppost-mounted,Ulster Banner,5,2025-08-28 20:43:13.632109+00,May,false,,
4c595371-d810-4a20-812e-4b3b5fc1497d,6Clq7Xnx0S5DPviitsMtEA_000_box0.jpg,BELFAST_CITY,National,Pole-mounted (in ground),Union Jack,5,2025-08-13 22:27:06.86547+00,May,false,,
4c83940a-784f-48b2-9be7-2da577e7a8ec,6S7jzAtnT-wm-eR2Bs_kqA_000_box0.jpg,METROPOLITAN_NEWTOWNABBEY,Proscribed,Lamppost-mounted,YCV,5,2025-08-28 20:22:44.65958+00,May,false,,
4c83fec6-9abf-466f-bc85-f0be3f57d4fb,PJjogLMYw4cfdHbUYh7FhQ_240_box0.jpg,BELFAST_CITY,National,Lamppost-mounted,Union Jack,5,2025-08-14 12:20:33.259785+00,Pat,false,,
4c98f543-2369-409b-a861-8dfb95e9aa70,UkI_0L1_h6rpv1zZC2zgMw_060_box0.jpg,HILLSBOROUGH_AND_CULCAVY,National,Lamppost-mounted,Union Jack,5,2025-08-28 20:21:42.653525+00,May,false,,
4ca969ef-090f-41e5-b745-425764aa16ae,bqhpmGlbPPVlPqQLQp9kNA_120_box0.jpg,CARRICKFERGUS,National,Building-mounted,Union Jack,5,2025-08-14 12:10:25.418176+00,Pat,false,,
4cae6b9d-dd10-4e44-80f0-df261d21c714,rsS77KN3Z4FcXxO_Tof-ig_180_box0.jpg,LISBURN_CITY,National,Lamppost-mounted,Scottish Saltire,5,2025-08-29 08:29:32.097387+00,May,false,,
4cb03b39-a669-44c3-8a5c-59dfcf51973c,xP-hdP7X-FR3p0sIJzZl8w_120_box0.jpg,BELFAST_CITY,National,Pole-mounted (in ground),Union Jack,5,2025-08-12 15:40:33.989504+00,Pat,false,,
4cc5ef08-f9c5-4a4d-99ad-060e49494374,J1LmgV_zbMF3I8agrVtlMA_240_box0.jpg,ARMAGH,National,Lamppost-mounted,Union Jack,5,2025-08-14 13:29:04.293627+00,Pat,false,,
4cdb37c8-cbea-493f-8328-37cdc2ea51ce,48HEfUVwUYHLjK3aA7ElAQ_120_box0.jpg,GREENISLAND,National,Lamppost-mounted,Union Jack,5,2025-08-29 08:23:45.444328+00,May,false,,
4cf4d332-5496-4bc9-859b-7e44594691c3,FZZYWd9BJAOona6Cpt4n4A_240_box0.jpg,LISBURN_CITY,National,Pole-mounted (in ground),Ulster Banner,5,2025-08-11 18:14:56.904384+00,Pat,false,,
4d04bcfc-d92c-403f-8eaf-bc46d4cdd616,tD6t6R4yQjC2e1HKLrpHeg_180_box0.jpg,BELFAST_CITY,National,Building-mounted,Ulster Banner,5,2025-08-14 09:30:11.286954+00,Pat,false,,
4d199e48-221e-42f0-8438-a2cb796cd77d,wA1LIR4UZPv-agic4Ik8JQ_300_box0.jpg,BELFAST_CITY,National,Building-mounted,Union Jack,5,2025-08-13 22:44:05.647827+00,May,false,,
4d25068a-9c02-48f4-a97d-b50e9e0f6d99,smyvVm87ry0gH_Ggo6XEbA_060_box0.jpg,ARMAGH,National,Lamppost-mounted,Union Jack,5,2025-08-13 22:56:05.923559+00,May,false,,
4d2a941b-034c-4933-8950-68343e756d19,jPVk5hxpOjDonRox-nZD0A_240_box0.jpg,BANGOR,National,Lamppost-mounted,Union Jack,5,2025-08-14 14:11:11.013811+00,Pat,false,,
4d3951da-9522-4168-a88d-bcc59e92cf8c,OwspkefUmZfmxq7HtlfuOg_300_box0.jpg,BELFAST_CITY,National,Lamppost-mounted,Union Jack,5,2025-08-12 15:37:27.751355+00,Pat,false,,
4d3efadc-9d1c-478f-bde3-9590c8109493,8HdhKKO-kHzFQ-w5wgc2_g_180_box0.jpg,BELFAST_CITY,National,Lamppost-mounted,Union Jack,5,2025-08-14 12:35:01.07505+00,Pat,false,,
4d7ef996-9779-472f-ac7d-5cb141df00b3,mGwDRITw9acQ7ACsChj94Q_240_box0.jpg,LISBURN_CITY,National,Building-mounted,Union Jack,5,2025-08-12 15:15:42.779489+00,Pat,false,,
4d8147e7-417e-47fd-8b5a-01cccb28c9df,ndzRVXJBlPzjNQ_LIhkiFg_120_box0.jpg,LARNE,National,Lamppost-mounted,Union Jack,5,2025-08-28 19:43:22.020121+00,May,false,,
4d8bae4d-39ba-4968-9641-19c6503a8c5c,9LkkJBMGuDzvhV8NoHhkrw_120_box0.jpg,BALLYMONEY,Review,,,,2025-08-29 08:34:14.310135+00,May,true,Unclear image,
4dc1a714-d3a1-4ff6-87d4-212a854586c5,ojGB9sKPUx-9llFFkYlqPw_120_box0.jpg,BELFAST_CITY,National,Building-mounted,Union Jack,5,2025-08-13 08:56:36.735919+00,Pat,false,,
4ddd1b97-f635-4c58-a4ea-57122ab40e90,_doYlhvnGtsCPmITC78zZg_180_box0.jpg,BELFAST_CITY,Review,,,,2025-08-28 20:45:17.231634+00,May,true,Unclear image,
4def554b-0edd-4db9-b019-d6334c61f345,Om0VHH_4sz_vK4g94tlS0A_060_box0.jpg,BALLYMONEY,National,Lamppost-mounted,Union Jack,5,2025-08-29 08:52:25.252274+00,May,false,,
4e09d445-2eee-44f0-a34b-bbe734f5c4c7,FhtdF7kbnxfVAS26a4EFPw_180_box0.jpg,METROPOLITAN_NEWTOWNABBEY,National,Building-mounted,Union Jack,5,2025-08-12 14:56:45.560455+00,Pat,false,,
4e111b60-e780-46c2-9806-e67cf7cc9ffc,Dr2DB-jFD_yybWB_lU-bJw_120_box0.jpg,METROPOLITAN_NEWTOWNABBEY,Fraternal,Building-mounted,Royal Black Institution,5,2025-08-22 22:13:21.367054+00,May,false,,
4e2eccdc-9793-41cd-9e4f-356483e474ec,LJznsst-xzdY5xmUU-1Krg_240_box0.jpg,BALLYNAHINCH,National,Pole-mounted (in ground),Union Jack,5,2025-08-17 18:25:13.079271+00,May,false,,
4e5df881-4566-4e17-964b-5a7de46e5bce,Tqhlq6mUx7IVYS0todyH3A_060_box0.jpg,METROPOLITAN_NEWTOWNABBEY,National,Building-mounted,Union Jack,5,2025-08-17 16:01:18.100526+00,May,false,,
4e9117e8-e48e-4a69-8eba-075b2780484a,B0A5O3Hg6pq27Ws4y3LmBA_300_box0.jpg,BELFAST_CITY,National,Lamppost-mounted,Union Jack,5,2025-08-14 14:01:51.67717+00,Pat,false,,
4ea627f8-af77-4b6b-9bdc-6fc4991472e7,8X_u5ecj8GZw0SeCacjo2Q_060_box0.jpg,BELFAST_CITY,National,Lamppost-mounted,Union Jack,5,2025-08-13 08:33:30.450526+00,Pat,false,,
4ea6e5e1-7dee-40c7-9d59-094525bade50,HrxLXIq679aclMbi-BDmcg_300_box0.jpg,METROPOLITAN_NEWTOWNABBEY,National,Lamppost-mounted,Ulster Banner,5,2025-08-13 22:56:15.154535+00,May,false,,
4eaa20e4-b6ad-432c-8ddc-edc8c5416804,LJcqdLSQaYfaaOYJKyBZxA_000_box0.jpg,BELFAST_CITY,National,Lamppost-mounted,Union Jack,5,2025-08-28 20:44:44.600943+00,May,false,,
4ed97dbd-454c-40ce-a755-0987e72ff13b,EK9W0dtlnWXVmt3tUiKi6Q_000_box0.jpg,DUNGANNON,Sport,Building-mounted,Local Club,5,2025-08-17 15:41:17.467968+00,May,false,,
4ef91f71-3840-4368-baac-fa096580c4e4,mDgrMqNnjhA9CuKKNSeiTQ_180_box0.jpg,BALLYMENA,National,Lamppost-mounted,Ulster Banner,5,2025-08-14 11:11:46.304835+00,Pat,false,,
4f2d5168-8435-4302-ab9b-b5cfe2e5adc1,SIVjcdg1xO1uN-YjK6XXkQ_180_box0.jpg,BELFAST_CITY,National,Building-mounted,Union Jack,5,2025-08-14 14:08:16.474225+00,Pat,false,,
4f33e88e-37b6-454c-8be1-bc2de603a581,edIITQ4jCBkxYOpZuUV0xQ_120_box0.jpg,LISBURN_CITY,National,Lamppost-mounted,Ulster Banner,5,2025-08-17 16:21:33.823365+00,May,false,,
4f41338b-aee4-4b6a-a18a-7ff24111ce9f,R3aGAsbl0gVX2Gygu3gsIg_060_box0.jpg,METROPOLITAN_NEWTOWNABBEY,National,Pole-mounted (in ground),Union Jack,5,2025-08-17 14:35:06.86139+00,May,false,,
4f459c4e-4950-4c71-86a4-6775afa071cb,lEpV1xSgiw9hS_0Kzo9zeQ_180_box0.jpg,CRAIGAVON,National,Pole-mounted (in ground),Ulster Banner,5,2025-08-14 10:57:13.219091+00,Pat,false,,
4f4f4f5d-debc-4bec-9d01-78de110449be,W6XW1dk0RNPF1IY7ZXuRpw_180_box0.jpg,METROPOLITAN_NEWTOWNABBEY,Proscribed,Lamppost-mounted,UDA,5,2025-08-14 13:47:03.488241+00,Pat,false,,
4f56e9b1-2839-48b4-874e-ade0826debec,DC4bOPWvUc-n93Mu2iMovw_060_box0.jpg,ARMAGH,National,Pole-mounted (in ground),Union Jack,5,2025-08-29 08:37:18.019493+00,May,false,,
4f76f8be-9f5a-41bd-8751-66a5f909db59,eFzgJHPB9TqraAl3WTMwaw_240_box0.jpg,BELFAST_CITY,Review,,,,2025-08-14 13:40:48.824476+00,Pat,true,Unclear image,
4fa97e0e-a0d7-4aa0-af01-94f5028a23f0,AnFEUGfv_l_k0mXGSzr39Q_180_box0.jpg,LISBURN_CITY,National,Building-mounted,Union Jack,5,2025-08-13 08:26:25.705141+00,Pat,false,,
4fc55044-c6d9-4e17-a777-3b08ad0ff957,0HnjjbOtS8HYTP-YQWajaQ_060_box0.jpg,METROPOLITAN_NEWTOWNABBEY,National,Lamppost-mounted,Union Jack,5,2025-08-28 20:09:55.215479+00,May,false,,
4fd7e8fd-4585-4636-9e09-40309ba45955,SlUMQgRZpJRAg5tAlq_u7A_000_box0.jpg,BALLYMENA,National,Building-mounted,Ulster Banner,5,2025-08-28 19:53:07.49279+00,May,false,,
4fe6cc84-fb98-4f9a-be47-48990750b4cb,Ex0qvCMEglT1QBefAqONZw_180_box0.jpg,METROPOLITAN_NEWTOWNABBEY,Fraternal,Lamppost-mounted,Apprentice Boys,5,2025-08-17 16:57:53.42119+00,May,false,,
4ffbb984-ab23-4510-a0c2-f035c7067454,wXIjgoH-OUfzWr8NNKvVPw_240_box0.jpg,LARNE,National,Building-mounted,Union Jack,5,2025-08-14 12:28:26.58676+00,Pat,false,,
4fffb4e7-0bf2-44b5-b62e-362cba189d2d,1V09x1X9c3GEud3oikHJRw_300_box0.jpg,BELFAST_CITY,National,Building-mounted,Union Jack,5,2025-08-14 12:57:17.322013+00,Pat,false,,
50691c77-719d-4d61-94b9-7d92fe7b2bbf,lvOrL3nWyHw6zWYnsexG8w_060_box0.jpg,BALLYMENA,National,Building-mounted,Union Jack,5,2025-08-14 13:46:21.441627+00,Pat,false,,
50722638-909c-4c7c-8ec6-2370f76c31f7,7PekKQny0cF8KtkOjIzL0Q_120_box0.jpg,BELFAST_CITY,National,Building-mounted,Union Jack,5,2025-08-13 16:35:06.321482+00,Pat,false,,
50810f08-96f3-48b1-88ac-0ed227251358,ZOEa_2NSDZbJqnjnIZjfUQ_240_box0.jpg,HILLSBOROUGH_AND_CULCAVY,National,Lamppost-mounted,Union Jack,5,2025-08-14 14:05:06.325417+00,Pat,false,,
50cd9a06-ff8f-4235-bc5a-4b881e5ad842,G-LZfWFM7DTK9845TiYYbQ_180_box0.jpg,CARRICKFERGUS,National,Building-mounted,Union Jack,5,2025-08-29 08:16:01.038052+00,May,false,,
50e77486-ae70-403d-bf2b-a12b0288c0a7,rmjcEPVD2WdSJd-or3YrwQ_300_box0.jpg,CRAIGAVON,Review,,,,2025-08-14 12:24:28.153051+00,Pat,true,Complex case,
50f01799-82ce-42bf-8c1b-fbdfa675a069,29-2RTfZriWtKFw05IIlCw_180_box0.jpg,METROPOLITAN_NEWTOWNABBEY,National,Building-mounted,Union Jack,5,2025-08-14 12:59:16.931812+00,Pat,false,,
512589d0-58f2-49ba-be84-4e20abe5ffa0,xmaTQLyi6nFX8G-5rEChlw_060_box0.jpg,BELFAST_CITY,National,Building-mounted,Ulster Banner,5,2025-08-14 13:47:21.821281+00,Pat,false,,
513f661f-85b7-475d-8b2b-eba55a1cdb73,Zd2NjVGbny5C_LtilN8CvA_300_box0.jpg,BELFAST_CITY,National,Lamppost-mounted,Union Jack,5,2025-08-12 15:59:48.772829+00,Pat,false,,
515559e7-28a2-486f-b212-a7e40ddb5411,RlanhDzCTk8YhDht7wzKXA_120_box0.jpg,BELFAST_CITY,National,Building-mounted,Union Jack,5,2025-08-14 11:11:11.508211+00,Pat,false,,
515da16a-aefb-444d-8cbe-7796d7502e71,MbKpz--YV-QW2t9Kxu4RLA_240_box0.jpg,NEWTOWNARDS,Proscribed,Building-mounted,Other Proscribed,5,2025-08-14 09:34:23.771347+00,Pat,false,,
51786eb0-8701-4892-a5ff-885f072985f5,8fLalOlBHh23h5kHAa4yHg_300_box0.jpg,LARNE,National,Building-mounted,Union Jack,5,2025-08-17 16:01:08.427272+00,May,false,,
5178e07d-91e8-42f0-b438-4772d884e6b9,PpoUIcuek9Xvr0Zag8BoWQ_180_box0.jpg,ANTRIM,National,Lamppost-mounted,Ulster Banner,5,2025-08-13 22:12:20.122607+00,May,false,,
51a9c18e-1d99-4db4-8d21-17144f26fef0,eDl1QvofoPVEMW5VJZH7kQ_180_box0.jpg,BELFAST_CITY,National,Lamppost-mounted,Ulster Banner,5,2025-08-13 22:50:21.405463+00,May,false,,
51c7d7f0-ce9b-483d-8cb3-03f547d510f3,KrqPzGT7cM7arTPeG5dGaA_180_box0.jpg,BELFAST_CITY,National,Building-mounted,Union Jack,5,2025-08-29 08:50:30.546335+00,May,false,,
51d217e0-6eac-41e3-889d-1984deabaf15,6F4IzH-8bxhd0-Gx7MtKpg_180_box0.jpg,CRAIGAVON,National,Building-mounted,Union Jack,2,2025-08-14 11:08:17.05082+00,Pat,false,,
51e0b062-fa8d-440f-8a72-255b4a676568,B3E-_0E8528Y78e1_CQkPg_300_box0.jpg,GREENISLAND,National,Lamppost-mounted,Union Jack,5,2025-08-14 13:37:53.123062+00,Pat,false,,
51e342c7-cd62-4167-9b8d-5c0e25e74ce5,sLMGLAwHuqAmCxT-Sq7vYA_000_box0.jpg,LARNE,National,Lamppost-mounted,Ulster Banner,5,2025-08-14 10:20:34.1771+00,Pat,false,,
520fd78d-469b-4f85-b856-dc1425d545b0,_9NN5qTVsEMgfk0Oa0ei6w_180_box0.jpg,BELFAST_CITY,National,Building-mounted,Scottish Saltire,3,2025-08-17 16:01:40.434091+00,May,false,,
52188680-9782-44d8-82db-75c8ab88d9f9,T8F7QSFYCGVHDHX3HD7Ybw_300_box0.jpg,BELFAST_CITY,International,Lamppost-mounted,Other International,5,2025-08-28 20:16:10.031787+00,May,false,,
5228f34e-193b-40db-bbb3-6b34d635114e,5B3B7fvYInI_h8l54jvFOg_240_box0.jpg,BELFAST_CITY,National,Lamppost-mounted,Union Jack,5,2025-08-28 20:38:48.70375+00,May,false,,
522b56dd-9375-4fa2-bbfb-b660fc23a571,G6Cg23XThUwaYkKs0eMQ5g_300_box0.jpg,BELFAST_CITY,National,Lamppost-mounted,Union Jack,5,2025-08-28 19:50:31.557167+00,May,false,,
5235d698-eba5-475f-80d5-d0b8db9851dd,bxGxoHLLFy2CDqtSG4S9tw_180_box0.jpg,METROPOLITAN_NEWTOWNABBEY,Review,,,,2025-08-11 18:25:05.624727+00,Pat,true,Complex case,
524672b9-ceba-4c58-9a56-480e42a77dae,9RDvEijkv2vxJypupkpK2A_300_box0.jpg,BELFAST_CITY,National,Lamppost-mounted,Union Jack,5,2025-08-29 08:24:07.169677+00,May,false,,
5257ce76-bd63-4ad1-92b2-7fb6f8ceac36,R4qmumPpxmg-KXoIYSTSlA_060_box0.jpg,BELFAST_CITY,National,Building-mounted,Union Jack,5,2025-08-29 08:42:20.207382+00,May,false,,
52588e0e-0248-471f-a6d0-05cfa2ba8320,BwCtYm4lKs3gewdI-IrP7w_000_box0.jpg,BALLYCLARE,National,Building-mounted,Union Jack,5,2025-08-14 13:47:37.333906+00,Pat,false,,
527e9265-68d8-443e-a7fd-42a69698dc4a,yZBBbO3ldZ8Nu_CoHPoyRQ_240_box0.jpg,BALLYMENA,National,Lamppost-mounted,Ulster Banner,5,2025-08-28 19:50:39.0046+00,May,false,,
5294c835-9a9e-44d0-873d-7e525ade6a5d,A5qtGXtRiyaQO4rov5yZZg_180_box0.jpg,BELFAST_CITY,National,Building-mounted,Union Jack,5,2025-08-17 14:37:56.382676+00,May,false,,
52a07a4a-9015-4d1a-89fe-75e8da82cfd1,XjuOJfK03nQFhI2RmYrm2g_000_box0.jpg,BELFAST_CITY,National,Building-mounted,Union Jack,5,2025-08-29 08:43:56.686993+00,May,false,,
52b16370-14ab-4b1f-b2f2-f1b3ffd74327,jX5hczQNR8srWdlAsNH7MQ_180_box0.jpg,LISBURN_CITY,National,Lamppost-mounted,Union Jack,5,2025-08-17 14:35:20.978413+00,May,false,,
52b733e7-21d6-45e3-bcb5-6e31ce89f1ea,jWZ3REZFehjyqejI-Dnp2g_300_box0.jpg,CARRICKFERGUS,National,Lamppost-mounted,Union Jack,5,2025-08-28 20:27:15.567592+00,May,false,,
52d8367e-2901-4d76-a6fd-64fad31109d4,bx3s1jrD82breoNzd09FlQ_000_box0.jpg,WHITEHEAD,National,Lamppost-mounted,Union Jack,5,2025-08-13 22:28:42.505581+00,May,false,,
52db5404-5f2f-43c4-8251-1f7437a5c5d8,mKW0WJh4U5YfxHSrl3S57Q_180_box0.jpg,ANTRIM,National,Pole-mounted (in ground),Union Jack,5,2025-08-28 20:08:49.899829+00,May,false,,
52e1f759-131e-430e-b10e-70c40985dd41,g2oSCJMM8xsOjF8ZssPFkw_120_box0.jpg,METROPOLITAN_NEWTOWNABBEY,National,Pole-mounted (in ground),Ulster Banner,5,2025-08-24 10:10:43.736732+00,May,false,,
530724e0-aad3-4d73-b818-6ef53d944f21,PS9uizFxAwiSVk1KRFJCSg_060_box0.jpg,LISBURN_CITY,National,Lamppost-mounted,Union Jack,5,2025-08-29 08:47:35.406715+00,May,false,,
533adb9f-bd14-4455-b9eb-761b87e6b708,Xyr0n39Ec_Qn399WJc0MCg_240_box0.jpg,LISBURN_CITY,National,Building-mounted,Union Jack,5,2025-08-17 15:06:35.251215+00,May,false,,
5364d06c-35e8-4da9-bf4a-d55dccfac3e7,-hWjZCDJXsj2SJoWOEoXRQ_240_box0.jpg,LARNE,National,Lamppost-mounted,Union Jack,5,2025-08-14 13:58:54.410434+00,Pat,false,,
5369628a-2fcc-4975-9e8a-1f4c6bd051fb,gKSF9i7nORAj4d0sx1_snQ_060_box0.jpg,BELFAST_CITY,National,Lamppost-mounted,Scottish Saltire,5,2025-08-29 08:33:39.802928+00,May,false,,
53778ac0-d71b-4938-89fa-852e0cab6047,aHC_ZuFO74Go_jEj6zkI7A_240_box0.jpg,BELFAST_CITY,National,Building-mounted,Union Jack,5,2025-08-17 18:24:12.004268+00,May,false,,
53786ec7-1177-4e93-81ba-bfe9ff0d26a5,ogDi0_wxXdClckb-l_iKVg_300_box0.jpg,CARRICKFERGUS,National,Building-mounted,Union Jack,5,2025-08-13 08:57:18.278769+00,Pat,false,,
53893c09-bc73-431e-9d9b-0ccf8cd912b8,KW9fDd81TzjL6WqfyCVmqQ_180_box0.jpg,METROPOLITAN_LISBURN,National,Building-mounted,Union Jack,5,2025-08-14 13:01:23.354025+00,Pat,false,,
53b3cf14-ec9f-4529-b424-b28caefe86cc,rTeZbQtCU5GvGvupM0qdtg_240_box0.jpg,BELFAST_CITY,Review,,,,2025-08-11 18:26:55.067259+00,Pat,true,Not a flag,
53cb995a-8665-4c33-8fcb-f95b5d52aadb,nt1Q59TBL5N8zv0gBOkbVw_120_box0.jpg,ANTRIM,Historical,Building-mounted,WW1 Commemorative,5,2025-08-13 21:58:09.645513+00,May,false,,
53e46592-0b02-420d-a463-4ec73337e67b,a9FGQ_XqQkQVeu7DaB9W-A_120_box0.jpg,BALLYMENA,National,Pole-mounted (in ground),Union Jack,5,2025-08-14 09:43:42.493459+00,Pat,false,,
53f198d6-92b5-4425-bcc0-8c51759d5685,dnfit7fBNL5OC2ZQBOpWMQ_000_box0.jpg,BALLYCLARE,Sport,Lamppost-mounted,Supporters Club,5,2025-08-24 10:36:50.834507+00,May,false,,
54122709-49ae-4ea9-929e-5493f8ce8578,LolGr6dQrq70lhjJ9hmHcg_300_box0.jpg,BELFAST_CITY,Review,,,,2025-08-13 22:56:01.758861+00,May,true,Not a flag,
54206445-a75c-4665-96f5-d21c8148efee,r11oCMcoHawmnuioQqhfCw_300_box0.jpg,CRAIGAVON,Review,,,,2025-08-14 13:06:42.265138+00,Pat,true,Complex case,
5445a9a7-2587-4d2e-adb2-f6a1716e8f3d,JGDGUaBm1TnQmF7DeL5sTg_060_box0.jpg,WARINGSTOWN,National,Lamppost-mounted,Union Jack,5,2025-08-14 13:10:37.91181+00,Pat,false,,
54541190-d652-4367-9863-97530c52f0a6,mKE5cWe5VhqxROkqj7otqQ_180_box0.jpg,BALLYCLARE,National,Building-mounted,Union Jack,5,2025-08-14 10:17:52.142211+00,Pat,false,,
5483b297-57eb-4068-9bc2-ff18ece903dc,o2CX3wSWTWbB--eFWxpdfg_180_box0.jpg,BELFAST_CITY,National,Lamppost-mounted,Union Jack,5,2025-08-17 15:35:26.56506+00,May,false,,
54af309c-5b91-489d-837a-25624a353877,ZShg24Kig2u9jpmzn5MwPw_240_box0.jpg,METROPOLITAN_NEWTOWNABBEY,Review,,,,2025-08-14 13:42:53.797719+00,Pat,true,Complex case,
54b6ff57-9aa2-4c14-bb0b-b588b61c23da,5w7-hGe9BjXz-ol7Bf2bSw_000_box0.jpg,HOLYWOOD,National,Lamppost-mounted,Union Jack,5,2025-08-14 12:35:04.842269+00,Pat,false,,
54ceadbf-3444-45f2-a603-695b5d8d7f03,I31gSnUDvar6RwmSE8EZ6w_120_box0.jpg,BELFAST_CITY,National,Building-mounted,Union Jack,5,2025-08-13 22:13:43.74075+00,May,false,,
54eac88e-8562-489b-9939-e7cce113eef8,KAcZy_uKhcPegXDxWO1N7A_120_box0.jpg,BELFAST_CITY,National,Lamppost-mounted,Ulster Banner,5,2025-08-28 20:04:00.400769+00,May,false,,
55090d07-5e2b-4d8b-805a-5292488936af,Qopht4f9GhyXW2yYhA7vhw_120_box0.jpg,CARRICKFERGUS,National,Building-mounted,Union Jack,5,2025-08-14 12:43:20.642399+00,Pat,false,,
55162df6-96f3-428f-9545-f01516529bf9,d8S-amHFKi1lzEzaHM5F6Q_300_box0.jpg,COOKSTOWN,National,Building-mounted,Union Jack,5,2025-08-14 12:44:04.984181+00,Pat,false,,
5535c292-bf4b-43c0-be4e-021abfe3e612,jKIFonheba4ZcDicgJy96Q_300_box0.jpg,HOLYWOOD,National,Building-mounted,Union Jack,5,2025-08-22 22:28:20.585933+00,May,false,,
5548b118-0581-4333-ad9f-a434f9268d21,1JUiZGsiNn6VhxozX8YI4A_000_box0.jpg,BALLYMENA,National,Building-mounted,Union Jack,5,2025-08-13 16:22:35.32447+00,Pat,false,,
55492832-41cd-4fdd-82bb-a8c9a33cf6dd,EVZTUCHbIQXQZ-FAKiQJ9Q_300_box0.jpg,BELFAST_CITY,International,Building-mounted,Other International,5,2025-08-15 20:54:15.497217+00,May,false,,
555254d2-3263-49d8-975f-11d94ee9da08,wsYI0iP729LeZQ-6rCt9FA_120_box0.jpg,BELFAST_CITY,National,Building-mounted,Union Jack,5,2025-08-11 18:13:37.606758+00,Pat,false,,
557774a1-9e22-49d3-9cbf-791a296386c5,-am2J-C0J3RwlTE--swDsA_300_box0.jpg,NEWRY,National,Pole-mounted (in ground),Union Jack,5,2025-08-17 17:04:24.262375+00,May,false,,
557bd799-1b2b-4fb2-98bb-65774e52ad83,3DSqv2qjs71IQZI9lNrxUg_300_box0.jpg,BALLYMONEY,National,Lamppost-mounted,Union Jack,5,2025-08-15 00:34:04.715355+00,May,false,,
55b3c7c4-88d1-4d37-b35d-d039796219c8,A-4L-cn-e2JKs137VTzhAA_060_box0.jpg,DUNGANNON,National,Pole-mounted (in ground),Union Jack,5,2025-08-17 18:22:46.680613+00,May,false,,
55d2746e-b0ea-4d32-ab9a-48662d009d69,hr8Lsx0HpfSScjymjitdEw_000_box0.jpg,BELFAST_CITY,Review,,,,2025-08-14 13:01:38.763659+00,Pat,true,Unclear image,
55e4f77c-bcdc-4655-8d72-e18f869a4e88,VFP2rgWquyetfggnaWq4nw_300_box0.jpg,BELFAST_CITY,National,Lamppost-mounted,Union Jack,5,2025-08-17 16:21:21.243756+00,May,false,,
55f7268b-46ed-4a9c-81f2-177d212878ca,-lr6IbBi1kcgUx08IcMIoA_240_box0.jpg,BALLYMENA,National,Building-mounted,Union Jack,5,2025-08-17 18:23:28.784565+00,May,false,,
55f8b7e7-f952-4a53-bd8e-3395cbf55e86,2WHLNheD6qRpGDSiYY-JvQ_000_box0.jpg,ANTRIM,National,Lamppost-mounted,Union Jack,5,2025-08-13 22:07:44.333908+00,May,false,,
5673f7cc-af85-480c-bfc1-b6f4a2455f1c,0ia_W566SV3nMRV1a4k4rw_120_box0.jpg,BALLYMENA,National,Building-mounted,Union Jack,5,2025-08-14 13:25:46.687246+00,Pat,false,,
56d28246-e721-4d7b-aabc-205c1dff6431,LAAPscEhNdUpMagFge2CLw_120_box0.jpg,LISBURN_CITY,National,Lamppost-mounted,Ulster Banner,5,2025-08-12 16:14:46.055323+00,Pat,false,,
56e13114-d09e-43d2-8657-8674fce1bdf0,2jRbBQCB3Vyifrt0xZBgkQ_060_box0.jpg,DERRY_CITY,National,Lamppost-mounted,Irish Tricolor,5,2025-08-12 15:24:10.453781+00,Pat,false,,
56e3fb16-ebdd-4c40-a4d5-ebacef1d7096,UGJzPSjRvhgx_E6tBafO0Q_120_box0.jpg,BELFAST_CITY,National,Lamppost-mounted,Union Jack,5,2025-08-12 15:31:05.457935+00,Pat,false,,
56e6757c-fa20-4ab6-b2a4-93142ebd0887,MM-xuqolz3f4Eq_5P5cL4A_240_box0.jpg,BELFAST_CITY,National,Lamppost-mounted,Union Jack,5,2025-08-29 08:30:52.58943+00,May,false,,
56ebe523-b798-4823-9d00-4fb3b5aa7789,uJLcXCtoR-IL09vpFym1nQ_120_box0.jpg,CRAIGAVON,National,Building-mounted,Union Jack,5,2025-08-13 22:26:36.211234+00,May,false,,
56efd184-10b1-4c0b-b5f4-2fc56d9d30a8,Z1r67MMrHpxFsVHLJT6IgA_240_box0.jpg,METROPOLITAN_LISBURN,National,Building-mounted,Union Jack,5,2025-08-14 13:50:15.635402+00,Pat,false,,
56f2105d-9718-4ef9-9de5-29cb24ee3181,XyBJThdeUFagKTtbMryOFA_060_box0.jpg,ANTRIM,National,Lamppost-mounted,Union Jack,5,2025-08-28 20:29:52.634155+00,May,false,,
56f4ce29-638f-4d9c-8c63-a56435e08c43,p8IWVNLfyRnD22kLd2E8mg_120_box0.jpg,BELFAST_CITY,National,Lamppost-mounted,Ulster Banner,5,2025-08-11 18:23:56.817191+00,Pat,false,,
5725fd6f-bd9b-41a3-bef0-17c8916d6f62,VfQxlBzze81V6HSaMlXCbg_240_box0.jpg,ARMAGH,Sport,Building-mounted,Supporters Club,5,2025-08-14 09:27:10.81114+00,Pat,false,,
572b49eb-7dfb-40b5-910f-1c336b67f2ea,d-QUTa9eY8w2rldn2j95fw_300_box0.jpg,BELFAST_CITY,National,Building-mounted,Ulster Banner,5,2025-08-14 14:12:09.436485+00,Pat,false,,
5751f665-05b5-44fb-96fd-7966379aea88,KsMpX1b7ZsUW3D0vIPJeDA_000_box0.jpg,LISBURN_CITY,National,Lamppost-mounted,Union Jack,5,2025-08-24 10:07:59.315311+00,May,false,,
5779b849-bd4f-4fcd-851b-c78871487f9d,6EduhrqRiEHr24KwWAsd2g_180_box0.jpg,OMAGH_TOWN,National,Lamppost-mounted,Ulster Banner,5,2025-08-14 12:34:36.695454+00,Pat,false,,
57a3f00d-b5c4-4321-a027-0344f221f490,X-igguxcFHw4O5PlyUOm2w_180_box0.jpg,BELFAST_CITY,National,Lamppost-mounted,Union Jack,5,2025-08-28 20:40:06.672911+00,May,false,,
57acec1a-a4f3-4309-9d94-231a81b6d479,IFeqPrftMtl5XqIj9F0LLw_240_box0.jpg,BELFAST_CITY,National,Building-mounted,Union Jack,5,2025-08-14 09:32:08.606341+00,Pat,false,,
57c9a1c8-80dd-4aa9-9918-704234a4ac0b,cmVbfjZis6zNl__ldOPSSQ_240_box0.jpg,LARNE,National,Building-mounted,Union Jack,5,2025-08-28 19:48:58.554236+00,May,false,,
57d2b4fd-cfc1-471a-9d8e-29e6ca2e1cbb,Zot6f8JIEyoM0RAnuWGnuw_000_box0.jpg,BELFAST_CITY,National,Building-mounted,Union Jack,5,2025-08-12 15:12:55.218079+00,Pat,false,,
57e91538-7039-4387-b63b-c6fc4dd501b8,3bjHxxUHSZNChomBS8bOZw_000_box0.jpg,CARRICKFERGUS,National,Pole-mounted (in ground),Union Jack,5,2025-08-12 14:58:20.154509+00,Pat,false,,
580a1f07-7be7-446d-b463-ab6674579a94,-D6juZiMJt8fE4cG4r7Hog_300_box0.jpg,LISBURN_CITY,National,Lamppost-mounted,Union Jack,5,2025-08-13 22:49:37.042822+00,May,false,,
583d7a18-a055-465c-9eb2-5a481a7a6b98,mSANcfjAtWBUFFBMEVuJng_000_box0.jpg,GREENISLAND,National,Lamppost-mounted,Union Jack,5,2025-08-14 09:53:23.397528+00,Pat,false,,
5891e81c-eb62-4423-901a-643633352731,SR7hrawSbdz0onfxf7NXcw_180_box0.jpg,MAGHERA,National,Lamppost-mounted,Irish Tricolor,5,2025-08-14 10:51:31.621448+00,Pat,false,,
58c464d4-b173-445e-8604-0e9f8919a430,7QV12LjHnFVGOIaJMd6s8g_300_box0.jpg,BELFAST_CITY,National,Building-mounted,Ulster Banner,5,2025-08-14 12:52:11.575239+00,Pat,false,,
58c528ce-e767-4b94-8d93-2ad206b1e621,fovBIRJyoPjS4XC3U3View_180_box0.jpg,BELFAST_CITY,National,Building-mounted,Union Jack,5,2025-08-14 12:29:53.471551+00,Pat,false,,
58e5f7d8-f711-4ea4-9974-d85ae0534a67,9ooVtQW5t_etE6qMlb14MQ_300_box0.jpg,METROPOLITAN_NEWTOWNABBEY,National,Lamppost-mounted,Union Jack,5,2025-08-17 17:04:43.77255+00,May,false,,
5900ec88-b0d0-496f-90f7-4706a1098430,UxHLdYGUMMXHbIYE_0o36Q_300_box0.jpg,MOIRA,National,Lamppost-mounted,Union Jack,5,2025-08-28 20:17:07.262931+00,May,false,,
593facdd-ec47-44d2-af4e-58979293d2cd,-Aj4sGT-glK-lZNSAIdC_A_060_box0.jpg,CARRICKFERGUS,National,Lamppost-mounted,Union Jack,5,2025-08-14 13:22:07.807837+00,Pat,false,,
594b4e2c-4f93-4534-880f-09c814d3759d,eoRdo0EVsdLotsFltSf6Rw_060_box0.jpg,BELFAST_CITY,National,Lamppost-mounted,Union Jack,5,2025-08-13 22:08:15.967151+00,May,false,,
59b67b8f-c5ed-4607-91db-e3c0f2d55c74,Iagq8kVSkxPD0kHGQ41-ng_180_box0.jpg,LIMAVADY,National,Building-mounted,Union Jack,5,2025-08-28 20:50:33.776411+00,May,false,,
59cdd510-90f6-4d44-927f-937b135229c6,SIVjcdg1xO1uN-YjK6XXkQ_060_box0.jpg,BELFAST_CITY,National,Building-mounted,Ulster Banner,5,2025-08-28 20:01:27.846303+00,May,false,,
59ce2417-209f-46c1-9109-ef45ce77e56f,JDf7dWv00CMqP4Jpvsc6dA_300_box0.jpg,BELFAST_CITY,National,Building-mounted,Union Jack,5,2025-08-28 20:48:48.626423+00,May,false,,
59d77161-b042-4069-80e4-8e444f5d8de7,gq0nFE7CYqm8fvBQRW1G0w_120_box0.jpg,CARRICKFERGUS,National,Building-mounted,Ulster Banner,5,2025-08-13 08:25:26.140617+00,Pat,false,,
59f7883a-fb48-479b-aae8-f44526fde70e,MI-OqmhJEBFt8ShNnnueRw_120_box0.jpg,METROPOLITAN_NEWTOWNABBEY,National,Building-mounted,Union Jack,5,2025-08-14 12:26:39.981121+00,Pat,false,,
5a1fcc82-0eb2-4a58-9a55-fe55b29dea78,sR2X5ruE6-4O4t5Ub-FIOA_000_box0.jpg,BELFAST_CITY,National,Lamppost-mounted,Ulster Banner,5,2025-08-12 15:08:15.061759+00,Pat,false,,
5a2ce053-c72b-42dc-a8f6-d9faf7d6f6e7,NdcgHN2_eb-Fo6cLmpmqnA_060_box0.jpg,METROPOLITAN_NEWTOWNABBEY,National,Lamppost-mounted,Union Jack,5,2025-08-17 17:06:24.911028+00,May,false,,
5a7aefbf-0987-4712-97ca-43059c2b62ed,3Lt9ir1b7buRIW2ZXswkug_120_box0.jpg,BELFAST_CITY,National,Building-mounted,Ulster Banner,5,2025-08-28 20:08:00.201861+00,May,false,,
5aed66f5-40a3-4662-9625-0838c57e999d,fGWP0ycJjKWsfmfjEfK37A_000_box0.jpg,ARMAGH,National,Lamppost-mounted,Union Jack,5,2025-08-13 22:54:48.190517+00,May,false,,
5afe32ba-d916-4d7f-bf68-7a4a7fd02720,F8ciDl6sToGl1xvobN-kaQ_000_box0.jpg,DUNGANNON,Review,,,,2025-08-12 15:40:16.272299+00,Pat,true,Complex case,
5aff703f-16a4-4d08-9fdd-2cd5f9a333ed,jrj2k4C0BEoYOgMd4ApZCg_240_box0.jpg,METROPOLITAN_NEWTOWNABBEY,National,Pole-mounted (in ground),Union Jack,5,2025-08-12 15:59:59.584057+00,Pat,false,,
5b1d4ca0-d912-4f7e-8c20-31d318672841,LTqJnE0Junge1FXFX8pKGw_120_box0.jpg,METROPOLITAN_LISBURN,National,Lamppost-mounted,Union Jack,5,2025-08-13 22:36:16.109662+00,May,false,,
5b3b23bb-dff5-4bbf-9011-7eabdf9d44b3,LH97fCsqHBGtzfXvsi9qrA_180_box0.jpg,LARNE,National,Lamppost-mounted,Union Jack,5,2025-08-29 08:21:11.353352+00,May,false,,
5b4e319c-b55c-4d97-9cdf-67c5f06c9b3e,hTch3JZZK1iLZSKU565IWQ_060_box0.jpg,CRAIGAVON,National,Lamppost-mounted,Union Jack,5,2025-08-15 20:53:53.466956+00,May,false,,
5b5737de-04b5-4864-ae6f-f66986ae9b59,VZ_wSWDHxckXFKJiHaOyaQ_180_box0.jpg,BELFAST_CITY,National,Building-mounted,Ulster Banner,5,2025-08-15 00:29:26.811592+00,May,false,,
5b728db8-8589-4565-956b-82617e5b5359,IoybPG8SYoncojEY210a4A_000_box0.jpg,BELFAST_CITY,National,Lamppost-mounted,Union Jack,5,2025-08-17 17:05:59.071052+00,May,false,,
5b775878-2a7e-4bb6-add2-184941a62eab,qvS1LYUrMJilxJOMcCXmuw_180_box0.jpg,COOKSTOWN,National,Pole-mounted (in ground),Union Jack,5,2025-08-14 10:16:07.976112+00,Pat,false,,
5ba1e673-19db-4ccb-9465-a2c43749133e,0Z6Vkkc1a6h4ZJrQPScqHw_300_box0.jpg,GREENISLAND,National,Pole-mounted (in ground),Union Jack,5,2025-08-13 09:10:38.395176+00,Pat,false,,
5bb0c2e6-b88a-4078-b410-6439cef6e872,FNW3vRZ1e9wM3Ns_GpSh6g_180_box0.jpg,BELFAST_CITY,Proscribed,Building-mounted,Other Proscribed,1,2025-08-14 10:08:02.518853+00,Pat,false,,
5bd4e641-2f3d-4f50-88f8-58310245daea,C6GmRGaPLtmTkZCh2lvS9A_000_box0.jpg,BELFAST_CITY,National,Lamppost-mounted,Union Jack,5,2025-08-12 16:13:03.386796+00,Pat,false,,
5be1d10c-61bc-4a76-90d1-1da569eec9d2,EaXT7rKRTiGMLRXI-vc5Zg_000_box0.jpg,COOKSTOWN,National,Lamppost-mounted,Union Jack,5,2025-08-29 08:44:55.044845+00,May,false,,
5bfe4a70-765c-4e63-9b1b-1164d4660bfd,nAjH5xmsRpqTXzcYmjLaqg_060_box0.jpg,CRAIGAVON,National,Lamppost-mounted,Union Jack,5,2025-08-13 22:27:10.829654+00,May,false,,
5c2ed0a1-1b3b-4edd-a4f8-9916380b418c,aIX-0dNPwPVF2zfHY29CUw_300_box0.jpg,BELFAST_CITY,National,Building-mounted,Union Jack,5,2025-08-14 09:35:05.029355+00,Pat,false,,
5c42bf6e-4a88-4d12-ae9e-e585b247fe84,laBaaumc6cycbAds02OvsA_180_box0.jpg,ARMAGH,National,Pole-mounted (in ground),Union Jack,5,2025-08-28 20:04:40.441771+00,May,false,,
5c4c2d1f-a2d9-4aee-81c0-45f2cdc7aef0,jf6uO1lV4F2lUJVQWBZwgQ_060_box0.jpg,BELFAST_CITY,Proscribed,Lamppost-mounted,Other Proscribed,5,2025-08-17 18:23:57.831991+00,May,false,,
5c88bee6-dae8-4d22-bc71-e7bee8901712,R0iYP5_W2oNt7-lXaz906w_060_box0.jpg,BELFAST_CITY,National,Building-mounted,Union Jack,5,2025-08-14 10:29:03.027172+00,Pat,false,,
5c9da2df-5185-4fe5-a462-84ee9e8044ae,IdlNixcBFfOaOoV3TdiKcg_180_box0.jpg,LISBURN_CITY,National,Building-mounted,Union Jack,5,2025-08-12 16:15:56.321825+00,Pat,false,,
5cc7b372-5208-4c3a-a4ea-3b25b472f42f,Jn_QcFiQ6ZdxqSWLHat-rw_240_box0.jpg,ARMAGH,National,Lamppost-mounted,Union Jack,5,2025-08-28 20:41:15.385841+00,May,false,,
5d1c2dcb-0358-4dcb-9dc2-707f1cc85f96,B84MhtGOVL6-pVLGcIo5iA_060_box0.jpg,CARRICKFERGUS,National,Building-mounted,Union Jack,5,2025-08-13 22:54:13.767098+00,May,false,,
5d2313e2-6261-44fe-9baf-1f4f361eef82,Z8eOF9JzgEMsI-m2nK8UBg_240_box0.jpg,BELFAST_CITY,National,Lamppost-mounted,Ulster Banner,5,2025-08-13 22:40:58.817442+00,May,false,,
5d293cc8-c2ea-4a42-8fb6-9d69dc89574a,W5RenjM0guyleiVK1hqzNg_300_box0.jpg,METROPOLITAN_LISBURN,National,Building-mounted,Ulster Banner,5,2025-08-13 22:01:30.923813+00,May,false,,
5d329d17-cdc4-49e7-ac8e-1a4b71369c81,060vGuggxQXyU7H2TaHq8A_000_box0.jpg,BELFAST_CITY,National,Building-mounted,Ulster Banner,5,2025-08-14 11:07:28.678728+00,Pat,false,,
5d34b002-9fd5-43fb-8d5b-6469985e8a07,xHxSLjbXBqQBlKvcP4nEOA_120_box0.jpg,METROPOLITAN_CASTLEREAGH,National,Pole-mounted (in ground),Union Jack,5,2025-08-15 20:56:22.36905+00,May,false,,
5d56e098-0066-4ba3-bb9a-7c4501100c55,58lE5pELrwugEqKjaq0LPQ_000_box0.jpg,METROPOLITAN_LISBURN,National,Building-mounted,Union Jack,5,2025-08-12 15:49:51.878724+00,Pat,false,,
5d637147-fb4d-4ffd-b79d-c6e7f8230bcc,kky-btITgt6RfOzh8EIqIA_000_box0.jpg,BELFAST_CITY,National,Building-mounted,Union Jack,5,2025-08-14 13:21:27.124596+00,Pat,false,,
5d81821a-45fe-46fb-abaa-dd7453cccb0b,h6TlBaDRAO4mnopAAORCow_060_box0.jpg,METROPOLITAN_NEWTOWNABBEY,National,Lamppost-mounted,Union Jack,5,2025-08-13 22:26:49.519295+00,May,false,,
5d8ed75c-fca4-49d4-9b9f-265f9c4ab946,bdqj7u-r1O9LY_bsndJUcQ_180_box0.jpg,BELFAST_CITY,National,Lamppost-mounted,Ulster Banner,5,2025-08-14 10:15:33.783557+00,Pat,false,,
5d91c9be-211c-417d-b88f-1fe8d4874836,TzRXXt3GCyZPJ_zmPR-1sA_300_box0.jpg,BELFAST_CITY,National,Building-mounted,Union Jack,5,2025-08-12 15:37:21.757859+00,Pat,false,,
5daafac6-454d-499d-99c1-6fc9f08b731f,idYFLmLU-vamyVXLSB7I1w_300_box0.jpg,BELFAST_CITY,National,Lamppost-mounted,Union Jack,5,2025-08-13 09:10:59.521754+00,Pat,false,,
5dbf2b23-6fb4-4c0d-af55-54bcb5fffb38,ihxY4TzKoS-8EgXwIOZ8bw_180_box0.jpg,METROPOLITAN_NEWTOWNABBEY,National,Lamppost-mounted,Union Jack,5,2025-08-13 22:10:57.798002+00,May,false,,
5dd2bbe2-b14b-479d-b602-ac7444f38c89,X4197SxqyeaPkCOykHq1kQ_000_box0.jpg,LISBURN_CITY,National,Lamppost-mounted,Union Jack,5,2025-08-12 16:00:14.835234+00,Pat,false,,
5de4390f-4b80-4626-9587-46520348e4e8,aZSxa7hfl_kxJSU9IIm1Ow_120_box0.jpg,OMAGH_TOWN,Proscribed,Building-mounted,UVF,5,2025-08-15 20:58:39.062916+00,May,false,,
5e244c29-fcf0-4f39-80a0-14d583e909dd,zSzaZcumz3dDkfy4MygYIw_180_box0.jpg,BALLYCLARE,National,Building-mounted,Union Jack,5,2025-08-17 15:51:01.116149+00,May,false,,
5e490f64-d1a3-4206-874d-50b424ac47be,LrXlNx-v6DRCA8s4XWo-Yw_240_box0.jpg,CARRICKFERGUS,National,Pole-mounted (in ground),Ulster Banner,5,2025-08-22 22:15:02.965128+00,May,false,,
5e5f1c47-ba32-441c-a529-513d60f66e1a,U0ECbPWZNyFNv8GaTNID0g_180_box0.jpg,METROPOLITAN_CASTLEREAGH,National,Building-mounted,Union Jack,5,2025-08-29 08:47:22.820099+00,May,false,,
5e62f7bf-2bbf-4c1d-b187-c9212cbbedfa,sqIJmPoY7Wx0ZWCoLikK4g_060_box0.jpg,BELFAST_CITY,National,Lamppost-mounted,Ulster Banner,5,2025-08-17 17:02:57.018712+00,May,false,,
5e7d9eac-9d15-45d3-8015-87dbb4d0a5a3,cfNsQWTpivUT5jTAnJ8nsA_060_box0.jpg,BALLYMENA,National,Building-mounted,Ulster Banner,5,2025-08-17 16:53:19.500207+00,May,false,,
5e7dc1a8-10c0-4f4c-b510-5a4618b3dd5a,299EPypdHlcKbNq_ysfFgw_060_box0.jpg,BALLYMENA,National,Pole-mounted (in ground),Ulster Banner,5,2025-08-13 08:33:57.60286+00,Pat,false,,
5e7fb263-f671-4f32-8cb2-5e6e12d17304,Z8s5LSJ9SdMD-hgZqYkCHA_120_box0.jpg,ANTRIM,Review,,,,2025-08-14 09:25:31.243832+00,Pat,true,Other,
5e943fba-1ffc-422a-a38c-9cc2a5c331e6,L8sN-SMZ60Vkb-R00bcFXA_180_box0.jpg,METROPOLITAN_LISBURN,National,Building-mounted,Union Jack,5,2025-08-29 08:21:05.440458+00,May,false,,
5ea5866f-49d9-4f61-8490-d4d91d741ec4,CvLNfmKxT83_XMyUEmld1g_240_box0.jpg,BELFAST_CITY,Review,,,,2025-08-13 08:41:21.064135+00,Pat,true,Unclear image,
5ecc2fc1-07dd-4056-b6ba-be413bd0a8b4,ywlbqQ9T0ozdULzBGFqcVA_000_box0.jpg,BELFAST_CITY,Review,,,,2025-08-13 09:10:28.444973+00,Pat,true,Unclear image,
5edba804-65b9-42d3-935e-17bfb034cec6,0G-E0yekvnDxA7_0_0vr3w_300_box0.jpg,CRAIGAVON,National,Lamppost-mounted,Union Jack,5,2025-08-12 15:47:30.105381+00,Pat,false,,
5edbf9e1-d2f4-43c4-9170-e6b9522fafc3,HvYpAKq_YkgtCN1y7ZwX0w_060_box0.jpg,BELFAST_CITY,National,Lamppost-mounted,Union Jack,5,2025-08-13 22:15:20.258809+00,May,false,,
5f046624-e882-43a7-bc41-34367d89383c,ttD-WAd9honZTZUBlRN6JA_240_box0.jpg,LISBURN_CITY,National,Lamppost-mounted,Union Jack,5,2025-08-14 13:59:36.312457+00,Pat,false,,
5f04fd49-e8f7-4654-aa5b-1d969d2aa5ce,RACPLCBK1nG8okop9qDD1A_000_box0.jpg,BANBRIDGE,National,Pole-mounted (in ground),Union Jack,5,2025-08-13 08:50:51.654785+00,Pat,false,,
5f0632d3-06d4-423f-8321-ed284deca943,bS7GFukLLtoFQSs2dMGGsw_120_box0.jpg,LARNE,National,Building-mounted,Union Jack,5,2025-08-12 16:10:49.78222+00,Pat,false,,
5f22fef6-2582-45b8-aef2-36c76766cc8a,Kh27EA2CiazfmxODI5frxA_300_box0.jpg,LARNE,National,Pole-mounted (in ground),Union Jack,5,2025-08-28 20:04:47.071887+00,May,false,,
5f6f8c86-f953-41da-a2a7-60fb68f5fe9f,EF6DQN2AYxurNirQ1sYXSw_060_box0.jpg,LARNE,National,Building-mounted,Ulster Banner,5,2025-08-11 18:19:54.098267+00,Pat,false,,
5fa6209b-a645-4c28-a411-d1779a7f8311,fwKQsiiFn03YXT7L-6ZRDg_000_box0.jpg,LISBURN_CITY,Review,,,,2025-08-14 09:44:26.496994+00,Pat,true,Complex case,
6001678e-d56c-4d9e-ad40-8f1c27dc7a62,f_QsO2YWwXpI1_WBmMOQ-Q_180_box0.jpg,BELFAST_CITY,National,Lamppost-mounted,Union Jack,5,2025-08-17 15:07:00.751449+00,May,false,,
6035c21c-c909-4e39-b898-9abfb5a2ade1,ClycwfS70LRR86Tg3aJeyg_000_box0.jpg,LARNE,National,Building-mounted,Union Jack,5,2025-08-11 18:18:12.81797+00,Pat,false,,
604f326d-f3e2-4d91-8e03-2e701962bafe,LAVOofA2y_pMWcjCnDXtYQ_180_box0.jpg,CARRICKFERGUS,National,Lamppost-mounted,Ulster Banner,5,2025-08-29 08:38:45.99999+00,May,false,,
6064c48b-4749-4865-ad56-260418299268,ZEWtqYA-K4L0ahUNGojm8g_000_box0.jpg,ANTRIM,National,Lamppost-mounted,Union Jack,5,2025-08-13 16:33:01.672453+00,Pat,false,,
60918757-3276-4ef3-a23b-2c4e3612e688,hoMimCReXJWLtJ4F7pYa0A_060_box0.jpg,METROPOLITAN_NEWTOWNABBEY,National,Lamppost-mounted,Union Jack,5,2025-08-14 09:52:17.76548+00,Pat,false,,
60965b44-8191-4b1e-9bb4-218d0108051b,Z4ifmAC0bLLdZ5f4BUzsgQ_180_box0.jpg,BELFAST_CITY,National,Building-mounted,Union Jack,5,2025-08-22 22:06:11.990328+00,May,false,,
60aab070-13d3-4a39-982f-4d90b435f25e,1Hh4Hc92KZuHUl8zH5HawA_000_box0.jpg,BELFAST_CITY,Review,,,,2025-08-13 22:13:36.604574+00,May,true,Not a flag,
60bb060e-dcf9-4e2e-be24-56dc7900f28d,kxkLOfGSlwcoP9_nD5iwEQ_300_box0.jpg,BELFAST_CITY,National,Lamppost-mounted,Union Jack,5,2025-08-14 13:12:22.834039+00,Pat,false,,
60be51d2-ede3-46ce-b335-aa838ffd2cdb,GUwBcDANnhUssajmVB3zJQ_120_box0.jpg,METROPOLITAN_CASTLEREAGH,National,Building-mounted,Ulster Banner,5,2025-08-28 20:32:06.991026+00,May,false,,
60c7afba-944e-4504-924d-c4a94b93c0a5,le5VuorLlAT0p4BNqrXtKA_300_box0.jpg,BELFAST_CITY,National,Lamppost-mounted,Union Jack,5,2025-08-13 22:42:58.721502+00,May,false,,
60ee3fa3-0092-4fab-bd08-b26e2cc18d2d,_cd35Mm4NwN6FZS4_Ss6Rw_300_box0.jpg,METROPOLITAN_LISBURN,Fraternal,Building-mounted,Royal Black Institution,5,2025-08-22 22:16:49.483179+00,May,false,,
60f168b7-62e4-4d64-bc59-ca64a7c24b69,VoJd2NsucyFf4nWp_aZztg_120_box0.jpg,BELFAST_CITY,National,Building-mounted,Union Jack,5,2025-08-13 09:06:03.326114+00,Pat,false,,
610b1a41-8e14-428e-88f4-c1a23736a3eb,USFcYozdPeH3ND2fwwcE2A_180_box0.jpg,METROPOLITAN_NEWTOWNABBEY,Proscribed,Lamppost-mounted,YCV,5,2025-08-29 08:39:47.463237+00,May,false,,
611189a5-7e2d-49bb-82c6-318cb7b7ddfe,-45HPN2pA1RYFfYN7V2K6Q_120_box0.jpg,BELFAST_CITY,National,Pole-mounted (in ground),Union Jack,5,2025-08-14 14:03:11.349038+00,Pat,false,,
61570058-50f3-4e7f-8ec3-60542d238e5d,3ywwzIX_HDSECxpJdgTeEQ_060_box0.jpg,LISBURN_CITY,National,Lamppost-mounted,Union Jack,5,2025-08-14 09:53:04.18939+00,Pat,false,,
617e5708-9fda-46d5-a534-3fd3683e77e0,s0B9aL0aiXv-dpusK2m_QA_240_box0.jpg,BELFAST_CITY,National,Lamppost-mounted,Union Jack,5,2025-08-14 11:08:42.797899+00,Pat,false,,
61991600-c677-41cc-abd8-0a4d0168e241,K23QPDqZ_siu1xVQue-ttQ_000_box0.jpg,CRAIGAVON,Proscribed,Building-mounted,UDA,5,2025-08-13 22:00:56.652929+00,May,false,,
61a2493c-ed3b-4c25-887f-3f3c59ce748e,0_BD8m5ulRdy0qL-XkwE2A_180_box0.jpg,CRAIGAVON,National,Lamppost-mounted,Union Jack,5,2025-08-17 15:50:54.147869+00,May,false,,
61c10f1e-e00d-448e-9c52-4875e5a942ba,Hgfi2Roa-wOgjCyzRJXOVg_240_box0.jpg,ENNISKILLEN,National,Lamppost-mounted,Union Jack,5,2025-08-13 08:50:40.035902+00,Pat,false,,
61c6bdd7-1459-4654-ad4b-efb932f220a5,jQiMwHbdpBPlrHhu7rRx5Q_300_box0.jpg,BELFAST_CITY,National,Building-mounted,Union Jack,5,2025-08-13 22:16:19.892398+00,May,false,,
61cfa05f-727e-4e40-a0b1-f498c6d16c61,qldpiwPfwYt9OrZNj48nHQ_120_box0.jpg,BALLYCLARE,National,Lamppost-mounted,Ulster Banner,5,2025-08-15 00:50:45.285227+00,May,false,,
61cfeedb-cda1-4f4a-8fa9-1e4fcf29a779,fivf_JSzo2q34kazxqCLUQ_060_box0.jpg,BELFAST_CITY,National,Building-mounted,Scottish Saltire,5,2025-08-17 15:48:44.01898+00,May,false,,
61da1714-5fed-4e44-888a-3f4e67035705,e7vj3OH_YDGe1GtdzA-uLg_300_box0.jpg,BELFAST_CITY,National,Building-mounted,Union Jack,5,2025-08-13 08:45:22.085158+00,Pat,false,,
61e2e983-2b7f-4eb9-bb85-14d71b2c677c,2RMS9Qf7YS7j48vqQhTJ-Q_120_box0.jpg,BALLYMENA,National,Building-mounted,Union Jack,5,2025-08-14 10:36:46.097702+00,Pat,false,,
621d5c15-0d35-4d64-9247-b231b13f8756,dluyisXC_aoqATTo2fkZDA_000_box0.jpg,BELFAST_CITY,National,Lamppost-mounted,Ulster Banner,5,2025-08-28 20:18:12.021053+00,May,false,,
6220c730-18c9-440b-84e5-fd27180afdb9,GRdgj8XJrA0zSq9i8VKN_w_000_box0.jpg,CARRICKFERGUS,National,Building-mounted,Union Jack,5,2025-08-11 18:25:16.696026+00,Pat,false,,
62367c50-b592-46b3-9f4d-849d8e295817,AviehDSrCasus9taJzEKwQ_120_box0.jpg,METROPOLITAN_LISBURN,National,Building-mounted,Union Jack,5,2025-08-14 13:17:16.584872+00,Pat,false,,
623d519f-a33c-4118-bb8b-7330aea6dd8c,O6JED7tSg8vnHTtmvr_7LA_000_box0.jpg,GREENISLAND,National,Building-mounted,Union Jack,5,2025-08-22 22:14:20.297557+00,May,false,,
62476487-4e0e-442d-bef6-dbf1112be086,N4C81efgLX6zEdjchmIlYw_120_box0.jpg,BELFAST_CITY,National,Lamppost-mounted,Union Jack,5,2025-08-15 20:54:36.155826+00,May,false,,
6254bea4-e956-4c84-9f88-2e20152e9d8d,qKQksP89w64A24eHPF7UyQ_180_box0.jpg,BELFAST_CITY,National,Lamppost-mounted,Union Jack,5,2025-08-15 20:55:23.780196+00,May,false,,
6275d421-2ad4-4e3d-ba1b-eabd2753a0d3,DOavzrDdQUrPCa9CZqkldw_300_box0.jpg,DUNGANNON,National,Lamppost-mounted,Ulster Banner,5,2025-08-13 08:43:33.9156+00,Pat,false,,
6288c581-48c5-448c-91ee-df43d0e2f64b,JRD6LGaDvmeeOJJ_buX93w_180_box0.jpg,BELFAST_CITY,National,Pole-mounted (in ground),Irish Tricolor,5,2025-08-13 22:07:56.534564+00,May,false,,
62da29ee-5998-4f02-96ee-dbc1e3f49197,NCIBpl9JWE66CPx4LCfNJQ_120_box0.jpg,BANGOR,National,Lamppost-mounted,Union Jack,5,2025-08-14 13:07:47.088085+00,Pat,false,,
6340cddd-42b6-4cb7-b028-8233366e01ab,c1ogZ7_nY-bhLEOkb3E4nw_000_box0.jpg,BELFAST_CITY,National,Lamppost-mounted,Union Jack,5,2025-08-14 12:26:57.391811+00,Pat,false,,
634b6334-86cc-4625-811a-6ed850e81457,40mn10A209iDVgdmdzmvzQ_120_box0.jpg,CARRICKFERGUS,National,Building-mounted,Union Jack,5,2025-08-13 22:27:02.071718+00,May,false,,
63798dfd-6a36-47b0-a3bd-643615f4b4a1,-clKnLHG7a6hTQZ78IWy1Q_000_box0.jpg,METROPOLITAN_LISBURN,National,Lamppost-mounted,Union Jack,5,2025-08-14 13:15:48.707386+00,Pat,false,,
6393e5df-0487-42d4-a12f-87a5838c19c9,emuoWpDZBoxfqnSkdkNHtA_120_box0.jpg,CRAIGAVON,National,Lamppost-mounted,Union Jack,5,2025-08-12 16:03:06.008015+00,Pat,false,,
639d85c8-1999-49c7-abdb-671b9a9f1139,0LHmugVNghTuJLf7W0Fllw_300_box0.jpg,BELFAST_CITY,National,Lamppost-mounted,Union Jack,5,2025-08-15 00:41:00.484371+00,May,false,,
63a19094-3d4d-495f-85e2-e5351ec4d34f,39kdJ1e569aELACFsN1s6Q_300_box0.jpg,BELFAST_CITY,National,Building-mounted,Union Jack,5,2025-08-17 17:05:43.566781+00,May,false,,
63a89805-6f77-41a0-a6a9-903a66e48960,M8h0AB34Au5GZSEwFmxdkQ_060_box0.jpg,BELFAST_CITY,National,Lamppost-mounted,Union Jack,5,2025-08-29 08:24:36.943626+00,May,false,,
63dc730c-5e60-479b-afc1-5c326a6c612b,SjMP5rH9siflnX0-H1dnFw_120_box0.jpg,BALLYMENA,National,Building-mounted,Union Jack,5,2025-08-12 14:52:04.662685+00,Pat,false,,
63f8fdbd-711b-4f85-b2ba-204a2a6c32f4,g1BSGmi3-KCpRKQWUox8Jg_000_box0.jpg,LISBURN_CITY,National,Lamppost-mounted,Union Jack,5,2025-08-17 17:07:57.038245+00,May,false,,
642c7f08-d0d8-4647-9677-4f1b14f50049,ErUMyhgv_pN95IKrb7nN_Q_180_box0.jpg,BELFAST_CITY,National,Building-mounted,Union Jack,5,2025-08-29 08:23:04.746332+00,May,false,,
64426b5c-beae-4ba3-9945-42c6e059d557,1zcbKiPPKy6Nan7RKIJt5Q_000_box0.jpg,OMAGH_TOWN,Review,,,,2025-08-29 08:38:39.428645+00,May,true,Unclear image,
64a2769b-c9b5-4f74-9eb8-2a4e1ee03cd0,_JcQTJl8M0jg2-tLyB6BGA_000_box0.jpg,BELFAST_CITY,Proscribed,Lamppost-mounted,UDA,5,2025-08-14 13:45:55.464254+00,Pat,false,,
64bbe5a3-b77c-4939-b109-7094b4d39671,kN7WUTUpQdzYibmq-5_APg_180_box0.jpg,CRAIGAVON,National,Building-mounted,Ulster Banner,5,2025-08-12 15:33:51.791879+00,Pat,false,,
64c669cf-f721-4c7b-a8af-93ea099a7636,hKDB9o8DpHUHh_i9ctHNPQ_240_box0.jpg,METROPOLITAN_NEWTOWNABBEY,National,Building-mounted,Union Jack,5,2025-08-22 22:09:41.515828+00,May,false,,
64f497f0-3718-4aed-a595-92e7bb98e7f8,8fmilM76Bg93rotUZdfUfA_120_box0.jpg,BELFAST_CITY,National,Lamppost-mounted,Ulster Banner,5,2025-08-14 12:42:01.891811+00,Pat,false,,
650ae84a-a09c-4edc-a409-2d1de08304b4,mXmjEtMwIC1FQygKKV4T7A_120_box0.jpg,COLERAINE,National,Building-mounted,Union Jack,5,2025-08-14 09:32:58.330575+00,Pat,false,,
650e34cd-43c2-48c4-9f4f-cd26b199443d,BocGhJ20nw0yr5-R3joYMw_180_box0.jpg,BELFAST_CITY,National,Lamppost-mounted,Union Jack,5,2025-08-14 11:07:45.02709+00,Pat,false,,
6525b8d9-55d7-4f3e-a179-8c71faa4685d,ShAy58KpT4VBJTkW_o7JFg_120_box0.jpg,BELFAST_CITY,National,Lamppost-mounted,Union Jack,5,2025-08-15 00:38:46.998154+00,May,false,,
6540b865-591e-4769-8ab4-a937ead392de,3ha7jkkDcIDH5bEV4EhTyQ_000_box0.jpg,BELFAST_CITY,Proscribed,Lamppost-mounted,UVF,5,2025-08-13 22:07:40.065313+00,May,false,,
6586e83e-dd83-4e3f-8b2a-95446abab77d,6MtbUWCktjDhCcF_M8hRbQ_180_box0.jpg,BELFAST_CITY,National,Lamppost-mounted,Ulster Banner,5,2025-08-14 10:18:30.234771+00,Pat,false,,
658b5691-57f0-47a4-9248-1743b0338ff0,nQKhy9GoUNpbF62Y13MdEA_180_box0.jpg,ARMAGH,Sport,Building-mounted,Supporters Club,5,2025-08-17 17:02:14.118633+00,May,false,,
65ab56cb-31c0-4b31-aaec-6f830a55acfc,jGFs8lojPeRKteK6iVR2_Q_300_box0.jpg,BELFAST_CITY,National,Building-mounted,Union Jack,5,2025-08-29 08:25:03.401551+00,May,false,,
65c58bce-1a61-4755-b645-655de543b133,cCrrTG-Rr40_NWvenz6cZg_240_box0.jpg,BELFAST_CITY,Review,,,,2025-08-14 09:31:39.484157+00,Pat,true,Unclear image,
65e92733-3308-4ddd-a400-fd781bf5c46a,rgldiQ2puwSxgvQMhdWZJA_060_box0.jpg,BALLYMENA,National,Building-mounted,Union Jack,5,2025-08-14 12:34:45.155035+00,Pat,false,,
661811a9-0cbd-4069-85ca-39a7b8625140,m2kCT1BZGHaHqjU9zTOdmg_300_box0.jpg,METROPOLITAN_NEWTOWNABBEY,National,Lamppost-mounted,Union Jack,5,2025-08-14 09:44:33.002524+00,Pat,false,,
661f9639-961e-441a-8f54-8ecc729d169c,YkYgebH5H6kqKolEIfK4fw_000_box0.jpg,BELFAST_CITY,National,Building-mounted,Union Jack,5,2025-08-12 15:06:40.986541+00,Pat,false,,
665454a3-97e8-4077-a293-7bdc47546f71,T3GQ1ZWOdHa-X2ZusHeecw_000_box0.jpg,BELFAST_CITY,National,Lamppost-mounted,Union Jack,5,2025-08-28 19:44:38.177121+00,May,false,,
665cbed2-1066-4248-9ce9-d6c748ef5a6f,ij9Gwf1gTPaNltTUB1IF0Q_060_box0.jpg,WHITEHEAD,Military,Building-mounted,Parachute Regiment,5,2025-08-13 21:57:27.307698+00,May,false,,
666ec652-5340-4e22-83d8-981915d62c5a,AMGEX1msFkUfg6QMzZMEXA_120_box0.jpg,BELFAST_CITY,National,Building-mounted,Ulster Banner,5,2025-08-13 08:28:29.708583+00,Pat,false,,
668865af-2dbf-4c50-a95a-328cd0c55930,4-K8hULcgHQRebD7-J6RZA_000_box0.jpg,WARINGSTOWN,Review,,,,2025-08-12 15:11:52.436547+00,Pat,true,Unclear image,
66b5849c-a02f-4cf6-90d1-788f3854e746,4NwxltKHRQ80pardcZSI1Q_240_box0.jpg,BELFAST_CITY,National,Pole-mounted (in ground),Union Jack,5,2025-08-14 12:22:24.635146+00,Pat,false,,
66c86748-afb6-4b61-92d8-494996d081ec,JD4WeU9XgS30Sa3pM539kA_120_box0.jpg,BELFAST_CITY,National,Building-mounted,Union Jack,5,2025-08-17 15:47:06.151244+00,May,false,,
66f6cc20-ca49-4421-8968-20d3f0c52def,fMnCrsluW4qM2rSkf1bKWQ_120_box0.jpg,CRAIGAVON,National,Lamppost-mounted,Ulster Banner,5,2025-08-14 09:42:29.539111+00,Pat,false,,
66fa0413-39fa-462a-90be-19203ae8dee2,wWjn-dlbS-2-33lLmni2Pg_240_box0.jpg,LISBURN_CITY,National,Lamppost-mounted,Union Jack,5,2025-08-12 16:00:33.379845+00,Pat,false,,
671da739-cd62-4cac-9f6a-57042de12f7a,JLeMyEbbu-cXkySKk5briw_060_box0.jpg,ANTRIM,National,Building-mounted,Union Jack,5,2025-08-14 12:20:17.464041+00,Pat,false,,
6726124b-d153-4e38-a9d1-e25d67839c12,FXItDatZbEZYtHK4xxukcQ_180_box0.jpg,BELFAST_CITY,Sport,Building-mounted,Local Club,5,2025-08-11 18:08:10.268566+00,Pat,false,,
6733fa56-a47d-44b4-a5c4-826c96546573,fqOiDRZ5q9fks53P5p72jw_060_box0.jpg,COLERAINE,National,Lamppost-mounted,Ulster Banner,5,2025-08-14 14:13:35.439464+00,Pat,false,,
67839154-8b3d-4d87-8c3e-5fb45a78cb0a,E4AWcufAFvmnhIu_dS69Xg_300_box0.jpg,LISBURN_CITY,National,Lamppost-mounted,Ulster Banner,5,2025-08-14 11:16:55.489401+00,Pat,false,,
67a332c1-53ba-43ab-867e-3a29ce96e9ff,KBDBMxzq5eyCspmyDE-oVg_300_box0.jpg,CRAIGAVON,National,Building-mounted,Ulster Banner,5,2025-08-14 12:19:49.182151+00,Pat,false,,
67aeac87-2b6a-4659-aadb-4487826525a9,H_XrZn1qZdkoQfXh2e6ogA_300_box0.jpg,COOKSTOWN,National,Building-mounted,Ulster Banner,5,2025-08-14 09:34:56.352297+00,Pat,false,,
67b6c138-9bc9-4ad4-b06f-8b4819931574,5fgYAsXu5D6MLrTr6iwvZQ_120_box0.jpg,BELFAST_CITY,National,Lamppost-mounted,Ulster Banner,5,2025-08-14 11:06:03.967493+00,Pat,false,,
67c33beb-3f61-4105-9dd8-f33270de4a43,9tkblbI1B3lh2Rjg0KNwwg_240_box0.jpg,BALLYMENA,National,Building-mounted,Union Jack,5,2025-08-14 12:22:15.599717+00,Pat,false,,
67df7fdd-709c-4201-bc2f-449feaa8de02,6uyPI1ApmyXx8watUuhecw_240_box0.jpg,METROPOLITAN_CASTLEREAGH,National,Lamppost-mounted,Union Jack,5,2025-08-17 17:07:43.267601+00,May,false,,
6812ae68-17d2-4af6-a1e9-ae722b54ed20,lFqjQgx6O3K7tV3bA7H7eQ_120_box0.jpg,BALLYCLARE,National,Lamppost-mounted,Union Jack,5,2025-08-13 22:51:37.107499+00,May,false,,
686467c1-6130-42c5-990d-315ecf90eb27,V5SnbfNr0_6BYht49Rg4MA_060_box0.jpg,MAGHERA,Review,,,,2025-08-22 22:28:30.415046+00,May,true,Not a flag,
68b5f105-db93-4426-856c-1439a38a3f7f,Qn57wnZwdJW6lIUoZF8Gfg_300_box0.jpg,CARRICKFERGUS,Review,,,,2025-08-28 20:37:03.313328+00,May,true,Unclear image,
68beeef5-b4c9-4363-b88b-4c1d387030e0,qtlgD0_OWQ8dVy0_pxCjEg_300_box0.jpg,ANTRIM,National,Lamppost-mounted,Union Jack,5,2025-08-13 08:28:35.365323+00,Pat,false,,
68e16082-bf07-4f0d-9cf8-ef0260842019,m0KwvHgDCBVuxHg7AY2w_Q_300_box0.jpg,BELFAST_CITY,National,Lamppost-mounted,Union Jack,5,2025-08-28 20:09:13.050191+00,May,false,,
68f25431-6cfc-4121-9300-6a1562c65417,zrDAubJ2rLV4PZpKHKoDrw_120_box0.jpg,BELFAST_CITY,Review,,,,2025-08-14 12:33:01.589937+00,Pat,true,Unclear image,
68ff32ad-4b4b-458b-8f03-40f3af98b274,gbQW4E8_kM084Uh1CgnGjw_060_box0.jpg,CRAIGAVON,National,Building-mounted,Union Jack,5,2025-08-17 16:47:07.663517+00,May,false,,
6902af99-64d9-485d-80e7-695899893161,nYfG6CtBuYmi5vPeTQM7ng_000_box0.jpg,GREENISLAND,Proscribed,Lamppost-mounted,Other Proscribed,5,2025-08-13 22:53:53.916529+00,May,false,,
690f5a6a-335f-440d-99bf-8afdfe9a3b19,kdpZRurbRtsaR19F-TsGnQ_240_box0.jpg,LISBURN_CITY,National,Lamppost-mounted,Union Jack,5,2025-08-29 08:45:37.808885+00,May,false,,
6924204a-b388-4145-8bf4-f737e3919628,LWv-R6GFi4eBzb7Zl0pL8w_240_box0.jpg,BELFAST_CITY,National,Lamppost-mounted,Union Jack,5,2025-08-29 08:50:48.442292+00,May,false,,
69546438-713b-43d0-b041-49f38814369c,vQK066uxvnoEBjy2EGepiA_300_box0.jpg,METROPOLITAN_NEWTOWNABBEY,National,Building-mounted,Union Jack,5,2025-08-14 14:05:51.208018+00,Pat,false,,
69671249-8b15-4684-8eea-c64799cc42e1,JoiZG54lmapbcCECPiPfHw_240_box0.jpg,BELFAST_CITY,Fraternal,Building-mounted,Apprentice Boys,5,2025-08-13 22:54:45.368632+00,May,false,,
698393c9-898f-425f-b662-89c8edd68fb4,q1jcFfaDzrafMHYCJXLvUg_060_box0.jpg,BELFAST_CITY,National,Building-mounted,Union Jack,5,2025-08-11 18:19:26.405795+00,Pat,false,,
6984d6e4-2f11-492a-ba6d-5ff3a10acaea,hB3sFPK0ayHB5wLRa-3Cow_120_box0.jpg,LISBURN_CITY,National,Building-mounted,Union Jack,5,2025-08-12 15:16:03.42002+00,Pat,false,,
69c9b8df-65a5-4eaa-b173-632f96bbaced,wDy7QzBD1uk3i3-0rd5KOA_000_box0.jpg,BELFAST_CITY,National,Building-mounted,Union Jack,5,2025-08-17 15:34:35.143648+00,May,false,,
69d90f36-97e2-4be6-b346-8aa2328c1520,yFs-Kwk_kTukg9XTkl_ZvQ_300_box0.jpg,LARNE,National,Building-mounted,Union Jack,5,2025-08-28 20:08:34.371866+00,May,false,,
69e06719-cd8c-46f7-ba1e-4d24f8df346e,Wd9vXitNMbdQqzfJpD-Y2Q_000_box0.jpg,BALLYMENA,National,Building-mounted,Ulster Banner,5,2025-08-13 08:23:36.395307+00,Pat,false,,
69f032dd-a2ff-4ec3-a5e5-738f6894ad37,KcD0-sGlcq_n-fXGfZQ-yQ_240_box0.jpg,LARNE,National,Lamppost-mounted,Union Jack,5,2025-08-17 15:07:14.289458+00,May,false,,
6a148d64-4b4c-4a24-93e8-d3a11dce558b,Tb2wFW54lfQi9j4z706Hyg_240_box0.jpg,BANGOR,National,Pole-mounted (in ground),Union Jack,5,2025-08-14 11:15:26.058928+00,Pat,false,,
6a230928-f82a-4bd3-96d7-f5f20d9ad40e,yOx3GfTKKrDeiHSOck9Xbw_120_box0.jpg,BELFAST_CITY,National,Building-mounted,Union Jack,5,2025-08-12 15:18:09.012363+00,Pat,false,,
6aa9ae01-db1c-4d6c-b5b3-e6fc9e573d72,b8ZJUWeCBrIELXnsCuIY2A_000_box0.jpg,BELFAST_CITY,National,Building-mounted,Union Jack,5,2025-08-12 15:21:57.149589+00,Pat,false,,
6ac7d008-6cc0-4df4-8eb0-e71250e7ea21,0bqsOI6JXUD0dpaqCTA17w_000_box0.jpg,BELFAST_CITY,National,Lamppost-mounted,Ulster Banner,5,2025-08-28 19:43:44.95437+00,May,false,,
6acf7a22-733a-4ddb-a33f-8c4695c5e4fc,l95yFd_WyyJvYb5i17yytQ_060_box0.jpg,BELFAST_CITY,National,Lamppost-mounted,Irish Tricolor,5,2025-08-22 22:09:59.028463+00,May,false,,
6ad4e86c-3ba0-41f4-b1cf-44f3284c6583,E7wiDSCL3awx2Pyfc4hZ2A_120_box0.jpg,BELFAST_CITY,Review,,,,2025-08-14 11:12:53.701444+00,Pat,true,Complex case,
6ad947df-4866-4b01-bfdb-1e7e8163011c,KrZzhBB7AGjnorOAdLnFDQ_180_box0.jpg,BELFAST_CITY,National,Lamppost-mounted,Ulster Banner,5,2025-08-22 22:28:42.095576+00,May,false,,
6aebc3de-bd1c-4499-8b3b-c2cb887ce49f,mQplzEUyVjAEcsDyARp1mg_060_box0.jpg,ENNISKILLEN,National,Lamppost-mounted,Ulster Banner,5,2025-08-28 20:26:22.483736+00,May,false,,
6b0cc414-d894-4f39-b021-3db8fb684a2a,HBGzUqcfXivgTUUz34wg1Q_060_box0.jpg,LISBURN_CITY,National,Lamppost-mounted,Union Jack,5,2025-08-14 13:42:38.381283+00,Pat,false,,
6b17765b-38cd-4866-85f1-ebef74ad632c,iLJKNME1ItbjVKHRmhac7g_240_box0.jpg,METROPOLITAN_NEWTOWNABBEY,National,Pole-mounted (in ground),Union Jack,5,2025-08-14 13:29:49.989357+00,Pat,false,,
6b7381f9-2d7f-45c2-8c0a-fa167ec5bee9,X26iZXdwizOg_GrWJag9hA_000_box0.jpg,COLERAINE,National,Building-mounted,Ulster Banner,5,2025-08-29 08:39:35.387143+00,May,false,,
6b8b6607-c9d1-4c2e-8ea0-578dc096edf4,qt8B85eMpX-AEVDMKNkExw_300_box0.jpg,CARRICKFERGUS,National,Lamppost-mounted,Union Jack,5,2025-08-14 12:45:52.086599+00,Pat,false,,
6bab5eb6-64e3-4f22-bb88-9e905ba0f463,E8to9s4wtpnEn3GGMFPw3g_120_box0.jpg,LISBURN_CITY,Review,,,,2025-08-28 20:01:20.246912+00,May,true,Unclear image,
6bb914f0-124c-4bcd-90f0-fbd22009778d,Nz1i6aegOgvIefZSyUEu0Q_120_box0.jpg,MOIRA,National,Lamppost-mounted,Union Jack,5,2025-08-29 08:35:30.742036+00,May,false,,
6bfd7701-7e04-4b37-8af6-d360d9d2e784,Ws1_N_pFbTbFs3-69mmPZw_120_box0.jpg,GREENISLAND,National,Lamppost-mounted,Union Jack,5,2025-08-28 20:14:26.260253+00,May,false,,
6c1e338d-5478-4590-8c52-97841fe49e03,yD8bqMnIH7kd31uAYuW62g_000_box0.jpg,CRAIGAVON,Review,,,,2025-08-14 13:38:40.392459+00,Pat,true,Complex case,
6c321731-ad9c-4ea6-a5a5-cd846b0a1f31,SU2FHMaIJWpYSRXJ3dNT8w_000_box0.jpg,BALLYMENA,National,Lamppost-mounted,Ulster Banner,5,2025-08-14 13:27:26.131927+00,Pat,false,,
6c3ac3cb-c3ea-4bf9-a61c-26fb6e037eab,k3dWSachG3trgcxLAf0QLg_000_box0.jpg,BANGOR,National,Building-mounted,Union Jack,5,2025-08-14 09:35:54.448491+00,Pat,false,,
6c563221-c2ed-43ab-932c-bd1754a4e9de,-4yrGYCzAKt4AHeIr2K03w_000_box0.jpg,COLERAINE,National,Building-mounted,Union Jack,5,2025-08-14 10:52:39.877801+00,Pat,false,,
6c8bd836-ca94-4e06-bf14-367c7a0fef7a,IQwCYQDnT0TJqtd0hbnLyA_240_box0.jpg,ANTRIM,National,Lamppost-mounted,Union Jack,5,2025-08-29 08:45:13.320837+00,May,false,,
6ca80ffe-468c-4920-a44d-d3aa99219441,b9n7EN3je38mtR93ZC3yqA_300_box0.jpg,METROPOLITAN_NEWTOWNABBEY,Review,,,,2025-08-12 15:52:47.511254+00,Pat,true,Complex case,
6ca96e85-c2d5-4294-95c8-4c52e1430362,H_srYMFtfd_mVFATN3cYHA_240_box0.jpg,DERRY_CITY,National,Lamppost-mounted,Irish Tricolor,5,2025-08-14 13:18:46.850827+00,Pat,false,,
6ca9c378-2645-40dc-8fab-7cd13da68094,uO8j-nWgJjCEWqpYBqmI7A_240_box0.jpg,DUNGANNON,National,Pole-mounted (in ground),Irish Tricolor,5,2025-08-29 08:32:02.465064+00,May,false,,
6ce667a3-11d1-40cf-9203-5e78f87a5ab1,hIzlMFAq_LLpAnfBlwG5Mg_240_box0.jpg,METROPOLITAN_NEWTOWNABBEY,National,Lamppost-mounted,Union Jack,5,2025-08-14 13:12:28.696517+00,Pat,false,,
6ceaaac9-2e0f-4c9e-b181-ff51a75d89c4,pw2XABM7nS2VPO7F5nR0aA_180_box0.jpg,DUNGANNON,National,Building-mounted,Union Jack,5,2025-08-17 18:23:05.473645+00,May,false,,
6cfb0c1c-3e49-4bcb-b4fe-7612423ae216,rt4k_lFul5Wb1KfOKYuXKg_180_box0.jpg,METROPOLITAN_NEWTOWNABBEY,National,Building-mounted,Union Jack,5,2025-08-17 16:45:46.137254+00,May,false,,
6d110e13-3fd7-4ceb-a5f9-ed95bcc802e8,I2_I_5W6dmipPysWColcTw_120_box0.jpg,LISBURN_CITY,National,Building-mounted,Union Jack,5,2025-08-28 20:27:02.09978+00,May,false,,
6d48cd68-67f9-45e4-a79f-1b799ca608b0,PPvNm1SSRpAu_nqoZZtTqQ_180_box0.jpg,BELFAST_CITY,Review,,,,2025-08-29 08:16:48.843678+00,May,true,Not a flag,
6d61f48a-a941-4a31-b7f4-da20a3e875d4,Iw1YlPXDNDvFDWWoyb7HDQ_180_box0.jpg,LISBURN_CITY,National,Lamppost-mounted,Union Jack,5,2025-08-29 08:49:45.739051+00,May,false,,
6d72f143-1f91-40d7-a413-6bd9a22a9d5f,vTCUbbojeey38xPIYmWADQ_300_box0.jpg,DONAGHADEE,National,Pole-mounted (in ground),Union Jack,5,2025-08-17 17:02:37.692092+00,May,false,,
6d93eba3-c4db-4810-8ffb-e3c01a44a10c,j-hwcplwMhJeznzKit15iQ_060_box0.jpg,DUNGANNON,National,Pole-mounted (in ground),Ulster Banner,5,2025-08-14 11:11:27.16006+00,Pat,false,,
6dcdaba5-0e5b-402b-817b-ec2df7fd9142,bEQnTBnkhPoWZN81reGALQ_120_box0.jpg,NEWTOWNARDS,National,Lamppost-mounted,Union Jack,5,2025-08-28 20:43:22.37418+00,May,false,,
6de7b255-37e9-4f39-b056-9ef59a023ff9,_vrMHnkJlFVYdkTUUmtj1A_000_box0.jpg,METROPOLITAN_NEWTOWNABBEY,National,Pole-mounted (in ground),Union Jack,5,2025-08-12 15:27:07.612041+00,Pat,false,,
6e074960-e8ef-426c-84bf-9aee82203bdd,XX6R2Nz8sI_rxQ1h1-FWjQ_180_box0.jpg,BELFAST_CITY,International,Lamppost-mounted,European Union,5,2025-08-29 08:50:43.892961+00,May,false,,
6e46ffda-15af-432c-b167-fd0c3d1e3177,HlEMQY2Al2V4-GT5ncb8zQ_060_box0.jpg,CRAIGAVON,National,Building-mounted,Union Jack,5,2025-08-14 13:31:46.974093+00,Pat,false,,
6e4d6343-97dc-4c06-bd21-9659729c53c6,z0RRCbrJzWOEA_c5aHuvPQ_000_box0.jpg,METROPOLITAN_NEWTOWNABBEY,National,Lamppost-mounted,Union Jack,5,2025-08-28 20:52:20.237026+00,May,false,,
6e5283e7-d5a0-4c3b-8f4a-d8309d38efd9,8pUuSkZyuf1fqfD24wNX4g_300_box0.jpg,CRAIGAVON,National,Lamppost-mounted,Ulster Banner,5,2025-08-28 20:33:28.684009+00,May,false,,
6e5c3c4d-166d-4cf0-a4c8-3f2097810cf8,YJt3mPh9KKpc10X7DL9ekg_120_box0.jpg,BELFAST_CITY,National,Lamppost-mounted,Union Jack,5,2025-08-12 15:55:23.437931+00,Pat,false,,
6e5dda54-9666-4995-8670-8fb3df0b2c7b,nRJJhD4L2WxZh8RifrXqXg_000_box0.jpg,METROPOLITAN_LISBURN,National,Lamppost-mounted,Union Jack,5,2025-08-14 09:27:26.392252+00,Pat,false,,
6e6d250e-4cd5-422d-ba88-2dbd13939de8,CuQOBpKtbNeuRMGZaa-e7w_180_box0.jpg,LISBURN_CITY,National,Lamppost-mounted,Ulster Banner,5,2025-08-22 22:28:33.99447+00,May,false,,
6e9ae335-c088-42df-905d-53cb1ccd2f77,CzVOX-Y6ahlBRFTsKr8FRw_000_box0.jpg,CRAIGAVON,National,Lamppost-mounted,Union Jack,5,2025-08-14 13:56:53.500981+00,Pat,false,,
6ea795e9-107a-47f5-8370-31869b21d4df,tjdV2SMICT4nx7AEmnr99w_000_box0.jpg,METROPOLITAN_NEWTOWNABBEY,National,Lamppost-mounted,Union Jack,5,2025-08-13 22:12:09.799753+00,May,false,,
6ed61403-b10f-4717-9891-6534ff130493,zwdzIX8SjW6D27TumrxqeQ_180_box0.jpg,MOIRA,National,Lamppost-mounted,Ulster Banner,5,2025-08-14 12:42:31.368955+00,Pat,false,,
6eec2664-7f5b-4bcd-b200-63afe6630b7e,UTM4JvORMOKkJ8-sv0ew9g_240_box0.jpg,BELFAST_CITY,National,Lamppost-mounted,Ulster Banner,5,2025-08-17 16:22:02.828967+00,May,false,,
6f254bcd-64e8-491b-946a-b77a91c32e08,wIDNrME_BoFf6-4ajRYjOQ_180_box0.jpg,BELFAST_CITY,National,Lamppost-mounted,Ulster Banner,5,2025-08-29 08:51:29.893889+00,May,false,,
6f85b81c-889c-45fa-a84e-5332bc20c11e,YTSXIxEsIo-dRM_49qo0Kw_300_box0.jpg,LISBURN_CITY,National,Lamppost-mounted,Union Jack,5,2025-08-14 09:36:50.866432+00,Pat,false,,
6fb88cf2-28ed-4f29-805f-7a0623c4722e,Q7Uwy9HFMQNkV3x5eVhTJQ_240_box0.jpg,LISBURN_CITY,National,Lamppost-mounted,Ulster Banner,5,2025-08-22 22:28:02.564552+00,May,false,,
6fd1e98e-96a5-4f44-bac5-82d17cfd96a2,2_n2uEcXAkpcZxQOL8Kl8g_240_box0.jpg,DONAGHADEE,National,Building-mounted,Union Jack,5,2025-08-14 13:00:50.431103+00,Pat,false,,
6fe9df4a-d3ab-4fa6-9828-05a4828ead0b,9JQ1tR5M_1uBXC2QWMTVHg_060_box0.jpg,CRAIGAVON,National,Lamppost-mounted,Union Jack,5,2025-08-17 14:38:20.852745+00,May,false,,
6ff2eb04-cd38-4108-a468-df104abd1c5d,Fr-Ql_PziuF6zAQuiM5muw_300_box0.jpg,CRAIGAVON,National,Lamppost-mounted,Union Jack,5,2025-08-17 15:51:47.236095+00,May,false,,
7051c6c3-24f5-4af9-b902-1ecd247b53c1,MMeYpRUOuw3lTUpnVjoOgg_060_box0.jpg,NEWTOWNARDS,National,Lamppost-mounted,Union Jack,5,2025-08-13 22:16:02.998843+00,May,false,,
7073a5de-c0e7-4d3d-96cb-9f61c5aa4c91,gvBB71ATpnQW06R2FS5SIg_300_box0.jpg,BANGOR,National,Building-mounted,Ulster Banner,5,2025-08-13 16:36:40.435842+00,Pat,false,,
708d9021-0884-4dd8-9d00-a51a5bf94b16,GBnB5k-9VAD7twJtsotCFQ_180_box0.jpg,LISBURN_CITY,National,Building-mounted,Ulster Banner,5,2025-08-14 10:18:53.529044+00,Pat,false,,
709bce51-1eb2-4dfc-991a-046db04777d3,hxMxQ0QxzVt86PZZXqUuZg_120_box0.jpg,METROPOLITAN_LISBURN,National,Lamppost-mounted,Union Jack,5,2025-08-13 22:36:23.369776+00,May,false,,
70a0fd0b-5603-4ab8-8e02-a062f0142aa5,wZNsT8amMGIaRT11scVx3A_300_box0.jpg,BALLYCLARE,National,Building-mounted,Union Jack,5,2025-08-29 08:24:56.629059+00,May,false,,
70ab8bdb-7d12-4ff6-a3f5-b22c06c510e1,PsqeRMbHuwwreantfGSt5A_240_box0.jpg,ARMAGH,National,Lamppost-mounted,Union Jack,5,2025-08-13 22:55:13.447482+00,May,false,,
70b20263-fd50-4752-b61f-046473ab7944,i9gVdC7GVij8HijFM4uKGg_060_box0.jpg,BELFAST_CITY,Review,,,,2025-08-14 12:32:48.55898+00,Pat,true,Complex case,
70c12a17-95cc-401a-8fdb-c065ceea8b0e,h-5fPAVh-KRQVIPOLg1Xhg_300_box0.jpg,BELFAST_CITY,National,Building-mounted,Ulster Banner,5,2025-08-14 11:08:29.549631+00,Pat,false,,
70d8c413-4f21-4996-8570-c8b884555dba,v4MdPKXEeOVZYS070g0dwQ_120_box0.jpg,BELFAST_CITY,National,Lamppost-mounted,Union Jack,5,2025-08-13 22:55:47.188168+00,May,false,,
70ff5332-f48f-490b-873c-aa0b34a0de79,Qw8E5tk0i8QyuaybQwmjXQ_060_box0.jpg,DERRY_CITY,National,Lamppost-mounted,Union Jack,5,2025-08-14 09:30:46.798623+00,Pat,false,,
71092e89-80d4-40e5-8c65-c3ae5868d8b7,UX5olA1LmJSdMor95O8IRw_300_box0.jpg,COLERAINE,Military,Building-mounted,Historical Units,5,2025-08-28 20:23:28.015274+00,May,false,,
711d5669-c683-4aa8-a4cc-08b9c6397e87,SHBQ6D_i1PWVqYP8tO1W2A_000_box0.jpg,LISBURN_CITY,National,Building-mounted,Union Jack,5,2025-08-14 13:46:07.487504+00,May,false,,
711e0b81-317f-4db0-8ae6-c099d4a9d49e,YpNcZ2EnsepNvuYSoLBD0w_240_box0.jpg,BALLYCLARE,Review,,,,2025-08-12 16:09:40.366802+00,Pat,true,Complex case,
7139ed69-a1e5-4ace-943d-e44058a5328b,xpr2Z0wMUEIXK3cUiSCnPg_000_box0.jpg,BELFAST_CITY,National,Building-mounted,Union Jack,5,2025-08-12 15:43:33.974475+00,Pat,false,,
716273f5-6600-48d6-aa0f-5b2fb4fcdeee,Kgx_MG51jzttzgATzpPjuw_300_box0.jpg,BELFAST_CITY,National,Lamppost-mounted,Ulster Banner,5,2025-08-28 19:42:48.894572+00,May,false,,
716c62cc-d316-4f56-8360-1f0b5c3d35f8,KnqNZt7_eN27u65QTrmmuA_300_box0.jpg,DROMORE_BANBRIDGE,National,Building-mounted,Union Jack,5,2025-08-13 22:49:24.700383+00,May,false,,
7171eb9d-3593-4bfd-97ee-25d170d5f4b7,kAua2hP5vj4HFf4m-ry5Ww_000_box0.jpg,BELFAST_CITY,National,Building-mounted,Ulster Banner,5,2025-08-14 12:20:45.784501+00,Pat,false,,
7175e825-1597-42ff-a19b-054e9cff019a,FZ9CWBivjeUXwZjDS_EkLg_180_box0.jpg,BELFAST_CITY,Review,,,,2025-08-14 13:15:04.329305+00,Pat,true,Complex case,
7199d47d-5c9a-486a-8399-410346b43b59,-mbA_yV9jyl-fBf9AHiIOg_180_box0.jpg,METROPOLITAN_NEWTOWNABBEY,National,Lamppost-mounted,Union Jack,5,2025-08-13 09:09:07.337422+00,Pat,false,,
719a2587-d067-4dfe-b4c3-c0af0e6e1bc9,RDwUbDfiUwBj2U4Jawpa3A_060_box0.jpg,BELFAST_CITY,National,Building-mounted,Union Jack,5,2025-08-17 18:22:07.703742+00,May,false,,
719a2f63-2779-47a0-9286-7abf189b648c,KuVwnfie2J70UaHaZCrpNg_300_box0.jpg,CRAIGAVON,National,Lamppost-mounted,Union Jack,5,2025-08-28 20:37:56.187004+00,May,false,,
719dd770-0404-40a5-b376-238f74ea70ac,HMzi1t0_4gfltzxqMssuQg_120_box0.jpg,COOKSTOWN,National,Pole-mounted (in ground),Union Jack,5,2025-08-11 17:45:40.858744+00,Pat,false,,
71b59474-73c7-40d8-b418-38505605681f,_UXwNu3O0lmX3ZuduO7ssw_180_box0.jpg,BELFAST_CITY,National,Lamppost-mounted,Union Jack,5,2025-08-14 13:59:04.951751+00,Pat,false,,
71cd1b3b-e20e-4bf1-b79d-d1ea7a04075a,TuEHg0bO28Qpe56TqkBVbw_180_box0.jpg,COOKSTOWN,Sport,Building-mounted,Local Club,5,2025-08-17 18:46:29.783046+00,May,false,,
71d80a5d-4801-45a5-96d1-3a74aa6f6e81,XjgWp8WFjQAkJYovO19NDA_120_box0.jpg,CRAIGAVON,National,Building-mounted,Ulster Banner,5,2025-08-17 17:08:03.093328+00,May,false,,
71dbf583-af4c-442b-894f-4a8e1ede31db,Zf20GlT7Idixix747_K2kA_180_box0.jpg,METROPOLITAN_LISBURN,National,Building-mounted,Union Jack,5,2025-08-12 16:09:58.685804+00,Pat,false,,
7212b126-1cb3-4da2-9fc7-5cbd0d04ebbd,efCo8eZYHLAYv-3SUoHAXw_000_box0.jpg,BELFAST_CITY,National,Lamppost-mounted,Ulster Banner,5,2025-08-12 16:10:07.858108+00,Pat,false,,
7222dac9-1452-4a79-a1cf-a2b28508a8dc,LolGr6dQrq70lhjJ9hmHcg_000_box0.jpg,BELFAST_CITY,National,Building-mounted,Scottish Saltire,5,2025-08-13 09:09:00.167113+00,Pat,false,,
727a675e-6a05-4135-924a-b2da53a0d4c6,ODkg_9hXo5_HUAOR4qPMug_180_box0.jpg,CARRICKFERGUS,National,Building-mounted,Ulster Banner,5,2025-08-14 10:13:26.209253+00,Pat,false,,
7286d2b0-ded8-4ff9-b3da-b388ba7f4a07,8F9dpRCwjJouvqGfa9sigQ_120_box0.jpg,CRAIGAVON,National,Lamppost-mounted,Union Jack,5,2025-08-14 13:56:58.172017+00,Pat,false,,
728c2db9-472d-4a3b-b0af-1e0477a1528e,Vlm4emKNS2hxtVYoJGorfQ_060_box0.jpg,LARNE,National,Building-mounted,Union Jack,5,2025-08-15 20:51:22.717644+00,May,false,,
72f28e32-9083-4cbc-9e59-39e04fe54024,Ff9cNbmlX37W5RtH3zIfRQ_120_box0.jpg,CARRICKFERGUS,National,Building-mounted,Union Jack,5,2025-08-11 18:26:44.954862+00,Pat,false,,
7323d3f2-07d5-43a6-81a4-b5a8312b1ac4,qfuiUbiwTDv2q0w63-rSLg_060_box0.jpg,METROPOLITAN_LISBURN,National,Lamppost-mounted,Ulster Banner,5,2025-08-14 11:16:19.642384+00,Pat,false,,
732ec241-a6c9-469b-a94d-7dd6a56ab122,R5FrRUcxwr7YG5WJ9IvZLA_300_box0.jpg,LISBURN_CITY,National,Lamppost-mounted,Union Jack,5,2025-08-14 13:11:14.366074+00,Pat,false,,
733dabda-4d90-44dd-bdd7-73545ad451ac,TO86VRc4ErQMh5P8pHmXaQ_120_box0.jpg,METROPOLITAN_NEWTOWNABBEY,Sport,Lamppost-mounted,Supporters Club,5,2025-08-28 20:13:24.004436+00,May,false,,
738ba08f-af9d-46e8-8cba-45c3c8a1d0c4,CnOn_C5_nX9JutmAOy0bPg_240_box0.jpg,BALLYCLARE,National,Building-mounted,Union Jack,5,2025-08-17 17:07:38.962459+00,May,false,,
73cdcbe3-8f00-45a3-89ad-241eadd16323,elyu-2AW9z2OpkA2rz7-Vw_240_box0.jpg,DERRY_CITY,National,Lamppost-mounted,Union Jack,5,2025-08-28 19:53:12.082025+00,May,false,,
73fbd8de-c626-4b57-b145-0ea3a92f210e,lqxqrvUKTW4FlwG5FqErQQ_000_box0.jpg,DUNGANNON,National,Pole-mounted (in ground),Union Jack,5,2025-08-28 20:43:54.022175+00,May,false,,
74095b8a-a453-45d1-b6ef-e212c2d537d1,RZGbye5VcoYFmIefsJVpGA_120_box0.jpg,BALLYMENA,National,Lamppost-mounted,Union Jack,5,2025-08-17 15:48:52.727254+00,May,false,,
740eee1c-eeea-403d-9737-9e7ef6cd8e38,9ti8UPEwYPVr5gjMGfQW4Q_060_box0.jpg,BELFAST_CITY,National,Lamppost-mounted,Ulster Banner,5,2025-08-12 16:12:57.644106+00,Pat,false,,
74109919-586b-4241-91ea-6256cfdf99b3,g7nHOw0Rq-71lnhGmNzktQ_240_box0.jpg,BELFAST_CITY,National,Lamppost-mounted,Union Jack,5,2025-08-14 10:52:31.593866+00,Pat,false,,
741790d3-3095-4090-bd34-03f52ee9c09d,KCpxW7X-IbiOmHHV95cn9A_300_box0.jpg,BELFAST_CITY,Review,,,,2025-08-13 09:05:41.697312+00,Pat,true,Complex case,
7448052e-3056-42b0-8df5-9e01111e8ecb,Gl0aq_rUmMFtbNdSYjiOcQ_240_box0.jpg,BELFAST_CITY,National,Lamppost-mounted,Union Jack,5,2025-08-13 22:28:22.488215+00,May,false,,
74b8dd4d-e10f-4a53-a0ca-45fe4df8cfde,gJ3DHoMXLkXn7idY0PAC4Q_240_box0.jpg,BELFAST_CITY,National,Lamppost-mounted,Union Jack,5,2025-08-14 10:52:04.246615+00,Pat,false,,
74c21987-2831-40b9-9b54-b784d98e9c03,qvZOXzColiM75LqnbbO4Fg_240_box0.jpg,CRAIGAVON,National,Building-mounted,Union Jack,5,2025-08-14 13:02:11.925322+00,Pat,false,,
74cc526a-699a-4685-a12e-07442850d08f,2Fh8Q0zU7NTfNW4v2NiRbQ_060_box0.jpg,LISBURN_CITY,National,Lamppost-mounted,Ulster Banner,5,2025-08-29 08:49:50.198969+00,May,false,,
74de08fc-cc00-4679-916a-794509f06ee5,3UhGLB4n36pJjlaPnMc8Kg_060_box0.jpg,BELFAST_CITY,National,Building-mounted,Union Jack,5,2025-08-13 22:13:09.740383+00,May,false,,
74ee143e-e68a-456e-944a-20b66299463e,XJ89tUiQPg_0Mcf_8YpmTQ_300_box0.jpg,LARNE,National,Building-mounted,Union Jack,5,2025-08-22 22:03:38.005758+00,May,false,,
74f79ff4-c46d-40b9-a164-8e2c0769c44b,9Y0v46eHdRKGhocQs_bKNQ_180_box0.jpg,CRAIGAVON,National,Building-mounted,Union Jack,5,2025-08-14 14:04:09.051065+00,Pat,false,,
74fe0992-8526-4a34-b0fe-f54537321686,tTu635R2JyZYvyBmfpFKzg_240_box0.jpg,BELFAST_CITY,National,Building-mounted,Union Jack,5,2025-08-17 14:23:12.921017+00,May,false,,
7507c03f-7e8c-427d-9005-20f0976de370,2J8ywFJLyte0E9nHn07-mQ_180_box0.jpg,METROPOLITAN_NEWTOWNABBEY,National,Lamppost-mounted,Union Jack,5,2025-08-13 22:11:31.959576+00,May,false,,
750eb8d8-577b-4dea-be8e-5ef21ab456c5,iAACt8744vVMHj7Q-oSq7Q_240_box0.jpg,BELFAST_CITY,National,Building-mounted,Ulster Banner,5,2025-08-14 12:58:54.06244+00,Pat,false,,
754e7199-2912-46ed-8c19-85ece6a5c28f,aTLMer3RL0crVQGN5OZl1w_120_box0.jpg,BELFAST_CITY,National,Lamppost-mounted,Union Jack,5,2025-08-12 15:45:58.385007+00,Pat,false,,
7550b3ed-dcba-4d96-ace2-43f90f7651e0,Z4ifmAC0bLLdZ5f4BUzsgQ_240_box0.jpg,BELFAST_CITY,National,Pole-mounted (in ground),Union Jack,5,2025-08-13 09:04:59.687219+00,Pat,false,,
75625110-069b-4d20-b009-73af8d24c1c3,6Xbt7f80sLxX5lx4svG5LA_060_box0.jpg,BELFAST_CITY,National,Building-mounted,Union Jack,5,2025-08-12 15:45:30.684569+00,Pat,false,,
75b6528a-2b64-4c54-a860-06e9d5505c84,GSYsDXNhS-8vVy9cfA5fMw_300_box0.jpg,BELFAST_CITY,National,Lamppost-mounted,Union Jack,5,2025-08-13 08:39:44.237599+00,Pat,false,,
75f335bc-94e1-48c5-b4ce-641d11bf341a,tp6Lrg3H8PKJra9fbbQK4g_180_box0.jpg,GREENISLAND,National,Building-mounted,Union Jack,5,2025-08-11 18:12:44.880079+00,Pat,false,,
7613f1dc-54a6-4212-a4da-28d0bf7d2ef2,FiQ5dND7rpHc6hm415wVUQ_000_box0.jpg,BELFAST_CITY,National,Building-mounted,Union Jack,5,2025-08-11 18:09:15.887061+00,Pat,false,,
764b9504-f93a-4f71-a2f6-e12fb5011ce7,7aJCo4HEl_Sb6gbMqTX-sg_180_box0.jpg,BELFAST_CITY,National,Pole-mounted (in ground),Union Jack,5,2025-08-14 13:47:55.170289+00,Pat,false,,
766f0c57-b2c2-4818-9e86-69db88067483,u_JhFm2VZ2Q9WgfN68Vf6w_240_box0.jpg,BELFAST_CITY,Review,,,,2025-08-12 14:54:31.451925+00,Pat,true,Other,
76c77b14-60f0-4db8-9da6-d593cde8f8b9,Q7IUSk67GHjh4M54qzL-MQ_000_box0.jpg,BELFAST_CITY,National,Lamppost-mounted,Ulster Banner,5,2025-08-12 15:22:33.553977+00,Pat,false,,
76dadeb4-5327-4730-a1f1-2fa0510f8c9e,G8SuBqZIq6W7E9X7dXQSHQ_300_box0.jpg,BELFAST_CITY,National,Building-mounted,Union Jack,5,2025-08-13 09:06:48.421649+00,Pat,false,,
76dcd6ea-966f-41e6-83ad-1965a6d80989,e-9J11kSdfOh6jyqpdaEvg_000_box0.jpg,BELFAST_CITY,National,Building-mounted,Union Jack,5,2025-08-13 22:43:58.922678+00,May,false,,
76f2582b-5d6a-4368-983a-d25a01386726,3d7068Ziqm6VLOFwelnyTg_120_box0.jpg,METROPOLITAN_NEWTOWNABBEY,National,Lamppost-mounted,Union Jack,5,2025-08-28 20:16:02.984856+00,May,false,,
7707a080-2d19-4f8e-b221-15fd2285f001,ybxWBBKtvvQcf_rwyLXsEQ_300_box0.jpg,COOKSTOWN,National,Building-mounted,Union Jack,5,2025-08-11 18:17:00.867418+00,Pat,false,,
771c667a-d2ea-441a-a843-f005f89d9c8f,v1sUHFVAAfxlqoiJ01BmXA_240_box0.jpg,METROPOLITAN_CASTLEREAGH,National,Lamppost-mounted,Union Jack,5,2025-08-14 13:05:54.687503+00,Pat,false,,
77280eb1-323f-48d4-9e9a-3532ae225f64,7XzULfae5wg0hvswyNoysQ_180_box0.jpg,BELFAST_CITY,National,Lamppost-mounted,Ulster Banner,5,2025-08-22 22:08:47.894434+00,May,false,,
7733be3a-714c-49e8-9d04-3a10526a7055,I31fDTQdID3kI7pvIDuePg_240_box0.jpg,CRAIGAVON,National,Pole-mounted (in ground),Union Jack,5,2025-08-12 15:05:37.749576+00,Pat,false,,
7769d04c-116d-4c44-90a4-08132ce70fff,ESxiB9a8MUBz819cChjrrQ_180_box0.jpg,WARINGSTOWN,National,Building-mounted,Union Jack,5,2025-08-13 22:06:48.391069+00,May,false,,
7794a6a2-8659-4323-9fb0-9a02593c8497,rN-FXdXBsTeGY2etNGDTLQ_060_box0.jpg,LISBURN_CITY,National,Lamppost-mounted,Union Jack,5,2025-08-13 16:30:01.052236+00,Pat,false,,
77a970f1-36ed-41cb-ad32-bb2241015a74,f7bcwdf0UqnFC48Hj82T_w_000_box0.jpg,BELFAST_CITY,National,Lamppost-mounted,Union Jack,5,2025-08-13 08:52:51.155479+00,Pat,false,,
77b59145-3dcb-4e80-b5bd-780eeb2cd035,J2lgX_Kix4iGEhW5d5YjNQ_240_box0.jpg,BELFAST_CITY,Review,,,,2025-08-14 12:46:38.799944+00,Pat,true,Complex case,
77d3f48c-2ac0-4e1b-965f-9c4b33648dad,ICB7mrSgZWaL_mL0YTHRQw_180_box0.jpg,LARNE,Proscribed,Lamppost-mounted,Other Proscribed,5,2025-08-28 20:45:58.40137+00,May,false,,
77d44df9-8588-41c2-b9fd-ba523b8dc9ba,gKRrqJHKlgaxIQELyi5X3A_000_box0.jpg,BELFAST_CITY,National,Lamppost-mounted,Union Jack,5,2025-08-29 08:43:51.419576+00,May,false,,
77ec9a05-47aa-47cb-b3a6-4b91bbb52219,g-tTnND3T48Z_m_KU079JQ_240_box0.jpg,CARRICKFERGUS,National,Building-mounted,Union Jack,5,2025-08-17 16:49:44.77692+00,May,false,,
77f29599-b704-4a6d-8e15-776717d70adb,_5VkCvq9uazVNjRG9TE2Xw_300_box0.jpg,BELFAST_CITY,National,Building-mounted,Ulster Banner,5,2025-08-28 19:49:57.043809+00,May,false,,
77f48e5e-f84a-4448-8e4c-2c310ee1e2a7,wUY-SOmpjOMHhpSQ7-i_Cg_240_box0.jpg,ARMAGH,National,Building-mounted,Union Jack,5,2025-08-29 08:46:20.071335+00,May,false,,
7801d878-1ba5-411e-b38b-4eb8e7fddb60,sfCWKLpfBSKpOvLm1NCeSw_240_box0.jpg,BALLYMONEY,National,Lamppost-mounted,Ulster Banner,5,2025-08-15 00:32:19.54877+00,May,false,,
781b8c2e-5955-49b9-bbc1-98ea6216287e,vBHHY1-v6Pons39CCve5mg_180_box0.jpg,METROPOLITAN_NEWTOWNABBEY,National,Lamppost-mounted,Union Jack,5,2025-08-14 13:51:42.342289+00,Pat,false,,
78214d4c-ee86-48ba-959d-829676d4c53d,Idr7EAdyRboPNIVehrAVhw_180_box0.jpg,BELFAST_CITY,National,Lamppost-mounted,Union Jack,5,2025-08-14 10:20:22.992808+00,Pat,false,,
7835f882-2474-421c-9690-1531d9203931,Kz5Vz18UMrBg14OrO_U_hg_120_box0.jpg,GREENISLAND,National,Building-mounted,Union Jack,5,2025-08-17 16:56:58.63+00,May,false,,
7839ce6d-ada6-4a3f-b987-eab323e40e1f,tB3DGJRTh2yMib6ws5FAjQ_120_box0.jpg,BELFAST_CITY,National,Lamppost-mounted,Union Jack,5,2025-08-13 16:29:47.103105+00,Pat,false,,
783bcd25-9af4-44e9-8f28-d1ac905fde0f,Fns9fY5oeoHKlE5pT6EBSA_120_box0.jpg,CRAIGAVON,Review,,,,2025-08-22 22:08:52.779966+00,May,true,Unclear image,
7857b3f8-1155-4db3-8966-c7654a16a4e9,Ky4QanO4jRBT4psQ7kShGQ_060_box0.jpg,COLERAINE,National,Building-mounted,Union Jack,5,2025-08-15 00:50:11.40124+00,May,false,,
78bedd9a-5cad-4946-a49d-0ffb50fa225a,QdFrYgIzUJYwPUQyIlGBRg_240_box0.jpg,COLERAINE,National,Pole-mounted (in ground),Union Jack,5,2025-08-14 12:46:47.055281+00,Pat,false,,
78cad6e3-6770-44d9-99d6-bea1b6b5169e,jhSKC_QPCKMpduI14x0YgA_060_box0.jpg,ANTRIM,Proscribed,Lamppost-mounted,UVF,5,2025-08-17 15:50:45.075251+00,May,false,,
78e6f5d1-e816-45d0-975e-a0d9dffb3211,SYhYHSE5UusjuIs4hOCjhQ_000_box0.jpg,METROPOLITAN_CASTLEREAGH,National,Lamppost-mounted,Union Jack,5,2025-08-14 10:31:52.287067+00,Pat,false,,
79086423-5df5-45cd-ade7-44681a911d4d,qFN1UnMZThqOj59Ltb18OQ_300_box0.jpg,BELFAST_CITY,National,Lamppost-mounted,Union Jack,5,2025-08-11 18:23:22.38716+00,Pat,false,,
7917df98-3bdc-4250-b87c-a547bf5efcbd,M1k_72RFtxrDourJ-0bZLQ_000_box0.jpg,BELFAST_CITY,National,Lamppost-mounted,Union Jack,5,2025-08-13 22:13:31.160363+00,May,false,,
7965b9b3-d564-4b1c-ad2a-1c67bf9116a1,IrwEGyhw1owclbPA_NuN-w_240_box0.jpg,BELFAST_CITY,National,Building-mounted,Ulster Banner,5,2025-08-17 16:57:41.117879+00,May,false,,
797af5b1-96d2-4532-b311-f8c22a3d75da,8pUuSkZyuf1fqfD24wNX4g_120_box0.jpg,CRAIGAVON,National,Lamppost-mounted,Union Jack,5,2025-08-14 09:36:54.650649+00,Pat,false,,
798557a1-3d7a-4056-a57e-97093c4d827d,X7E-hkcpjQfJCk8Y8Z441w_180_box0.jpg,BELFAST_CITY,National,Lamppost-mounted,Union Jack,5,2025-08-13 22:27:12.881249+00,May,false,,
79c66c77-003f-4b4b-8584-082dba602ec9,W-I0RdbVcyiYnJen84YZRw_240_box0.jpg,METROPOLITAN_NEWTOWNABBEY,National,Lamppost-mounted,Union Jack,5,2025-08-28 20:09:58.930071+00,May,false,,
79ce3486-dd50-4cc2-9198-8fa998833476,6qKlPnmu5pB9QheJTpVgrg_240_box0.jpg,ANTRIM,National,Lamppost-mounted,Union Jack,5,2025-08-28 19:50:17.397931+00,May,false,,
79d6dbba-c329-4290-9ca2-ea230b9b08a7,4YoVs8YBHntY8MgUMkTf9g_000_box0.jpg,METROPOLITAN_NEWTOWNABBEY,National,Building-mounted,Union Jack,5,2025-08-13 08:25:16.643301+00,Pat,false,,
79d8e45b-b110-4f40-9f44-b003a62d866b,kkvvYNk7fUQtrzGItVSg4A_060_box0.jpg,METROPOLITAN_NEWTOWNABBEY,Proscribed,Lamppost-mounted,UDA,2,2025-08-14 09:50:50.966168+00,Pat,false,,
79ec2393-7e68-4061-be41-675843a8f781,yq4qrIzq7EWrBEHqxdecJA_180_box0.jpg,CRAIGAVON,National,Building-mounted,Union Jack,5,2025-08-14 09:45:11.237126+00,Pat,false,,
79f77b71-e8ea-43b1-87f9-f7e40f6869bd,Ub3wKeLUxBOO5m9lTZ7yog_060_box0.jpg,CRAIGAVON,National,Building-mounted,Union Jack,5,2025-08-14 12:42:12.174723+00,Pat,false,,
7a07911e-4ffd-48af-8cab-04009512ef9d,BKCUQKNTkuHhJnPgOodiBw_180_box0.jpg,OMAGH_TOWN,National,Lamppost-mounted,Union Jack,5,2025-08-29 08:45:51.981975+00,May,false,,
7a2b1c29-a363-44b4-a569-3bc0dfd8e63d,8UsZt4AuJ68gx8G63c7jhQ_120_box0.jpg,CARRICKFERGUS,National,Lamppost-mounted,Ulster Banner,5,2025-08-17 16:49:24.422192+00,May,false,,
7a304316-af9a-4854-8c02-cf0ed508efc5,IIgLdxPys2-OVMJbwdjSiA_240_box0.jpg,CARRICKFERGUS,National,Building-mounted,Union Jack,5,2025-08-13 08:37:24.699602+00,Pat,false,,
7a43aa81-46c4-472a-9bd5-16343f42aeb0,aTMgapw21Y3Q3Uzyi3Cdiw_060_box0.jpg,BELFAST_CITY,Review,,,,2025-08-14 10:18:39.731203+00,Pat,true,Unclear image,
7a4c14c6-72b9-4970-8e27-857317615868,cqWmjPFoV7aVnDzp3UHC-A_120_box0.jpg,METROPOLITAN_CASTLEREAGH,National,Pole-mounted (in ground),Union Jack,5,2025-08-11 18:22:46.610044+00,Pat,false,,
7a874da6-912a-4917-b204-afedff2d77d6,iXTeSDR6hGTzs-wB4OcWXQ_000_box0.jpg,CRAIGAVON,National,Building-mounted,Union Jack,5,2025-08-28 19:59:22.623644+00,May,false,,
7aa110df-979e-4d93-8a31-d7879d26ac63,1BYvDQY2BoHVYLtgYe4-VA_300_box0.jpg,CARRICKFERGUS,National,Lamppost-mounted,Ulster Banner,5,2025-08-12 16:01:08.159832+00,Pat,false,,
7ab26fbe-b2c4-4053-9cf8-016ba6db5928,enp73mHU2bEg44klR0rwMQ_300_box0.jpg,METROPOLITAN_CASTLEREAGH,National,Pole-mounted (in ground),Union Jack,5,2025-08-14 11:12:18.32763+00,Pat,false,,
7ad745e9-2f0d-4911-aed3-74fcdc8c5703,iUbp7LSKCgstzrHw2G8p-A_240_box0.jpg,CARRICKFERGUS,National,Building-mounted,Union Jack,5,2025-08-17 15:36:02.71743+00,May,false,,
7af348e5-a93d-4f13-b1d6-a4ec96ab0469,YQKMCyiqBABAR1BrVmzMmA_000_box0.jpg,OMAGH_TOWN,National,Building-mounted,Ulster Banner,5,2025-08-28 20:01:14.002737+00,May,false,,
7b126c36-b436-4437-9997-3149dde581c2,dXUkBoXkTpzARi7yXZ9Vlw_300_box0.jpg,BELFAST_CITY,National,Building-mounted,Union Jack,5,2025-08-13 22:43:33.575173+00,May,false,,
7b1729f5-3fa3-42bc-8d2f-d7d0fe3d7a41,-Tc13uFm-cMkeleGvUsQFw_120_box0.jpg,BALLYMONEY,National,Pole-mounted (in ground),Union Jack,5,2025-08-22 22:06:05.085036+00,May,false,,
7b253f9e-0f61-484b-ae0c-06869438b734,u7ufOmXk4d--SWHRwnWVIQ_060_box0.jpg,BELFAST_CITY,National,Building-mounted,Union Jack,5,2025-08-12 16:00:42.102458+00,Pat,false,,
7b31395d-6767-470a-995a-639bafe43da3,8i_dUmcaWYerdy2g1KjwvQ_060_box0.jpg,ENNISKILLEN,National,Lamppost-mounted,Union Jack,5,2025-08-14 12:43:06.047485+00,Pat,false,,
7b3e54ba-afd6-4f49-833c-f96012abff45,d7m-S8EiGEWBZlvIJJENww_060_box0.jpg,ANTRIM,National,Lamppost-mounted,Union Jack,5,2025-08-29 08:52:40.346226+00,May,false,,
7b432ecd-09db-403d-8e48-f424db6dd457,641LB9-GVv6hfucou7oIFA_120_box0.jpg,ENNISKILLEN,National,Lamppost-mounted,Union Jack,5,2025-08-15 00:31:44.438384+00,May,false,,
7b7819ef-676e-4913-81da-ba51e58e29b5,t6KvGiXlIPT7moCK8h_zzg_180_box0.jpg,METROPOLITAN_CASTLEREAGH,National,Building-mounted,Union Jack,5,2025-08-13 22:40:17.368025+00,May,false,,
7b81f5c1-5698-4f58-b24f-30265677c2b8,WSEWu1ntzytoZNDNmui4NA_060_box0.jpg,METROPOLITAN_NEWTOWNABBEY,National,Lamppost-mounted,Union Jack,5,2025-08-13 22:17:01.109172+00,May,false,,
7b8d79d2-f73b-4408-82ff-c839948419ad,n22PT8gAup3jjCi6aOx2ew_060_box0.jpg,WHITEHEAD,National,Pole-mounted (in ground),Union Jack,5,2025-08-14 13:43:21.751062+00,Pat,false,,
7ba0e670-3e8f-4b2d-9fa4-08c51dc1be81,EQSj9ejfRWDjCIbeZG780A_180_box0.jpg,CARRICKFERGUS,National,Building-mounted,Ulster Banner,5,2025-08-13 08:42:20.454563+00,Pat,false,,
7bb8fd25-ebf0-4a8a-8e46-6bd649cb30b5,TrO8bKZbWUipVfaB_ZK5qQ_120_box0.jpg,BALLYMENA,Fraternal,Lamppost-mounted,Orange Order,5,2025-08-14 13:37:32.577648+00,Pat,false,,
7bc2f41a-da01-457b-ba0c-223b4d758414,G4uhzYCnabJUAVH6jnVq6A_180_box0.jpg,BELFAST_CITY,National,Lamppost-mounted,Ulster Banner,5,2025-08-28 20:38:54.609568+00,May,false,,
7bd4b0d4-0c00-4146-b8c9-aa3d86d7682b,T_IRit4mgB-owlHrs8aBNw_300_box0.jpg,LISBURN_CITY,National,Pole-mounted (in ground),Union Jack,5,2025-08-11 18:19:11.741139+00,Pat,false,,
7bfb6227-2c66-4905-98f6-92bf317d170a,E1cK7FdbsZwxRExRIjMNFg_060_box0.jpg,BELFAST_CITY,National,Lamppost-mounted,Union Jack,5,2025-08-14 12:34:05.075174+00,Pat,false,,
7bfd8d07-03df-40ab-8657-21c48a545c70,6tr2UA8sMr5iape7Y1n-sw_000_box0.jpg,BELFAST_CITY,National,Building-mounted,Union Jack,5,2025-08-14 10:07:14.780441+00,Pat,false,,
7c0f4ac2-dd0f-405b-bd18-f7b41b2820bb,kFwKyZQlXGdeW5MoBGFt4A_000_box0.jpg,METROPOLITAN_LISBURN,National,Lamppost-mounted,Union Jack,5,2025-08-13 22:42:48.294365+00,May,false,,
7c37ee0a-b24e-4661-a770-b4283a7d0d31,bN95HU88_Mf1iVNKPb13TA_180_box0.jpg,LISBURN_CITY,International,Pole-mounted (in ground),Other International,5,2025-08-22 22:14:45.087764+00,May,false,,
7c422f1c-816f-4277-b2b4-0f741015f451,kRYtnLCjupvN7nNs0BRzvw_120_box0.jpg,CARRICKFERGUS,National,Pole-mounted (in ground),Union Jack,5,2025-08-11 17:46:16.571258+00,Pat,false,,
7c6ea8eb-eff5-401a-a20d-3030a1ca67c7,fq2W_jfPm-bsOmOb5Vpbbg_180_box0.jpg,BELFAST_CITY,National,Building-mounted,Union Jack,5,2025-08-11 17:45:16.353782+00,Pat,false,,
7c7300a0-ee1e-49f8-8ba9-00ce5d0fff31,IoODIba-7P9fXrbhFUM8Xw_120_box0.jpg,METROPOLITAN_CASTLEREAGH,National,Lamppost-mounted,Union Jack,5,2025-08-13 08:43:26.740615+00,Pat,false,,
7c73e17a-7ea9-459c-bfaf-859f3c488f13,8JxVD1nCF8e00VT7JlfMIw_180_box0.jpg,LISBURN_CITY,National,Lamppost-mounted,Ulster Banner,5,2025-08-13 22:44:14.875014+00,May,false,,
7ca28d83-5d45-4220-9a9e-be8e0edbfbb0,6G5c4EdCAdyuiuGUCSVshA_060_box0.jpg,BELFAST_CITY,National,Lamppost-mounted,Union Jack,5,2025-08-15 20:52:33.469524+00,May,false,,
7cab438c-8692-4ed4-82de-30aee5aa8248,HGjH1CPIqLd2Ib9WVHsvmg_120_box0.jpg,BELFAST_CITY,National,Lamppost-mounted,Ulster Banner,5,2025-08-15 00:27:44.533114+00,May,false,,
7d3a2396-27ed-475b-84fa-17d46180b2b4,IhOnZdizpB0Y-nSfAYkKDg_120_box0.jpg,CRAIGAVON,National,Building-mounted,Union Jack,5,2025-08-13 09:06:22.030664+00,Pat,false,,
7d446c15-3999-4759-9d98-85af5335faee,rLL4M1yXXik91NrcpvGPnw_300_box0.jpg,BELFAST_CITY,National,Building-mounted,Union Jack,5,2025-08-12 15:47:15.275092+00,Pat,false,,
7d989dce-73de-4cac-94ed-9eb960b9b96f,H4r7pYBN7vCT1b2SLxu8LA_120_box0.jpg,BELFAST_CITY,National,Lamppost-mounted,Union Jack,5,2025-08-28 20:48:58.187265+00,May,false,,
7da8aad4-976b-4800-966e-8fe1c3a47c60,_yYSRfvX_WWLStkvkDgugA_240_box0.jpg,METROPOLITAN_NEWTOWNABBEY,National,Lamppost-mounted,Union Jack,5,2025-08-12 16:11:42.000439+00,Pat,false,,
7dab1dfc-fccf-44ec-a973-fd8d141a41c8,qcGWxBytk1kgk7lKrIGI7Q_180_box0.jpg,PORTSTEWART,National,Pole-mounted (in ground),Union Jack,5,2025-08-17 16:56:10.215965+00,May,false,,
7de24cca-3f82-4343-bbdc-7a4fa8544eb0,gRnczYpsbuxrvO94TM9y1Q_000_box0.jpg,METROPOLITAN_NEWTOWNABBEY,National,Building-mounted,Union Jack,5,2025-08-13 16:35:23.182265+00,Pat,false,,
7e0118d4-16f6-49ab-b7af-ae124292b9d7,CJ89aP1l3TdcWt12as8e0A_060_box0.jpg,BELFAST_CITY,National,Lamppost-mounted,Ulster Banner,5,2025-08-29 08:50:13.69891+00,May,false,,
7e67158f-63e1-455e-9c64-1fb2d2c60195,6at8Vcv9AMTYUk2U0hJbww_060_box0.jpg,ARMAGH,National,Lamppost-mounted,Union Jack,5,2025-08-14 10:50:36.063954+00,Pat,false,,
7e777e2b-f426-4c7c-aabf-04a8baa73e34,uBMd3j2A3hO8YaIR7r-htg_180_box0.jpg,LISBURN_CITY,National,Building-mounted,Union Jack,5,2025-08-12 16:20:02.493866+00,Pat,false,,
7e7e1e0d-f1d1-40d2-a4e8-d89164152696,oErtrxYC76lbkDmG23vqvA_240_box0.jpg,BELFAST_CITY,Review,,,,2025-08-13 16:35:54.063616+00,Pat,true,Complex case,
7e8676dc-b121-4d02-96f1-91bd2cd220bc,hH1juZT8VEdbKFr8kLfofQ_000_box0.jpg,METROPOLITAN_NEWTOWNABBEY,National,Pole-mounted (in ground),Union Jack,5,2025-08-11 18:12:37.432333+00,Pat,false,,
7ee5faa6-eea7-45cb-b660-f4ee7fdb4298,0idkI8zYv5qXXRFvKbO6OA_300_box0.jpg,METROPOLITAN_LISBURN,National,Building-mounted,Union Jack,5,2025-08-14 13:58:18.704038+00,Pat,false,,
7f6406f7-509a-48e5-9fc8-e3af5e612604,LRnFs8fX-ITNBqKPjDtxXA_120_box0.jpg,MAGHERAFELT,National,Lamppost-mounted,Union Jack,5,2025-08-28 19:44:23.983314+00,May,false,,
7f6d8d9d-0037-447d-9f89-09b8eec33b41,aff1LuzQp1ClLqOGzN19Hw_120_box0.jpg,METROPOLITAN_NEWTOWNABBEY,National,Lamppost-mounted,Union Jack,5,2025-08-13 08:43:57.208598+00,Pat,false,,
7fd2dbe6-f9bb-49d9-83a5-651bbec04710,NSmQ_e22pJz5KNC09Xclpg_060_box0.jpg,BELFAST_CITY,National,Lamppost-mounted,Ulster Banner,5,2025-08-28 20:05:59.739085+00,May,false,,
7ff49dd6-ed9e-4699-b04a-60b2a254e32d,YUV4eKnYDR7TbfgCnZSg8Q_000_box0.jpg,BELFAST_CITY,National,Pole-mounted (in ground),Ulster Banner,5,2025-08-13 08:33:24.477256+00,Pat,false,,
80023b46-9302-40dd-b5b8-4f1f053a131f,fq2W_jfPm-bsOmOb5Vpbbg_000_box0.jpg,BELFAST_CITY,National,Building-mounted,Union Jack,5,2025-08-11 18:06:53.195263+00,Pat,false,,
800793d4-df37-466e-91b1-85af443e6c85,22kKzxMo7AIXVjUh_BAaUQ_000_box0.jpg,CRAIGAVON,National,Lamppost-mounted,Union Jack,5,2025-08-12 15:24:48.335827+00,Pat,false,,
80554d72-b7a3-44b3-ab02-4f87192c5291,oCclPFYebbmvJje29lIfxQ_060_box0.jpg,BELFAST_CITY,National,Lamppost-mounted,Ulster Banner,5,2025-08-28 20:41:51.814306+00,May,false,,
808a471b-8a4f-4be5-a694-a85153ab6c00,Fj9wGNnxbw2wwX9_xo-obQ_300_box0.jpg,BELFAST_CITY,National,Lamppost-mounted,Union Jack,5,2025-08-14 11:04:59.805273+00,Pat,false,,
80b3266e-57c0-4924-908b-01fde3c86f35,KcZQWyYGMvCdP5rm2V_rNw_000_box0.jpg,LARNE,Review,,,,2025-08-28 20:36:57.458851+00,May,true,Unclear image,
8119ec68-1a66-4962-b331-2570777075ec,s6A_S2JLjmjjSkHxlG42FA_180_box0.jpg,BELFAST_CITY,National,Lamppost-mounted,Union Jack,5,2025-08-11 19:00:49.221042+00,Pat,false,,
811bbc47-4979-4092-8c41-87cbf1ec89fa,R6hFf2XrWfVwpVBycLROvA_000_box0.jpg,OMAGH_TOWN,National,Pole-mounted (in ground),Irish Tricolor,5,2025-08-14 14:06:02.721342+00,Pat,false,,
8137e917-d9c3-4381-bbfc-2e6438a1913e,4cxIlBnvLy9WNi42RJj4iQ_120_box0.jpg,HILLSBOROUGH_AND_CULCAVY,National,Lamppost-mounted,Ulster Banner,5,2025-08-13 22:45:00.826438+00,May,false,,
813d8349-e3d7-4e92-b3a9-f786d207b4ce,8cexVK0YIzs98HLwR8yNdQ_000_box0.jpg,ANTRIM,Review,,,,2025-08-14 14:13:45.089784+00,Pat,true,Not a flag,
815509a1-3cb0-4b0e-8087-6ad8bcec7cec,7aAWw-6nAYTzCB03bwiHDQ_300_box0.jpg,CRAIGAVON,National,Lamppost-mounted,Union Jack,5,2025-08-14 10:22:57.012561+00,Pat,false,,
81989b76-8a57-4642-b483-db2ea47631b9,ztx1Zg1nHzriX0h3RPGzrQ_000_box0.jpg,COLERAINE,Proscribed,Lamppost-mounted,UDA,5,2025-08-24 10:11:19.257819+00,May,false,,
8198aa71-04d8-4474-bae0-a2d03657aace,ktAT2kvtAHUyybEvcAhzkQ_180_box0.jpg,BELFAST_CITY,National,Lamppost-mounted,Union Jack,5,2025-08-14 12:48:55.625503+00,Pat,false,,
81a769dc-8627-4118-847a-76c096a6ca61,INlt_cowgNdIjE5UKkj4sQ_060_box0.jpg,BELFAST_CITY,National,Building-mounted,Union Jack,5,2025-08-13 16:23:01.525233+00,Pat,false,,
81b497d7-3800-4590-b0b5-30eedfe63847,tPbwdrAAGLGLDvJJ3_Ni0Q_240_box0.jpg,BELFAST_CITY,National,Lamppost-mounted,Ulster Banner,5,2025-08-13 22:28:57.857384+00,May,false,,
81e1af0c-ad5c-44ff-8eb4-f14d651f3f45,SlNZaTymMnJIXaQe1SdHmw_240_box0.jpg,BELFAST_CITY,National,Lamppost-mounted,Union Jack,5,2025-08-29 08:53:36.614461+00,May,false,,
81eee88d-0c4b-415e-b15e-1724eab80e87,rF-4vtJM6r-Zn3PPYBGZ7w_000_box0.jpg,BELFAST_CITY,National,Building-mounted,Union Jack,5,2025-08-11 18:16:22.611041+00,Pat,false,,
81f3173c-3053-449c-997d-42044f7ead57,zu-UBg6SBFF73S0SZiN9BA_300_box0.jpg,BELFAST_CITY,Review,,,,2025-08-13 08:57:10.318844+00,Pat,true,Complex case,
82312466-15e7-4874-8a2d-d2010fdd5b15,tP1ryRQf2RD5TeKNpvQMLA_060_box0.jpg,LISBURN_CITY,National,Building-mounted,Union Jack,5,2025-08-13 22:07:05.496718+00,May,false,,
823e8ecf-4396-4b28-9813-16b7a8eb3a1b,Vcw3v4LShz8WZZExlKv40g_240_box0.jpg,LISBURN_CITY,National,Building-mounted,Union Jack,5,2025-08-13 16:22:12.20268+00,Pat,false,,
8285d343-78fd-42b4-84f7-8b030683cb6d,4F4Xn0AkU3GjB-amWgGn4g_120_box0.jpg,BELFAST_CITY,Review,,,,2025-08-29 08:37:59.84559+00,May,true,Not a flag,
82adceec-66df-4d01-94bb-bccc5caa53e0,Ydl3Uc3R_f6nzSZ-pr6izw_000_box0.jpg,COLERAINE,National,Lamppost-mounted,Ulster Banner,5,2025-08-12 15:58:21.267429+00,Pat,false,,
82b3b78e-3a3e-447e-8c52-710e5ea64065,MSzXJrfJNEZ8FUMM-bAM_g_180_box0.jpg,MAGHERAFELT,National,Lamppost-mounted,Ulster Banner,5,2025-08-28 20:19:24.348687+00,May,false,,
82c21a22-e48c-4f46-9442-03c9e8445a51,10XDtQ_gJpKPqtVNCUJdGA_120_box0.jpg,BELFAST_CITY,National,Building-mounted,Union Jack,5,2025-08-11 18:24:44.111943+00,Pat,false,,
830b8651-5822-4b5d-80a5-b931a8077e4e,J-JzYWpjVsLVojfc1L1x5g_120_box0.jpg,BELFAST_CITY,National,Pole-mounted (in ground),Ulster Banner,5,2025-08-15 00:49:44.180563+00,May,false,,
83121524-a230-4774-bcb7-2a827853c915,3-FGyvMln_tLsmPrW2UQDQ_000_box0.jpg,METROPOLITAN_NEWTOWNABBEY,National,Lamppost-mounted,Union Jack,5,2025-08-17 17:05:24.696042+00,May,false,,
83278ca3-791a-4adc-a8f0-3b4aa35c0a3e,jhbnkgVLNncvDeX0m7Nh-Q_120_box0.jpg,BELFAST_CITY,National,Lamppost-mounted,Union Jack,5,2025-08-14 10:09:31.368368+00,Pat,false,,
83355e41-047a-4828-a8d2-628954986d83,Cpmaomnd3yytTIKtxfKsaA_000_box0.jpg,BELFAST_CITY,National,Building-mounted,Union Jack,5,2025-08-28 20:22:01.729819+00,May,false,,
834f78b2-fa3e-43e4-aca5-7a9da8476a69,ffKJuK58zaqdnTbdr2ESWw_180_box0.jpg,BELFAST_CITY,National,Building-mounted,Union Jack,5,2025-08-22 22:14:02.570233+00,May,false,,
83579227-3706-4332-af82-a70a571a8c30,Bnjh0WphJ0mDbNOK09y0eA_300_box0.jpg,BELFAST_CITY,National,Lamppost-mounted,Union Jack,5,2025-08-13 22:13:50.003312+00,May,false,,
835f21a9-5167-4c77-8f5e-e74ca9d23ecd,wiuFYGCuAq8CwpWn-p2JWg_060_box0.jpg,BELFAST_CITY,National,Building-mounted,Ulster Banner,5,2025-08-14 09:33:09.519214+00,Pat,false,,
838e4ba7-6399-40cf-ad35-c141ef6d422d,DLwYyg8hB8qaaMKi-SGYSQ_240_box0.jpg,BELFAST_CITY,National,Lamppost-mounted,Union Jack,5,2025-08-15 00:50:51.528649+00,May,false,,
842c75b4-ea96-4f6b-a742-270748b6b553,EugRdM3EnILtjQJnGiNviw_060_box0.jpg,COLERAINE,International,Lamppost-mounted,Other International,5,2025-08-13 22:14:42.864299+00,May,false,,
84318747-72b6-4592-adc4-dcdc819e41d2,ux2aFcA_rD1ljV3K5d-vOA_000_box0.jpg,BELFAST_CITY,National,Building-mounted,Ulster Banner,5,2025-08-12 16:19:45.143702+00,Pat,false,,
84345bde-e774-4fe3-9c4d-89802ab08cfa,IsHDKayWM1NqB_xKpD7d6Q_000_box0.jpg,WARINGSTOWN,National,Pole-mounted (in ground),Union Jack,5,2025-08-11 18:24:36.5496+00,Pat,false,,
844eabdb-576e-449b-874d-edfea92b6f27,KgNA-0ozHG3bB2p3u0CGeQ_300_box0.jpg,LISBURN_CITY,National,Lamppost-mounted,Union Jack,5,2025-08-12 15:43:03.177509+00,Pat,false,,
845c0e2f-9694-4fd0-96a7-d289701ce30c,dkFxGaa5T6RTK4vBpg4lmg_060_box0.jpg,METROPOLITAN_CASTLEREAGH,National,Lamppost-mounted,Ulster Banner,5,2025-08-29 08:40:44.735817+00,May,false,,
845e499a-c5a2-4fc3-b273-713539b3160a,PQ6pxzSGbjks3H02CiJgEQ_300_box0.jpg,CRAIGAVON,National,Pole-mounted (in ground),Union Jack,5,2025-08-12 15:22:44.737589+00,Pat,false,,
8480850e-bb2b-4069-ad20-631d518d1012,WKGIcvfbBGYUW_aHk7kzww_060_box0.jpg,BALLYMENA,Review,,,,2025-08-14 12:33:27.119595+00,Pat,true,Other,
8489d8ab-48da-42bf-9f35-60a561edc24d,q16ScF1z2Gn6yILroHAh8Q_060_box0.jpg,BELFAST_CITY,National,Lamppost-mounted,Ulster Banner,5,2025-08-15 00:34:29.797757+00,May,false,,
84ac0f4f-35b7-4604-8ec3-a33316e9a0b8,NmqSWElmM7i6I--EIugWMw_300_box0.jpg,BELFAST_CITY,International,Building-mounted,Other International,5,2025-08-11 18:27:54.531616+00,Pat,false,,
84c18c26-e416-4996-a644-663ea8ae695f,ms6aitqFIIvNfWUYWSIhPw_000_box0.jpg,BALLYMENA,National,Building-mounted,Union Jack,5,2025-08-17 15:45:24.493483+00,May,false,,
850790c2-d33a-440d-af70-335130de87bc,mvJuOgGz2FZV7LtUm4qm2g_060_box0.jpg,METROPOLITAN_LISBURN,National,Building-mounted,Union Jack,5,2025-08-12 15:05:26.107808+00,Pat,false,,
850e5dbd-830e-4883-b343-dac6bd7b514e,9Rf2iBQpU_gmoa2iNvHbwQ_120_box0.jpg,BALLYMENA,National,Lamppost-mounted,Union Jack,5,2025-08-12 15:17:01.423023+00,Pat,false,,
8571fbee-8bf8-4092-96cd-011f3d2ea6a9,kFRL5RQ-xnhIbINe8xEnyg_300_box0.jpg,BELFAST_CITY,National,Lamppost-mounted,Union Jack,5,2025-08-15 20:56:12.268156+00,May,false,,
858d006b-ceaa-4e4f-aa3d-99cc9012f558,cTEo5H-GkZ4eN066PHtf5g_120_box0.jpg,BELFAST_CITY,National,Building-mounted,Union Jack,5,2025-08-12 15:15:11.428451+00,Pat,false,,
8591b4ea-a504-48a8-8ced-ae49171135ee,hNpcdggohcRgXCV7DrMc1w_300_box0.jpg,BELFAST_CITY,National,Building-mounted,Union Jack,5,2025-08-17 18:25:01.132923+00,May,false,,
85a63394-ef34-4d82-831a-6be0914a82aa,JAOZw8Zp0eRqJe6g7mIUpQ_120_box0.jpg,BANGOR,National,Lamppost-mounted,Union Jack,5,2025-08-14 13:57:23.986145+00,Pat,false,,
85aa33e7-2fba-4412-bb5d-f8c40cb98f5c,BUwmvTVL2ssnK1KaMlGlYw_240_box0.jpg,LISBURN_CITY,National,Lamppost-mounted,Union Jack,5,2025-08-28 20:12:25.013912+00,May,false,,
85be05c1-f171-4b0f-9153-ba04d51fea63,AEd-7u2cclUYiIGkpISQXg_060_box0.jpg,LISBURN_CITY,National,Lamppost-mounted,Union Jack,5,2025-08-14 13:40:41.604825+00,Pat,false,,
85da7300-0330-4a0c-94d4-4d9cef03c749,7RJg5Z_aOpLRUD8Dv8ubVA_000_box0.jpg,BELFAST_CITY,National,Building-mounted,Union Jack,5,2025-08-13 16:35:30.871539+00,Pat,false,,
85ffc2bd-d8a1-406f-bf14-7378c00da8f2,7K3NkzV9m1COyp1MQPQ2Sg_300_box0.jpg,BELFAST_CITY,National,Lamppost-mounted,Ulster Banner,5,2025-08-17 16:20:20.937809+00,May,false,,
8601aca4-66ea-4da0-8ccf-2f92e184d1e7,vp8H6zD3DIdtpNrnVVbDUQ_180_box0.jpg,BALLYMENA,National,Building-mounted,Union Jack,5,2025-08-14 09:29:38.321404+00,Pat,false,,
8620e4ec-da19-448b-b29e-4bc16c955598,SbJyalNU6FM2mN75FBAw0A_060_box0.jpg,BELFAST_CITY,National,Lamppost-mounted,Ulster Banner,5,2025-08-14 10:09:38.719755+00,Pat,false,,
86294d01-285d-4534-8218-61b44ae7b5e2,0bHUNcvcWEo5m5WhdvNsiw_060_box0.jpg,CRAIGAVON,National,Building-mounted,Union Jack,5,2025-08-17 16:17:50.954382+00,May,false,,
866f06ff-d1fc-4ba1-8d87-69925925f635,tu49PAukKNkhW96dLjRBWA_120_box0.jpg,BELFAST_CITY,National,Lamppost-mounted,Union Jack,5,2025-08-12 15:46:44.788255+00,Pat,false,,
86836f3a-a82b-4a4f-ad34-a9428ace0717,Px6bolOxW3UMmKdGJ8os2Q_180_box0.jpg,BELFAST_CITY,National,Building-mounted,Union Jack,5,2025-08-17 14:27:36.605413+00,May,false,,
8699b109-c2b5-4c70-848c-966cbf68e94a,SBY-Q2xw_-MUhHDvbQrZow_000_box0.jpg,GREENISLAND,National,Lamppost-mounted,Union Jack,5,2025-08-14 10:23:35.952694+00,Pat,false,,
86a7a3d1-c76a-4039-8a03-7998f6393db0,XRXQQUQYKFGa15FeuC-bJg_240_box0.jpg,METROPOLITAN_NEWTOWNABBEY,National,Building-mounted,Union Jack,5,2025-08-13 08:26:09.617472+00,Pat,false,,
86d74c7f-5eea-47d1-b68f-d86396899589,YjAdSPCB4VZMXIjsiC0rqA_240_box0.jpg,BELFAST_CITY,National,Lamppost-mounted,Union Jack,5,2025-08-13 08:29:34.073272+00,Pat,false,,
86dec4d8-e2e1-492c-8b15-014946510c74,qumZ_2hvSxuCXF8IQtA4mw_300_box0.jpg,BELFAST_CITY,National,Lamppost-mounted,Union Jack,5,2025-08-14 09:24:13.175647+00,Pat,false,,
86e17a30-22c7-48d0-93bb-a9683472f40f,tklSlLQY64deQ__uz-1Flw_240_box0.jpg,BALLYMENA,National,Lamppost-mounted,Union Jack,5,2025-08-17 17:01:22.927411+00,May,false,,
86ea7d94-b17a-4514-8fd3-d51822716bb0,6UgxMTqY9_Mm4kB9iVXK3A_120_box0.jpg,METROPOLITAN_NEWTOWNABBEY,National,Building-mounted,Union Jack,5,2025-08-12 15:48:43.387121+00,Pat,false,,
873f0e43-cc33-445a-ac74-97fa760f52b6,4Wi1ao143T8L18MGTLPdsA_180_box0.jpg,COOKSTOWN,National,Building-mounted,Union Jack,5,2025-08-13 21:57:10.801895+00,May,false,,
876fdc3e-9c65-469b-822b-d817f16397b9,eUSLxnANol_GtZlW8noazQ_000_box0.jpg,METROPOLITAN_LISBURN,National,Building-mounted,Union Jack,5,2025-08-28 20:44:19.570471+00,May,false,,
8772b662-40b8-47a7-aff0-5056741fc234,Fff0v7Xust-bscHQi89DMA_000_box0.jpg,BELFAST_CITY,National,Lamppost-mounted,Union Jack,5,2025-08-14 14:01:24.497785+00,Pat,false,,
878fde77-3ff1-4858-af27-dc95c173a3f1,pIta1ZgcADY9E018ZjMvBw_120_box0.jpg,LARNE,National,Lamppost-mounted,Union Jack,5,2025-08-28 20:03:49.890233+00,May,false,,
879554ae-2b38-4876-8732-0c331abeae77,mBIiID5rZMvX1IHEQTUIAQ_120_box0.jpg,BELFAST_CITY,National,Pole-mounted (in ground),Union Jack,5,2025-08-28 20:26:46.410754+00,May,false,,
87a4695e-0f66-47f5-b19e-cd93ad7d1e14,AUkvp2-EoFwq71BPpCE3ag_180_box0.jpg,BELFAST_CITY,National,Lamppost-mounted,Union Jack,5,2025-08-14 10:36:12.032522+00,Pat,false,,
87afd3de-170a-4391-8bd1-d8779c2fed05,HnMmRHl0i5E3s8hGqOyAKw_240_box0.jpg,BELFAST_CITY,National,Lamppost-mounted,Union Jack,5,2025-08-12 15:45:44.864183+00,Pat,false,,
87b1b8bd-9ec2-4475-96ab-b066cad69805,SMTG8goY64VtSv5OUYEtmg_240_box0.jpg,BELFAST_CITY,Review,,,,2025-08-14 12:58:37.101091+00,Pat,true,Complex case,
87d66f48-405a-4463-837b-3e865387a529,9WDMiTQG6bWeNTbaxj6FQw_240_box0.jpg,BELFAST_CITY,Review,,,,2025-08-28 20:28:34.837012+00,May,true,Not a flag,
87e04e58-caac-4d6f-ba44-e294660816ae,uiwgyrHUXrn-S3Nsxyheow_060_box0.jpg,LISBURN_CITY,National,Lamppost-mounted,Ulster Banner,5,2025-08-15 20:54:31.521828+00,May,false,,
88246499-8158-42db-a86a-7888ef56d812,WF3TpjaTIV6_5Cz58GcGng_060_box0.jpg,LIMAVADY,National,Lamppost-mounted,Union Jack,5,2025-08-29 08:47:10.477975+00,May,false,,
887ed1d4-90f1-4807-8e40-09accde30e04,4RZPMI1n0ej29NRgrOXU5g_000_box0.jpg,LISBURN_CITY,National,Building-mounted,Union Jack,5,2025-08-12 14:59:47.15349+00,Pat,false,,
8911c879-76e0-474e-8111-8e867687ec46,XVRfMcFHMn0fUw93Ihx6_Q_060_box0.jpg,BELFAST_CITY,National,Lamppost-mounted,Union Jack,5,2025-08-15 00:32:13.809435+00,May,false,,
894652e1-95d6-4dfa-beed-a3cfd0454a21,lUcBgPB1DJ9KOLQXO7yZ7Q_060_box0.jpg,BELFAST_CITY,National,Lamppost-mounted,Union Jack,5,2025-08-29 08:37:22.810406+00,May,false,,
8988b961-f5a6-4779-baf1-3ec38a3f57ce,SFJYOnxwQZoyxBLjq7kksw_120_box0.jpg,GREENISLAND,National,Building-mounted,Union Jack,5,2025-08-14 14:05:02.022447+00,Pat,false,,
89a37606-d882-4f9c-b395-8243ce93c90a,35DGKXm0MShfgp9FYCCUNA_180_box0.jpg,BELFAST_CITY,National,Lamppost-mounted,Union Jack,5,2025-08-22 22:15:40.054085+00,May,false,,
89b6f870-6630-487d-8c86-27cb584b6270,95rKI-p68-MBXGgLoSdeCQ_180_box0.jpg,BELFAST_CITY,National,Lamppost-mounted,Union Jack,5,2025-08-22 22:27:56.952682+00,May,false,,
89faa03f-4466-4202-bd16-db561368da75,1GfifGVGhb6gCNmZByV1vg_300_box0.jpg,BELFAST_CITY,National,Building-mounted,Union Jack,5,2025-08-28 20:50:39.084878+00,May,false,,
8a121ef8-bd3c-4116-8727-5b6e9631a426,CvImcDxLEztMrgb3_pWMHQ_180_box0.jpg,BELFAST_CITY,National,Lamppost-mounted,Ulster Banner,5,2025-08-28 20:50:19.022432+00,May,false,,
8a18d265-3e8a-4470-a904-cfcee1bd84a9,Dr9frYaqRBusvfb5EVUGKg_300_box0.jpg,BALLYCLARE,National,Lamppost-mounted,Union Jack,5,2025-08-29 08:47:39.65134+00,May,false,,
8a44c32e-edb0-4dbd-9d0b-8203ba5d4768,mR3CiJwySHVA8eo_MyqZlg_300_box0.jpg,CARRICKFERGUS,National,Pole-mounted (in ground),Union Jack,5,2025-08-14 12:33:47.157334+00,Pat,false,,
8a4cf50a-4975-469f-bdd4-11205e4750c0,8WEZhrx_nGaktYcqCnMJcA_000_box0.jpg,BELFAST_CITY,National,Lamppost-mounted,Ulster Banner,5,2025-08-11 18:25:46.164703+00,Pat,false,,
8a7c2f88-995b-4f16-817a-cd567dc59e65,1C431guatp31WoaIbTT5vQ_120_box0.jpg,BALLYMENA,National,Building-mounted,Union Jack,5,2025-08-12 16:11:02.49388+00,Pat,false,,
8a814041-5976-40e9-bd7a-7fb211437879,eCeK180lV8XY3xcXuvEd_w_120_box0.jpg,METROPOLITAN_NEWTOWNABBEY,National,Lamppost-mounted,Union Jack,5,2025-08-14 14:02:32.883145+00,Pat,false,,
8ac6c630-ce0a-49ba-a718-a5cc3f72ebad,lza7tLWbRxoJ3dVyqzJrxg_000_box0.jpg,BELFAST_CITY,National,Lamppost-mounted,Irish Tricolor,5,2025-08-14 12:36:08.986375+00,Pat,false,,
8adca4d2-c0d3-475e-a688-d204cf8e462f,wCEqP4skIJrGDuQEZ8HECg_240_box0.jpg,LISBURN_CITY,National,Lamppost-mounted,Union Jack,5,2025-08-14 10:30:11.375477+00,Pat,false,,
8b05766e-5f98-4610-ab29-f345475d6de7,3q9uTmCx-T5fKzX6YIi2-w_120_box0.jpg,METROPOLITAN_NEWTOWNABBEY,National,Building-mounted,Union Jack,5,2025-08-14 12:31:56.677352+00,Pat,false,,
8b265763-bf25-462c-a14e-d9352a7debd1,tAGbwGWWWKidAGmyvu-cTQ_240_box0.jpg,BALLYMENA,Fraternal,Lamppost-mounted,Royal Black Institution,5,2025-08-28 19:43:37.66362+00,May,false,,
8b472e52-9aa6-4e44-9b61-840905b55fed,YdqUeFhHKRNZl3JWOHqoFw_240_box0.jpg,METROPOLITAN_LISBURN,National,Building-mounted,Union Jack,5,2025-08-11 18:15:07.001576+00,Pat,false,,
8b5fdb32-7676-4a27-871b-abdf9dca9c8f,HYs-xvwjJh3bUN7O6C6Kuw_240_box0.jpg,COMBER,Fraternal,Pole-mounted (in ground),Orange Order,5,2025-08-12 16:20:38.315425+00,Pat,false,,
8b718224-dedc-4139-ba57-d01807a67bd2,1-Px-QnkJ-fpsMKJXqOIIA_240_box0.jpg,CARRICKFERGUS,National,Building-mounted,Union Jack,5,2025-08-12 16:20:16.368091+00,Pat,false,,
8b8a1c55-dffd-45ed-aac6-ffce07022217,jo-b5cGSuLxFXK01LScROQ_240_box0.jpg,LIMAVADY,Review,,,,2025-08-17 16:56:14.091538+00,May,true,Not a flag,
8b9b4f03-0948-486b-95ef-b0fde262f63f,jwQU0r9RVwSscEauiLtnXg_180_box0.jpg,BELFAST_CITY,National,Building-mounted,Union Jack,5,2025-08-13 09:05:25.177564+00,Pat,false,,
8bbb83ba-3822-4b53-9a3f-088873e113ab,n1wwo79Ke8SIoX4qCCQuhw_300_box0.jpg,GREENISLAND,National,Pole-mounted (in ground),Union Jack,5,2025-08-17 14:27:58.489981+00,May,false,,
8bcee2ff-297a-4574-aa8f-94953d3fe42b,EehFai27YseJAPoqao0E3A_060_box0.jpg,MAGHERAFELT,National,Building-mounted,Union Jack,5,2025-08-12 16:22:54.236318+00,Pat,false,,
8bd719a7-ea4d-4c2a-8efb-9938abb417b0,PKksdGl82yFZlVSyg6GR2Q_300_box0.jpg,BELFAST_CITY,National,Building-mounted,Union Jack,5,2025-08-12 15:55:32.667401+00,Pat,false,,
8c0b3670-fbea-4ce5-a6ae-dad4f0ddb3ba,3QT4yG3Wqyn5Xp0zzm0gpA_000_box0.jpg,CARRICKFERGUS,International,Building-mounted,Other International,5,2025-08-12 15:28:56.580682+00,Pat,false,,
8c219e93-936d-42f1-b3a9-33280b8b5fa1,KwGjPxiIAbks9QnU_dDbtQ_000_box0.jpg,BELFAST_CITY,Review,,,,2025-08-13 08:53:13.819214+00,Pat,true,Complex case,
8c263a13-fa48-48a5-b58a-2f84ea42ea19,baVOpqc3aLrgLOLvvydvzQ_060_box0.jpg,CARRICKFERGUS,Proscribed,Lamppost-mounted,UVF,5,2025-08-14 13:39:24.129286+00,Pat,false,,
8c4a5b5f-a5c1-4616-a868-1de265c9b2a1,phMHDrRAHga0_I2jpvH8ng_000_box0.jpg,BALLYMENA,National,Building-mounted,Union Jack,5,2025-08-11 18:16:38.963902+00,Pat,false,,
8c920839-27c0-4337-95b0-e03e71e539c4,IVZRoGGM8oaYwvX_9iTkoA_000_box0.jpg,BELFAST_CITY,National,Building-mounted,Union Jack,5,2025-08-13 08:33:46.167291+00,Pat,false,,
8ccba8f5-c75b-4c34-94ce-98f772b56d89,D0y4oIDR49xSon3ZOSSGbQ_240_box0.jpg,CRAIGAVON,National,Building-mounted,Union Jack,5,2025-08-13 22:41:28.181998+00,May,false,,
8cffe15c-0c68-461d-b8f6-a95ac3cc86ed,74ew9IFkyrk44QtfsSIk5Q_000_box0.jpg,ANTRIM,National,Pole-mounted (in ground),Ulster Banner,3,2025-08-14 10:41:49.26372+00,Pat,false,,
8d5a27c7-4526-44a9-bd53-ca2e0753270e,hoMimCReXJWLtJ4F7pYa0A_300_box0.jpg,METROPOLITAN_NEWTOWNABBEY,National,Building-mounted,Union Jack,5,2025-08-28 20:38:59.48997+00,May,false,,
8d67be8d-57fa-42dc-a38f-da34ee86ef8d,3KSTvckSkMOU_kqsPQ-zRw_240_box0.jpg,BELFAST_CITY,National,Lamppost-mounted,Union Jack,5,2025-08-13 22:12:15.041266+00,May,false,,
8d751f21-7bde-4e57-8136-c59b5585145d,yUCQ_x587GIiz7Qxdp-v7w_120_box0.jpg,BELFAST_CITY,National,Lamppost-mounted,Ulster Banner,5,2025-08-29 08:33:19.255472+00,May,false,,
8d7bdccc-e636-4cc3-b540-d8a70352dd7a,8xeg1VKCHyBxp8dlFoUMjw_060_box0.jpg,BELFAST_CITY,National,Building-mounted,Union Jack,5,2025-08-14 12:53:09.818269+00,Pat,false,,
8d8d155d-1b0d-4347-aaba-3ac74df41752,x2fNkBoe8mGmA1Y-XaLySg_180_box0.jpg,BELFAST_CITY,National,Lamppost-mounted,Union Jack,5,2025-08-29 08:49:00.848197+00,May,false,,
8dc8f889-0529-4bc0-8a1f-fc9eba961ae1,IxogBOXqFsyZD5yzPXT5sg_180_box0.jpg,CARRICKFERGUS,Review,,,,2025-08-14 14:04:27.21018+00,Pat,true,Complex case,
8dd41a47-043e-4086-9c06-2c8bae661e94,YteKhiDJG0PgQnouzJbYdQ_240_box0.jpg,LISBURN_CITY,National,Lamppost-mounted,Union Jack,5,2025-08-17 16:23:14.089747+00,May,false,,
8de4fe2d-a557-455c-ae35-ef2f8a490dd8,GkxwlRc1EOq2LlFKV3CFcA_120_box0.jpg,METROPOLITAN_CASTLEREAGH,National,Pole-mounted (in ground),Union Jack,5,2025-08-13 16:28:18.396189+00,Pat,false,,
8df7e389-1475-4de5-a7ab-179966a82fb3,eVpyesdpT2i8Dv99LSvHIA_060_box0.jpg,NEWTOWNARDS,National,Permanent installation,Union Jack,5,2025-08-28 19:41:35.599089+00,May,false,,
8e3e8abf-be75-4543-be16-c88b1fd0dff2,vkYscVB9ZcHm8vKOQXmv2Q_240_box0.jpg,TANDRAGEE,National,Lamppost-mounted,Union Jack,5,2025-08-14 13:41:12.788674+00,Pat,false,,
8e5c4a89-76f6-46c8-8015-4af777a0c858,PnhQwzZ-RazBBwdrduZEKA_180_box0.jpg,CARRICKFERGUS,National,Building-mounted,Union Jack,5,2025-08-15 00:30:00.145021+00,May,false,,
8eaca93b-338f-4bb2-8483-d965efc96880,qzyLH7PzM6ZJ0zi3V1AGKg_120_box0.jpg,BALLYCLARE,National,Pole-mounted (in ground),Union Jack,5,2025-08-14 13:36:53.46376+00,Pat,false,,
8ec438f5-76d1-40cd-a1af-993d1910f6b5,Podt44KmBTOfOxxDBx2vMw_180_box0.jpg,BELFAST_CITY,National,Building-mounted,Union Jack,5,2025-08-14 09:27:20.637308+00,Pat,false,,
8f17763b-3b8d-42aa-bdc5-5553c215941c,MyDWVF7DUdrFqjU5q8krMw_180_box0.jpg,LARNE,Review,,,,2025-08-11 18:27:35.41108+00,Pat,true,Complex case,
8f2d60fd-d70b-4c07-b83b-d5b50305592f,5ZOKWef4K6rBaSQvW085yw_300_box0.jpg,LARNE,National,Lamppost-mounted,Union Jack,5,2025-08-28 20:24:03.007591+00,May,false,,
8f371d3c-4c32-4869-adb7-af8ffcfdf3a1,XPOic4goukXqani5wEnBFA_180_box0.jpg,BELFAST_CITY,Fraternal,Building-mounted,Orange Order,3,2025-08-14 10:27:30.55167+00,Pat,false,,
8f815bf5-fa42-4ebd-9835-2435e3e3b343,Qhph6rO9cfmAy8C67LPN_A_300_box0.jpg,METROPOLITAN_LISBURN,National,Lamppost-mounted,Union Jack,5,2025-08-13 16:30:09.245856+00,Pat,false,,
8fc864bf-a3a5-431d-bc25-6c5ec69048c4,vmATmVvY-lj_Byut9KYnRw_180_box0.jpg,DUNGANNON,National,Pole-mounted (in ground),Ulster Banner,5,2025-08-12 14:59:15.347392+00,Pat,false,,
8fd077ff-b64c-4bbf-bc4c-118d21a055d2,BtMml6kWPXVfj57fQ_Qavg_120_box0.jpg,BELFAST_CITY,National,Building-mounted,Ulster Banner,5,2025-08-13 22:08:13.35747+00,May,false,,
8ff5b353-6d37-48cb-8df1-e96827de3d67,LtE5yUvEv_EWf_QTIwwz_Q_240_box0.jpg,BELFAST_CITY,National,Building-mounted,Union Jack,5,2025-08-12 15:34:02.194967+00,Pat,false,,
903012d7-8569-49b9-aed3-c39934bb205f,Imu20noSvhRLwuBARwHTKw_120_box0.jpg,COLERAINE,Fraternal,Lamppost-mounted,Orange Order,5,2025-08-14 10:54:34.27686+00,Pat,false,,
9065e831-bdd3-42ce-8869-679ee7ae5cd1,8G5d7UhyFel2YE2JvU3IeA_240_box0.jpg,CARRICKFERGUS,National,Lamppost-mounted,Union Jack,5,2025-08-12 15:45:53.779027+00,Pat,false,,
907e4e36-1748-4802-a661-fe8915a973e9,BwMjRO7MmAU_Ph32dB6YuQ_180_box0.jpg,LARNE,National,Building-mounted,Union Jack,5,2025-08-28 20:52:25.666952+00,May,false,,
908037f3-d3d0-4d7c-a449-66a21a6ba49d,pzfqCM4Q8Aiy7NZRPmFTOg_000_box0.jpg,METROPOLITAN_NEWTOWNABBEY,National,Lamppost-mounted,Ulster Banner,5,2025-08-14 13:26:15.305446+00,Pat,false,,
90988d33-2cfa-4489-aaec-d2a1434ee15c,XDLR4XAc-s29bvpKK8mnQg_000_box0.jpg,METROPOLITAN_CASTLEREAGH,Review,,,,2025-08-17 14:24:30.859829+00,May,true,Unclear image,
90b54f7c-3899-4325-acfe-6feeb7d8f00a,I0zf11fcobL3RgoTATS-hw_120_box0.jpg,OMAGH_TOWN,National,Lamppost-mounted,Ulster Banner,5,2025-08-14 09:18:10.427057+00,Pat,false,,
90e2829f-74c8-46e5-9073-5b3870cca4c8,xve1fmS4D0TRoOZSc9q2XA_180_box0.jpg,METROPOLITAN_CASTLEREAGH,National,Lamppost-mounted,Union Jack,5,2025-08-13 08:36:17.35055+00,Pat,false,,
90ecc5c0-72b3-4205-bb3a-49f6f53fb4ce,sTAn40TG-U7xP5FHg-eVXg_180_box0.jpg,METROPOLITAN_NEWTOWNABBEY,National,Pole-mounted (in ground),Union Jack,5,2025-08-28 20:52:45.729673+00,May,false,,
90fab9b9-80da-4a13-8dfc-0c9ecf2840a7,RDGUi-HoLOIzevDnCx_TVw_000_box0.jpg,METROPOLITAN_NEWTOWNABBEY,National,Lamppost-mounted,Ulster Banner,5,2025-08-14 10:30:27.067424+00,Pat,false,,
91047cba-f5e5-443f-930d-4c7b993dbb0c,b8h_JpIj240I0EQL29Ap9Q_060_box0.jpg,CRAIGAVON,Fraternal,Building-mounted,Orange Order,5,2025-08-13 22:09:47.031892+00,May,false,,
91047db2-7363-435e-ba34-3c735e8a6e60,6fBX0PV7cOejAKiRgnTtqw_120_box0.jpg,BELFAST_CITY,Review,,,,2025-08-13 22:06:31.651724+00,May,true,Unclear image,
913909a3-c716-4246-b1a7-9b0b1b24acc1,C5v8vyM2FUo07w9xpsy3Sg_180_box0.jpg,BALLYCLARE,National,Lamppost-mounted,Union Jack,5,2025-08-28 20:10:19.671442+00,May,false,,
91bf02a4-941a-40ce-8a48-856cc7e2832e,APgmkiAxyQSy7xn7oapZKw_000_box0.jpg,CARRYDUFF,National,Lamppost-mounted,Union Jack,5,2025-08-28 20:43:57.68143+00,May,false,,
92186392-3c7d-4edc-b7b1-5784937a0dcf,lTyNapdory-SnG03hSqhBg_240_box0.jpg,COOKSTOWN,National,Lamppost-mounted,Ulster Banner,5,2025-08-14 13:21:02.105152+00,Pat,false,,
921a2142-71ff-4907-9281-7842c9282c39,4qSUAQm5vd5BSgMlpHIriA_240_box0.jpg,BELFAST_CITY,National,Lamppost-mounted,Union Jack,5,2025-08-29 08:47:55.039771+00,May,false,,
92263517-b7fc-4f5e-9246-3e3ae6b19ca2,tiBHDodS2LB9gnp0UyaSFw_000_box0.jpg,BELFAST_CITY,National,Lamppost-mounted,Ulster Banner,5,2025-08-14 12:17:13.017799+00,Pat,false,,
92552d2b-fd7a-49af-9fca-4c9549ebc30a,SxwcBWFwJC6lK9A1okA5hQ_000_box0.jpg,HOLYWOOD,Fraternal,Building-mounted,Royal Black Institution,5,2025-08-17 18:21:50.703063+00,May,false,,
927bf5f0-eb6f-4c4f-884d-fdab8fdd0097,OZO3Y_J1wJSkUwow47zXPA_180_box0.jpg,METROPOLITAN_LISBURN,National,Building-mounted,Union Jack,5,2025-08-17 17:07:51.213364+00,May,false,,
9358772a-a23f-4cf4-a512-43d9bd2d1839,uCZaQ7q4LvemX5NDKWENAg_060_box0.jpg,CARRICKFERGUS,National,Lamppost-mounted,Ulster Banner,5,2025-08-15 00:33:48.679591+00,May,false,,
93634585-d607-4dc5-b18b-93c22176c1a1,JiYjb5sg3GVLeHCi1LicBQ_060_box0.jpg,BELFAST_CITY,International,Building-mounted,European Union,5,2025-08-15 00:37:02.183453+00,May,false,,
937d92b7-7ee8-4def-9fb8-13342bc2e8cb,eomomfkGoYiLE8JfgFxHag_300_box0.jpg,BELFAST_CITY,Review,,,,2025-08-13 16:24:10.402289+00,Pat,true,Complex case,
93a476af-bf6e-4f67-bb7a-402fe96887a0,GCnnQA6OPSk5KwlIpuEf9Q_240_box0.jpg,BELFAST_CITY,National,Lamppost-mounted,Ulster Banner,5,2025-08-29 08:22:16.637199+00,May,false,,
93cf3833-f9ae-4c52-97d9-892b1c36dd7e,m9krq5S5JNek4T7kPhXSFQ_240_box0.jpg,CRAIGAVON,National,Pole-mounted (in ground),Union Jack,5,2025-08-14 10:51:04.154681+00,Pat,false,,
93d2e49f-ef38-4ba8-9fe6-32b57fe52713,LOVKymA8CD-AzZc8ScE-YA_180_box0.jpg,BELFAST_CITY,National,Lamppost-mounted,Ulster Banner,5,2025-08-14 12:46:06.22013+00,Pat,false,,
9405e4c5-2ba2-442f-a88e-570083c13a64,m6QcClYp7aqlAmJ9dxVi7g_120_box0.jpg,BALLYMENA,National,Lamppost-mounted,Union Jack,5,2025-08-17 18:23:17.598822+00,May,false,,
9411328b-43f6-4572-a184-580110db31f0,zKH31SNl2-mHbNgy88U5jw_000_box0.jpg,LISBURN_CITY,National,Lamppost-mounted,Union Jack,5,2025-08-14 13:44:34.248069+00,Pat,false,,
942bba18-a769-4587-91be-6c99c02b54af,KgEb__Wbf5WgVqstWMcoQw_300_box0.jpg,OMAGH_TOWN,National,Building-mounted,Union Jack,5,2025-08-22 22:08:15.84529+00,May,false,,
94b2919e-e10b-4d61-bd76-793f1ad2cce5,BNgtQ-xHekHfd4iNWXaghg_180_box0.jpg,METROPOLITAN_NEWTOWNABBEY,National,Lamppost-mounted,Union Jack,5,2025-08-17 14:39:36.822129+00,May,false,,
94b6018a-0d5a-49f5-aa82-924683ae0a6b,M_JSfgT52RMu5ZI-hRyxBg_060_box0.jpg,BELFAST_CITY,National,Building-mounted,Union Jack,5,2025-08-13 21:57:33.524099+00,May,false,,
94d26c04-d9cf-4e83-a60a-ce95bef776ba,YAf7jlDiyFVcmZ27m_Vunw_300_box0.jpg,BELFAST_CITY,National,Lamppost-mounted,Ulster Banner,5,2025-08-28 20:51:52.33978+00,May,false,,
953b4e28-a4b1-405b-bfa8-a10878a2ef17,zvAUsy21KAm4ZnH8Af3Eag_000_box0.jpg,MAGHERAFELT,National,Building-mounted,Union Jack,5,2025-08-28 20:52:52.597179+00,May,false,,
953cccf5-1272-4be3-a60a-45875d0eb28a,RPekuEy9wIUifML5iGrOXg_180_box0.jpg,CRAIGAVON,National,Building-mounted,Union Jack,5,2025-08-15 00:28:15.22231+00,May,false,,
95c24565-47e4-428f-844a-2d236cebfb73,ITs-tYfS4lTGBfGOSJLNPA_060_box0.jpg,BELFAST_CITY,National,Lamppost-mounted,Union Jack,5,2025-08-17 14:23:38.141683+00,May,false,,
95c2969f-7113-4d13-997f-b00bc748adb9,qIp5UcscPxnHxp2oX3rJEQ_120_box0.jpg,LARNE,National,Lamppost-mounted,Ulster Banner,5,2025-08-17 15:46:58.865922+00,May,false,,
96129a02-4ae8-468b-8a24-f60eb2f5b123,A7PeLrtCHxHaqCSUI2FZ1A_060_box0.jpg,LISBURN_CITY,National,Lamppost-mounted,Ulster Banner,5,2025-08-14 13:47:46.289841+00,Pat,false,,
963b2f1c-e163-41e0-91bb-695b26c05bbe,j8g75kyRe6orgab2rDe_lw_180_box0.jpg,BELFAST_CITY,National,Building-mounted,Union Jack,5,2025-08-13 22:51:16.582304+00,May,false,,
96756402-0be8-4244-9bcf-9cc00bc0d3f8,ehcZMfOGw3qsSeOmv5T4Ng_120_box0.jpg,METROPOLITAN_NEWTOWNABBEY,National,Lamppost-mounted,Union Jack,5,2025-08-15 20:57:10.625253+00,May,false,,
968dc1a0-d78f-483a-a4de-6ab63541e4bf,UNtG8pB2Knue73iWcoS6iA_240_box0.jpg,LARNE,Proscribed,Lamppost-mounted,UDA,5,2025-08-17 16:56:50.727468+00,May,false,,
96d8b9e4-c742-4b85-82aa-7853a877e255,fDpklVM0yvdk2VT2DPOEEw_060_box0.jpg,DUNGANNON,National,Lamppost-mounted,Union Jack,5,2025-08-12 15:51:34.717475+00,Pat,false,,
96e0d23b-acfe-45fe-b1a3-bf440ff99168,mRBmpcrrsit_v0fkLi-vpg_240_box0.jpg,BELFAST_CITY,National,Building-mounted,Union Jack,5,2025-08-13 09:10:46.664807+00,Pat,false,,
9718c473-cc23-43c2-a056-e86815f227ee,9aaTvC_niWinzq9dVueqcg_240_box0.jpg,BELFAST_CITY,National,Building-mounted,Union Jack,5,2025-08-12 16:00:29.453949+00,Pat,false,,
97367df4-e96e-4e3c-8d08-246508a52f0d,1ptb-FoX75f_MC3UcDRgwA_060_box0.jpg,CRAIGAVON,National,Lamppost-mounted,Union Jack,5,2025-08-13 16:32:53.798792+00,Pat,false,,
9738a7b8-5998-492a-b419-8f690b861447,KBOkDu2V088cDf0mNuEiHw_060_box0.jpg,BELFAST_CITY,National,Building-mounted,Union Jack,5,2025-08-14 11:16:29.784019+00,Pat,false,,
973b2a55-2a7c-4b35-97ca-d0c4e1c0b29d,CBsbpCeE8uv8Qu8fiAtwow_180_box0.jpg,LISBURN_CITY,National,Building-mounted,Union Jack,5,2025-08-13 22:14:08.521396+00,May,false,,
97825f1a-9f5e-41fb-8c63-7878a1e258de,BFoHE3W19OSInMT9b7mdGw_240_box0.jpg,BELFAST_CITY,Proscribed,Lamppost-mounted,UVF,5,2025-08-14 10:20:17.35518+00,Pat,false,,
978f6792-46c6-42c0-90ae-08b3654cb339,m7NCQi_aR5jDA10o5Kyvag_240_box0.jpg,BELFAST_CITY,National,Lamppost-mounted,Union Jack,5,2025-08-13 22:14:30.46031+00,May,false,,
979ca47f-bc07-4581-8aed-bf3dca8bda33,MZq-GPkQ-iI9KN3gHK0Usw_240_box0.jpg,BANGOR,National,Lamppost-mounted,Union Jack,5,2025-08-28 20:43:26.074613+00,May,false,,
97af582b-e051-4956-af02-108d88eff15c,BHyDqdPeylJOa6QZCLBC0A_300_box0.jpg,LISBURN_CITY,National,Building-mounted,Union Jack,5,2025-08-11 18:10:59.641684+00,Pat,false,,
97f91849-c07c-4632-8bd1-aa548d9f1508,8A-bFtY06NA-vA1Gu1-5xg_000_box0.jpg,METROPOLITAN_NEWTOWNABBEY,National,Pole-mounted (in ground),Union Jack,5,2025-08-12 16:15:28.785489+00,Pat,false,,
9806bbb3-39c4-4cd2-8a38-025ac5cb82fd,wRhn6nSYN9pHjmjIobIzhw_120_box0.jpg,CARRICKFERGUS,National,Lamppost-mounted,Union Jack,5,2025-08-17 15:40:31.821217+00,May,false,,
9844aa59-5bb5-45bf-9ac2-6837fa6ac0bd,7a2zyCPCOGnpZcIGbnpKQA_240_box0.jpg,CARRICKFERGUS,National,Building-mounted,Union Jack,5,2025-08-13 08:48:51.202907+00,Pat,false,,
9883e24b-3f2f-4b9e-a8dd-f1d390e237d5,di4Kwui50RnjOrfjNSI27w_120_box0.jpg,BELFAST_CITY,National,Building-mounted,Irish Tricolor,5,2025-08-28 20:42:34.016345+00,May,false,,
988d0140-95ab-4087-9f83-dde0ff51d619,yeI5y5O_5XxVqTDm9iIDHQ_240_box0.jpg,METROPOLITAN_CASTLEREAGH,International,Pole-mounted (in ground),Other International,5,2025-08-24 10:09:08.166325+00,May,false,,
988ee95d-53aa-4f8c-9e1b-352ea614b101,Ir8rKYp0z_ixlqDfO-3L4A_000_box0.jpg,METROPOLITAN_NEWTOWNABBEY,National,Lamppost-mounted,Union Jack,5,2025-08-15 00:30:58.191517+00,May,false,,
9894398e-8ab4-4c39-84e9-e7ff44cfabf2,LhA2eq0XFIc1v48j7SabZw_180_box0.jpg,CARRICKFERGUS,National,Lamppost-mounted,Ulster Banner,5,2025-08-13 22:16:28.231346+00,May,false,,
98d72514-fe06-4544-a250-753ea50eb74b,boXart5Oyr4hMpbb3skwzQ_300_box0.jpg,BELFAST_CITY,National,Building-mounted,Union Jack,5,2025-08-14 13:03:21.906605+00,Pat,false,,
99020068-0109-4828-b478-0568a412ceb0,rkaVLIZx3tC622rIlKIJkQ_120_box0.jpg,BELFAST_CITY,National,Building-mounted,Union Jack,5,2025-08-15 00:34:24.592605+00,May,false,,
9902aa54-0965-4b9e-97d3-f29bddb2d27a,6MjDusisZkaCiYf0rvW_ew_120_box0.jpg,BALLYCLARE,National,Building-mounted,Union Jack,5,2025-08-13 08:50:30.867168+00,Pat,false,,
9a407bb7-3903-4dc5-96c6-cfc8106183e0,77BFOEtUrn_WAFhwFmkMbQ_000_box0.jpg,BELFAST_CITY,National,Lamppost-mounted,Union Jack,5,2025-08-29 08:13:32.807033+00,May,false,,
9a50857c-645b-45cb-8485-421ab047c2b9,OTLu2KFQC7EnP3sus7DVDw_000_box0.jpg,CRAIGAVON,National,Building-mounted,Union Jack,5,2025-08-14 12:36:33.398896+00,Pat,false,,
9ab03910-f9af-47c4-b969-2e67080bd876,fDxQ4BsFSYsmDFUOIxuaVA_060_box0.jpg,BELFAST_CITY,National,Lamppost-mounted,Union Jack,5,2025-08-29 08:42:01.499604+00,May,false,,
9ac4de4f-aaab-4366-8a60-ac3a7db9177d,B7XxRImHSn8t--_McgaHKg_180_box0.jpg,DROMORE_BANBRIDGE,National,Lamppost-mounted,Ulster Banner,5,2025-08-17 15:21:30.149055+00,May,false,,
9ac9b2de-2a19-400d-9867-8574c26ce06c,ba3iMGLjK6T4OA8KZJnYfQ_000_box0.jpg,COALISLAND,National,Lamppost-mounted,Irish Tricolor,5,2025-08-14 13:44:42.9303+00,Pat,false,,
9afa6736-4916-4192-aa43-ae2b64f9f925,UJvpKqC1sp0TkBcuihNFAQ_000_box0.jpg,CRAIGAVON,Sport,Building-mounted,Supporters Club,5,2025-08-13 22:39:44.963164+00,May,false,,
9b047f2d-1188-4e86-8785-b443df3e2b05,qIwSaOAThVGQNc2gpFUmOQ_060_box0.jpg,METROPOLITAN_CASTLEREAGH,National,Lamppost-mounted,Union Jack,5,2025-08-28 20:26:08.242856+00,May,false,,
9b12001d-7918-4fcb-aeec-f9e16d0d4e48,QTGPvr1AM0JJDw3EMlenxg_000_box0.jpg,METROPOLITAN_LISBURN,National,Lamppost-mounted,Ulster Banner,5,2025-08-14 11:03:46.590625+00,Pat,false,,
9ba41287-daed-4633-9af9-70561a6e43c5,-lRKi9JQScPF5JrlIC-cgQ_120_box0.jpg,BELFAST_CITY,National,Building-mounted,Irish Tricolor,5,2025-08-12 16:02:20.336325+00,Pat,false,,
9bb87c07-f397-4483-bc5c-74982a0a01f6,4X9cX6OEGRo5BXQmsSCP3Q_180_box0.jpg,OMAGH_TOWN,National,Lamppost-mounted,Union Jack,5,2025-08-28 20:21:23.327721+00,May,false,,
9bbbfccd-4ea8-4151-84de-ad55de1b7993,EQSj9ejfRWDjCIbeZG780A_120_box0.jpg,CARRICKFERGUS,National,Building-mounted,Union Jack,5,2025-08-28 20:28:50.069415+00,May,false,,
9bf20c9e-4e3e-4a1d-b854-d80090f4a7d9,pBWDPH4xUtBGAzI3xdlSlA_240_box0.jpg,BELFAST_CITY,National,Building-mounted,Union Jack,5,2025-08-11 18:16:30.657242+00,Pat,false,,
9bf46f5f-44e8-4c6b-9053-04ae5b5a56c7,eZcX7y-81eEpnggzFr8Riw_120_box0.jpg,BALLYMENA,Fraternal,Lamppost-mounted,Royal Black Institution,5,2025-08-17 18:43:02.51787+00,May,false,,
9c06d077-4dfa-4cc7-94a6-29ae458b39e6,TQZBnHTZORxBi2QS6SMQzw_120_box0.jpg,BELFAST_CITY,National,Pole-mounted (in ground),Union Jack,5,2025-08-11 18:26:01.39207+00,Pat,false,,
9c26b279-c6a7-485f-858c-514c9d3e2ee9,Begcp5m5x1JMQCEQk2i4DQ_240_box0.jpg,CRAIGAVON,Sport,Pole-mounted (in ground),Supporters Club,5,2025-08-22 22:17:35.997277+00,May,false,,
9c602320-ec80-452a-8f83-14176a3a8a4e,7oZRNJ88a_xSChKRpFUwYg_120_box0.jpg,LISBURN_CITY,National,Building-mounted,Union Jack,5,2025-08-12 15:36:51.63664+00,Pat,false,,
9c7a40d0-3420-45a8-959a-36114c802180,9zB9Dpp9cKsNCTqcWWysBA_240_box0.jpg,HILLSBOROUGH_AND_CULCAVY,National,Lamppost-mounted,Union Jack,5,2025-08-29 08:40:38.821374+00,May,false,,
9c7ce15a-20f9-481d-a7d2-cf03e27390d8,Ro27TtuLC35LJLDnW49GFw_300_box0.jpg,METROPOLITAN_NEWTOWNABBEY,National,Lamppost-mounted,Union Jack,5,2025-08-13 08:55:47.993526+00,Pat,false,,
9cd4c781-a474-4c17-b3ac-ba033f18b7e4,sU84z8YEJinl7R_EA0h7VA_300_box0.jpg,BELFAST_CITY,National,Pole-mounted (in ground),Union Jack,5,2025-08-15 20:52:19.555103+00,May,false,,
9d0cb274-7f43-4db0-b463-8d3d53ee1f70,Cc1Ye4YZEFsmIALX3Vqv3w_240_box0.jpg,ARMAGH,National,Lamppost-mounted,Union Jack,5,2025-08-12 16:03:30.015001+00,Pat,false,,
9d341f70-e936-468c-82bc-91969564affd,61p5y2wmg00u0Zn6UW0foA_120_box0.jpg,METROPOLITAN_NEWTOWNABBEY,National,Building-mounted,Union Jack,5,2025-08-14 14:15:14.439648+00,Pat,false,,
9d3813b5-2fb4-4987-afa7-6200c7a8552f,4QI1ppf1l9b8bv2eR00mbw_120_box0.jpg,METROPOLITAN_NEWTOWNABBEY,National,Lamppost-mounted,Union Jack,5,2025-08-28 19:44:31.357652+00,May,false,,
9d4b6cb5-e2e7-49de-91ae-135fabbc560d,Bt6zsyKgHK3j13VpS-e-dw_240_box0.jpg,ANTRIM,National,Building-mounted,Ulster Banner,5,2025-08-12 15:27:32.667612+00,Pat,false,,
9d772c3f-431d-4a69-ae4f-929198a84280,DuYyrf4E40IMMPfLTLTWUw_300_box0.jpg,CARRICKFERGUS,Fraternal,Building-mounted,Orange Order,5,2025-08-14 10:53:13.048829+00,Pat,false,,
9db5980c-0d30-4bbd-8c81-63eecd2019f3,HvMNPY05qstAU8QjhUkTwg_060_box0.jpg,BALLYMENA,Review,,,,2025-08-11 18:10:29.067723+00,Pat,true,Unclear image,
9e65605d-f5f3-4663-9469-8e92cab04c99,hiP-zUAavUPIAEiXAu481w_120_box0.jpg,COLERAINE,National,Building-mounted,Scottish Saltire,5,2025-08-14 14:09:31.415127+00,Pat,false,,
9f10805f-7336-4c13-ae69-9529cf294570,piwITtO6vckQajIQMs-Ryg_180_box0.jpg,BELFAST_CITY,National,Building-mounted,Union Jack,5,2025-08-11 18:08:18.950609+00,Pat,false,,
9f27ab33-bb76-4205-8a73-acb1388b947c,RlT_Pbosmfdzwy9vwexBpQ_300_box0.jpg,CARRICKFERGUS,National,Building-mounted,Union Jack,5,2025-08-15 00:49:31.97813+00,May,false,,
9f4906cc-aac6-4255-9b9c-19b2b1351ff1,rVqOUA_OrhAIR4BsO_qFgA_000_box0.jpg,BELFAST_CITY,National,Lamppost-mounted,Ulster Banner,5,2025-08-28 20:15:58.910072+00,May,false,,
9f55981e-8cc7-4221-8896-b4380e6a7b8c,objG_tE7XT3jut9DsQcI8g_060_box0.jpg,LISBURN_CITY,National,Lamppost-mounted,Union Jack,5,2025-08-17 16:46:52.051552+00,May,false,,
9fd2d906-60e3-49d8-80c5-80a423880b1d,KE5haWVgHlZ6RNNOtHCC9w_120_box0.jpg,BELFAST_CITY,Review,,,,2025-08-13 16:26:47.558951+00,Pat,true,Complex case,
a001062c-3855-4040-9512-f11bf556a490,Yl6wcOIly_PLZycI-x4wnQ_240_box0.jpg,BELFAST_CITY,National,Lamppost-mounted,Union Jack,5,2025-08-17 15:40:23.456371+00,May,false,,
a045488f-09cb-4ec9-86ec-a4613e5438b1,kPP5yc0ZYKRMAal8PypvNA_000_box0.jpg,BELFAST_CITY,National,Building-mounted,Union Jack,5,2025-08-29 08:53:27.260307+00,May,false,,
a05a231f-feb5-4e33-84e3-76f9fab61741,relejEp8ZyXZXZ7MtE-A5g_000_box0.jpg,BELFAST_CITY,National,Lamppost-mounted,Union Jack,5,2025-08-14 14:04:14.256029+00,Pat,false,,
a07e1f6e-f64f-4ad3-a19c-54c25422d89d,Ndyl8rp7h5Wcph_i8alrMA_300_box0.jpg,LISBURN_CITY,National,Building-mounted,Union Jack,5,2025-08-12 15:15:56.326297+00,Pat,false,,
a07f0b9b-cad5-4f13-9413-e25becf2fad2,2e74wQsEEo7d20jzv9jT5w_240_box0.jpg,BELFAST_CITY,National,Lamppost-mounted,Union Jack,5,2025-08-14 10:25:51.499678+00,Pat,false,,
a08e305b-ca20-4b02-8d68-333ba1838980,bLkZcZxz4sqDDpShwQph4Q_060_box0.jpg,ANTRIM,National,Lamppost-mounted,Union Jack,5,2025-08-17 16:58:32.800459+00,May,false,,
a0b8b248-ead0-44d6-b0ad-ac74250fbee6,35P6R-VxvF5hccu0oW01HQ_000_box0.jpg,METROPOLITAN_NEWTOWNABBEY,Review,,,,2025-08-17 14:37:29.159532+00,May,true,Not a flag,
a0d1fae5-0f92-4b4b-bf79-83c7996edef6,BdonoJ9jXHUpWjI4Iqwmdg_060_box0.jpg,BELFAST_CITY,National,Building-mounted,Union Jack,5,2025-08-28 19:55:18.793232+00,May,false,,
a0d8e841-3714-4bd3-b318-3bdaa66444e7,DhKisZxDPMO_hBkX5GU-Uw_060_box0.jpg,ENNISKILLEN,National,Lamppost-mounted,Ulster Banner,5,2025-08-12 15:06:30.373195+00,Pat,false,,
a0e3284a-6a8c-4a81-9e53-479d6d90144e,n8fbqLVliSjB5bpsHNYLsg_000_box0.jpg,BELFAST_CITY,National,Lamppost-mounted,Union Jack,5,2025-08-22 22:15:14.813828+00,May,false,,
a0f8dcbb-dbcc-4341-b8fb-384e9b77c995,f5exGmzRn75OO5BwcqzTug_240_box0.jpg,BELFAST_CITY,Review,,,,2025-08-14 12:19:41.537404+00,Pat,true,Other,
a11f103d-48e4-4b3d-a845-00c567a87227,npD3_ftZX8cfxGgygv-jTg_300_box0.jpg,CARRICKFERGUS,National,Building-mounted,Union Jack,5,2025-08-28 19:41:21.861365+00,May,false,,
a130650e-003e-4571-b4e8-d36f01cdd32d,hRWBcoCiEO6AHzuECZ4J8w_300_box0.jpg,LISBURN_CITY,National,Pole-mounted (in ground),Union Jack,5,2025-08-15 00:33:59.397763+00,May,false,,
a143c86b-4f81-4e91-9f47-b32ef63e352a,5Nm2vs2Uo0MyGioTBn4zvw_060_box0.jpg,BELFAST_CITY,National,Lamppost-mounted,Union Jack,5,2025-08-14 09:51:27.37187+00,Pat,false,,
a168066d-5645-4c40-b482-fc3ded34d348,VnXbWHlz7NtasdO3ENJZ3w_000_box0.jpg,LISBURN_CITY,National,Building-mounted,Union Jack,5,2025-08-28 20:19:12.15262+00,May,false,,
a16914f9-3399-4757-abc3-da14abf8cb9d,dNt8n7PCmDMBKRVRq3N6YA_240_box0.jpg,BELFAST_CITY,National,Building-mounted,Union Jack,5,2025-08-11 17:45:50.570244+00,Pat,false,,
a16942ea-7fcd-461b-96e5-ffb803233b14,bwyYLBDxX54V3wWyejK4xQ_240_box0.jpg,COLERAINE,International,Lamppost-mounted,Other International,5,2025-08-13 22:35:51.473173+00,May,false,,
a16fe826-965e-424c-8f25-4ef5d987d3e8,cmZQvHdqjt6F-NyyzAZ7tw_180_box0.jpg,BELFAST_CITY,National,Lamppost-mounted,Ulster Banner,5,2025-08-28 20:24:35.68526+00,May,false,,
a190d94e-4106-4ef8-a301-6e8962bfeccc,Bn4B57u2Ka0hKeKn13MUOg_240_box0.jpg,BELFAST_CITY,National,Pole-mounted (in ground),Union Jack,5,2025-08-14 13:55:30.343676+00,Pat,false,,
a1b79cf5-517f-45e7-9d7e-86b14fd86184,W3luWS_nZOqtJF57KLBRLQ_180_box0.jpg,BELFAST_CITY,National,Building-mounted,Union Jack,5,2025-08-15 20:50:21.353757+00,May,false,,
a1b9bef8-f729-4e3b-a378-a267c1cb7537,qCROtSl7f36357F35AZOKg_000_box0.jpg,BELFAST_CITY,National,Building-mounted,Union Jack,5,2025-08-13 21:56:14.374978+00,May,false,,
a1e8d9b4-17fc-4abd-a392-f7240f43a137,CmhtFurFCyjtWL5EVHO1xg_060_box0.jpg,BELFAST_CITY,Review,,,,2025-08-13 08:55:19.253379+00,Pat,true,Complex case,
a2612ba3-eaf0-4db8-ad49-d9601b3f676b,YkzfMNcdskZMPRUsRQ_N1A_000_box0.jpg,CARRICKFERGUS,National,Building-mounted,Union Jack,5,2025-08-14 14:02:40.393261+00,Pat,false,,
a26c80fd-746d-426a-a548-f74b564369b6,TkgglyUj0-PlcrB6nZChxA_300_box0.jpg,METROPOLITAN_LISBURN,National,Building-mounted,Union Jack,5,2025-08-29 08:50:53.998578+00,May,false,,
a2bd279a-f358-40ea-ab04-bd97d152e1a8,mYZm5QgRkpMeZ6IDUMod2A_000_box0.jpg,BELFAST_CITY,Review,,,,2025-08-13 08:40:12.087315+00,Pat,true,Complex case,
a3a2ddba-68fb-4745-914f-cc019e05c03a,Y-587GdP1aWGOEBmAexvBA_300_box0.jpg,CARRICKFERGUS,Fraternal,Building-mounted,Orange Order,5,2025-08-13 22:34:07.485614+00,May,false,,
a3c35d02-0ef1-4e00-a4e8-550ff8388d9d,4o2klSr7meuS8hVbfrdF7Q_000_box0.jpg,CRAIGAVON,Review,,,,2025-08-12 16:03:01.124511+00,Pat,true,Unclear image,
a3d2ce50-ef9e-4ac6-b899-e454ea20acb5,KE_w450h4icmSwlRy5a0Rw_120_box0.jpg,CARRICKFERGUS,National,Building-mounted,Union Jack,5,2025-08-14 13:31:13.897189+00,Pat,false,,
a4011df2-d7f8-47d8-a332-77e69b621dcb,jbNer8xj8jI1ixdEtor8vQ_000_box0.jpg,LISBURN_CITY,National,Lamppost-mounted,Union Jack,5,2025-08-29 08:36:09.44227+00,May,false,,
a45fa69d-7794-4833-b8de-60d47c762ec9,Ru_WYclSsQ4xKAwQ0vNwjg_000_box0.jpg,METROPOLITAN_CASTLEREAGH,National,Lamppost-mounted,Ulster Banner,5,2025-08-14 13:50:03.476029+00,Pat,false,,
a4d7ea92-bdbe-43df-a206-b56680dd88f8,01lSGcIBiDaIs-ERW2yHCQ_240_box0.jpg,CARRICKFERGUS,National,Building-mounted,Union Jack,5,2025-08-24 10:11:26.374881+00,May,false,,
a51abf6e-c18e-477d-aa75-d7306d2d3305,stZoxroT0QTYqFlCQAC0ag_180_box0.jpg,BELFAST_CITY,National,Lamppost-mounted,Union Jack,5,2025-08-14 12:57:08.540037+00,Pat,false,,
a531f865-9a3e-4e54-ac21-78227a44fcda,SATnS-SMrcIRGxZ3yKusHw_120_box0.jpg,CARRICKFERGUS,National,Building-mounted,Ulster Banner,5,2025-08-17 14:23:02.130722+00,May,false,,
a57d81c6-852a-4c1e-8392-439576452427,12k9EdPsKYPExBQ4zEoMwQ_180_box0.jpg,LISBURN_CITY,National,Lamppost-mounted,Ulster Banner,5,2025-08-14 13:58:10.844494+00,Pat,false,,
a59387f9-505f-4381-b4d8-09e5eb0b3535,_HlVaJfSgQ2W6ZHXHJAL7w_300_box0.jpg,METROPOLITAN_NEWTOWNABBEY,National,Building-mounted,Union Jack,5,2025-08-13 08:47:56.701718+00,Pat,false,,
a5e5c77c-f86d-467b-8f4c-5124e9f92e0f,7Jfc6jQ-CGpDVoO5W8ulbg_300_box0.jpg,BALLYMENA,National,Building-mounted,Union Jack,5,2025-08-14 14:05:14.254052+00,Pat,false,,
a61b0d69-eb25-4ddf-8e55-97422ab942ff,vxgoyBjN8uL8BftPayaCiA_060_box0.jpg,ARMAGH,National,Lamppost-mounted,Union Jack,5,2025-08-13 08:42:09.950391+00,Pat,false,,
a6411af3-e609-4ed9-bf45-0b50d148ae89,ovSvMSQfxljCBFoTqlgo-w_300_box0.jpg,BELFAST_CITY,National,Building-mounted,Union Jack,5,2025-08-14 10:08:18.916201+00,Pat,false,,
a673f9df-7df1-4fcb-98fc-a5439c94b661,_ShQoJIVoN8bajJg-wPPpw_060_box0.jpg,CRAIGAVON,National,Lamppost-mounted,Irish Tricolor,5,2025-08-14 10:32:19.10475+00,Pat,false,,
a6a35a7b-c45a-4729-b859-092fe43a1b83,K5BT7F7qPL-fD2F_cm9lsQ_300_box0.jpg,METROPOLITAN_NEWTOWNABBEY,National,Lamppost-mounted,Union Jack,5,2025-08-12 15:33:39.902057+00,Pat,false,,
a6a6f21d-bec6-499c-bb2a-3e83565e32a5,h0KFIlTjdOiCp6PjpS2eww_000_box0.jpg,BELFAST_CITY,Review,,,,2025-08-14 14:11:28.856137+00,Pat,true,Complex case,
a6cd4f39-c72e-4969-89ea-ae7227800fc7,cB5iG8C8AbyfjGs0V7DPtg_060_box0.jpg,BELFAST_CITY,Proscribed,Lamppost-mounted,YCV,5,2025-08-17 15:48:14.683066+00,May,false,,
a6f35841-9139-4ea3-b5bf-86baa0e290cd,9GQzdLgdO_C9--La-pqCVA_300_box0.jpg,COLERAINE,Review,,,,2025-08-17 16:17:56.976887+00,May,true,Unclear image,
a7020344-0b5e-44f2-a5d0-14deb75cba9f,VWaARWBMH8fPK2cVcUMaMQ_300_box0.jpg,LISBURN_CITY,National,Lamppost-mounted,Ulster Banner,5,2025-08-28 20:42:13.982367+00,May,false,,
a7cc8ad8-0f6b-4fa5-86ca-e53970734a60,Xji_pkbeGqbdqCH75_ZWhg_300_box0.jpg,BALLYMENA,National,Lamppost-mounted,Ulster Banner,5,2025-08-12 15:22:07.021765+00,Pat,false,,
a7dcace8-c2b1-492e-af58-577adb8e574f,LjAF1JPXIaDdJ7M0tZZ6bQ_060_box0.jpg,BANGOR,National,Lamppost-mounted,Union Jack,5,2025-08-29 08:52:37.106907+00,May,false,,
a855cf0e-b799-4e0a-ba8a-5825e267c25d,8uVcFs5ETUMyWQwm6hU2OA_120_box0.jpg,BELFAST_CITY,National,Lamppost-mounted,Ulster Banner,5,2025-08-14 12:30:37.508031+00,Pat,false,,
a86e1ce3-300c-4e3e-b323-d3dc8c4d65a3,UyiLviC7Cu6crRyn6mh97w_240_box0.jpg,LISBURN_CITY,National,Lamppost-mounted,Union Jack,5,2025-08-17 18:43:35.532373+00,May,false,,
a87434b5-3d2e-4871-829f-69e159c9988b,JA7MrN6aTDYe0bL5j8rqkQ_180_box0.jpg,BELFAST_CITY,National,Building-mounted,Union Jack,5,2025-08-12 15:17:43.758848+00,Pat,false,,
a8b898c2-d031-4bc1-ade3-c31938743af7,NZyTX_SGRt1H3OBvK78aig_180_box0.jpg,METROPOLITAN_NEWTOWNABBEY,National,Pole-mounted (in ground),Union Jack,5,2025-08-14 09:29:22.002141+00,Pat,false,,
a8b8efd4-4a31-4951-b348-da90a3003a64,nR9clymANPNWZzwdZ3xEjg_060_box0.jpg,OMAGH_TOWN,National,Lamppost-mounted,Union Jack,5,2025-08-14 09:26:04.778697+00,Pat,false,,
a8bab4a1-4053-46f4-8a2a-c6dec873d866,l11iRfl8hoV0wDay-4QTCw_180_box0.jpg,MOIRA,National,Lamppost-mounted,Union Jack,5,2025-08-14 10:16:15.593206+00,Pat,false,,
a8d113c0-a787-4a12-b53f-3bc3e8d37906,Z5gd-rGITobEripGEKEliQ_060_box0.jpg,CRAIGAVON,National,Building-mounted,Union Jack,5,2025-08-29 08:50:06.96528+00,May,false,,
a91a7cb4-4546-4f9e-93aa-87842835ad33,Qg6hjldtXzNiyLuFgRArpA_120_box0.jpg,BELFAST_CITY,Review,,,,2025-08-17 16:19:03.503321+00,May,true,Unclear image,
a925996c-d9d5-436f-bd38-61ce1f8aad49,wwTpQsDKkEH9mh_xh09Cug_240_box0.jpg,LISBURN_CITY,National,Lamppost-mounted,Union Jack,5,2025-08-14 10:15:40.000249+00,Pat,false,,
a9361b7a-162e-40b3-a55f-6c4a3ec386d7,PmRxMc4cV8AIhACKBAM9FA_180_box0.jpg,LARNE,National,Lamppost-mounted,Ulster Banner,5,2025-08-14 12:49:35.166513+00,Pat,false,,
aa2436ba-f55c-4903-af6d-b578e5394391,VMhJG45mX1Chr_bNdmsZTQ_240_box0.jpg,LISBURN_CITY,National,Building-mounted,Union Jack,5,2025-08-29 08:49:07.150658+00,May,false,,
aa29d2a8-1f26-459b-ad05-e07805f2f241,Cheo2zhbGJnJv3sZm0ilSg_180_box0.jpg,BANGOR,National,Lamppost-mounted,Union Jack,5,2025-08-28 19:54:05.510386+00,May,false,,
aa2b656f-098d-45d1-99ed-1defc5a0eea9,hEFYEQOlL5GhmrRAVnc0Dg_300_box0.jpg,ANTRIM,National,Pole-mounted (in ground),Union Jack,5,2025-08-14 12:38:51.792647+00,Pat,false,,
aa8dc382-dd3d-4bf9-b263-59d25a8e3419,bLJJkSyYA2t3npyumT_6gA_240_box0.jpg,BELFAST_CITY,National,Lamppost-mounted,Union Jack,5,2025-08-13 22:42:26.306866+00,May,false,,
ab67aeec-4932-462b-a580-cddbd20aa126,rAgeo7qDvwFdOexi96Dy2g_300_box0.jpg,LISBURN_CITY,National,Lamppost-mounted,Scottish Saltire,5,2025-08-17 16:18:05.02865+00,May,false,,
ab6cb14f-5193-43a7-b931-71c084e0fe4a,Tr5KgOZLrspiNZCn1hSDow_120_box0.jpg,DERRY_CITY,National,Lamppost-mounted,Irish Tricolor,5,2025-08-15 20:52:29.671488+00,May,false,,
ab781ccf-7923-4594-bd7b-c68d09f48678,NWXX0B083MmCmpWH8YTUtw_180_box0.jpg,LISBURN_CITY,National,Lamppost-mounted,Union Jack,5,2025-08-12 15:12:31.21798+00,Pat,false,,
ab845309-fd4a-4c03-b16d-17997be2c521,MIcQxCexPT3h7X8-mK8rBA_000_box0.jpg,ANTRIM,National,Lamppost-mounted,Union Jack,5,2025-08-22 22:09:00.462906+00,May,false,,
ab926240-0774-48e4-bd1f-11fad8cf20a2,cTUp_Hu82l29FoANlkcW6Q_000_box0.jpg,BALLYMENA,National,Lamppost-mounted,Union Jack,5,2025-08-28 19:51:55.293185+00,May,false,,
aba963fa-730d-4b35-a85f-f59c23f8d461,w2n-h8VCoJ8DVGVxsqBuNQ_000_box0.jpg,BANGOR,National,Lamppost-mounted,Union Jack,5,2025-08-12 15:23:09.974617+00,Pat,false,,
ac4eb2ac-4b34-41b6-b611-40ecef2e16ef,YDDtS0WJCoA7P_fzrQ9jkg_060_box0.jpg,BELFAST_CITY,National,Lamppost-mounted,Union Jack,5,2025-08-13 22:12:44.14471+00,May,false,,
ac6e41c1-06f7-43ae-a8ff-1534f9e77a9a,7W_1RaEmy96F8EbiqMzNjA_000_box0.jpg,BELFAST_CITY,National,Lamppost-mounted,Union Jack,5,2025-08-14 13:35:11.347629+00,Pat,false,,
ac9a82ba-65a2-4f2f-9de4-2c351b4584ea,ayuLjBtP6_DjlmKA_1l3ZQ_180_box0.jpg,BELFAST_CITY,National,Building-mounted,Union Jack,5,2025-08-13 22:47:34.228924+00,May,false,,
acebd6b0-8fff-4fb4-a2f0-13fde4c2de5d,6A1VxOwIlhE3RaikFlffRw_060_box0.jpg,CRAIGAVON,National,Pole-mounted (in ground),Union Jack,5,2025-08-12 15:06:12.112227+00,Pat,false,,
ad264c8c-57ac-4d7f-add0-f9eb252ce260,8v9ox7jPm0rVj8ounMS__g_240_box0.jpg,BELFAST_CITY,National,Lamppost-mounted,Union Jack,5,2025-08-17 14:28:18.228832+00,May,false,,
ad307abb-7108-4fa1-8d50-9adadd8d8ef6,Ufv4d2AzJOQCO_HZmYP_Fw_000_box0.jpg,COLERAINE,National,Lamppost-mounted,Ulster Banner,5,2025-08-14 12:25:06.969238+00,Pat,false,,
ad3e3b5f-30f7-4650-9725-d755a2793647,gXWlZ0X0_NWIkUScV9WVJw_060_box0.jpg,BELFAST_CITY,National,Building-mounted,Union Jack,5,2025-08-12 16:11:22.462906+00,Pat,false,,
ad7abc31-434e-427f-8021-598acc76d4ea,ljrlVohtJrNfse55WYhnzg_000_box0.jpg,BELFAST_CITY,International,Building-mounted,Other International,5,2025-08-22 22:04:28.263473+00,May,false,,
aded75fe-7fdf-40f6-8594-df55f89887e5,lXeRwdSkgvA8XwHhstUj4A_120_box0.jpg,COOKSTOWN,Fraternal,Pole-mounted (in ground),Royal Black Institution,5,2025-08-17 16:48:39.756678+00,May,false,,
ae1b013f-a66c-4472-b89a-28a9a44b7718,sKFW3-68IaLuw33xZLG9VQ_060_box0.jpg,BELFAST_CITY,National,Pole-mounted (in ground),Union Jack,5,2025-08-28 20:54:33.672986+00,May,false,,
ae20a4b4-ef80-4a0f-80b1-517f5643d970,kqs8FwttswF8pUJUqLjdEQ_120_box0.jpg,BELFAST_CITY,National,Pole-mounted (in ground),Union Jack,5,2025-08-15 00:34:11.389721+00,May,false,,
ae41bf40-d0cc-45a0-b36e-9f7bdf080667,VR9KGlubrEeG_iUyFrd5Fg_060_box0.jpg,METROPOLITAN_NEWTOWNABBEY,National,Lamppost-mounted,Union Jack,5,2025-08-13 16:28:32.138921+00,Pat,false,,
ae4765fc-6792-4f96-92a8-ab8d785abb8c,p60cUb0eYRi3vmsFcWt8Jw_060_box0.jpg,BALLYMONEY,National,Lamppost-mounted,Ulster Banner,5,2025-08-14 12:45:22.682956+00,Pat,false,,
ae64513f-5542-4ac0-92f3-785566f204b1,_Wiyd06eeNVlVD7Z0re8rQ_180_box0.jpg,CRAIGAVON,National,Lamppost-mounted,Union Jack,5,2025-08-17 14:25:21.096219+00,May,false,,
aed30b1d-4945-4e0a-8ef1-d8b2430c8477,qP-CKiakh06PhyUVj7vw1A_180_box0.jpg,LARNE,National,Building-mounted,Ulster Banner,5,2025-08-13 08:43:08.451671+00,Pat,false,,
af1eda69-d188-4a29-9d59-36de8f188c9f,UbR24J02IMHYy3l7VD8Gsw_300_box0.jpg,BELFAST_CITY,National,Lamppost-mounted,Union Jack,5,2025-08-22 22:06:56.884874+00,May,false,,
af4ec99b-c203-494a-84aa-345f3c814b38,xtlwANTCd_Uecepgotrnwg_060_box0.jpg,BELFAST_CITY,National,Pole-mounted (in ground),Union Jack,5,2025-08-14 13:19:39.685+00,Pat,false,,
af5089f3-b987-47ad-a544-a659ecdfd78d,GW61U3rSDTeSaB6eIQ6Gvw_180_box0.jpg,BELFAST_CITY,National,Lamppost-mounted,Ulster Banner,5,2025-08-28 20:25:15.039209+00,May,false,,
af5c66a0-13da-4a1d-b4d0-0ed9061616aa,le-p15NTyscitmERWDF1Ig_180_box0.jpg,BALLYMENA,National,Lamppost-mounted,Union Jack,5,2025-08-14 12:57:21.905645+00,Pat,false,,
af6ee1b8-f202-4b77-bae4-7c48b225f79e,-CXFpFC_S1W-LbqoK4-x7A_120_box0.jpg,LARNE,National,Lamppost-mounted,Union Jack,5,2025-08-17 17:06:58.198816+00,May,false,,
afa3eca4-1be8-4d19-abff-4613cf96f3b0,3AoYuPoFQjr1CkMkpT_mMw_180_box0.jpg,LISBURN_CITY,National,Lamppost-mounted,Union Jack,5,2025-08-14 12:13:19.782701+00,Pat,false,,
afb228b1-ae00-4e94-87c5-911ad77b6e10,7Iz0EsgdYMOCScFeocGSAQ_240_box0.jpg,BELFAST_CITY,Review,,,,2025-08-14 09:34:03.806167+00,Pat,true,Unclear image,
afd55e94-60b4-49ab-9c12-8096e806f4f5,_itwBq-N_yjC-gIDEg8WdQ_060_box0.jpg,BELFAST_CITY,National,Lamppost-mounted,Union Jack,5,2025-08-15 00:29:16.550342+00,May,false,,
b0364758-2a50-4bbe-97cf-16715d580398,u4mWMkT9JO9DAAl3cK7cOQ_180_box0.jpg,METROPOLITAN_CASTLEREAGH,National,Pole-mounted (in ground),Union Jack,5,2025-08-13 16:33:21.238975+00,Pat,false,,
b06ba123-0f9b-4692-8199-839cf07a1230,TBpoC4jxGMj_8jSSKntpOA_120_box0.jpg,BELFAST_CITY,National,Pole-mounted (in ground),Union Jack,5,2025-08-13 08:39:38.291938+00,Pat,false,,
b0a9790f-4a2a-4b5b-897d-6f1a0eaec979,ycTcVY5F3_0WtXd5ArqHfg_060_box0.jpg,CRAIGAVON,National,Building-mounted,Union Jack,5,2025-08-14 13:02:48.259996+00,Pat,false,,
b0aad164-7462-410e-93c1-b975a6ebd96b,CkuKBXmpBYDpZfxe75-Qfw_120_box0.jpg,DROMORE_BANBRIDGE,National,Pole-mounted (in ground),Union Jack,5,2025-08-12 16:13:17.161253+00,Pat,false,,
b0f59e19-1fba-4de6-9ffb-53cb4f55a285,Cn8Kk_PHhnsex9f51zm6Xg_060_box0.jpg,BELFAST_CITY,National,Lamppost-mounted,Union Jack,5,2025-08-13 08:48:58.042927+00,Pat,false,,
b1275b4a-edf3-482c-a410-bcca641bb9eb,IeDga-kXtpybsCaNuNcP5A_000_box0.jpg,BELFAST_CITY,National,Lamppost-mounted,Union Jack,5,2025-08-13 22:02:33.282372+00,May,false,,
b12889a8-479d-40e0-8ba2-8812c4b5c140,J-piZDC8ZnD2rZh96TyyRQ_180_box0.jpg,METROPOLITAN_LISBURN,Fraternal,Building-mounted,Orange Order,5,2025-08-11 18:17:24.510477+00,Pat,false,,
b1788fd1-2ef4-41a5-9dce-206c71979495,6y4g3Nayoxh31qoTZwQlgA_240_box0.jpg,METROPOLITAN_NEWTOWNABBEY,National,Building-mounted,Union Jack,5,2025-08-13 08:48:43.329186+00,Pat,false,,
b18d38f9-9a89-449d-9299-7b51b67ec4dc,i-K74AGucb_NcZJYIUj5kQ_060_box0.jpg,ARMAGH,National,Lamppost-mounted,Union Jack,5,2025-08-13 22:28:12.027237+00,May,false,,
b1b6d31f-8030-4bcc-96d9-32a99934af29,jOKm5PQIWjOxJOd7Bd1G7A_180_box0.jpg,DERRY_CITY,Review,,,,2025-08-12 16:11:13.634439+00,Pat,true,Not a flag,
b1ea3544-9abc-4adf-9355-36509680f021,-01_vWFaIjOB1KSxBvAH3w_180_box0.jpg,BELFAST_CITY,National,Building-mounted,Union Jack,5,2025-08-11 18:17:08.734652+00,Pat,false,,
b1fa7f52-d647-4ede-aa5a-980d0feb3158,CkEWs8J-f0zGczaX8xtDlQ_120_box0.jpg,CARRICKFERGUS,National,Building-mounted,Union Jack,5,2025-08-14 13:33:44.334336+00,Pat,false,,
b2944e1f-ace4-488f-b8e3-375678ccce19,5Cpl3RddbHZr_vjajYqfjg_000_box0.jpg,LISBURN_CITY,Military,Lamppost-mounted,Royal Irish Regiment,5,2025-08-29 08:41:19.372119+00,May,false,,
b33208c2-ce4f-4493-97cd-0b33c84a94aa,SsgBS6RMMQgx0GOwV_9MLQ_240_box0.jpg,BALLYMENA,National,Building-mounted,Union Jack,5,2025-08-13 22:43:53.723659+00,May,false,,
b351fdcd-a141-4b5d-af4b-0f8e3d68aa6c,zB0eOtRNb75oZFNkl6E6ow_240_box0.jpg,TANDRAGEE,National,Pole-mounted (in ground),Union Jack,5,2025-08-29 08:20:34.787248+00,May,false,,
b3584827-0c1a-437b-baa8-a90741cd0ef9,3e5r_AhbzoGhooqFPj-btQ_300_box0.jpg,BALLYMENA,Proscribed,Building-mounted,Other Proscribed,2,2025-08-15 00:51:12.148395+00,May,false,,
b358f0ad-e136-4672-afd2-764cf17ea183,ioWkffbawbiPADuCvkzqPQ_060_box0.jpg,LISBURN_CITY,National,Building-mounted,Union Jack,5,2025-08-14 13:54:57.284319+00,Pat,false,,
b392347c-d0ed-4be0-b51a-70dfb629f95e,qjyF95yz8RRs_Tlv3Xezew_060_box0.jpg,BELFAST_CITY,National,Lamppost-mounted,Union Jack,5,2025-08-29 08:31:31.837822+00,May,false,,
b3b348bf-20fb-4e35-ac8b-0aad5ff12979,k9ZCe2cft6rXsBKis2n0nA_180_box0.jpg,BELFAST_CITY,Review,,,,2025-08-14 12:22:53.289091+00,Pat,true,Unclear image,
b3b6815f-374d-4cde-a254-dd12f616d40e,f1hzamzBcPsmqU6mSWucIw_060_box0.jpg,BELFAST_CITY,International,Building-mounted,Other International,5,2025-08-14 09:47:52.540223+00,Pat,false,,
b3e4bdd8-7f91-48e4-b2be-cec86232b85b,Lx3Y7KQmrr4imsswdD2E_w_000_box0.jpg,BELFAST_CITY,National,Building-mounted,Union Jack,5,2025-08-12 15:47:24.372106+00,Pat,false,,
b3e4d4c7-7670-4d92-87bf-af60db4abbdb,fxRyJUCJT0ruh163JpYUbA_240_box0.jpg,BELFAST_CITY,National,Lamppost-mounted,Union Jack,5,2025-08-14 14:08:51.161808+00,Pat,false,,
b45d129f-618e-41ff-9eea-3d2abd580f1c,jUbYfwcW2h98KNmHwp4NBw_240_box0.jpg,DROMORE_BANBRIDGE,National,Pole-mounted (in ground),Union Jack,5,2025-08-12 15:47:39.421988+00,Pat,false,,
b4682747-0d8f-4c8b-8f6f-5fb0dae832a8,-lXeC9XAnZI4YmpVXZZgUQ_180_box0.jpg,BELFAST_CITY,National,Building-mounted,Union Jack,5,2025-08-11 18:10:51.570277+00,Pat,false,,
b46c03af-6ac8-45ad-a04a-7fac9c80ec96,YJsuPai34gKGZAAXfB0heg_300_box0.jpg,METROPOLITAN_NEWTOWNABBEY,National,Building-mounted,Union Jack,5,2025-08-13 16:21:01.507779+00,Pat,false,,
b4b47741-44b4-4363-adfb-771a83097b55,OpJ6ESpG7q_hvVN1SyNpWg_300_box0.jpg,BALLYMONEY,National,Lamppost-mounted,Ulster Banner,5,2025-08-12 15:16:43.252284+00,Pat,false,,
b4e8dab0-be77-4a35-9336-913dca984cb8,SBmk_X1XVNRcF_2v1Pqo9w_180_box0.jpg,BELFAST_CITY,National,Building-mounted,Union Jack,5,2025-08-28 20:05:08.303115+00,May,false,,
b507d6c7-6ad9-4338-a612-21f2601fe5cb,6Mf9dyEEFYONzfTLQmhymA_240_box0.jpg,BELFAST_CITY,National,Lamppost-mounted,Union Jack,5,2025-08-28 20:39:09.859124+00,May,false,,
b5223430-059b-4870-8b04-a8c3316139f0,IbrCBFHb8DXEOkKpc_s42Q_180_box0.jpg,METROPOLITAN_NEWTOWNABBEY,National,Lamppost-mounted,Union Jack,5,2025-08-29 08:40:06.313867+00,May,false,,
b5256a74-dd89-40cc-8ea0-3aab23725967,2TXxjHLncolXEe-WBeD3Og_240_box0.jpg,ANTRIM,National,Lamppost-mounted,Union Jack,5,2025-08-14 09:35:59.921468+00,Pat,false,,
b58b1410-f632-4e80-8aad-ebcb4bffe525,4KXAJsmHVsBVKr8SVER5pQ_000_box0.jpg,ANTRIM,National,Building-mounted,Union Jack,5,2025-08-13 16:24:31.322122+00,Pat,false,,
b5cd5562-69bd-4110-acb3-419d97676de6,QJmIA0r2YhUORKiwYkEVYQ_120_box0.jpg,ARMAGH,International,Building-mounted,Other International,5,2025-08-17 17:01:02.007895+00,May,false,,
b5da756c-6155-4e04-91ea-623220bbc59a,MK-bcKntYgg5yUiQrbOX4Q_180_box0.jpg,LISBURN_CITY,National,Lamppost-mounted,Union Jack,5,2025-08-14 11:11:03.232072+00,Pat,false,,
b6db7fd6-f069-4317-86d8-3ae73f2e66f0,Lk6ijocBBIgcv69MJK4IUQ_180_box0.jpg,CARRICKFERGUS,National,Building-mounted,Union Jack,5,2025-08-13 22:40:06.511507+00,May,false,,
b6e4ca73-2ee9-4393-95b4-a30513e03d07,8MkUqz28r6LXXLo2Llslwg_300_box0.jpg,CARRYDUFF,National,Lamppost-mounted,Union Jack,5,2025-08-28 20:43:17.053132+00,May,false,,
b6ed20cd-20c4-48d3-94dd-ac4460b06d22,G0Esdnim75seQK3cslQeRQ_060_box0.jpg,BELFAST_CITY,National,Lamppost-mounted,Union Jack,5,2025-08-12 15:26:30.098186+00,Pat,false,,
b736841b-034e-4c44-b749-6e000e6b8f30,Ei7QnEMkweV8rdyhTkeKXQ_120_box0.jpg,ENNISKILLEN,Military,Building-mounted,UDR,5,2025-08-28 20:51:41.359952+00,May,false,,
b76bfb00-7d79-4852-bd76-99af3d8295b3,0AlcBEostYJFJv7Qu-yTkA_000_box0.jpg,BELFAST_CITY,National,Building-mounted,Ulster Banner,5,2025-08-13 22:33:05.905825+00,May,false,,
b78b1e19-e66e-4f75-8d5e-f7a56715bd4a,IxkzDnI54_2q1FyHQGTxCw_240_box0.jpg,METROPOLITAN_LISBURN,National,Building-mounted,Ulster Banner,5,2025-08-17 16:44:21.541596+00,May,false,,
b7ea312f-f6c5-4d31-8f86-a9796ae59897,vBW0Mw6lgHItWhvNtZ1SSA_180_box0.jpg,DERRY_CITY,National,Lamppost-mounted,Union Jack,5,2025-08-14 13:00:30.872336+00,Pat,false,,
b8481634-bef1-4987-949f-03bfb0ff0bd5,FjMZFr8gPlbnWLNZIksGlg_060_box0.jpg,BALLYNAHINCH,National,Pole-mounted (in ground),Union Jack,5,2025-08-17 14:36:32.303997+00,May,false,,
b86c79c8-958d-43a8-8e20-6a11327bc3b0,r1XH-eD-zBnHAm-p58KMiQ_120_box0.jpg,LISBURN_CITY,National,Lamppost-mounted,Union Jack,5,2025-08-13 22:15:17.973409+00,May,false,,
b9369c8e-9ab3-42c7-8b2a-6a9bee007bba,ygVYYvW7wYRRMWDUtuFIRw_120_box0.jpg,BELFAST_CITY,Review,,,,2025-08-11 18:17:47.16675+00,Pat,true,Not a flag,
b93ac21e-54d9-4f80-8baa-39c3843ac246,V-cvAy11Esg8b33t48lLcw_240_box0.jpg,LARNE,National,Pole-mounted (in ground),Union Jack,5,2025-08-13 22:35:57.878126+00,May,false,,
b9b12b9a-6eaa-474d-b9ee-18aedfdc9bef,MGSvZlbNvMgn4apJZ7HOSg_180_box0.jpg,BALLYMENA,National,Lamppost-mounted,Union Jack,5,2025-08-17 18:22:39.194545+00,May,false,,
b9b6608c-00ee-48e6-b352-f5e712011a0f,fJtqH1kGoQDUMO5RjIEoFg_240_box0.jpg,BALLYMENA,National,Building-mounted,Union Jack,5,2025-08-11 19:01:08.040495+00,Pat,false,,
b9be5ed7-4b37-4e84-893c-c93cc42fe6e3,IU43q5AY3NS0Mr7JXO9_kQ_180_box0.jpg,LARNE,National,Building-mounted,Union Jack,5,2025-08-15 20:55:20.376118+00,May,false,,
b9d96a05-ad87-4d3c-93f9-ce1182cb7113,OAZmZGEdHvDtoTckuxVbmQ_060_box0.jpg,LISBURN_CITY,National,Lamppost-mounted,Union Jack,5,2025-08-28 20:40:13.717343+00,May,false,,
babceeea-7ad2-4e1c-9113-ade4fcfc8950,m_I_BlaxDAfQl5acwqaB0Q_300_box0.jpg,LARNE,National,Lamppost-mounted,Union Jack,5,2025-08-14 10:54:40.675358+00,Pat,false,,
babfbb4b-e22e-46bb-84d5-46e044ae9981,6c9HgrePOvm16lUNu-Q0qw_000_box0.jpg,BELFAST_CITY,National,Lamppost-mounted,Ulster Banner,5,2025-08-14 11:09:28.098331+00,Pat,false,,
baf3897e-41a7-43af-a84d-b8d37d28ef9b,Cb0jP8TpexvdPjVGHEGjZw_240_box0.jpg,ANTRIM,National,Pole-mounted (in ground),Union Jack,5,2025-08-13 09:11:13.825899+00,Pat,false,,
bbabdb50-be01-4e58-b309-cecb02445f9b,lVKD0f85qXqI84hlV0Cm9A_240_box0.jpg,COLERAINE,Review,,,,2025-08-13 08:32:57.962443+00,Pat,true,Complex case,
bbbd0a30-60ff-4521-a831-0899b795b4ed,rCeRV81Jb7gOBFOiiv5pTw_240_box0.jpg,COLERAINE,National,Building-mounted,Union Jack,5,2025-08-29 08:53:20.439847+00,May,false,,
bbcd749e-31a1-46aa-bca6-167030b5124a,nFY9QGVNcqx_9Bozn26vjg_120_box0.jpg,LISBURN_CITY,National,Building-mounted,Union Jack,5,2025-08-17 16:47:36.378997+00,May,false,,
bbd105d1-41c2-49bb-b095-d322483a6241,tT2zUntxhj0dT-un_fE5jg_180_box0.jpg,CARRICKFERGUS,National,Building-mounted,Ulster Banner,5,2025-08-17 14:37:04.766666+00,May,false,,
bbf6fa75-60ef-4cd5-944f-642e945bd919,0qBdaAMY-V7Jtnj-lKK5UA_300_box0.jpg,BELFAST_CITY,National,Lamppost-mounted,Ulster Banner,5,2025-08-14 12:38:10.737997+00,Pat,false,,
bc2c1bab-459d-4aa2-a2db-e6166453229c,FGJ5nmzMWNeokr3kCOtPLg_300_box0.jpg,LISBURN_CITY,National,Building-mounted,Union Jack,5,2025-08-28 20:05:30.576871+00,May,false,,
bc94d6d3-9312-43cf-8bcf-2134f8dcd50b,lWmZM8p2DvzsQEGISWdetw_120_box0.jpg,BELFAST_CITY,Review,,,,2025-08-14 13:45:55.092169+00,May,true,Unclear image,
bcd171dc-b843-46bd-a432-1983191d3fd7,HD16GssTQlONCCgi05gTOQ_240_box0.jpg,BELFAST_CITY,National,Lamppost-mounted,Union Jack,5,2025-08-28 20:29:49.019334+00,May,false,,
bcefa248-0633-4313-89e6-084cee522d35,kxCXNgL7yJ3MKReOmZif4w_120_box0.jpg,BELFAST_CITY,National,Lamppost-mounted,Union Jack,5,2025-08-28 20:15:38.631441+00,May,false,,
bcf7fb03-2f3c-4c18-8e3c-c6c8d935c7f9,6FG64kQpcJKkFdF0hvd6xw_300_box0.jpg,LISBURN_CITY,National,Building-mounted,Union Jack,5,2025-08-14 12:34:56.452586+00,Pat,false,,
bd571f9b-b507-4b67-88b1-879ef18fa5c9,SRf1SHwxDuRtQiq4n9oZ0A_180_box0.jpg,BELFAST_CITY,National,Lamppost-mounted,Union Jack,5,2025-08-13 22:00:21.572588+00,May,false,,
bd716d85-4db7-4646-a826-1206fe0f1b04,WHJOGdCZQRxp6pT_DXvXcg_240_box0.jpg,ANTRIM,National,Building-mounted,Union Jack,5,2025-08-29 08:19:42.480476+00,May,false,,
bdb5deca-d6eb-4d67-b61f-4de7d9baa850,njhtNgvgrIdSaH6glM9G1Q_060_box0.jpg,BELFAST_CITY,National,Building-mounted,Union Jack,5,2025-08-13 22:05:11.856516+00,May,false,,
be1e45a0-b173-45ff-8d58-b962267453aa,hJZbq7aAhgYijASOoAKJnQ_000_box0.jpg,LISBURN_CITY,National,Lamppost-mounted,Union Jack,5,2025-08-28 20:40:10.396021+00,May,false,,
bead6eef-0b6e-49e8-887d-56b89748c5fc,mTn8fHDjHCNC5oQ0mGrOmA_180_box0.jpg,LISBURN_CITY,National,Lamppost-mounted,Ulster Banner,5,2025-08-14 12:17:04.64936+00,Pat,false,,
bed7856c-dd42-4e2c-bfa3-bfaa4676d4dd,zJd-batWlBie_yUqXWMiVA_240_box0.jpg,MAGHERAFELT,Review,,,,2025-08-14 09:29:49.294072+00,Pat,true,Complex case,
bee70b8c-932d-4629-a970-34e5b3f9a285,bzZgCCxsl5QFF8VtTtwnjA_060_box0.jpg,METROPOLITAN_NEWTOWNABBEY,National,Pole-mounted (in ground),Union Jack,5,2025-08-22 22:16:41.05668+00,May,false,,
bf433c6f-4ed7-4c31-926c-33bb265143aa,j5PKM5zrYtipjg72uFmjIw_240_box0.jpg,BANGOR,National,Lamppost-mounted,Union Jack,5,2025-08-11 18:10:05.294176+00,Pat,false,,
bf68e425-e290-4c1b-b373-402fc3126d28,7EpknhHT6EOj3Lshh6chfw_300_box0.jpg,BELFAST_CITY,National,Pole-mounted (in ground),Union Jack,5,2025-08-11 18:12:27.447184+00,Pat,false,,
bf6d48a0-9794-45fb-82e4-401428ee8db9,KBjiz0lM6Emv4_hvac-YDw_120_box0.jpg,BELFAST_CITY,National,Lamppost-mounted,Union Jack,5,2025-08-28 20:43:31.66408+00,May,false,,
c098747c-668b-47ae-8e84-db6d91c4fdaf,WTgs9lCqgtHvhLp6bhtMdg_000_box0.jpg,LISBURN_CITY,National,Lamppost-mounted,Ulster Banner,5,2025-08-17 15:21:58.584883+00,May,false,,
c0abe8e5-370d-4348-a5ae-4cb49151ef0a,ASUOACfT5iNX0kKBYFqJ7w_300_box0.jpg,HOLYWOOD,National,Lamppost-mounted,Union Jack,5,2025-08-13 21:58:20.577647+00,May,false,,
c0b7422b-e9eb-4b60-b581-10bf8e62d85e,_cjnLOIvYMXtjJaCHBqx6Q_120_box0.jpg,LISBURN_CITY,National,Building-mounted,Union Jack,5,2025-08-14 10:13:41.242856+00,Pat,false,,
c0bd224b-17ab-42e4-a025-7fbbc4eeba30,Dfn7HoTkMzD7dQ7r5amkcw_120_box0.jpg,BELFAST_CITY,National,Lamppost-mounted,Ulster Banner,5,2025-08-29 08:19:49.636421+00,May,false,,
c0e54e5c-e3e5-477a-af80-effff81d066a,fovBIRJyoPjS4XC3U3View_120_box0.jpg,BELFAST_CITY,National,Building-mounted,Union Jack,5,2025-08-17 16:43:01.950433+00,May,false,,
c0f8983a-f081-41ae-a7e5-48de8d1a3cb0,WhJgyL6DaW5LJdtJR-jv6A_240_box0.jpg,CARRICKFERGUS,National,Building-mounted,Union Jack,5,2025-08-11 18:11:11.656348+00,Pat,false,,
c1d1ebc0-093f-452d-803c-fa7654c62dae,LC24wCI242ta65BQhu10OA_120_box0.jpg,CRAIGAVON,National,Building-mounted,Union Jack,5,2025-08-14 09:42:52.86281+00,Pat,false,,
c1ff7e74-9933-4453-9de7-981a715ec979,vYd2I5yNbPg9bIy344EvMQ_180_box0.jpg,BELFAST_CITY,National,Lamppost-mounted,Irish Tricolor,5,2025-08-17 14:39:49.923334+00,May,false,,
c22e21cb-f109-4920-a677-274f25d32231,Y0h58QHuP1xy4DtHgiI8EQ_060_box0.jpg,BALLYMONEY,National,Lamppost-mounted,Union Jack,5,2025-08-14 12:30:23.046002+00,Pat,false,,
c263c6b7-fd53-4dc5-893a-7a1769bb768a,XSFE_NUJ-SG3H8yv69HT5g_120_box0.jpg,BELFAST_CITY,National,Building-mounted,Union Jack,5,2025-08-11 18:15:27.243455+00,Pat,false,,
c2879e43-04fc-46ff-9648-656646720321,RHNaho2v9tKIJv6fpPinzQ_180_box0.jpg,CARRICKFERGUS,National,Building-mounted,Union Jack,5,2025-08-28 20:49:08.446968+00,May,false,,
c28f3b5e-f1c6-4de3-af6d-352bf480a6b8,Dr2DB-jFD_yybWB_lU-bJw_060_box0.jpg,METROPOLITAN_NEWTOWNABBEY,National,Building-mounted,Ulster Banner,5,2025-08-14 10:21:04.429515+00,Pat,false,,
c2bb58c0-bed5-49f8-9c4b-6f040e0cb929,6FHEREvjLocYcFX4PlDE-g_180_box0.jpg,BELFAST_CITY,National,Lamppost-mounted,Ulster Banner,5,2025-08-13 08:25:50.144108+00,Pat,false,,
c3278db5-ce8f-4332-aa50-f58145866168,4zyjsItUh1jNwdkGqtBWhw_060_box0.jpg,BELFAST_CITY,National,Building-mounted,Union Jack,5,2025-08-11 18:26:11.882685+00,Pat,false,,
c35fdfdf-9f37-4c7f-ae3c-6d07eba43978,EKJ2o9On5WBZKSAn4EFvgQ_120_box0.jpg,CRAIGAVON,National,Building-mounted,Union Jack,5,2025-08-29 08:43:14.868107+00,May,false,,
c3a05c16-3a10-4085-92d4-531bb54f9b5e,VW1vFyUQinHjcGoLo59cbQ_300_box0.jpg,METROPOLITAN_NEWTOWNABBEY,National,Building-mounted,Union Jack,5,2025-08-13 08:36:13.47547+00,Pat,false,,
c3a5c098-3ef2-4845-8889-63dd2bdf3b92,hDlx7lH6rL2ay8ih57SHRg_120_box0.jpg,LISBURN_CITY,National,Building-mounted,Union Jack,5,2025-08-14 09:45:35.204802+00,Pat,false,,
c3c3f533-cd92-4c8b-bf7f-0bf9f9f14209,_1aMBnA7gmjnQvuC41K6qA_240_box0.jpg,BELFAST_CITY,National,Lamppost-mounted,Union Jack,5,2025-08-28 19:43:57.369493+00,May,false,,
c43e8e61-7dbd-4f41-be08-ede394f5cdff,YHp2gAeVLOuTT6RVr_CoEw_120_box0.jpg,LISBURN_CITY,Review,,,,2025-08-12 16:19:03.087005+00,Pat,true,Complex case,
c43f791c-c212-405e-ad0c-7b3a83be78c2,eMq7bRER4FAx1SWum9swtQ_300_box0.jpg,BELFAST_CITY,National,Lamppost-mounted,Union Jack,5,2025-08-29 08:31:54.864185+00,May,false,,
c46f41ef-9ed9-4b1a-974b-d00843cd06e5,gL3zZtBJVTzkTK6uFyGt7A_060_box0.jpg,ANTRIM,National,Lamppost-mounted,Union Jack,5,2025-08-29 08:24:28.981001+00,May,false,,
c52e5a81-d51e-4f60-b18c-1efa3115fc4d,c9fP1BSeE6L-N78-XDLqxQ_180_box0.jpg,BALLYMENA,Review,,,,2025-08-29 08:35:25.78187+00,May,true,Unclear image,
c57645ee-6b56-4ce8-8bde-fb540aded8e8,9AutIwuX-CpmJ8b6zzdcWA_180_box0.jpg,HILLSBOROUGH_AND_CULCAVY,National,Lamppost-mounted,Union Jack,5,2025-08-29 08:29:36.314123+00,May,false,,
c58390dd-2f8e-4369-a12e-4c535c3b0a6d,qo5gOb0RRv9Nu2LnFSBYKQ_180_box0.jpg,BELFAST_CITY,National,Lamppost-mounted,Ulster Banner,5,2025-08-28 20:24:41.632388+00,May,false,,
c58b5269-6689-4934-bd35-1a6ff1fdac84,3-FGyvMln_tLsmPrW2UQDQ_060_box0.jpg,METROPOLITAN_NEWTOWNABBEY,National,Pole-mounted (in ground),Ulster Banner,5,2025-08-14 12:28:49.927338+00,Pat,false,,
c58e8b6c-7cab-4411-ba6b-bcbe72065f49,dsSzwTovaMqDRKiS6DLfGQ_120_box0.jpg,BELFAST_CITY,National,Lamppost-mounted,Ulster Banner,5,2025-08-17 16:07:25.728367+00,May,false,,
c5f89e32-9da2-4407-b423-302612e1171d,F81uknWNCSKmglE2QjhQmw_120_box0.jpg,METROPOLITAN_NEWTOWNABBEY,National,Lamppost-mounted,Ulster Banner,5,2025-08-28 20:30:09.567319+00,May,false,,
c62114ef-2cd6-4776-884c-46a8b6586c26,8h4eJjfc9xhO_0uTn9OoCA_000_box0.jpg,METROPOLITAN_NEWTOWNABBEY,National,Pole-mounted (in ground),Union Jack,5,2025-08-13 22:05:25.021545+00,May,false,,
c66f3779-69b9-4e15-9d2a-ae19615f003c,hfRF5U9vjC2AWRkvX9tLjg_120_box0.jpg,BALLYCLARE,National,Lamppost-mounted,Union Jack,5,2025-08-29 08:22:21.046585+00,May,false,,
c67ad67d-7311-4409-90af-0cdefb6f8b55,ZshaVZadfPQ0nm7pcPjLyQ_000_box0.jpg,BELFAST_CITY,National,Pole-mounted (in ground),Union Jack,5,2025-08-28 19:51:30.866504+00,May,false,,
c6c0af1f-0a87-4620-8f40-4fa71b5ce2e4,SA98HounMfIios_MWAf61Q_300_box0.jpg,GREENISLAND,National,Lamppost-mounted,Union Jack,5,2025-08-14 14:07:04.709995+00,Pat,false,,
c7077c48-db86-407d-92cd-d4dbd7342708,pwOfbRDBUHZjxtOpx-SOWQ_060_box0.jpg,BELFAST_CITY,National,Lamppost-mounted,Union Jack,5,2025-08-14 13:52:12.288424+00,Pat,false,,
c796c751-310a-4bc4-823a-3c9d3e9484dc,hooAyQHBRJSWQIZ33z2m8w_240_box0.jpg,BELFAST_CITY,Review,,,,2025-08-12 15:29:11.403446+00,Pat,true,Unclear image,
c7a73c94-e77f-4c04-973d-8c2051697407,GvJQ4LuJZJteBiRsrrZQJw_000_box0.jpg,OMAGH_TOWN,National,Lamppost-mounted,Ulster Banner,5,2025-08-14 10:26:51.674875+00,Pat,false,,
c7d3371c-41b1-413a-9632-1fa4884ede6b,pdFEhrR2Z8zzdeT-KWwnwA_240_box0.jpg,CRAIGAVON,National,Building-mounted,Union Jack,5,2025-08-28 20:29:22.336097+00,May,false,,
c8fb2d57-c6de-4fb0-a699-3e1621481f66,Ii6MmA01qdgBfoF1GdyvLQ_120_box0.jpg,BELFAST_CITY,National,Building-mounted,Union Jack,5,2025-08-12 15:34:12.788142+00,Pat,false,,
c9a5ea8a-fb25-40d3-bf92-c40adcbf3b6c,zmBJIdzEkKICVEKwkLQk7Q_060_box0.jpg,COLERAINE,Fraternal,Lamppost-mounted,Orange Order,5,2025-08-14 10:57:46.328762+00,Pat,false,,
c9ae9463-938d-485c-afeb-53ff98722a95,ISbHC7qmjsslOR545x_sAw_180_box0.jpg,CARRICKFERGUS,International,Pole-mounted (in ground),Other International,5,2025-08-11 18:11:56.675344+00,Pat,false,,
c9d8ed34-a5b6-44ae-8689-a65378b2fc8b,za4mbPgcLicYitKqdh-nNw_240_box0.jpg,CRAIGAVON,National,Pole-mounted (in ground),Union Jack,5,2025-08-12 15:30:58.391156+00,Pat,false,,
c9eade3e-9874-407e-b92b-a78098ed0490,9WTntOlEmjHBkSRtruzWEA_300_box0.jpg,BELFAST_CITY,National,Lamppost-mounted,Union Jack,5,2025-08-28 20:06:12.880177+00,May,false,,
c9ee9d12-274b-481d-8f33-7f5581d4691b,IYkk1XzIU8hAfEZvtUyFnA_300_box0.jpg,BALLYMONEY,Review,,,,2025-08-13 08:24:50.76122+00,Pat,true,Unclear image,
cbc24587-9a45-4ac7-8881-0089c30a1f57,bo9w0T987h3HWJbWXmzotA_000_box0.jpg,METROPOLITAN_CASTLEREAGH,National,Pole-mounted (in ground),Union Jack,5,2025-08-14 10:31:11.178483+00,Pat,false,,
cbc43f31-7a49-4805-8c47-d3e847c0c7cc,RabnmsHkXD67W6DqAo2YOg_000_box0.jpg,GREENISLAND,National,Pole-mounted (in ground),Union Jack,5,2025-08-11 17:46:27.339157+00,Pat,false,,
cc3b16c4-e286-4c51-a619-c5ef8dacc626,pA7DY_0BNM8PWeHnZItDdQ_060_box0.jpg,METROPOLITAN_LISBURN,National,Pole-mounted (in ground),Ulster Banner,5,2025-08-15 20:49:50.969422+00,May,false,,
ccd697d2-68e7-44c2-83c0-b96366f40a4d,9GQzdLgdO_C9--La-pqCVA_240_box0.jpg,COLERAINE,Fraternal,Lamppost-mounted,Orange Order,5,2025-08-12 15:57:09.06713+00,Pat,false,,
ccda8db9-b3ab-47ab-85ae-c6580fdbad49,tp6Lrg3H8PKJra9fbbQK4g_060_box0.jpg,GREENISLAND,National,Building-mounted,Union Jack,5,2025-08-17 14:28:50.20051+00,May,false,,
ce08d21e-ca44-4068-aefd-6806c7af43da,9vIXK_t4t-8HZYBfMlvE1g_240_box0.jpg,METROPOLITAN_NEWTOWNABBEY,National,Lamppost-mounted,Union Jack,5,2025-08-13 22:27:46.56299+00,May,false,,
ced9a8d4-c719-4ec9-a731-aa9593b9bc9b,ZfDtS0Jca5bxiSkXhDQF5Q_060_box0.jpg,LARNE,National,Lamppost-mounted,Union Jack,5,2025-08-12 15:22:50.216856+00,Pat,false,,
cf6c87cb-dc96-4bdc-99ce-aa0de08d1cde,R0XZNAQp1I0MzIAuDQdNtg_180_box0.jpg,METROPOLITAN_LISBURN,National,Building-mounted,Union Jack,5,2025-08-11 18:10:41.783405+00,Pat,false,,
cfa9eb86-7db0-481c-9b80-4cd5329277e3,JNSHp0Si1U32ENGy3sDRSg_180_box0.jpg,BALLYCLARE,Fraternal,Building-mounted,Orange Order,5,2025-08-17 16:58:43.949514+00,May,false,,
cff69fcc-775a-47a4-bd64-c58852abac16,DpnV-6pFQtwPf9KQWSm5LA_180_box0.jpg,METROPOLITAN_NEWTOWNABBEY,National,Lamppost-mounted,Ulster Banner,5,2025-08-13 22:10:56.042365+00,May,false,,
d009ef2f-2246-4ceb-adae-e131f7096bdc,YEhR7s5rXQcbD9APDLO15Q_060_box0.jpg,BELFAST_CITY,National,Lamppost-mounted,Union Jack,5,2025-08-14 12:28:18.133798+00,Pat,false,,
d07d8551-3201-4c15-82fa-75504efa2780,ahi-xlGgUFSGeGbDf_VMWg_300_box0.jpg,BELFAST_CITY,National,Building-mounted,Union Jack,5,2025-08-29 08:30:18.388966+00,May,false,,
d0bd86a6-d2e4-4869-887c-4a50b5fe35a3,QJjYdakEXKjUbCWlFsg8Rw_240_box0.jpg,BELFAST_CITY,National,Lamppost-mounted,Union Jack,5,2025-08-14 10:34:22.301846+00,Pat,false,,
d0c97c8e-43fe-447a-9e18-728e3432e931,U1CKB_LntblW_T6uRm-1AQ_120_box0.jpg,BANGOR,Review,,,,2025-08-14 12:14:30.582014+00,Pat,true,Complex case,
d0cc49ed-1bd8-410a-bcaf-3ad34a5f3174,aXAfXatNZupgvG2Ur1biYw_300_box0.jpg,METROPOLITAN_LISBURN,National,Building-mounted,Union Jack,5,2025-08-14 10:51:12.757581+00,Pat,false,,
d1155734-da5f-45ea-b66d-ec75444de1ea,5z8foBGdd4ZQgK3NmYjxFA_300_box0.jpg,BELFAST_CITY,National,Lamppost-mounted,Union Jack,5,2025-08-13 16:20:50.325794+00,Pat,false,,
d1699c21-7efb-4bc2-952c-75d70558f512,BzF_lSOG1EFG1RZ4PsKT4g_120_box0.jpg,BELFAST_CITY,National,Building-mounted,Union Jack,5,2025-08-12 15:58:12.083289+00,Pat,false,,
d18b4022-3ac5-4bbc-a6ff-082a9191ac66,OSoj5fdZTXTnqb5J_2wAXQ_180_box0.jpg,DUNGANNON,National,Lamppost-mounted,Ulster Banner,5,2025-08-28 20:29:08.861034+00,May,false,,
d19349da-b12d-462f-b04c-0d66197cbf32,pkklvKinp8m9A7lQiwmHnw_060_box0.jpg,BELFAST_CITY,National,Building-mounted,Union Jack,5,2025-08-17 14:35:16.200872+00,May,false,,
d1a5f88f-690d-4501-a92c-d183fdf6245b,DLmPZRsSvR5dhyrfSlE5yw_000_box0.jpg,BELFAST_CITY,Sport,Building-mounted,Supporters Club,5,2025-08-28 19:52:57.204431+00,May,false,,
d1c770d4-7dd3-4ce4-9ce0-fe4121374eb1,Xp6FuH3mR85VVHowp5Mebw_060_box0.jpg,LISBURN_CITY,Review,,,,2025-08-13 22:26:56.411584+00,May,true,Unclear image,
d208ff88-b292-423b-bcef-01f632263c9c,KDQK0Ahq_OwY8Y-y-6E8XA_180_box0.jpg,BALLYMENA,Review,,,,2025-08-14 13:31:31.720617+00,Pat,true,Other,
d21ec51f-402c-4696-84e0-f694c6e0a5d5,ljprar5F5bDRFqMc1XbQ3w_060_box0.jpg,LARNE,National,Pole-mounted (in ground),Union Jack,5,2025-08-14 09:32:22.664625+00,Pat,false,,
d31d20e3-e5fa-4b29-ad68-fbb4a37e994c,hGPYr2_glXzDCcDh1j3iDg_000_box0.jpg,BELFAST_CITY,National,Building-mounted,Irish Tricolor,5,2025-08-14 10:32:10.04818+00,Pat,false,,
d3496530-2c87-4558-8362-0d74c5805699,MmljdmNHFzfTEKM4Amf3VQ_300_box0.jpg,CRAIGAVON,National,Building-mounted,Union Jack,5,2025-08-11 18:03:43.024289+00,Pat,false,,
d3894442-49ba-4005-bb04-e8efde3f082d,Iit52Y1zoSiDre-tvevNFg_000_box0.jpg,ANTRIM,National,Lamppost-mounted,Union Jack,5,2025-08-14 12:35:49.419573+00,Pat,false,,
d455c6d4-d131-4648-820b-6e696e720e9d,It-MgK-XmzRM8ZLywuAPvA_060_box0.jpg,BELFAST_CITY,National,Lamppost-mounted,Union Jack,5,2025-08-28 20:41:21.881475+00,May,false,,
d4e64cca-fe89-4c3c-8ae2-69f881c51b08,DNbsgrEFZZY7mf7GXlhEEw_180_box0.jpg,CRAIGAVON,National,Lamppost-mounted,Union Jack,5,2025-08-14 10:30:19.616255+00,Pat,false,,
d513dfe0-c256-4636-bb65-17b787533e93,xMdj9K0MtmcO2X6MuWkMqg_060_box0.jpg,COLERAINE,Review,,,,2025-08-13 22:44:09.025567+00,May,true,Unclear image,
d5bd621e-99f6-419d-8762-c548ef7b9f0a,IR5wBdRLygEsRvxoggZCSQ_180_box0.jpg,METROPOLITAN_NEWTOWNABBEY,National,Building-mounted,Union Jack,5,2025-08-17 14:24:49.107626+00,May,false,,
d617b45b-f21a-4682-97bf-7850a1184753,QQwNV1CSfUIFd0iXnodV6g_240_box0.jpg,BELFAST_CITY,National,Building-mounted,Union Jack,5,2025-08-11 18:09:04.668112+00,Pat,false,,
d630fa25-c625-4271-aef0-1d6d3a7e0b2b,fXqmhlBj8gzx90esZXUSKg_240_box0.jpg,BELFAST_CITY,National,Lamppost-mounted,Union Jack,5,2025-08-17 15:40:35.375136+00,May,false,,
d6aeb9d0-0efe-444d-84cc-66437ba873e8,EXeLI9uUtWImiOoIYmANbQ_120_box0.jpg,BELFAST_CITY,National,Pole-mounted (in ground),Ulster Banner,5,2025-08-14 11:14:49.991695+00,Pat,false,,
d7779c96-c45d-46b0-9ec8-e163fb66d695,xrDjUilvinYsgbWuAX0aGw_240_box0.jpg,ARMAGH,National,Lamppost-mounted,Union Jack,5,2025-08-13 22:33:59.330124+00,May,false,,
d7839e50-8634-4221-8937-576b413a4e92,3GLfFBoD40-hWhhTVukwdA_120_box0.jpg,BELFAST_CITY,National,Lamppost-mounted,Union Jack,5,2025-08-28 19:56:10.733789+00,May,false,,
d7e20b6d-aae4-4ff4-b1f5-f7492bb917ac,1U6aw0o-ykZ1n9pCR76-kw_300_box0.jpg,BELFAST_CITY,National,Lamppost-mounted,Union Jack,5,2025-08-13 08:49:55.935585+00,Pat,false,,
d87b307e-7908-4157-8b6a-c7f147195cc5,6amgnG8YUFA-3MFR539O0Q_120_box0.jpg,BELFAST_CITY,National,Building-mounted,Union Jack,5,2025-08-13 22:48:42.287609+00,May,false,,
d906343c-d3c1-4f37-a1b8-656458b110e2,LgMNqF5ffOvJ0Eq86oA7nA_060_box0.jpg,KILKEEL,National,Lamppost-mounted,Union Jack,5,2025-08-29 08:28:39.641192+00,May,false,,
d9465782-406d-460c-835b-83e2a0818961,wk5EyL40kOquAl9eVAUIlw_120_box0.jpg,BELFAST_CITY,National,Building-mounted,Union Jack,5,2025-08-11 18:15:34.909485+00,Pat,false,,
d9a10878-9fc0-49cd-ba65-41bcfb4996b2,TpjOwdDc_UBXgRQzlAaRmg_300_box0.jpg,HOLYWOOD,Review,,,,2025-08-14 13:41:41.572785+00,Pat,true,Complex case,
d9c85b2e-a066-4406-a533-4a7f426b5924,bEayYSHuQxYVjFpOb1pn4g_120_box0.jpg,GREENISLAND,National,Lamppost-mounted,Ulster Banner,5,2025-08-14 13:15:40.07624+00,Pat,false,,
da6c4b7e-de42-4534-ade5-8328b1f9d1f3,AXvk5LNJxo0U-KahgcHYjw_180_box0.jpg,METROPOLITAN_CASTLEREAGH,National,Building-mounted,Union Jack,5,2025-08-29 08:34:24.423445+00,May,false,,
da7b17c5-6d9f-4de2-8d0f-750546a6a6a7,mNh6KZg-K5LKA7WaGvLzBg_060_box0.jpg,BELFAST_CITY,National,Lamppost-mounted,Union Jack,5,2025-08-13 16:34:57.663375+00,Pat,false,,
db12824e-5388-4be8-8e60-83ba870e3ff3,RGmcIpu5QovRCioguOOwtQ_240_box0.jpg,ENNISKILLEN,Proscribed,Lamppost-mounted,UDA,5,2025-08-29 08:33:00.683598+00,May,false,,
db18ee58-06a6-4c85-8222-c462b3de598f,4g3fgAQLeeoZLZfHBdgbFA_180_box0.jpg,BELFAST_CITY,National,Building-mounted,Ulster Banner,5,2025-08-14 13:11:08.325884+00,Pat,false,,
dc1a17ec-23a4-4bf0-9713-0e90f3d45fdd,QE80M_9vbAxeTGVMmKq5fg_120_box0.jpg,CRAIGAVON,National,Lamppost-mounted,Union Jack,5,2025-08-13 22:16:31.540436+00,May,false,,
dc53745a-72a4-488c-bab5-f896cb577df9,DTBf-3vvW32F6_dvFddHJA_240_box0.jpg,TANDRAGEE,National,Pole-mounted (in ground),Union Jack,5,2025-08-14 14:12:19.42555+00,Pat,false,,
dd147d4c-1f84-45c0-a79d-d0dc4a7d3fe4,ElNKWs-fnaC9VEqrbWc_4A_180_box0.jpg,ANTRIM,National,Lamppost-mounted,Union Jack,5,2025-08-28 19:49:49.840632+00,May,false,,
dda79f9a-3a41-49a9-aa02-1a173147ae26,iSwRXmn9L-9RmjH-8VDPQA_240_box0.jpg,BELFAST_CITY,National,Building-mounted,Union Jack,5,2025-08-14 13:09:41.509284+00,Pat,false,,
ddadc29d-45ed-469d-aae2-9165ab069127,S6FEoVL220aouhG-m5DrmA_000_box0.jpg,METROPOLITAN_NEWTOWNABBEY,National,Building-mounted,Ulster Banner,5,2025-08-14 10:56:15.436828+00,Pat,false,,
ddc6fe71-aa3d-484c-9a68-5145389c1ad8,VDnt8lH-RTBJWG8kKb4JJg_060_box0.jpg,DUNGANNON,National,Lamppost-mounted,Union Jack,5,2025-08-13 08:53:42.276343+00,Pat,false,,
deddd434-e7df-4586-adc9-656ffc597270,klYi6DxLfVHM2GJP-eTJGw_000_box0.jpg,BELFAST_CITY,International,Pole-mounted (in ground),Other International,5,2025-08-29 08:41:43.17896+00,May,false,,
e02d8e97-e67f-4e72-85fd-634091e461c7,p4X372DYDyCMlpsi-ZvTlQ_060_box0.jpg,BELFAST_CITY,National,Lamppost-mounted,Ulster Banner,5,2025-08-13 22:31:58.273187+00,May,false,,
e0cb4330-ddb8-4ef4-8605-b989e94e39f2,m5E94z3OYBD-tbCRyqWX4Q_240_box0.jpg,METROPOLITAN_NEWTOWNABBEY,National,Pole-mounted (in ground),Union Jack,5,2025-08-13 08:45:40.693416+00,Pat,false,,
e0e99609-5774-4387-9456-8f90b07f4fb1,r47F0PQJySWXBgxi7ZZTXw_300_box0.jpg,LARNE,National,Building-mounted,Union Jack,5,2025-08-13 22:48:27.608435+00,May,false,,
e1eca5d9-fee7-4f0f-a704-41dbb273a941,kA0C3wpHXYd0moM8bQiwfg_240_box0.jpg,BELFAST_CITY,National,Building-mounted,Ulster Banner,5,2025-08-17 17:03:15.023234+00,May,false,,
e1f6c73d-f192-4213-bb85-f4614515b215,zbuKtiAe7-WpDewSDcGZng_120_box0.jpg,LARNE,National,Building-mounted,Union Jack,5,2025-08-14 10:38:42.015248+00,Pat,false,,
e22c46e0-f0da-4f4a-9da3-e2b5b12a94d7,F4X1PSkwsvnxPbdDJ0_qWw_180_box0.jpg,BELFAST_CITY,National,Building-mounted,Union Jack,5,2025-08-17 14:28:25.686098+00,May,false,,
e2480e1f-de03-41b5-aecc-a0a48163c3c6,lVu7Wu138RYvBjsWt_mg1Q_240_box0.jpg,LISBURN_CITY,National,Lamppost-mounted,Ulster Banner,5,2025-08-14 13:49:53.925535+00,Pat,false,,
e2bafac9-0bf8-4c02-afe8-1de053ff7a8a,w66PAiYxPDZAdkR9CzGu9Q_240_box0.jpg,COLERAINE,National,Lamppost-mounted,Union Jack,5,2025-08-17 18:24:20.475415+00,May,false,,
e3d87573-5fee-4c1b-acfb-1c5aa54dbde4,INr8N5aWSbymEwiUAFgE8w_060_box0.jpg,BELFAST_CITY,National,Lamppost-mounted,Union Jack,5,2025-08-14 13:00:55.085119+00,Pat,false,,
e4c5898c-0c51-4ec7-8f07-918407adf901,Lv9ak90UEMI0UVmY-3kb6A_000_box0.jpg,BELFAST_CITY,National,Lamppost-mounted,Irish Tricolor,5,2025-08-29 08:47:30.622747+00,May,false,,
e5cb7835-3bc8-4115-a26f-3f6e61fd2c60,hEn2fqQ017HA4gazr4w9lw_180_box0.jpg,LISBURN_CITY,National,Building-mounted,Union Jack,5,2025-08-11 18:03:53.305768+00,Pat,false,,
e5e44d6a-78f4-493e-90cb-2125d1111c9b,ozIgyaHo0Om7CnDKnjESnA_180_box0.jpg,CRAIGAVON,National,Building-mounted,Union Jack,5,2025-08-15 00:31:58.80987+00,May,false,,
e5e7d8a4-4475-4aa7-9b08-0304f24f13f1,YTSXIxEsIo-dRM_49qo0Kw_120_box0.jpg,LISBURN_CITY,National,Lamppost-mounted,Union Jack,5,2025-08-13 22:37:28.127179+00,May,false,,
e606b9b6-ea8a-4aff-8c96-0ca9e4b772b2,cFvnM-1df5YG56DW3_Oa0Q_000_box0.jpg,LISBURN_CITY,National,Lamppost-mounted,Union Jack,5,2025-08-28 20:03:45.347798+00,May,false,,
e66bd9d5-9594-4db0-abe4-0da5c765074c,SFqPoZJICgWCANB58titWg_180_box0.jpg,BELFAST_CITY,National,Lamppost-mounted,Ulster Banner,5,2025-08-14 10:56:55.888149+00,Pat,false,,
e68f7f29-ee41-4e6d-9f88-f0eda6cf3998,Yp4aq8cfiQggiUCA4BJkDQ_180_box0.jpg,BELFAST_CITY,Review,,,,2025-08-11 18:13:56.091958+00,Pat,true,Complex case,
e70c30f1-e117-496a-8ded-3f38528aa02f,F0oN2YkxGZhcJSI-vljdSQ_120_box0.jpg,BELFAST_CITY,National,Building-mounted,Union Jack,5,2025-08-12 16:18:52.727994+00,Pat,false,,
e7b12a01-64b0-4f31-8e93-3027cb69b943,QoJXFIdI2MIIS4Q28F0FYg_000_box0.jpg,BELFAST_CITY,National,Lamppost-mounted,Union Jack,5,2025-08-14 10:12:19.710813+00,Pat,false,,
e7b67c37-614c-46bc-bce8-e58bf993294e,L8sN-SMZ60Vkb-R00bcFXA_000_box0.jpg,METROPOLITAN_LISBURN,Review,,,,2025-08-14 10:54:15.238167+00,Pat,true,Unclear image,
e8201c7a-181b-474e-8ebf-2cad54eeec38,5LbN2jHTr77kjaiiiSGIeA_300_box0.jpg,ENNISKILLEN,Review,,,,2025-08-11 18:09:48.414598+00,Pat,true,Not a flag,
e8df6d74-567b-42fd-9825-6973d19ae516,8WIn46qP37uY4cFsxE-MhA_300_box0.jpg,BALLYCLARE,Review,,,,2025-08-13 16:24:41.75231+00,Pat,true,Complex case,
e94acf1a-1508-473f-9868-0ab0ca6c9a85,vZVgqQZrLPidwUZ6ynajXg_120_box0.jpg,BANGOR,National,Pole-mounted (in ground),Ulster Banner,5,2025-08-14 13:25:28.242014+00,Pat,false,,
ea73253c-6317-4965-b025-36b6cbf44672,1cbTjX6N07wagZTLrGX2zw_000_box0.jpg,ANTRIM,National,Lamppost-mounted,Union Jack,5,2025-08-17 17:06:28.944376+00,May,false,,
eaa30681-6856-41a7-b902-865bac35bf42,wNaAaJXwuzAJtfXWUqK5zQ_060_box0.jpg,BELFAST_CITY,National,Building-mounted,Union Jack,5,2025-08-11 18:11:28.319303+00,Pat,false,,
eab3f960-bae6-417c-b89c-1a94d831fdeb,AnFEUGfv_l_k0mXGSzr39Q_000_box0.jpg,LISBURN_CITY,National,Building-mounted,Union Jack,5,2025-08-11 18:08:28.436396+00,Pat,false,,
eb1d9f59-e7b6-479b-87e8-4fddaeb9b14b,3RgCvT-896uTvRO8q_PatA_120_box0.jpg,TANDRAGEE,National,Pole-mounted (in ground),Ulster Banner,5,2025-08-11 17:44:15.224204+00,Pat,false,,
f1acc491-bc2b-42b8-b068-2241e39f28dc,3N-daAk0scuUcyzKUPTriQ_000_box0.jpg,ENNISKILLEN,Review,,,,2025-08-14 14:02:03.824416+00,Pat,true,Not a flag,
f1bf420e-5719-436b-9e0f-4bd502651fb2,3-TR_OZRIF71tPe2fBRKfg_120_box0.jpg,CARRYDUFF,National,Pole-mounted (in ground),Union Jack,5,2025-08-14 12:22:38.339833+00,Pat,false,,
f202b293-c119-4ab3-9961-a0100c676b5c,6ZNBs3a1JsWwYsacPAApvA_000_box0.jpg,BELFAST_CITY,National,Lamppost-mounted,Union Jack,5,2025-08-13 22:43:22.453859+00,May,false,,
f2635238-20a9-4fff-ba31-ec407b38e3c4,yZFEqdyEW9Pt9ALdABTrGg_300_box0.jpg,LISBURN_CITY,National,Building-mounted,Union Jack,5,2025-08-11 18:25:35.796441+00,Pat,false,,
f29b71cf-adf7-4450-ad51-a52a4a7b6b5d,UU3ieYUV0l3DtPkycdtF-w_300_box0.jpg,BELFAST_CITY,National,Lamppost-mounted,Union Jack,5,2025-08-29 08:20:41.771817+00,May,false,,
f388208f-ffa9-4c98-92aa-44efd801004e,6RLLCjkmBYtDhs-34DRq4Q_240_box0.jpg,BELFAST_CITY,National,Building-mounted,Union Jack,5,2025-08-11 17:45:06.345302+00,Pat,false,,
f492ef84-c356-4c96-8b93-c13cd4e43fa0,COrnwFh8K2G1GqVIcgTcwg_060_box0.jpg,CARRICKFERGUS,National,Building-mounted,Ulster Banner,5,2025-08-11 18:18:45.926754+00,Pat,false,,
f6587d16-da36-4324-8154-8dd77acdcc8a,2gppcw7m-K2d0_K3f2Aa4w_180_box0.jpg,CRAIGAVON,National,Building-mounted,Union Jack,5,2025-08-14 13:42:25.148552+00,Pat,false,,
f6a0965c-4f2d-4c80-942e-08edc853aa47,u3913m5igBp5U7TvaihmBQ_000_box0.jpg,CRAIGAVON,National,Lamppost-mounted,Union Jack,5,2025-08-14 12:11:30.11698+00,Pat,false,,
f6eb2016-66c2-4393-95db-53f6853b52b7,XxAjDR8GWl4PhYa7Rl1Kdg_240_box0.jpg,BELFAST_CITY,National,Lamppost-mounted,Union Jack,5,2025-08-14 09:31:51.589037+00,Pat,false,,
f787f270-88df-453e-ac19-06fcdec9af07,MIlp74ccAPnanaWnBNa7LA_300_box0.jpg,LISBURN_CITY,National,Lamppost-mounted,Union Jack,5,2025-08-11 18:15:43.789685+00,Pat,false,,
f7e52b0a-f29a-4a2a-8d6e-2c8a7af59ebf,Q6aBf6B-BvNaEREeAd9Aog_060_box0.jpg,BALLYMENA,National,Lamppost-mounted,Union Jack,5,2025-08-11 18:07:13.316683+00,Pat,false,,
fafc5be6-f90d-4841-9e8e-efdfd0a60e40,1FaI65t0Kwc8L1JQWRDEfA_120_box0.jpg,CARRICKFERGUS,National,Building-mounted,Union Jack,5,2025-08-11 18:17:55.385966+00,Pat,false,,
fddf23ee-629e-42c5-acbd-3b553ffc8cde,zsmchrOZEGh0-x8jgWWMEA_180_box0.jpg,CARRICKFERGUS,Fraternal,Pole-mounted (in ground),Orange Order,5,2025-08-11 18:08:55.415264+00,Pat,false,,
